dgp,sigma,prevalence,n,estimand,estimator,info,design,rel_fixed_equal_mean,rel_fixed_equal_median,rel_fixed_equal_p90,share_worse_than_equal,rel_bestconv_mean,rel_bestconv_median,rel_bestconv_p90,share_worse_than_bestconv,rel_srswor_exp_mean,rel_srswor_exp_p90,rel_poisson_equal_mean,rel_poisson_equal_p90,max_weight_median,max_weight_p90,cv_weights_median,min_pi_median
MAIN,0.0,0.05,100,dollars,DIFF,COR-10000,DEF-0.0,0.99995,0.99995,0.9999500000000002,0.0,3.7690563526389425,3.7684895771914872,3.771940182035906,1.0,0.9638800007516288,0.9646174971489345,1.0,1.0,200.0,200.0,0.0,0.005
MAIN,0.0,0.05,100,dollars,DIFF,COR-10000,DEF-0.25,0.45238431869974927,0.4523757420122909,0.4579367161946124,0.0,1.7051448688434367,1.7041937165907322,1.7267448474872082,1.0,0.43606539241889986,0.4415892651030576,0.4524656471640058,0.45801533411438866,266.3734635687731,266.43630910614684,0.27570586016777715,0.0037541277070391576
MAIN,0.0,0.05,100,dollars,DIFF,COR-10000,DEF-0.5,0.33880483969914643,0.3387555471235228,0.3424529498197579,0.0,1.2770369169467437,1.2760778753420503,1.2909500338171729,1.0,0.32658316281332617,0.33014123513828286,0.3388915172908154,0.3425285325383976,398.68348112346155,398.9651788193746,0.5166503113563876,0.002508255414078316
MAIN,0.0,0.05,100,dollars,DIFF,COR-10000,DEF-0.75,0.2870805748331405,0.2870418407322659,0.2891383898349065,0.0,1.0820762067410203,1.0813765752939442,1.0901378211775758,1.0,0.2767248662219108,0.27878650399066585,0.2871690751080285,0.28923563032991867,792.1525435120732,793.8230331982953,0.8321595199610392,0.0012623831211174736
MAIN,0.0,0.05,100,dollars,DIFF,COR-10000,RA-EST,0.2660722243373905,0.26598401591127646,0.26665645921096937,0.0,1.0028916793147082,1.0024900826579102,1.0054904376821414,1.0,0.25647460323453153,0.2571391969637818,0.26616089241652924,0.26672883428213445,60566.49003706778,77108.04670980964,1.7691722201322846,1.651082815663149e-05
MAIN,0.0,0.05,100,dollars,DIFF,COR-10000,SRSWOR,,,,0.0,3.7692448148796864,3.7686780110920433,3.772128788475331,1.0,0.9639281971614869,0.9646657304354563,0.9999396917165485,0.9999992968556363,,,,
MAIN,0.0,0.05,100,dollars,DIFF,COR-2000,DEF-0.0,0.99995,0.99995,0.9999500000000002,0.0,3.7833261027526395,3.7781454860770944,3.799878529250634,1.0,0.9675292767144797,0.9717623131492249,1.0,1.0,200.0,200.0,0.0,0.005
MAIN,0.0,0.05,100,dollars,DIFF,COR-2000,DEF-0.25,0.4529253533061952,0.4523329546908961,0.4652212276223764,0.0,1.7135866766528702,1.7083169078829292,1.75993865715208,1.0,0.4382242589776354,0.4500780873151014,0.4531194037531924,0.46572622187537366,266.3832889170261,266.5077289776119,0.2773201169176827,0.0037539892388359867
MAIN,0.0,0.05,100,dollars,DIFF,COR-2000,DEF-0.5,0.3397592177210519,0.3396211694371202,0.3482263455529357,0.0,1.2854419819774818,1.2836710808230647,1.3179839578330514,1.0,0.3287326329539021,0.33705475838197224,0.3399802946543804,0.3483224782143831,398.727504603835,399.28563204998346,0.5193926974952776,0.002507978477671974
MAIN,0.0,0.05,100,dollars,DIFF,COR-2000,DEF-0.75,0.2883857876800425,0.28870621184880485,0.29366392698485283,0.0,1.0910864607790172,1.0897772424367014,1.1120883269851412,1.0,0.2790291044333761,0.28440001877387694,0.28861784688327446,0.2939253493685631,792.4132978514854,795.7290492489666,0.837145935976923,0.0012619677165079612
MAIN,0.0,0.05,100,dollars,DIFF,COR-2000,RA-EST,0.2681512858976845,0.26747349522165254,0.27098049767904564,0.0,1.014554077372772,1.0113827727537328,1.0274559518741222,1.0,0.2594570877604266,0.26275654991767233,0.26838645820155344,0.2710678313037268,62668.61082533257,111800.74433820379,1.7935821237397596,1.5956955343948154e-05
MAIN,0.0,0.05,100,dollars,DIFF,COR-2000,SRSWOR,,,,0.0,3.7835152785165658,3.778334402797234,3.800068532677268,1.0,0.9675776555972597,0.9718109036944096,0.9997305967924451,0.9999955672148917,,,,
MAIN,0.0,0.05,100,dollars,DIFF,COR-500,DEF-0.0,0.99995,0.99995,0.9999500000000002,0.0,3.8728536610607978,3.816049935709079,4.017197210895222,1.0,0.9904246157318812,1.0273383277875483,1.0,1.0,200.0,200.0,0.0,0.005
MAIN,0.0,0.05,100,dollars,DIFF,COR-500,DEF-0.25,0.462424126364022,0.45928409398170333,0.500693562384384,0.0,1.7883058541645094,1.7623922815610231,1.940204754996783,1.0,0.457332575261008,0.4961784557546417,0.46301978850593445,0.5024978991187102,266.4529956790169,266.66645391743447,0.2791887935696489,0.0037530071578240043
MAIN,0.0,0.05,100,dollars,DIFF,COR-500,DEF-0.5,0.35925882291480293,0.34604914444491736,0.45751671474167344,0.0,1.3893990026278564,1.327765145454543,1.8127850927708906,1.0,0.35531809195678027,0.463592775777723,0.35994571343012227,0.45827593356112745,399.04001897299946,399.99904262998626,0.5231852449422315,0.002506014315648009
MAIN,0.0,0.05,100,dollars,DIFF,COR-500,DEF-0.75,0.3313844973036749,0.294907872251432,0.6116165415368633,0.0,1.281738145148407,1.1309193113558342,2.42164226978045,1.0,0.3277854318744879,0.6192989264227535,0.3320845269194998,0.6121223178539001,794.2676289722161,799.9942558074799,0.8444708423788714,0.0012590214734720135
MAIN,0.0,0.05,100,dollars,DIFF,COR-500,RA-EST,6.0296978380114785,0.2739572276907477,28.126041296514014,0.115,23.202945608686782,1.0566629470221653,109.64807285708173,0.98,5.933807600165501,28.040860804296642,6.024562987161992,27.93636573282522,83135.88445310263,83791558.49883223,1.845386786866909,1.2028631296017852e-05
MAIN,0.0,0.05,100,dollars,DIFF,COR-500,SRSWOR,,,,0.0,3.87304731342647,3.8162407477464657,4.0173980807992615,1.0,0.9904741394388532,1.0273896972724121,0.9989676445462834,0.999984744081149,,,,
MAIN,0.0,0.05,100,dollars,DIFF,KS-2000,DEF-0.0,0.99995,0.99995,0.9999500000000002,0.0,3.7901095469182082,3.7820888014455765,3.811611499078639,1.0,0.9692640414820133,0.9747628453537163,1.0,1.0,200.0,200.0,0.0,0.005
MAIN,0.0,0.05,100,dollars,DIFF,KS-2000,DEF-0.25,0.4529165043671641,0.4526563972422939,0.465876184343817,0.0,1.7165027872293848,1.7111064365883553,1.7629516243881347,1.0,0.4389700108056001,0.45084860879051514,0.4531380423857754,0.4659508272173979,266.3829438556713,266.520125227128,0.277559099188495,0.0037539941016000297
MAIN,0.0,0.05,100,dollars,DIFF,KS-2000,DEF-0.5,0.340000214272915,0.3398158121025955,0.3487121798812131,0.0,1.2885711828376674,1.2850072558813272,1.3195998537544682,1.0,0.3295328794467294,0.3374679996859552,0.3402533467106143,0.34901895054883153,398.7259584129583,399.3412875276778,0.5199631683209686,0.00250798820320006
MAIN,0.0,0.05,100,dollars,DIFF,KS-2000,DEF-0.75,0.28883813678450126,0.2886000427353398,0.29491154537318764,0.0,1.094694964477926,1.0914190800399337,1.1182316430134671,1.0,0.27995192548527714,0.28597108030864393,0.28910389912581796,0.29520105620849996,792.4041377437406,796.0607002190958,0.8381683186124157,0.0012619823048000904
MAIN,0.0,0.05,100,dollars,DIFF,KS-2000,RA-EST,0.2690442267721723,0.26813048376627924,0.27211948610183084,0.0,1.0197367098788623,1.015079550739016,1.0360942706348713,1.0,0.2607824687992026,0.26496567122406356,0.2693131110505445,0.27240572572620075,62592.35621190942,121255.97734137745,1.8015515165497642,1.597640640012046e-05
MAIN,0.0,0.05,100,dollars,DIFF,KS-2000,SRSWOR,,,,0.0,3.7902990618713015,3.782277915341344,3.8118020891830975,1.0,0.9693125071073687,0.9748115859330129,0.9996805717309327,0.9999954814283696,,,,
MAIN,0.0,0.05,100,dollars,DIFF,MIS-G-10000,DEF-0.0,0.99995,0.99995,0.9999500000000002,0.0,3.7677626196863914,3.766697009675661,3.7710154239865283,1.0,0.9635491478264916,0.9643810040573134,1.0,1.0,200.0,200.0,0.0,0.005
MAIN,0.0,0.05,100,dollars,DIFF,MIS-G-10000,DEF-0.25,0.4514345318978242,0.45138646975521435,0.4566678944678599,0.0,1.7009784805673964,1.6997810219062792,1.7208334549677191,1.0,0.43499990069924716,0.44007751454986177,0.4515123387513473,0.45672524539826703,266.37784312888,266.4151013313193,0.2763431623967558,0.0037540659848239186
MAIN,0.0,0.05,100,dollars,DIFF,MIS-G-10000,DEF-0.5,0.3380680453313185,0.33803164943726627,0.34147939111497205,0.0,1.2738206585635914,1.2729873762455988,1.2867521212640352,1.0,0.3257606526562149,0.32906768155449506,0.3381504401482942,0.3415490789786058,398.70310338908723,398.87008784172076,0.5176965188810088,0.002508131969647838
MAIN,0.0,0.05,100,dollars,DIFF,MIS-G-10000,DEF-0.75,0.28650496519675384,0.2864676230771688,0.28852333913401906,0.0,1.079534705482677,1.0789311883792456,1.0871129487958733,1.0,0.2760749151451413,0.2780129379516471,0.2865888333545216,0.28860185522065723,792.2687535089387,793.2586129317258,0.8340123604021314,0.001262197954471757
MAIN,0.0,0.05,100,dollars,DIFF,MIS-G-10000,RA-EST,0.2656840149337483,0.2656485132862895,0.26594157817860264,0.0,1.0010841725459647,1.00069639246998,1.002614523918893,1.0,0.2560123603114733,0.2564037248718507,0.2657678907734492,0.2660392859333603,61485.76557370919,70601.9740353843,1.7787619338833165,1.626393929567567e-05
MAIN,0.0,0.05,100,dollars,DIFF,MIS-G-10000,SRSWOR,,,,0.0,3.7679510172372535,3.7668853539433584,3.7712039841857385,1.0,0.9635973276928763,0.9644292255185896,0.9999463824532158,0.9999987310758954,,,,
MAIN,0.0,0.05,100,dollars,DIFF,MIS-G-2000,DEF-0.0,0.99995,0.99995,0.9999500000000002,0.0,3.7775962156910343,3.7726426316688615,3.792771960438024,1.0,0.9660639434775861,0.9699449140679816,1.0,1.0,200.0,200.0,0.0,0.005
MAIN,0.0,0.05,100,dollars,DIFF,MIS-G-2000,DEF-0.25,0.4521495100893594,0.45209377810539075,0.4654860730505109,0.0,1.7080823627827,1.7045117380024286,1.7610881565194436,1.0,0.43681661272326133,0.4503720546500028,0.45238036375469215,0.4658696109144525,266.3700393142569,266.45482206446144,0.2763291736731446,0.003754175967291596
MAIN,0.0,0.05,100,dollars,DIFF,MIS-G-2000,DEF-0.5,0.33855292456384545,0.33862666201987823,0.34711003581487077,0.0,1.2789500573982786,1.2765018337494085,1.313115954004609,1.0,0.3270724199767464,0.33580983893932903,0.33881849561119337,0.3475702133154531,398.6681399103886,399.0482115253803,0.5174451538570946,0.0025083519345831928
MAIN,0.0,0.05,100,dollars,DIFF,MIS-G-2000,DEF-0.75,0.28682868917640425,0.28694507989316204,0.2917337727414228,0.0,1.0835557914320555,1.082180250167831,1.1039864987129224,1.0,0.2771032479598513,0.2823280969158638,0.2871087197035842,0.29225808206135956,792.0617029715543,794.3163174862369,0.8333967206999332,0.0012625279018747895
MAIN,0.0,0.05,100,dollars,DIFF,MIS-G-2000,RA-EST,0.265916064753656,0.2658751627073986,0.26690629976725266,0.0,1.0045660557829363,1.0037147474858052,1.0100384490968146,1.0,0.25690280006696253,0.2583022831147024,0.266200789618496,0.2670405254489842,59866.37417872914,83852.34039578965,1.7754642364953652,1.6703869166385937e-05
MAIN,0.0,0.05,100,dollars,DIFF,MIS-G-2000,SRSWOR,,,,0.0,3.7777851049462816,3.772831273232523,3.792961608518449,1.0,0.9661122490900407,0.9699934137386684,0.9996619384752724,0.9999937312401462,,,,
MAIN,0.0,0.05,100,dollars,DIFF,MIS-I-2000,DEF-0.0,0.99995,0.99995,0.9999500000000002,0.0,3.7827756203231417,3.7763552205326825,3.8014934630061954,1.0,0.9673884990356884,0.9721753083936272,1.0,1.0,200.0,200.0,0.0,0.005
MAIN,0.0,0.05,100,dollars,DIFF,MIS-I-2000,DEF-0.25,0.45163186049906684,0.45201214503280385,0.4630540338045302,0.0,1.7084052643571417,1.7051831109750073,1.7490254287628135,1.0,0.4368991899894775,0.447287191768877,0.45184033095554055,0.4632253099274635,266.39238992823084,266.47511819709626,0.2778555592517116,0.0037538609878078368
MAIN,0.0,0.05,100,dollars,DIFF,MIS-I-2000,DEF-0.5,0.3386445533705818,0.33894371953739033,0.346427352488821,0.0,1.2810089562405294,1.2784888682313222,1.308773390362503,1.0,0.32759895267669586,0.33469929299493467,0.33888232041878497,0.34656469767419273,398.7682884019795,399.13926847834,0.5203598105562781,0.0025077219756156734
MAIN,0.0,0.05,100,dollars,DIFF,MIS-I-2000,DEF-0.75,0.28740638815556013,0.28761261876316735,0.29216937850254576,0.0,1.087200892715102,1.085112834406738,1.1052205855388253,1.0,0.27803542829856726,0.2826436962328775,0.2876559290793349,0.29252267248606595,792.6549652545244,794.8577423272076,0.8386896153408068,0.00126158296342351
MAIN,0.0,0.05,100,dollars,DIFF,MIS-I-2000,RA-EST,0.2672889447161282,0.26699763238846896,0.2693233779253926,0.0,1.011133189043466,1.0089440833124033,1.0208486874247893,1.0,0.2585822465437083,0.2610668404873715,0.26754159403397776,0.2694566776379488,64750.298530286775,92748.23534885213,1.8011419304145544,1.544395123134673e-05
MAIN,0.0,0.05,100,dollars,DIFF,MIS-I-2000,SRSWOR,,,,0.0,3.7829647685615697,3.776544047735069,3.8016835471835546,1.0,0.9674368708792324,0.9722239195896067,0.9997050174727606,0.9999954856667354,,,,
MAIN,0.0,0.05,100,dollars,EXP,COR-2000,ST-NEY-EST,,,,0.0,1.4668605330440483,1.2117650845196544,3.280760259592826,1.0,0.3751277241326178,0.839005550890254,0.3876908664577168,0.8672512145137651,,,,
MAIN,0.0,0.05,100,dollars,HT,COR-10000,DEF-0.0,0.9999499999999999,0.9999499999999999,0.9999499999999999,0.0,3.910100735446701,3.910100735446701,3.910100735446701,1.0,0.9999499999999999,0.9999499999999999,1.0,1.0,200.0,200.0,0.0,0.005
MAIN,0.0,0.05,100,dollars,HT,COR-10000,DEF-0.25,0.44517762007406075,0.4450621163507294,0.45111674486378844,0.0,1.7407763784749206,1.740324724698687,1.7640001158700145,1.0,0.44517762007406075,0.45111674486378844,0.45261538233534365,0.458477197390835,266.3733064202727,266.4385377478623,0.2756787457834611,0.0037541299218108353
MAIN,0.0,0.05,100,dollars,HT,COR-10000,DEF-0.5,0.33011047580133956,0.3299627110819577,0.3340098162101733,0.0,1.290829755697263,1.2902519518691435,1.3060773318764098,1.0,0.33011047580133956,0.3340098162101733,0.33903935251891454,0.34288961197143675,398.6827770571932,398.9751733104082,0.5166055787816966,0.002508259843621671
MAIN,0.0,0.05,100,dollars,HT,COR-10000,DEF-0.75,0.27771577321195645,0.27756194040413934,0.27997775228003363,0.0,1.0859509466285515,1.0853494147769776,1.0947959548966186,1.0,0.27771577321195645,0.27997775228003363,0.2873148463966291,0.2895493683090859,792.1483742212608,793.882387334882,0.8321173524501464,0.001262389765432506
MAIN,0.0,0.05,100,dollars,HT,COR-10000,RA-EST,0.25644246271278986,0.2563420321480852,0.25707575821831324,0.0,1.0027660003530605,1.0023732870924844,1.0052423733936147,1.0,0.25644246271278986,0.25707575821831324,0.2663156884391155,0.26694093636134353,60534.03535443933,77862.00140761057,1.7688152882932684,1.651968724334155e-05
MAIN,0.0,0.05,100,dollars,HT,COR-2000,DEF-0.0,0.9999499999999999,0.9999499999999999,0.9999499999999999,0.0,3.910100735446701,3.910100735446701,3.910100735446701,1.0,0.9999499999999999,0.9999499999999999,1.0,1.0,200.0,200.0,0.0,0.005
MAIN,0.0,0.05,100,dollars,HT,COR-2000,DEF-0.25,0.4462964713503219,0.44520094205367916,0.45924639199880735,0.0,1.7451514184250825,1.7408675743243711,1.7957894445780096,1.0,0.4462964713503219,0.45924639199880735,0.453719017733599,0.46649968440427986,266.38375337944564,266.51089045651975,0.27742334424149384,0.003753982693440997
MAIN,0.0,0.05,100,dollars,HT,COR-2000,DEF-0.5,0.33170361158048706,0.3312080986820167,0.3406934806939768,0.0,1.2970593885606172,1.2951217863317737,1.3322124400454174,1.0,0.33170361158048706,0.3406934806939768,0.34061128165241145,0.349487257656045,398.7295858360593,399.2998251652036,0.5195677944977208,0.0025079653868819935
MAIN,0.0,0.05,100,dollars,HT,COR-2000,DEF-0.75,0.27970175982908235,0.27954567902827976,0.28540879728003726,0.0,1.093716742650564,1.0931064204804484,1.116032949795122,1.0,0.27970175982908235,0.28540879728003726,0.28927528430392757,0.294912187685791,792.4256279762504,795.8136084747247,0.8374573309147431,0.0012619480803229902
MAIN,0.0,0.05,100,dollars,HT,COR-2000,RA-EST,0.25930835597304297,0.25850808163759864,0.2623193377783842,0.0,1.0139724920222712,1.0108431822892046,1.0257463228852957,1.0,0.25930835597304297,0.2623193377783842,0.2691457055527303,0.27211929287699654,62771.60642099315,114068.85909380512,1.795032861321461,1.5930773763987007e-05
MAIN,0.0,0.05,100,dollars,HT,COR-500,DEF-0.0,0.9999499999999999,0.9999499999999999,0.9999499999999999,0.0,3.910100735446701,3.910100735446701,3.910100735446701,1.0,0.9999499999999999,0.9999499999999999,1.0,1.0,200.0,200.0,0.0,0.005
MAIN,0.0,0.05,100,dollars,HT,COR-500,DEF-0.25,0.4601016689049113,0.45503034790447305,0.49722633306424496,0.0,1.799133830656881,1.7793034631650066,1.944302265711256,1.0,0.4601016689049113,0.49722633306424496,0.46733913226688806,0.5039616798474059,266.45834844853374,266.6664574003662,0.2793939434591809,0.0037529317652251863
MAIN,0.0,0.05,100,dollars,HT,COR-500,DEF-0.5,0.35541006353358173,0.34071212091955966,0.4584227927998675,0.0,1.3897586387397536,1.332285328849618,1.7925689277186785,1.0,0.35541006353358173,0.4584227927998675,0.3640019700855421,0.46561679251131244,399.0640303694868,399.9990583031295,0.5240291446811938,0.002505863530450372
MAIN,0.0,0.05,100,dollars,HT,COR-500,DEF-0.75,0.32673096173462496,0.2884507984249254,0.6150925079271886,0.0,1.2776148545144905,1.127928075465262,2.4051939273102216,1.0,0.32673096173462496,0.6150925079271886,0.3356792320699143,0.6201611800381047,794.4103410545396,799.9943498454462,0.8457143192449664,0.0012587952956755583
MAIN,0.0,0.05,100,dollars,HT,COR-500,RA-EST,6.101963137847086,0.2697581924976763,28.382397255892737,0.115,23.86048357714341,1.054834448600367,110.98358156308477,0.98,6.101963137847086,28.382397255892737,6.033157377506873,28.01369365344711,85273.12965175242,85195691.94683108,1.8506930973257685,1.1727060900744322e-05
MAIN,0.0,0.05,100,dollars,HT,KS-2000,DEF-0.0,0.9999499999999999,0.9999499999999999,0.9999499999999999,0.0,3.910100735446701,3.910100735446701,3.910100735446701,1.0,0.9999499999999999,0.9999499999999999,1.0,1.0,200.0,200.0,0.0,0.005
MAIN,0.0,0.05,100,dollars,HT,KS-2000,DEF-0.25,0.44657725420708416,0.4456646045186069,0.45996767107258957,0.0,1.7462493625770168,1.7426806319223642,1.7986098594356106,1.0,0.44657725420708416,0.45996767107258957,0.4539958983115922,0.4672125009805068,266.38335520949806,266.5238000149417,0.2777020199075514,0.003753988304616722
MAIN,0.0,0.05,100,dollars,HT,KS-2000,DEF-0.5,0.3322529005169452,0.3316218854311862,0.3410983315579962,0.0,1.2992072710291587,1.2967398151054579,1.3337955268609067,1.0,0.3322529005169452,0.3410983315579962,0.3411531983960788,0.34988618375292957,398.7278016579138,399.35778823635064,0.5202088078023368,0.0025079766092334435
MAIN,0.0,0.05,100,dollars,HT,KS-2000,DEF-0.75,0.28048018204928815,0.279785643988402,0.2868283387120917,0.0,1.096760604139353,1.0940447545642078,1.1215837773339719,1.0,0.28048018204928815,0.2868283387120917,0.2900436639057701,0.29631226258664645,792.4150577452383,796.1590635919127,0.8386017156674548,0.0012619649138501656
MAIN,0.0,0.05,100,dollars,HT,KS-2000,RA-EST,0.2605871272581537,0.2594290003823645,0.2643330930510246,0.0,1.018972866583379,1.0144442474036561,1.0336207025768414,1.0,0.2605871272581537,0.2643330930510246,0.27040839146514123,0.274110023980105,62683.332747853245,124376.7523814428,1.8035222060290677,1.5953218466887228e-05
MAIN,0.0,0.05,100,dollars,HT,MIS-G-10000,DEF-0.0,0.9999499999999999,0.9999499999999999,0.9999499999999999,0.0,3.910100735446701,3.910100735446701,3.910100735446701,1.0,0.9999499999999999,0.9999499999999999,1.0,1.0,200.0,200.0,0.0,0.005
MAIN,0.0,0.05,100,dollars,HT,MIS-G-10000,DEF-0.25,0.44414822710127716,0.44398107122631786,0.4496618901891848,0.0,1.7367511469934018,1.7360975180023397,1.7583112030912396,1.0,0.44414822710127716,0.4496618901891848,0.451599475415832,0.45704144776215405,266.3778902637131,266.41686542994023,0.27634795013255375,0.003754065320552309
MAIN,0.0,0.05,100,dollars,HT,MIS-G-10000,DEF-0.5,0.32930370885663346,0.32915039858866857,0.33292324071753776,0.0,1.2876750579385456,1.2870755693725966,1.3018284998019336,1.0,0.32930370885663346,0.33292324071753776,0.3382428805094021,0.34181718901436686,398.7033145799752,398.8779965188569,0.5177067583148639,0.002508130641104618
MAIN,0.0,0.05,100,dollars,HT,MIS-G-10000,DEF-0.75,0.2770780112412741,0.2769535909792933,0.27920540885862577,0.0,1.0834571083860345,1.0829705883021545,1.0917758633119752,1.0,0.2770780112412741,0.27920540885862577,0.2866850878425582,0.28878661819210016,792.2700043806399,793.3055351807931,0.8340317199867011,0.0012621959616569275
MAIN,0.0,0.05,100,dollars,HT,MIS-G-10000,RA-EST,0.25599952876806303,0.25590479095845353,0.25636709017713744,0.0,1.0010339974098827,1.0006635445082086,1.0024712714095265,1.0,0.25599952876806303,0.25636709017713744,0.26587829958797915,0.26624134600101235,61495.81252649714,71101.03322735897,1.7788586693553445,1.6261282209236624e-05
MAIN,0.0,0.05,100,dollars,HT,MIS-G-2000,DEF-0.0,0.9999499999999999,0.9999499999999999,0.9999499999999999,0.0,3.910100735446701,3.910100735446701,3.910100735446701,1.0,0.9999499999999999,0.9999499999999999,1.0,1.0,200.0,200.0,0.0,0.005
MAIN,0.0,0.05,100,dollars,HT,MIS-G-2000,DEF-0.25,0.44539964980770436,0.44488376427247434,0.45987868315031294,0.0,1.741644580509833,1.7396273152358603,1.7982618902968137,1.0,0.44539964980770436,0.45987868315031294,0.4528343601178558,0.46712489339655183,266.36962509159906,266.4580716335873,0.2763476790311587,0.0037541818052879363
MAIN,0.0,0.05,100,dollars,HT,MIS-G-2000,DEF-0.5,0.3303540388044186,0.3299766765549116,0.3397686669544736,0.0,1.291782159194905,1.2903065610056683,1.32859614434765,1.0,0.3303540388044186,0.3397686669544736,0.3392796670935333,0.34857629814677704,398.6662841806492,399.0627885842082,0.517497820751368,0.0025083636105758733
MAIN,0.0,0.05,100,dollars,HT,MIS-G-2000,DEF-0.75,0.2779795165362767,0.27767615724097927,0.2835693078904693,0.0,1.0869822611606719,1.0857960364457893,1.1088400013327027,1.0,0.2779795165362767,0.2835693078904693,0.28757532152495435,0.29309692357597394,792.0507155267089,794.4029595689541,0.8334411675766917,0.0012625454158638094
MAIN,0.0,0.05,100,dollars,HT,MIS-G-2000,RA-EST,0.25684904848430246,0.25663062899137434,0.2581291339682616,0.0,1.004355871170815,1.0035017862466349,1.0093613846387515,1.0,0.25684904848430246,0.2581291339682616,0.26671750182711895,0.2679824576308349,59782.80507212237,85159.65083623,1.775343517642039,1.6727221151745968e-05
MAIN,0.0,0.05,100,dollars,HT,MIS-I-2000,DEF-0.0,0.9999499999999999,0.9999499999999999,0.9999499999999999,0.0,3.910100735446701,3.910100735446701,3.910100735446701,1.0,0.9999499999999999,0.9999499999999999,1.0,1.0,200.0,200.0,0.0,0.005
MAIN,0.0,0.05,100,dollars,HT,MIS-I-2000,DEF-0.25,0.4449806907700234,0.44476461059891237,0.4568387700260101,0.0,1.7400063265557772,1.7391613890729263,1.7863749294057385,1.0,0.4449806907700234,0.4568387700260101,0.4524205236761248,0.46412427130681444,266.3935892598336,266.47910305074294,0.2779676423458337,0.003753844087535211
MAIN,0.0,0.05,100,dollars,HT,MIS-I-2000,DEF-0.5,0.33057721522430905,0.33024666271713204,0.33846891131935974,0.0,1.2926548451127489,1.291362286883421,1.3235137147614109,1.0,0.33057721522430905,0.33846891131935974,0.33949938069897057,0.34729060500199516,398.77366330632196,399.15714944734736,0.5205679587641845,0.0025076881750704222
MAIN,0.0,0.05,100,dollars,HT,MIS-I-2000,DEF-0.75,0.2787201290056731,0.2783765699476132,0.28373352184213047,0.0,1.089878275322648,1.0885348576261737,1.1094821265321237,1.0,0.2787201290056731,0.28373352184213047,0.28830614381981046,0.2932572347306573,792.6868219440078,794.9641201918218,0.8390850251354648,0.0012615322626056335
MAIN,0.0,0.05,100,dollars,HT,MIS-I-2000,RA-EST,0.25845759898361786,0.25788110719208135,0.2608489355655199,0.0,1.0106457801566406,1.00839152646589,1.0199966146259598,1.0,0.25845759898361786,0.2608489355655199,0.26830581019379035,0.2706691155394117,65034.95864288904,94720.74391960313,1.8028627374062105,1.537635014084452e-05
MAIN,0.0,0.05,100,rate,DIFF,COR-10000,DEF-0.0,0.99995,0.99995,0.9999500000000002,0.0,1.000464814144938,1.0004207846658795,1.000895144735146,1.0,1.000464814144938,1.000895144735146,1.0,1.0,200.0,200.0,0.0,0.005
MAIN,0.0,0.05,100,rate,DIFF,COR-10000,DEF-0.25,1.0000900038574496,1.0000683826199128,1.0002204064038411,0.845,1.0006049191718465,1.0005288029562769,1.0011593061714708,1.0,1.0006049191718465,1.0011593061714708,1.0001399924622418,1.0002703833036979,210.247029789757,219.94974642726166,0.01090890458709416,0.0047563097884233034
MAIN,0.0,0.05,100,rate,DIFF,COR-10000,DEF-0.5,1.0005161533903928,1.0004311116920324,1.0010152315174095,1.0,1.0010313777309832,1.0008754854815258,1.0019109625239473,1.0,1.0010313777309832,1.0019109625239473,1.0005661043969303,1.0010651886798112,221.60078168283297,244.32040970048158,0.021929298790980715,0.004512619576846607
MAIN,0.0,0.05,100,rate,DIFF,COR-10000,DEF-0.75,1.0012379463735848,1.00105039103292,1.0023748875004026,1.0,1.0017536962466727,1.0015012791788585,1.0032575493768818,1.0,1.0017536962466727,1.0032575493768818,1.0012878321260712,1.0024247968337152,234.25078725042914,274.76464197853136,0.033046713824536694,0.004268929365269911
MAIN,0.0,0.05,100,rate,DIFF,COR-10000,RA-EST,1.0022713346102419,1.0019302289193095,1.0044063165711283,1.0,1.0027878411170539,1.002383046364698,1.0052417087566006,1.0,1.0027878411170539,1.0052417087566006,1.0023211251392459,1.0044560964131213,248.43247589780802,313.8760945432379,0.04440516778387531,0.004025239153693214
MAIN,0.0,0.05,100,rate,DIFF,COR-10000,SRSWOR,,,,0.0,1.0005148398869324,1.0004708082062896,1.0009451919947459,1.0,1.0005148398869324,1.0009451919947459,0.9999064658426542,0.9999980779024097,,,,
MAIN,0.0,0.05,100,rate,DIFF,COR-2000,DEF-0.0,0.99995,0.99995,0.9999500000000002,0.0,1.0024960924175115,1.0019349314105792,1.0048576684715884,1.0,1.0024960924175115,1.0048576684715884,1.0,1.0,200.0,200.0,0.0,0.005
MAIN,0.0,0.05,100,rate,DIFF,COR-2000,DEF-0.25,1.0005573179582432,1.0004537229323907,1.0010549722075155,1.0,1.003105419548515,1.0024441192276914,1.0059131249903501,1.0,1.003105419548515,1.0059131249903501,1.000606930098666,1.0011036029182354,220.8165913563443,239.27849910722477,0.0233774813779024,0.004528645329120719
MAIN,0.0,0.05,100,rate,DIFF,COR-2000,DEF-0.5,1.0025545053880802,1.0020976839845905,1.0046107333767482,1.0,1.005109456091004,1.0040857465992825,1.0095179699879542,1.0,1.005109456091004,1.0095179699879542,1.0026029304267792,1.0046606346510147,246.46992513194743,297.75629699592025,0.04660073757278727,0.004057290658241439
MAIN,0.0,0.05,100,rate,DIFF,COR-2000,DEF-0.75,1.0060932419297113,1.0048823366369914,1.01108356053384,1.0,1.0086604176747531,1.0068777571299155,1.0158320120205622,1.0,1.0086604176747531,1.0158320120205622,1.0061395877289288,1.0111196332332082,278.8673202546328,394.064988915024,0.06994728927626065,0.0035859359873621575
MAIN,0.0,0.05,100,rate,DIFF,COR-2000,RA-EST,1.011547015817622,1.0088152795302436,1.021571336970647,1.0,1.014133240428703,1.010869675314774,1.026769356287495,1.0,1.014133240428703,1.026769356287495,1.0115901830529046,1.021579527982159,321.0707139562684,582.4772056022738,0.09450564694638106,0.0031145813164828767
MAIN,0.0,0.05,100,rate,DIFF,COR-2000,SRSWOR,,,,0.0,1.002546219728498,1.0019850306621123,1.0049079138672814,1.0,1.002546219728498,1.0049079138672814,0.9994416118273527,0.9999873778574394,,,,
MAIN,0.0,0.05,100,rate,DIFF,COR-500,DEF-0.0,0.99995,0.99995,0.9999500000000002,0.0,1.0129185315761513,1.0098921738086963,1.0246878881555166,0.98,1.0129185315761513,1.0246878881555166,1.0,1.0,200.0,200.0,0.0,0.005
MAIN,0.0,0.05,100,rate,DIFF,COR-500,DEF-0.25,1.0026442706749605,1.0016656789829859,1.0105959296049927,0.88,1.0156468735816429,1.0128594457720386,1.027598879036538,0.98,1.0156468735816429,1.027598879036538,1.0026900324156975,1.0106334194008173,240.7972335271969,266.61197057745835,0.05058316532982933,0.004152884234291613
MAIN,0.0,0.05,100,rate,DIFF,COR-500,DEF-0.5,1.0151059309879766,1.0081639816714358,1.0580709120762073,0.975,1.0283178262194301,1.0206837483855165,1.0691674588167492,0.98,1.0283178262194301,1.0691674588167492,1.015130403291557,1.0581026577704178,302.50731938047375,399.7539685263418,0.10082954974594824,0.003305768468583226
MAIN,0.0,0.05,100,rate,DIFF,COR-500,DEF-0.75,1.0503445649852279,1.0212449700430055,1.2445338904630718,0.98,1.064150990225781,1.0334801062558665,1.2541642957113999,0.98,1.064150990225781,1.2541642957113999,1.050306491875983,1.244392342927663,406.7585182902739,798.525624881933,0.15274484650134024,0.0024586527028748395
MAIN,0.0,0.05,100,rate,DIFF,COR-500,RA-EST,22.337981328137683,1.0419191021116525,164.95614802262807,0.98,22.63147622920179,1.0559624518512245,168.97750029650567,0.98,22.63147622920179,168.97750029650567,22.302550893711622,164.46741349658325,620.725800613819,324963.5412895903,0.21358594781562046,0.0016115369371664523
MAIN,0.0,0.05,100,rate,DIFF,COR-500,SRSWOR,,,,0.0,1.012969180035153,1.0099426709422432,1.0247391251117723,0.99,1.012969180035153,1.0247391251117723,0.9982508105338447,0.9999542880685485,,,,
MAIN,0.0,0.05,100,rate,DIFF,KS-2000,DEF-0.0,0.99995,0.99995,0.9999500000000001,0.0,1.003324253394603,1.0028897869669615,1.0064053609628787,1.0,1.003324253394603,1.0064053609628787,1.0,1.0,200.0,200.0,0.0,0.005
MAIN,0.0,0.05,100,rate,DIFF,KS-2000,DEF-0.25,1.0007540648892566,1.0006066159023228,1.0014185663388009,1.0,1.0041317855656735,1.0035674157189836,1.0079345396459023,1.0,1.0041317855656735,1.0079345396459023,1.000803671928816,1.0014661088322945,223.17293110189883,240.4681544555704,0.027242070373987855,0.0044808303107529476
MAIN,0.0,0.05,100,rate,DIFF,KS-2000,DEF-0.5,1.0034258489311154,1.0028402169499375,1.0063049836096802,1.0,1.0068155949368085,1.0057430840460737,1.0128842923725818,1.0,1.0068155949368085,1.0128842923725818,1.0034741448849527,1.0063526167746961,252.41944493757092,301.4673424834168,0.054477800915384754,0.003961660621505897
MAIN,0.0,0.05,100,rate,DIFF,KS-2000,DEF-0.75,1.0081865914086696,1.0065721746232161,1.0144605041112202,1.0,1.011598064425432,1.0094184928645322,1.0221091437194953,1.0,1.011598064425432,1.0221091437194953,1.0082325252426743,1.014505448785393,290.4874817336455,403.93244807774465,0.08182389340992409,0.0034424909322588455
MAIN,0.0,0.05,100,rate,DIFF,KS-2000,RA-EST,1.015815199283648,1.011901299237158,1.0283935054623747,1.0,1.0192626829489908,1.014715408791809,1.035638759114361,1.0,1.0192626829489908,1.035638759114361,1.0158572228997254,1.0284340404450547,342.07711136521374,611.9163625648189,0.10970254134494495,0.0029233212430117934
MAIN,0.0,0.05,100,rate,DIFF,KS-2000,SRSWOR,,,,0.0,1.0033744221157088,1.0029399339636595,1.0064556837470657,1.0,1.0033744221157088,1.0064556837470657,0.9995113467790137,0.9999886539053776,,,,
MAIN,0.0,0.05,100,rate,DIFF,MIS-G-10000,DEF-0.0,0.99995,0.99995,0.9999500000000002,0.0,1.000155882404686,1.0000808145339275,1.0004432532896244,0.78,1.000155882404686,1.0004432532896244,1.0,1.0,200.0,200.0,0.0,0.005
MAIN,0.0,0.05,100,rate,DIFF,MIS-G-10000,DEF-0.25,1.000005274063047,0.9999846494573295,1.0000844189509408,0.39,1.0002111781375789,1.0001167770143902,1.0005759625106285,0.82,1.0002111781375789,1.0005759625106285,1.000055270181501,1.0001344283136802,204.8001255154068,209.58153825333747,0.005939367740276754,0.0048828098360538105
MAIN,0.0,0.05,100,rate,DIFF,MIS-G-10000,DEF-0.5,1.0001715618855083,1.000089963217139,1.0004884763202524,0.795,1.0003775313552445,1.000224272721151,1.0009899032407918,0.915,1.0003775313552445,1.0009899032407918,1.0002215445317535,1.0005384384220986,209.83635946032786,220.12735217540913,0.011878652942576898,0.00476561967210762
MAIN,0.0,0.05,100,rate,DIFF,MIS-G-10000,DEF-0.75,1.0004491736636894,1.0002666095872055,1.0011623135014243,0.92,1.0006552524188668,1.000399454466892,1.0016499987600713,0.945,1.0006552524188668,1.0016499987600713,1.0004991332196234,1.001212309543175,215.12656403252734,231.7907240273037,0.017819751381551723,0.00464842950816143
MAIN,0.0,0.05,100,rate,DIFF,MIS-G-10000,RA-EST,1.0008388453805763,1.000514263566724,1.002107071845641,0.965,1.001045077701302,1.0006501369608427,1.0025924104742376,0.975,1.001045077701302,1.0025924104742376,1.0008887721635988,1.002157049197667,220.69045006410894,244.75924268162748,0.023764563625952563,0.004531239344215241
MAIN,0.0,0.05,100,rate,DIFF,MIS-G-10000,SRSWOR,,,,0.0,1.000205892699321,1.0001308210749813,1.000493277953522,1.0,1.000205892699321,1.000493277953522,0.9999140553425544,0.9999988929842667,,,,
MAIN,0.0,0.05,100,rate,DIFF,MIS-G-2000,DEF-0.0,0.99995,0.99995,0.9999500000000001,0.0,1.0008317471065613,1.0007115233610624,1.0018703154437851,0.97,1.0008317471065613,1.0018703154437851,1.0,1.0,200.0,200.0,0.0,0.005
MAIN,0.0,0.05,100,rate,DIFF,MIS-G-2000,DEF-0.25,1.0001786695680832,1.000122051385186,1.0004297325714864,0.845,1.001060745404561,1.0008814594226236,1.002366763484054,0.985,1.001060745404561,1.002366763484054,1.000228513954645,1.0004782678735735,210.94782986652828,217.36330687124962,0.013568737669974823,0.004740508593343481
MAIN,0.0,0.05,100,rate,DIFF,MIS-G-2000,DEF-0.5,1.0008784736496428,1.0006703557462537,1.0018972376790383,0.975,1.0017615652232903,1.0014201505008549,1.003873819537916,0.995,1.0017615652232903,1.003873819537916,1.0009278531967003,1.0019461644558525,223.16361651057676,238.02808045065834,0.027136462476425427,0.004481017186686962
MAIN,0.0,0.05,100,rate,DIFF,MIS-G-2000,DEF-0.75,1.0020542284822078,1.001596852559845,1.0043281757595222,0.995,1.0029390318113827,1.002373121060911,1.0064251490031078,0.995,1.0029390318113827,1.0064251490031078,1.002102829997625,1.004376697714027,236.8811786805274,263.0348585789054,0.04072541121441568,0.004221525780030443
MAIN,0.0,0.05,100,rate,DIFF,MIS-G-2000,RA-EST,1.003717831615874,1.0029095821389813,1.0077612343011784,0.995,1.004605065130995,1.0036374371781644,1.0100705158493624,0.995,1.004605065130995,1.0100705158493624,1.003765331847004,1.0078084134206085,252.39559050157976,293.91277843093127,0.05435807926786657,0.003962034373373924
MAIN,0.0,0.05,100,rate,DIFF,MIS-G-2000,SRSWOR,,,,0.0,1.000881791196121,1.000761561439134,1.0019204114643583,1.0,1.000881791196121,1.0019204114643583,0.9993816937358811,0.9999931416729638,,,,
MAIN,0.0,0.05,100,rate,DIFF,MIS-I-2000,DEF-0.0,0.99995,0.99995,0.9999500000000001,0.0,1.0019114311890889,1.0015496408910471,1.0037196804949255,1.0,1.0019114311890889,1.0037196804949255,1.0,1.0,200.0,200.0,0.0,0.005
MAIN,0.0,0.05,100,rate,DIFF,MIS-I-2000,DEF-0.25,1.000481067854503,1.000383873452114,1.0009576819152515,0.985,1.0024438768278552,1.0020322086276134,1.004713081243672,1.0,1.0024438768278552,1.004713081243672,1.0005307786722701,1.0010076950765676,213.82160660882155,223.1353536849616,0.02116222683271611,0.004676796026789561
MAIN,0.0,0.05,100,rate,DIFF,MIS-I-2000,DEF-0.5,1.002122106304254,1.0016774757973312,1.004119605740766,1.0,1.0040892352286277,1.003428952820173,1.0077006651320786,1.0,1.0040892352286277,1.0077006651320786,1.00217091518221,1.0041686588092955,229.69542699280618,252.32329752024603,0.04241319546381321,0.00435359205357912
MAIN,0.0,0.05,100,rate,DIFF,MIS-I-2000,DEF-0.75,1.0049330638929646,1.0038890146278059,1.0095354437920367,1.0,1.006907641171012,1.0057756472262596,1.0130375531082703,1.0,1.006907641171012,1.0130375531082703,1.0049803134700204,1.0095855338040094,248.11518582873586,290.2964693087133,0.06367737868833911,0.0040303880803686815
MAIN,0.0,0.05,100,rate,DIFF,MIS-I-2000,RA-EST,1.0090346657345608,1.0070805726505605,1.0174024490846292,1.0,1.0110202035616254,1.0089553056583267,1.0212915273821055,1.0,1.0110202035616254,1.0212915273821055,1.009079608289765,1.0174524402199738,269.7467931222212,341.72390765903776,0.08508638807187094,0.003707184107158241
MAIN,0.0,0.05,100,rate,DIFF,MIS-I-2000,SRSWOR,,,,0.0,1.0019615292655522,1.001599720877091,1.0037698689883752,1.0,1.0019615292655522,1.0037698689883752,0.9995203802310043,0.999995342729154,,,,
MAIN,0.0,0.05,100,rate,EXP,COR-2000,ST-NEY-EST,,,,0.0,1.0099330077744566,1.0066925500308561,1.0202177905449406,1.0,1.0099330077744566,1.0202177905449406,1.0068061988049788,1.0179058251209425,,,,
MAIN,0.0,0.05,100,rate,HT,COR-10000,DEF-0.0,0.99995,0.9999500000000001,0.9999500000000001,0.0,0.99995,0.9999500000000001,0.9999500000000001,0.0,0.99995,0.9999500000000001,1.0,1.0,200.0,200.0,0.0,0.005
MAIN,0.0,0.05,100,rate,HT,COR-10000,DEF-0.25,1.0001145125565019,1.0000902201759119,1.0002470198531255,0.895,1.0001145125565019,1.0000902201759119,1.0002470198531255,0.895,1.0001145125565019,1.0002470198531255,1.0001563259286808,1.000282239041992,210.67938968410843,220.58509814569075,0.011514014018421788,0.004746548794956633
MAIN,0.0,0.05,100,rate,HT,COR-10000,DEF-0.5,1.000612007028969,1.0005174942744863,1.001156181094618,1.0,1.000612007028969,1.0005174942744863,1.001156181094618,1.0,1.000612007028969,1.001156181094618,1.0006290626780563,1.0011461569029063,222.5636088233705,245.8938521767613,0.0231636634794024,0.004493097589913267
MAIN,0.0,0.05,100,rate,HT,COR-10000,DEF-0.75,1.0014532563390783,1.0012375072915647,1.0026951204921681,1.0,1.0014532563390783,1.0012375072915647,1.0026951204921681,1.0,1.0014532563390783,1.0026951204921681,1.00142844452528,1.0026084723027735,235.86873659445405,277.7628959327913,0.034890032244390703,0.004239646384869901
MAIN,0.0,0.05,100,rate,HT,COR-10000,RA-EST,1.0026570319792614,1.0022675297538675,1.0050054564109818,1.0,1.0026570319792614,1.0022675297538675,1.0050054564109818,1.0,1.0026570319792614,1.0050054564109818,1.0025723043907604,1.0048037641965804,250.86580764424082,319.12279684947475,0.04680950233389537,0.003986195179826534
MAIN,0.0,0.05,100,rate,HT,COR-2000,DEF-0.0,0.99995,0.9999500000000001,0.9999500000000001,0.0,0.99995,0.9999500000000001,0.9999500000000001,0.0,0.99995,0.9999500000000001,1.0,1.0,200.0,200.0,0.0,0.005
MAIN,0.0,0.05,100,rate,HT,COR-2000,DEF-0.25,1.0007264750817837,1.000593929634831,1.0013569470459103,1.0,1.0007264750817837,1.000593929634831,1.0013569470459103,1.0,1.0007264750817837,1.0013569470459103,1.0007378359550663,1.0013369190867647,221.52544874992873,239.92049169405007,0.02467435085873082,0.0045141540936636795
MAIN,0.0,0.05,100,rate,HT,COR-2000,DEF-0.5,1.0030955913391315,1.0025095811250075,1.0056700072152986,1.0,1.0030955913391315,1.0025095811250075,1.0056700072152986,1.0,1.0030955913391315,1.0056700072152986,1.002989050293358,1.0054352768017463,248.24318557174934,299.75219751915483,0.04919409891654532,0.004028308187327359
MAIN,0.0,0.05,100,rate,HT,COR-2000,DEF-0.75,1.0072247280374944,1.00566445345333,1.013606147599408,1.0,1.0072247280374944,1.00566445345333,1.013606147599408,1.0,1.0072247280374944,1.013606147599408,1.0069126533521437,1.0129761324649051,282.28957323783993,399.34213853364275,0.07350384705863758,0.0035424622809910387
MAIN,0.0,0.05,100,rate,HT,COR-2000,RA-EST,1.013539173242894,1.0103612313491386,1.025749625385964,1.0,1.013539173242894,1.0103612313491386,1.025749625385964,1.0,1.013539173242894,1.025749625385964,1.0129126688526353,1.0245157735150074,327.1592743889069,598.0441727515521,0.09921292350689084,0.0030566163746547186
MAIN,0.0,0.05,100,rate,HT,COR-500,DEF-0.0,0.99995,0.9999500000000001,0.9999500000000001,0.0,0.99995,0.9999500000000001,0.9999500000000001,0.0,0.99995,0.9999500000000001,1.0,1.0,200.0,200.0,0.0,0.005
MAIN,0.0,0.05,100,rate,HT,COR-500,DEF-0.25,1.0041015452901083,1.0030175447523193,1.01022230476654,0.98,1.0041015452901083,1.0030175447523193,1.01022230476654,0.98,1.0041015452901083,1.01022230476654,1.0039449283866326,1.0097606330867541,241.37484706593781,266.61356470362495,0.05385491737606485,0.004142941964682491
MAIN,0.0,0.05,100,rate,HT,COR-500,DEF-0.5,1.0185983565524113,1.012175287928052,1.0563425606716461,0.98,1.0185983565524113,1.012175287928052,1.0563425606716461,0.98,1.0185983565524113,1.0563425606716461,1.017719780550192,1.0535801747367382,304.3359509621961,399.7611362974569,0.10751329678459992,0.003285883929364981
MAIN,0.0,0.05,100,rate,HT,COR-500,DEF-0.75,1.056852619509745,1.027724633045395,1.2432280855782223,0.98,1.056852619509745,1.027724633045395,1.2432280855782223,0.98,1.056852619509745,1.2432280855782223,1.054066134071799,1.2311300626214778,411.7429475023956,798.5685274217841,0.16205332553737278,0.002428825894047472
MAIN,0.0,0.05,100,rate,HT,COR-500,RA-EST,23.267667177596856,1.053509165311135,172.4058487511462,0.98,23.267667177596856,1.053509165311135,172.4058487511462,0.98,23.267667177596856,172.4058487511462,22.154346692123774,163.83564804002273,636.3665559258443,334719.5911617182,0.22502342975956097,0.0015717678587299623
MAIN,0.0,0.05,100,rate,HT,KS-2000,DEF-0.0,0.99995,0.9999500000000001,0.9999500000000001,0.0,0.99995,0.9999500000000001,0.9999500000000001,0.0,0.99995,0.9999500000000001,1.0,1.0,200.0,200.0,0.0,0.005
MAIN,0.0,0.05,100,rate,HT,KS-2000,DEF-0.25,1.0009940786234492,1.000825181048664,1.001959883947754,1.0,1.0009940786234492,1.000825181048664,1.001959883947754,1.0,1.0009940786234492,1.001959883947754,1.0009921242139639,1.001909844523776,223.8244414080081,241.06079713328387,0.0287659075455884,0.004467787733810727
MAIN,0.0,0.05,100,rate,HT,KS-2000,DEF-0.5,1.0041691127106036,1.003444867065452,1.0079547453215378,1.0,1.0041691127106036,1.003444867065452,1.0079547453215378,1.0,1.0041691127106036,1.0079547453215378,1.0040091551828747,1.007606538401541,254.09256969472716,303.3371480486281,0.05748406495194286,0.003935575467621454
MAIN,0.0,0.05,100,rate,HT,KS-2000,DEF-0.75,1.0097177069166023,1.0077824468167402,1.0186701095513906,1.0,1.0097177069166023,1.0077824468167402,1.0186701095513906,1.0,1.0097177069166023,1.0186701095513906,1.0092815673922781,1.0177885907998243,293.82742787717166,408.99931490237077,0.0860549298909053,0.00340336320143218
MAIN,0.0,0.05,100,rate,HT,KS-2000,RA-EST,1.0185034839087592,1.0140424390064369,1.0342382039475067,1.0,1.0185034839087592,1.0140424390064369,1.0342382039475067,1.0,1.0185034839087592,1.0342382039475067,1.0176298024814145,1.0325818048316406,348.29364898802487,627.6202989398594,0.1154293229470986,0.0028711509352429064
MAIN,0.0,0.05,100,rate,HT,MIS-G-10000,DEF-0.0,0.99995,0.9999500000000001,0.9999500000000001,0.0,0.99995,0.9999500000000001,0.9999500000000001,0.0,0.99995,0.9999500000000001,1.0,1.0,200.0,200.0,0.0,0.005
MAIN,0.0,0.05,100,rate,HT,MIS-G-10000,DEF-0.25,1.0000150151863574,0.9999916321277151,1.0001070044206695,0.435,1.0000150151863574,0.9999916321277151,1.0001070044206695,0.435,1.0000150151863574,1.0001070044206695,1.0000617799006697,1.0001491915795004,205.03914082217517,209.97291761229332,0.006273963157642757,0.004877117993690198
MAIN,0.0,0.05,100,rate,HT,MIS-G-10000,DEF-0.5,1.0002100101706843,1.0001165288033589,1.0005778011486735,0.82,1.0002100101706843,1.0001165288033589,1.0005778011486735,0.82,1.0002100101706843,1.0005778011486735,1.000247071556782,1.000596560611032,210.3388120659193,220.99266157482447,0.012547937082024,0.004754235987380397
MAIN,0.0,0.05,100,rate,HT,MIS-G-10000,DEF-0.75,1.0005353204903162,1.0003247786707705,1.0013633285472787,0.94,1.0005353204903162,1.0003247786707705,1.0013633285472787,0.94,1.0005353204903162,1.0013633285472787,1.0005561937291347,1.001342998540704,215.9197577241352,233.2331918422979,0.01882413647965643,0.004631353981070594
MAIN,0.0,0.05,100,rate,HT,MIS-G-10000,RA-EST,1.0009918353918419,1.00061658840087,1.0024662234335597,0.975,1.0009918353918419,1.00061658840087,1.0024662234335597,0.975,1.0009918353918419,1.0024662234335597,1.0009899912025373,1.0023910103464122,221.80498443806505,246.90927508878934,0.02510478292262551,0.004508471974760793
MAIN,0.0,0.05,100,rate,HT,MIS-G-2000,DEF-0.0,0.99995,0.9999500000000001,0.9999500000000001,0.0,0.99995,0.9999500000000001,0.9999500000000001,0.0,0.99995,0.9999500000000001,1.0,1.0,200.0,200.0,0.0,0.005
MAIN,0.0,0.05,100,rate,HT,MIS-G-2000,DEF-0.25,1.000225425540303,1.0001661380438276,1.0005419579218715,0.86,1.000225425540303,1.0001661380438276,1.0005419579218715,0.86,1.000225425540303,1.0005419579218715,1.0002617199852746,1.000562501372556,211.41810707446433,217.99025826151322,0.01429523125931137,0.004729963920969669
MAIN,0.0,0.05,100,rate,HT,MIS-G-2000,DEF-0.5,1.0010508018617321,1.0008142863209102,1.0023159883974042,0.985,1.0010508018617321,1.0008142863209102,1.0023159883974042,0.985,1.0010508018617321,1.0023159883974042,1.0010460246583845,1.002248254369437,224.21889312583,239.536924573798,0.028586062825108897,0.004459927841939338
MAIN,0.0,0.05,100,rate,HT,MIS-G-2000,DEF-0.75,1.0024313607910187,1.0018964066713196,1.0052872201521428,0.995,1.0024313607910187,1.0018964066713196,1.0052872201521428,0.995,1.0024313607910187,1.0052872201521428,1.002357884260098,1.0050716312942825,238.669701054853,265.8102475807783,0.04289850824026607,0.004189891762909006
MAIN,0.0,0.05,100,rate,HT,MIS-G-2000,RA-EST,1.0043814065688603,1.0034176461127264,1.009494828334758,0.995,1.0043814065688603,1.0034176461127264,1.009494828334758,0.995,1.0043814065688603,1.009494828334758,1.0042108878280336,1.009069849022169,255.11154398030078,298.55716504629993,0.057258845004250936,0.003919855683878676
MAIN,0.0,0.05,100,rate,HT,MIS-I-2000,DEF-0.0,0.99995,0.9999500000000001,0.9999500000000001,0.0,0.99995,0.9999500000000001,0.9999500000000001,0.0,0.99995,0.9999500000000001,1.0,1.0,200.0,200.0,0.0,0.005
MAIN,0.0,0.05,100,rate,HT,MIS-I-2000,DEF-0.25,1.0005837823201196,1.0004807126518993,1.0011328017447052,0.99,1.0005837823201196,1.0004807126518993,1.0011328017447052,0.99,1.0005837823201196,1.0011328017447052,1.0006022437532531,1.0011239338638767,214.43744970894437,223.77704596505734,0.022399886712872796,0.004663364571350007
MAIN,0.0,0.05,100,rate,HT,MIS-I-2000,DEF-0.5,1.0025032600367836,1.0020739235919978,1.0048205990972392,1.0,1.0025032600367836,1.0020739235919978,1.0048205990972392,1.0,1.0025032600367836,1.0048205990972392,1.0024261992391028,1.0046280890870884,231.12147622516088,253.97037201955564,0.04480992428169883,0.004326729142700015
MAIN,0.0,0.05,100,rate,HT,MIS-I-2000,DEF-0.75,1.0057756662156705,1.00475127828033,1.0110828483317198,1.0,1.0057756662156705,1.00475127828033,1.0110828483317198,1.0,1.0057756662156705,1.0110828483317198,1.0055357378927439,1.010578748238596,250.62069772558237,293.58222707441047,0.06737242828163996,0.003990093714050022
MAIN,0.0,0.05,100,rate,HT,MIS-I-2000,RA-EST,1.01054204896799,1.0085199406102814,1.020385919072456,1.0,1.01054204896799,1.0085199406102814,1.020385919072456,1.0,1.01054204896799,1.020385919072456,1.0100648554578309,1.019418953358278,273.71330711905216,347.8340328748032,0.09001163854438787,0.003653458285400029
MAIN,0.0,0.05,400,dollars,DIFF,COR-10000,DEF-0.0,0.9999499999999999,0.9999499999999999,0.9999500000000001,0.0,3.935493008462391,3.934901204943915,3.9385041840372543,1.0,0.9638800007516288,0.9646174971489345,1.0,1.0,50.0,50.0,0.0,0.02
MAIN,0.0,0.05,400,dollars,DIFF,COR-10000,DEF-0.25,0.4440082450781137,0.4439976273546409,0.4496459247675342,0.0,1.7474762032902225,1.7465052106044527,1.7703676501966414,1.0,0.42799145126646193,0.4335980189350921,0.44408501931447525,0.4497196504528741,66.59336589219328,66.60907727653671,0.27570586016777715,0.01501651082815663
MAIN,0.0,0.05,400,dollars,DIFF,COR-10000,DEF-0.5,0.328694422005885,0.3286411376299174,0.3323979916655235,0.0,1.2936377378427235,1.2926580563593926,1.3083763026863349,1.0,0.3168374435027524,0.3204472092581459,0.32877250990240947,0.33246519375072003,99.67087028086539,99.74129470484365,0.5166503113563876,0.010033021656313264
MAIN,0.0,0.05,400,dollars,DIFF,COR-10000,DEF-0.75,0.2761817385179204,0.2761377859844092,0.27827329646457094,0.0,1.086964859762035,1.0862454570826312,1.095509465114762,1.0,0.26621917192879613,0.26831191461595105,0.27625839768621263,0.2783565838553767,198.0381358780183,198.45575829957383,0.8321595199610392,0.0050495324844698946
MAIN,0.0,0.05,400,dollars,DIFF,COR-10000,RA-EST,0.25485431231469907,0.2547602710686022,0.25544421350720387,0.0,1.0030278843218488,1.002603692876992,1.0057603006765623,1.0,0.24566134809925105,0.24633057085542714,0.2549286611780067,0.25550529603135086,15141.622509266945,19277.01167745241,1.7691722201322846,6.604331262652596e-05
MAIN,0.0,0.05,400,dollars,DIFF,COR-10000,SRSWOR,,,,0.0,3.9356897929520387,3.9350979598419076,3.9387011190932104,1.0,0.9639281971614869,0.9646657304354566,0.9999396917165485,0.9999992968556365,,,,
MAIN,0.0,0.05,400,dollars,DIFF,COR-2000,DEF-0.0,0.9999499999999999,0.9999499999999999,0.9999500000000001,0.0,3.950392892292899,3.944983506282564,3.9676762525457474,1.0,0.9675292767144797,0.9717623131492248,1.0,1.0,50.0,50.0,0.0,0.02
MAIN,0.0,0.05,400,dollars,DIFF,COR-2000,DEF-0.25,0.44456445521596444,0.4439543284405394,0.4570578416005884,0.0,1.7562251526543406,1.7505411985475527,1.8053431644739546,1.0,0.43013424183972154,0.4421642134767707,0.44474898812719155,0.4575485620061191,66.59582222925653,66.62693224440298,0.2773201169176827,0.015015956955343947
MAIN,0.0,0.05,400,dollars,DIFF,COR-2000,DEF-0.5,0.3296755668610984,0.32953051673351075,0.3382804716745621,0.0,1.3023687430158788,1.3006246413814104,1.3367969587854667,1.0,0.3189758391890787,0.32740798951192557,0.32987799411376206,0.3383478222686848,99.68187615095874,99.82140801249587,0.5193926974952776,0.010031913910687897
MAIN,0.0,0.05,400,dollars,DIFF,COR-2000,DEF-0.75,0.2775233015368119,0.27783787926368825,0.2828779237709319,0.0,1.0963542719398114,1.0950270470533012,1.1185665078826652,1.0,0.2685188245002813,0.2739590399831334,0.27772932186234267,0.28311808430787794,198.10332446287134,198.93226231224165,0.837145935976923,0.005047870866031845
MAIN,0.0,0.05,400,dollars,DIFF,COR-2000,RA-EST,0.2569846877839996,0.25627516088021457,0.2598361307851424,0.0,1.0152414059906334,1.0119139360186373,1.02871810601031,1.0,0.24865268088779224,0.2519533910141128,0.2571882128622891,0.25991070627266144,15667.152706333143,27950.186084550947,1.7935821237397596,6.382782137579261e-05
MAIN,0.0,0.05,400,dollars,DIFF,COR-2000,SRSWOR,,,,0.0,3.9505904218139904,3.9451807653208304,3.9678746462780614,1.0,0.9675776555972597,0.9718109036944095,0.9997305967924451,0.9999955672148917,,,,
MAIN,0.0,0.05,400,dollars,DIFF,COR-500,DEF-0.0,0.9999499999999999,0.9999499999999999,0.9999500000000001,0.0,4.043873871832984,3.9845617674066895,4.194591446217957,1.0,0.9904246157318812,1.027338327787548,1.0,1.0,50.0,50.0,0.0,0.02
MAIN,0.0,0.05,400,dollars,DIFF,COR-500,DEF-0.25,0.45427943582635083,0.45102979032223317,0.4931191438639673,0.0,1.8343275803434032,1.8078546248453438,1.9946180797878184,1.0,0.44926306963785556,0.4885213801958321,0.4548389615530508,0.49488307104399654,66.613240756808,66.66661347935862,0.2791887935696489,0.015012030470896491
MAIN,0.0,0.05,400,dollars,DIFF,COR-500,DEF-0.5,0.349544554505421,0.33610722789847103,0.4494817915189939,0.0,1.4114640820266728,1.347223336863931,1.8598271302663132,1.0,0.3456954433712261,0.4555084132697742,0.3501602611673807,0.4500380120357877,99.75996812707322,99.99976065749657,0.5231852449422315,0.010024060941792983
MAIN,0.0,0.05,400,dollars,DIFF,COR-500,DEF-0.75,0.32126212054731446,0.28416838472725203,0.6059706696683159,0.0,1.2974056514469425,1.1370121566934355,2.506108662393362,1.0,0.3177602799961363,0.6137955306227707,0.32186162535715485,0.6061853879346077,198.5666896334253,199.99856395186998,0.8444708423788714,0.005036091412689476
MAIN,0.0,0.05,400,dollars,DIFF,COR-500,RA-EST,6.106195531768187,0.262880898578264,28.541495547865296,0.115,24.534445203141544,1.0591938403773589,116.18112189543798,0.98,6.008970416157419,28.455052421412528,6.100848389417944,28.348657045062343,20780.772435954557,20947889.624708056,1.845386786866909,4.812188358596756e-05
MAIN,0.0,0.05,400,dollars,DIFF,COR-500,SRSWOR,,,,0.0,4.044076075636766,3.9847610054569627,4.194801186277272,1.0,0.9904741394388532,1.0273896972724121,0.9989676445462834,0.9999847440811492,,,,
MAIN,0.0,0.05,400,dollars,DIFF,KS-2000,DEF-0.0,0.9999499999999999,0.9999499999999999,0.9999500000000001,0.0,3.9574758845830513,3.949100953359724,3.9799273351527473,1.0,0.9692640414820133,0.9747628453537164,1.0,1.0,50.0,50.0,0.0,0.02
MAIN,0.0,0.05,400,dollars,DIFF,KS-2000,DEF-0.25,0.4445594243978108,0.4442860379303635,0.45770734803443525,0.0,1.759224746950296,1.7536125221225534,1.8084817993098492,1.0,0.4308689017529834,0.44293292716562144,0.44476917005178135,0.45777660518501123,66.59573596391782,66.630031306782,0.277559099188495,0.015015976406400119
MAIN,0.0,0.05,400,dollars,DIFF,KS-2000,DEF-0.5,0.32992550522765557,0.32971810132769463,0.3387709774105347,0.0,1.3055997881544616,1.3018091417175135,1.3385981045592628,1.0,0.31976718598702975,0.3278491257014874,0.33015551047821745,0.33905495489396664,99.68148960323957,99.83532188191946,0.5199631683209686,0.01003195281280024
MAIN,0.0,0.05,400,dollars,DIFF,KS-2000,DEF-0.75,0.27798935576542283,0.277732546052388,0.28413708617284705,0.0,1.1000999018736048,1.0967416459443569,1.125060940651304,1.0,0.26943620328246615,0.27554965489426564,0.27822271014780386,0.2844133172729158,198.10103443593516,199.01517505477395,0.8381683186124157,0.0050479292192003615
MAIN,0.0,0.05,400,dollars,DIFF,KS-2000,RA-EST,0.25789931938360544,0.25696382301399656,0.2609847954499899,0.0,1.0206610842910655,1.0158091973661647,1.03734142732206,1.0,0.2499800671931576,0.2540654127950125,0.2581285866706023,0.26126907867098953,15648.089052977355,30313.994335344363,1.8015515165497642,6.390562560048184e-05
MAIN,0.0,0.05,400,dollars,DIFF,KS-2000,SRSWOR,,,,0.0,3.957673768271465,3.9492984182806383,3.9801263414698203,1.0,0.9693125071073687,0.9748115859330131,0.9996805717309327,0.9999954814283697,,,,
MAIN,0.0,0.05,400,dollars,DIFF,MIS-G-10000,DEF-0.0,0.9999499999999999,0.9999499999999999,0.9999500000000001,0.0,3.934142145935218,3.9330294799640555,3.937538589867961,1.0,0.9635491478264916,0.9643810040573134,1.0,1.0,50.0,50.0,0.0,0.02
MAIN,0.0,0.05,400,dollars,DIFF,MIS-G-10000,DEF-0.25,0.4430438071630649,0.44299328945258326,0.44835525273665167,0.0,1.7430794722898517,1.7418385970524435,1.7640959726218888,1.0,0.4269146049677061,0.4320619611724514,0.44311711944652105,0.44840981548089354,66.59446078222,66.60377533282983,0.2763431623967558,0.015016263939295674
MAIN,0.0,0.05,400,dollars,DIFF,MIS-G-10000,DEF-0.5,0.3279461445581214,0.32790641657739145,0.331407038575901,0.0,1.2902479139103198,1.2893866279075406,1.3039375646055809,1.0,0.3160072086408208,0.3193600745953695,0.32802008974240077,0.3314707485548089,99.67577584727181,99.71752196043019,0.5176965188810088,0.010032527878591352
MAIN,0.0,0.05,400,dollars,DIFF,MIS-G-10000,DEF-0.75,0.27559704203039515,0.27555603537001916,0.2776442942056857,0.0,1.0842900929124,1.0836708124988554,1.0923173936212762,1.0,0.2655640686755334,0.26753011323378006,0.27566927468137653,0.27771310810668765,198.0671883772347,198.31465323293145,0.8340123604021314,0.005048791817887028
MAIN,0.0,0.05,400,dollars,DIFF,MIS-G-10000,RA-EST,0.25445983508198167,0.2544207083624789,0.2547209212396241,0.0,1.0011310598365777,1.0007296908048209,1.0027358420237058,1.0,0.24519677830269512,0.24558982116985542,0.25452964420365504,0.2548051933711158,15371.441393427298,17650.493508846073,1.7787619338833165,6.505575718270268e-05
MAIN,0.0,0.05,400,dollars,DIFF,MIS-G-10000,SRSWOR,,,,0.0,3.9343388628783624,3.933226141271119,3.937735476641794,1.0,0.9635973276928763,0.9644292255185897,0.9999463824532158,0.9999987310758954,,,,
MAIN,0.0,0.05,400,dollars,DIFF,MIS-G-2000,DEF-0.0,0.9999499999999999,0.9999499999999999,0.9999500000000001,0.0,3.9444099808263626,3.93923765293786,3.960255866841882,1.0,0.9660639434775861,0.9699449140679814,1.0,1.0,50.0,50.0,0.0,0.02
MAIN,0.0,0.05,400,dollars,DIFF,MIS-G-2000,DEF-0.25,0.44377807319133694,0.4437160828598234,0.4573321764562348,0.0,1.7504866310392961,1.7468302413414192,1.8066170306702687,1.0,0.4287287645064551,0.4424762084790793,0.4439984305468558,0.45769414577538814,66.59250982856423,66.61370551611536,0.2763291736731446,0.015016703869166384
MAIN,0.0,0.05,400,dollars,DIFF,MIS-G-2000,DEF-0.5,0.32845356365979017,0.32851352276920653,0.33720955562899485,0.0,1.2955888040542185,1.293110944621087,1.331767215222879,1.0,0.3173152981698445,0.3261761059287346,0.3286983705440178,0.3375840431110978,99.66703497759715,99.76205288134507,0.5174451538570946,0.010033407738332771
MAIN,0.0,0.05,400,dollars,DIFF,MIS-G-2000,DEF-0.75,0.27594616871507394,0.27604933417026273,0.28091418009537283,0.0,1.0884772359664574,1.087091381791959,1.1101051580719723,1.0,0.2665895827449051,0.2718866882233022,0.2761971184745574,0.281425297603115,198.01542574288857,198.57907937155923,0.8333967206999332,0.005050111607499158
MAIN,0.0,0.05,400,dollars,DIFF,MIS-G-2000,RA-EST,0.2547198208085244,0.2546827493568463,0.25571022812901567,0.0,1.0047622570686525,1.0038883854629295,1.0104576802191685,1.0,0.24608613025510756,0.2474810519228111,0.2549691690514322,0.2558217579813666,14966.593544682284,20963.085098947413,1.7754642364953652,6.681547666554375e-05
MAIN,0.0,0.05,400,dollars,DIFF,MIS-G-2000,SRSWOR,,,,0.0,3.944607211186922,3.9394346246690937,3.960453889536359,1.0,0.9661122490900407,0.9699934137386685,0.9996619384752724,0.9999937312401461,,,,
MAIN,0.0,0.05,400,dollars,DIFF,MIS-I-2000,DEF-0.0,0.9999499999999999,0.9999499999999999,0.9999500000000001,0.0,3.9498181012709894,3.9431141849262006,3.969362499688138,1.0,0.9673884990356884,0.9721753083936274,1.0,1.0,50.0,50.0,0.0,0.02
MAIN,0.0,0.05,400,dollars,DIFF,MIS-I-2000,DEF-0.25,0.4432529253582249,0.4436292929436117,0.4548465992496928,0.0,1.7507480526886314,1.7474864199689135,1.7938942406072196,1.0,0.42879279183391217,0.439360145797945,0.4434506217712755,0.4550093707937002,66.59809748205771,66.61877954927407,0.2778555592517116,0.015015443951231347
MAIN,0.0,0.05,400,dollars,DIFF,MIS-I-2000,DEF-0.5,0.3285466367594131,0.3288323887656591,0.336440855918066,0.0,1.2976892578031638,1.295123602619944,1.327156788650122,1.0,0.3178297407966663,0.3250469213618052,0.3287632715753134,0.3365631369243079,99.69207210049487,99.784817119585,0.5203598105562781,0.010030887902462694
MAIN,0.0,0.05,400,dollars,DIFF,MIS-I-2000,DEF-0.75,0.2765326943243881,0.27672332781784215,0.28138197099413875,0.0,1.0922591850248913,1.0901784784586561,1.111418065049188,1.0,0.2675158567983584,0.272208245084276,0.27675264914028,0.2816939378812609,198.1637413136311,198.7144355818019,0.8386896153408068,0.00504633185369404
MAIN,0.0,0.05,400,dollars,DIFF,MIS-I-2000,RA-EST,0.25611376758274074,0.25579969734917873,0.2581507393597593,0.0,1.0116423455745014,1.0092876665037975,1.0218922823565089,1.0,0.24777119987660837,0.2502816119271193,0.25633030932116435,0.2582748920915908,16187.574632571694,23187.058837213033,1.8011419304145544,6.177580492538692e-05
MAIN,0.0,0.05,400,dollars,DIFF,MIS-I-2000,SRSWOR,,,,0.0,3.9500156020510917,3.943311350493725,3.969560977737024,1.0,0.9674368708792324,0.9722239195896069,0.9997050174727606,0.9999954856667352,,,,
MAIN,0.0,0.05,400,dollars,EXP,COR-2000,ST-NEY-EST,,,,0.0,2.417279121372968,1.2218530590934917,11.512006157553097,1.0,0.5920394208084739,2.8195177783152383,0.6121433679213575,2.9105013853049915,,,,
MAIN,0.0,0.05,400,dollars,HT,COR-10000,DEF-0.0,0.9999499999999999,0.9999499999999999,0.9999499999999999,0.0,4.0827657288700285,4.0827657288700285,4.0827657288700285,1.0,0.9999499999999999,0.9999499999999999,1.0,1.0,50.0,50.0,0.0,0.02
MAIN,0.0,0.05,400,dollars,HT,COR-10000,DEF-0.25,0.4369348270242724,0.4368172541076959,0.4429567592243913,0.0,1.7839917371113092,1.7835116904345336,1.8085791048879223,1.0,0.4369348270242724,0.4429567592243913,0.4442370463506806,0.4501885830651846,66.59332660506817,66.60963443696558,0.2756787457834611,0.015016519687243341
MAIN,0.0,0.05,400,dollars,HT,COR-10000,DEF-0.5,0.3202842225319229,0.3201347890428575,0.32423276405429174,0.0,1.3077108327927565,1.3071007003582331,1.323832608888109,1.0,0.3202842225319229,0.32423276405429174,0.32892260791461225,0.33283179990977513,99.6706942642983,99.74379332760205,0.5166055787816966,0.010033039374486684
MAIN,0.0,0.05,400,dollars,HT,COR-10000,DEF-0.75,0.26719639573260295,0.26704075906683444,0.2694837200362161,0.0,1.090954835116421,1.0903193752982752,1.100293911347836,1.0,0.26719639573260295,0.2694837200362161,0.2764064001680061,0.2786751239464699,198.0370935553152,198.4705968337205,0.8321173524501464,0.005049559061730024
MAIN,0.0,0.05,400,dollars,HT,COR-10000,RA-EST,0.24563558455502318,0.24553373262438621,0.24627704945033288,0.0,1.0029226925468322,1.00250683418209,1.005541774391768,1.0,0.24563558455502318,0.24627704945033288,0.25508582652746936,0.255720644570956,15133.508838609832,19465.500351902643,1.7688152882932684,6.60787489733662e-05
MAIN,0.0,0.05,400,dollars,HT,COR-2000,DEF-0.0,0.9999499999999999,0.9999499999999999,0.9999499999999999,0.0,4.0827657288700285,4.0827657288700285,4.0827657288700285,1.0,0.9999499999999999,0.9999499999999999,1.0,1.0,50.0,50.0,0.0,0.02
MAIN,0.0,0.05,400,dollars,HT,COR-2000,DEF-0.25,0.438071642717846,0.43695961981337156,0.45120384595607216,0.0,1.7886333213442847,1.784092965322377,1.8422517115893826,1.0,0.438071642717846,0.45120384595607216,0.44535794142173407,0.45833386324720254,66.59593834486141,66.62772261412994,0.27742334424149384,0.015015930773763987
MAIN,0.0,0.05,400,dollars,HT,COR-2000,DEF-0.5,0.3219010871753023,0.32139977498645755,0.33100662534021585,0.0,1.3143124424274493,1.3122655998612407,1.3514900804719787,1.0,0.3219010871753023,0.33100662534021585,0.3305186489193595,0.339530429967107,99.68239645901483,99.8249562913009,0.5195677944977208,0.010031861547527974
MAIN,0.0,0.05,400,dollars,HT,COR-2000,DEF-0.75,0.2692091055524736,0.26905198397503516,0.2749827829170135,0.0,1.0991726686828276,1.0985311460150626,1.1227464194438617,1.0,0.2692091055524736,0.2749827829170135,0.27839677123054535,0.28412002729322666,198.1064069940626,198.95340211868117,0.8374573309147431,0.005047792321291961
MAIN,0.0,0.05,400,dollars,HT,COR-2000,RA-EST,0.2485366255166136,0.24772459176417422,0.25158441348575983,0.0,1.0147675554060047,1.0114520460553917,1.0272115818766208,1.0,0.2485366255166136,0.25158441348575983,0.2579589733447339,0.260978261645522,15692.901605248288,28517.21477345128,1.795032861321461,6.372309505594803e-05
MAIN,0.0,0.05,400,dollars,HT,COR-500,DEF-0.0,0.9999499999999999,0.9999499999999999,0.9999499999999999,0.0,4.0827657288700285,4.0827657288700285,4.0827657288700285,1.0,0.9999499999999999,0.9999499999999999,1.0,1.0,50.0,50.0,0.0,0.02
MAIN,0.0,0.05,400,dollars,HT,COR-500,DEF-0.25,0.4521122133635982,0.44692608123639244,0.48978545099611465,0.0,1.8459605483518906,1.8247857270964802,1.9997792427882273,1.0,0.4521122133635982,0.48978545099611465,0.4592129942907233,0.4963692565797644,66.61457604207496,66.66661435009155,0.2793939434591809,0.015011729555567784
MAIN,0.0,0.05,400,dollars,HT,COR-500,DEF-0.5,0.34595806016804986,0.3310727700670851,0.45062341716429477,0.0,1.4125363384973944,1.351760147399332,1.8398818383166007,1.0,0.34595806016804986,0.45062341716429477,0.3542655445829165,0.4574785443651765,99.76595793271514,99.99976457578238,0.5240291446811938,0.010023459111135568
MAIN,0.0,0.05,400,dollars,HT,COR-500,DEF-0.75,0.3169197672967142,0.2780752944939401,0.609674566383671,0.0,1.29397386341366,1.1353730510578521,2.489282889539424,1.0,0.3169197672967142,0.609674566383671,0.325496493263314,0.6143197466057387,198.6022900805158,199.99858746136155,0.8457143192449664,0.005035188666703352
MAIN,0.0,0.05,400,dollars,HT,COR-500,RA-EST,6.179635957437281,0.25911866648879034,28.801867514290834,0.115,25.23126746729122,1.057973709936433,117.59715747267526,0.98,6.179635957437281,28.801867514290834,6.109267946874055,28.427168556306,21313.765505669293,21298922.98670777,1.8506930973257685,4.691822227113619e-05
MAIN,0.0,0.05,400,dollars,HT,KS-2000,DEF-0.0,0.9999499999999999,0.9999499999999999,0.9999499999999999,0.0,4.0827657288700285,4.0827657288700285,4.0827657288700285,1.0,0.9999499999999999,0.9999499999999999,1.0,1.0,50.0,50.0,0.0,0.02
MAIN,0.0,0.05,400,dollars,HT,KS-2000,DEF-0.25,0.4383588585752717,0.4374313505772814,0.4519323448457756,0.0,1.789806015038455,1.7860190278216463,1.845226150611735,1.0,0.4383588585752717,0.4519323448457756,0.4456408170613507,0.45905759028122883,66.59583880237452,66.63095000373542,0.2777020199075514,0.015015953218466887
MAIN,0.0,0.05,400,dollars,HT,KS-2000,DEF-0.5,0.3224589345663652,0.3218181924903217,0.3314192314542606,0.0,1.316590116521325,1.3139739859256796,1.3531747388068396,1.0,0.3224589345663652,0.3314192314542606,0.33106908163221066,0.3399354620756786,99.68195041447845,99.83944705908766,0.5202088078023368,0.010031906436933774
MAIN,0.0,0.05,400,dollars,HT,KS-2000,DEF-0.75,0.2699977147768767,0.26929513713292774,0.2764252963029957,0.0,1.1023925363910767,1.099523933034324,1.1286361581465214,1.0,0.2699977147768767,0.2764252963029957,0.2791765077969228,0.2855415319119523,198.10376443630958,199.03976589797819,0.8386017156674548,0.005047859655400663
MAIN,0.0,0.05,400,dollars,HT,KS-2000,RA-EST,0.24983039088650116,0.24865751758415794,0.253610344509668,0.0,1.0200499604396323,1.0152611540762004,1.035483397220855,1.0,0.24983039088650116,0.253610344509668,0.25923995694396207,0.26299594405456284,15670.833186963311,31094.1880953607,1.8035222060290677,6.381287386754891e-05
MAIN,0.0,0.05,400,dollars,HT,MIS-G-10000,DEF-0.0,0.9999499999999999,0.9999499999999999,0.9999499999999999,0.0,4.0827657288700285,4.0827657288700285,4.0827657288700285,1.0,0.9999499999999999,0.9999499999999999,1.0,1.0,50.0,50.0,0.0,0.02
MAIN,0.0,0.05,400,dollars,HT,MIS-G-10000,DEF-0.25,0.43589081643677374,0.43572108883764066,0.4414811075219696,0.0,1.7797290733309028,1.7790360806562855,1.802554063437454,1.0,0.43589081643677374,0.4414811075219696,0.4432055898354622,0.448730857676881,66.59447256592827,66.60421635748506,0.27634795013255375,0.015016261282209236
MAIN,0.0,0.05,400,dollars,HT,MIS-G-10000,DEF-0.5,0.3194668389354101,0.31931159786954916,0.3231310222813627,0.0,1.3043734801899434,1.3037396355943032,1.3193342304166062,1.0,0.3194668389354101,0.3231310222813627,0.328113945006995,0.3317429623156072,99.6758286449938,99.71949912971422,0.5177067583148639,0.010032522564418472
MAIN,0.0,0.05,400,dollars,HT,MIS-G-10000,DEF-0.75,0.2665506617463437,0.266425746364795,0.26870203922404273,0.0,1.0883183227017346,1.0878082969616516,1.0971023321380189,1.0,0.2665506617463437,0.26870203922404273,0.27576700245239333,0.27790069908279563,198.06750109515997,198.32638379519827,0.8340317199867011,0.00504878384662771
MAIN,0.0,0.05,400,dollars,HT,MIS-G-10000,RA-EST,0.24518713247193447,0.2450915306148202,0.24555940141781699,0.0,1.0010916762001398,1.0007013366973223,1.0026116390924562,1.0,0.24518713247193447,0.24555940141781699,0.2546417429490197,0.2550103461949054,15373.953131624285,17775.258306839743,1.7788586693553445,6.50451288369465e-05
MAIN,0.0,0.05,400,dollars,HT,MIS-G-2000,DEF-0.0,0.9999499999999999,0.9999499999999999,0.9999499999999999,0.0,4.0827657288700285,4.0827657288700285,4.0827657288700285,1.0,0.9999499999999999,0.9999499999999999,1.0,1.0,50.0,50.0,0.0,0.02
MAIN,0.0,0.05,400,dollars,HT,MIS-G-2000,DEF-0.25,0.43716053405679467,0.43663726219380083,0.45184143231767826,0.0,1.7849132921262068,1.782776788871931,1.8448549574980384,1.0,0.43716053405679467,0.45184143231767826,0.4444594635756786,0.45896864176486657,66.59240627289977,66.61451790839682,0.2763476790311587,0.015016727221151745
MAIN,0.0,0.05,400,dollars,HT,MIS-G-2000,DEF-0.5,0.3205314417215723,0.3201490690760271,0.3300633092763861,0.0,1.3087202212972011,1.3071590053035123,1.3476385493985283,1.0,0.3205314417215723,0.3300633092763861,0.3291666176139756,0.33860552720004405,99.6665710451623,99.76569714605205,0.517497820751368,0.010033454442303493
MAIN,0.0,0.05,400,dollars,HT,MIS-G-2000,DEF-0.75,0.2674632933866407,0.2671566336319693,0.27311676164172033,0.0,1.0920445701981965,1.0907924876572732,1.1151275107863194,1.0,0.2674632933866407,0.27311676164172033,0.27667085092388777,0.28227697852866745,198.01267888167723,198.60073989223852,0.8334411675766917,0.005050181663455238
MAIN,0.0,0.05,400,dollars,HT,MIS-G-2000,RA-EST,0.24604605726307432,0.24582626591827147,0.2473377597121155,0.0,1.004598640249285,1.0037012388091497,1.0098726224392371,1.0,0.24604605726307432,0.2473377597121155,0.2554937540707474,0.2567781074925314,14945.701268030592,21289.9127090575,1.775343517642039,6.690888460698387e-05
MAIN,0.0,0.05,400,dollars,HT,MIS-I-2000,DEF-0.0,0.9999499999999999,0.9999499999999999,0.9999499999999999,0.0,4.0827657288700285,4.0827657288700285,4.0827657288700285,1.0,0.9999499999999999,0.9999499999999999,1.0,1.0,50.0,50.0,0.0,0.02
MAIN,0.0,0.05,400,dollars,HT,MIS-I-2000,DEF-0.25,0.4367375170060081,0.4365163612177798,0.4487599920019899,0.0,1.7831861262502338,1.782283153828693,1.8322735295101882,1.0,0.4367375170060081,0.4487599920019899,0.44404005947016423,0.45592209178600046,66.5983973149584,66.61977576268573,0.2779676423458337,0.015015376350140844
MAIN,0.0,0.05,400,dollars,HT,MIS-I-2000,DEF-0.5,0.3207595707959009,0.32042225618147013,0.3287542244166962,0.0,1.3096516654358359,1.3082744200259204,1.3422935953495012,1.0,0.3207595707959009,0.3287542244166962,0.3293898113757038,0.3373001550785564,99.69341582658049,99.78928736183684,0.5205679587641845,0.010030752700281689
MAIN,0.0,0.05,400,dollars,HT,MIS-I-2000,DEF-0.75,0.26821458839037804,0.2678656216150797,0.2732890023908985,0.0,1.09511208506747,1.093687264235726,1.1158307645768688,1.0,0.26821458839037804,0.2732890023908985,0.27741271923774186,0.28243974342551437,198.17170548600194,198.74103004795546,0.8390850251354648,0.005046129050422534
MAIN,0.0,0.05,400,dollars,HT,MIS-I-2000,RA-EST,0.24767440114772898,0.2470909795518401,0.2500742042024822,0.0,1.0112471192803199,1.0088650264785017,1.0210454428644828,1.0,0.24767440114772898,0.2500742042024822,0.25710600353946556,0.25949139374225394,16258.73966072226,23680.185979900783,1.8028627374062105,6.150540056337808e-05
MAIN,0.0,0.05,400,rate,DIFF,COR-10000,DEF-0.0,0.9999499999999999,0.9999499999999999,0.9999500000000001,0.0,1.000464814144938,1.0004207846658795,1.0008951447351457,1.0,1.000464814144938,1.0008951447351457,1.0,1.0,50.0,50.0,0.0,0.02
MAIN,0.0,0.05,400,rate,DIFF,COR-10000,DEF-0.25,1.0000921417814013,1.0000702701197193,1.0002245866532475,0.85,1.0006070586414735,1.0005303917487645,1.001162512173447,1.0,1.0006070586414735,1.001162512173447,1.000142135204011,1.0002745218236524,52.56175744743925,54.987436606815415,0.01090890458709416,0.019025239153693214
MAIN,0.0,0.05,400,rate,DIFF,COR-10000,DEF-0.5,1.0005248083349927,1.0004386537714904,1.0010312502233185,1.0,1.0010400389479215,1.0008836019282845,1.001926900794229,1.0,1.0010400389479215,1.001926900794229,1.0005747692601483,1.0010814925881757,55.40019542070824,61.080102425120394,0.021929298790980715,0.018050478307386427
MAIN,0.0,0.05,400,rate,DIFF,COR-10000,DEF-0.75,1.001257642809234,1.0010674582731363,1.0024116945643804,1.0,1.0017734069947013,1.0015185245474054,1.0032932568973678,1.0,1.0017734069947013,1.0032932568973678,1.0013075438422865,1.002461911070966,58.562696812607285,68.69116049463284,0.033046713824536694,0.017075717461079644
MAIN,0.0,0.05,400,rate,DIFF,COR-10000,RA-EST,1.0023068411671516,1.001960681201909,1.0044740942791688,1.0,1.0028233735631542,1.0024130728204363,1.0053090046666049,1.0,1.0028233735631542,1.0053090046666049,1.0023566525648464,1.0045243019704648,62.108118974452005,78.46902363580948,0.04440516778387531,0.016100956614772857
MAIN,0.0,0.05,400,rate,DIFF,COR-10000,SRSWOR,,,,0.0,1.0005148398869324,1.0004708082062896,1.0009451919947459,1.0,1.0005148398869324,1.0009451919947459,0.9999064658426542,0.9999980779024097,,,,
MAIN,0.0,0.05,400,rate,DIFF,COR-2000,DEF-0.0,0.9999499999999999,0.9999499999999999,0.9999500000000001,0.0,1.0024960924175115,1.001934931410579,1.0048576684715882,1.0,1.0024960924175115,1.0048576684715882,1.0,1.0,50.0,50.0,0.0,0.02
MAIN,0.0,0.05,400,rate,DIFF,COR-2000,DEF-0.25,1.0005667214175802,1.000461633990013,1.0010738391247551,1.0,1.0031148544832431,1.0024499325478695,1.0059271894238873,1.0,1.0031148544832431,1.0059271894238873,1.000616219845074,1.0011204947996368,55.204147839086076,59.819624776806194,0.0233774813779024,0.018114581316482876
MAIN,0.0,0.05,400,rate,DIFF,COR-2000,DEF-0.5,1.0025945715384885,1.002130368814147,1.0046819676203598,1.0,1.0051496592207705,1.0041190134772453,1.009617008978021,1.0,1.0051496592207705,1.009617008978021,1.0026427711986177,1.004731970895673,61.61748128298686,74.43907424898006,0.04660073757278727,0.016229162632965755
MAIN,0.0,0.05,400,rate,DIFF,COR-2000,DEF-0.75,1.0061875516238246,1.0049573338005642,1.011255249163137,1.0,1.008755052084715,1.0069499563583464,1.0159981418306578,1.0,1.008755052084715,1.0159981418306578,1.006233561010494,1.0112898317010635,69.7168300636582,98.516247228756,0.06994728927626065,0.01434374394944863
MAIN,0.0,0.05,400,rate,DIFF,COR-2000,RA-EST,1.0117248665540841,1.0089516906265534,1.0219039479358403,1.0,1.0143117080116864,1.0110082677906946,1.0271092437143494,1.0,1.0143117080116864,1.0271092437143494,1.0117675838139184,1.0219098268798448,80.2676784890671,145.61930140056845,0.09450564694638106,0.012458325265931507
MAIN,0.0,0.05,400,rate,DIFF,COR-2000,SRSWOR,,,,0.0,1.002546219728498,1.0019850306621123,1.0049079138672816,1.0,1.002546219728498,1.0049079138672816,0.9994416118273527,0.9999873778574396,,,,
MAIN,0.0,0.05,400,rate,DIFF,COR-500,DEF-0.0,0.9999499999999999,0.9999499999999999,0.9999500000000001,0.0,1.012918531576151,1.0098921738086961,1.0246878881555166,0.98,1.012918531576151,1.0246878881555166,1.0,1.0,50.0,50.0,0.0,0.02
MAIN,0.0,0.05,400,rate,DIFF,COR-500,DEF-0.25,1.0026859518663929,1.0016914172140021,1.010765838454842,0.88,1.0156891082325439,1.012886250735217,1.027663976279012,0.98,1.0156891082325439,1.027663976279012,1.002731206381244,1.0107961758202175,60.19930838179923,66.65299264436459,0.05058316532982933,0.016611536937166452
MAIN,0.0,0.05,400,rate,DIFF,COR-500,DEF-0.5,1.0153385744294705,1.0082964014138431,1.058966361042103,0.975,1.0285542540013797,1.020753031881763,1.0697778041180441,0.98,1.0285542540013797,1.0697778041180441,1.01536199109704,1.0589919841648627,75.62682984511844,99.93849213158545,0.10082954974594824,0.013223073874332905
MAIN,0.0,0.05,400,rate,DIFF,COR-500,DEF-0.75,1.0511165762517347,1.0215690156957158,1.2482945983002258,0.98,1.0649359086381163,1.0338507555310477,1.257954104360205,0.98,1.0649359086381163,1.257954104360205,1.0510764892006152,1.2481330420541066,101.68962957256848,199.63140622048326,0.15274484650134024,0.009834610811499358
MAIN,0.0,0.05,400,rate,DIFF,COR-500,RA-EST,22.664584291523774,1.0425484205849418,167.4655065348288,0.98,22.962373064027815,1.0566304306985754,171.54831144049746,0.98,22.962373064027815,171.54831144049746,22.628610346166393,166.96946574397995,155.18145015345476,81240.88532239757,0.21358594781562046,0.006446147748665809
MAIN,0.0,0.05,400,rate,DIFF,COR-500,SRSWOR,,,,0.0,1.012969180035153,1.0099426709422437,1.0247391251117723,0.99,1.012969180035153,1.0247391251117723,0.9982508105338447,0.9999542880685485,,,,
MAIN,0.0,0.05,400,rate,DIFF,KS-2000,DEF-0.0,0.9999499999999999,0.9999499999999999,0.9999500000000001,0.0,1.003324253394603,1.0028897869669615,1.0064053609628785,1.0,1.003324253394603,1.0064053609628785,1.0,1.0,50.0,50.0,0.0,0.02
MAIN,0.0,0.05,400,rate,DIFF,KS-2000,DEF-0.25,1.0007662754553974,1.0006169711623918,1.0014384006462682,1.0,1.0041440488476443,1.003579476395818,1.0079557964865908,1.0,1.0041440488476443,1.0079557964865908,1.0008159730297672,1.001488549273605,55.793232775474706,60.1170386138926,0.027242070373987855,0.01792332124301179
MAIN,0.0,0.05,400,rate,DIFF,KS-2000,DEF-0.5,1.003478839885841,1.0028846440775814,1.0063984695513761,1.0,1.006868822236161,1.0057866899277152,1.0129844211639614,1.0,1.006868822236161,1.0129844211639614,1.0035273205719673,1.006449850704921,63.10486123439273,75.3668356208542,0.054477800915384754,0.015846642486023587
MAIN,0.0,0.05,400,rate,DIFF,KS-2000,DEF-0.75,1.0083123188248775,1.0066731992707978,1.0146876525004493,1.0,1.0117243602322887,1.00951986099839,1.0223310664086807,1.0,1.0117243602322887,1.0223310664086807,1.008358533282103,1.0147274709606795,72.62187043341137,100.98311201943616,0.08182389340992409,0.013769963729035382
MAIN,0.0,0.05,400,rate,DIFF,KS-2000,RA-EST,1.0160575412071085,1.012083103917236,1.0288345731605808,1.0,1.019506143857932,1.0149018164980401,1.03607639742103,1.0,1.019506143857932,1.03607639742103,1.0160999354951294,1.0288692553498258,85.51927784130343,152.97909064120472,0.10970254134494495,0.011693284972047174
MAIN,0.0,0.05,400,rate,DIFF,KS-2000,SRSWOR,,,,0.0,1.0033744221157088,1.0029399339636595,1.006455683747066,1.0,1.0033744221157088,1.006455683747066,0.9995113467790137,0.9999886539053774,,,,
MAIN,0.0,0.05,400,rate,DIFF,MIS-G-10000,DEF-0.0,0.9999499999999999,0.9999499999999999,0.9999500000000001,0.0,1.000155882404686,1.0000808145339275,1.0004432532896244,0.78,1.000155882404686,1.0004432532896244,1.0,1.0,50.0,50.0,0.0,0.02
MAIN,0.0,0.05,400,rate,DIFF,MIS-G-10000,DEF-0.25,1.0000061172381751,0.9999851712465901,1.0000863933731226,0.4,1.0002120216439558,1.0001172956477071,1.0005780041031587,0.825,1.0002120216439558,1.0005780041031587,1.000056116153667,1.0001364858899098,51.2000313788517,52.39538456333437,0.005939367740276754,0.019531239344215242
MAIN,0.0,0.05,400,rate,DIFF,MIS-G-10000,DEF-0.5,1.000174947175045,1.0000921524009638,1.000496787242214,0.795,1.0003809179764434,1.000226392082538,1.0009983691031932,0.915,1.0003809179764434,1.0009983691031932,1.0002249355194843,1.0005466798265186,52.459089865081964,55.03183804385228,0.011878652942576898,0.01906247868843048
MAIN,0.0,0.05,400,rate,DIFF,MIS-G-10000,DEF-0.75,1.0004568047547482,1.000271491084851,1.0011807609431742,0.92,1.0006628865136897,1.0004043209791478,1.0016684511923735,0.945,1.0006628865136897,1.0016684511923735,1.0005067730138013,1.001230865301489,53.781641008131835,57.947681006825924,0.017819751381551723,0.01859371803264572
MAIN,0.0,0.05,400,rate,DIFF,MIS-G-10000,RA-EST,1.0008524372252383,1.0005229473046255,1.0021399429589,0.965,1.0010586748994859,1.0006588504641913,1.0026252128417148,0.98,1.0010586748994859,1.0026252128417148,1.0009023758191642,1.002190065256815,55.172612516027236,61.18981067040687,0.023764563625952563,0.018124957376860963
MAIN,0.0,0.05,400,rate,DIFF,MIS-G-10000,SRSWOR,,,,0.0,1.000205892699321,1.0001308210749813,1.000493277953522,1.0,1.000205892699321,1.000493277953522,0.9999140553425544,0.9999988929842668,,,,
MAIN,0.0,0.05,400,rate,DIFF,MIS-G-2000,DEF-0.0,0.9999499999999999,0.9999499999999999,0.9999500000000001,0.0,1.0008317471065613,1.0007115233610624,1.001870315443785,0.97,1.0008317471065613,1.001870315443785,1.0,1.0,50.0,50.0,0.0,0.02
MAIN,0.0,0.05,400,rate,DIFF,MIS-G-2000,DEF-0.25,1.0001821744240804,1.0001248687178559,1.0004360465378819,0.845,1.001064255328386,1.0008842466248926,1.0023740831803545,0.985,1.001064255328386,1.0023740831803545,1.000232011617216,1.0004855883002097,52.73695746663207,54.340826717812405,0.013568737669974823,0.018962034373373925
MAIN,0.0,0.05,400,rate,DIFF,MIS-G-2000,DEF-0.5,1.0008926892261751,1.0006813158759331,1.001928074344895,0.975,1.0017758014422906,1.0014310214030333,1.0039039958795508,0.995,1.0017758014422906,1.0039039958795508,1.0009420550313437,1.0019759526873195,55.79090412764419,59.507020112664584,0.027136462476425427,0.01792406874674785
MAIN,0.0,0.05,400,rate,DIFF,MIS-G-2000,DEF-0.75,1.0020864343564597,1.001622765517654,1.0043939064550944,0.995,1.0029712845474708,1.0023981535320523,1.0064949736051647,0.995,1.0029712845474708,1.0064949736051647,1.0021350161710578,1.0044436879851601,59.22029467013185,65.75871464472635,0.04072541121441568,0.016886103120121773
MAIN,0.0,0.05,400,rate,DIFF,MIS-G-2000,RA-EST,1.0037754894642599,1.0029558167172408,1.0078790689488162,0.995,1.004662807048344,1.0036820936717916,1.010190412106891,0.995,1.004662807048344,1.010190412106891,1.0038229644773151,1.0079279299525565,63.09889762539494,73.47819460773282,0.05435807926786657,0.015848137493495697
MAIN,0.0,0.05,400,rate,DIFF,MIS-G-2000,SRSWOR,,,,0.0,1.000881791196121,1.000761561439134,1.0019204114643583,1.0,1.000881791196121,1.0019204114643583,0.9993816937358811,0.9999931416729637,,,,
MAIN,0.0,0.05,400,rate,DIFF,MIS-I-2000,DEF-0.0,0.9999499999999999,0.9999499999999999,0.9999500000000001,0.0,1.0019114311890887,1.001549640891047,1.0037196804949255,1.0,1.0019114311890887,1.0037196804949255,1.0,1.0,50.0,50.0,0.0,0.02
MAIN,0.0,0.05,400,rate,DIFF,MIS-I-2000,DEF-0.25,1.000489164946773,1.0003906895044996,1.0009730590405135,0.985,1.0024519951204391,1.0020381315782152,1.0047283479170965,1.0,1.0024519951204391,1.0047283479170965,1.000538902835621,1.0010231189808005,53.45540165220539,55.7838384212404,0.02116222683271611,0.018707184107158242
MAIN,0.0,0.05,400,rate,DIFF,MIS-I-2000,DEF-0.5,1.0021552788166694,1.0017033364640242,1.0041847945818343,1.0,1.004122495144474,1.0034563344901233,1.0077678840121782,1.0,1.004122495144474,1.0077678840121782,1.0022041434758153,1.0042324648114789,57.423856748201544,63.08082438006151,0.04241319546381321,0.01741436821431648
MAIN,0.0,0.05,400,rate,DIFF,MIS-I-2000,DEF-0.75,1.0050092077161872,1.0039496166349373,1.0096814151515197,1.0,1.0069839864541004,1.0058378685198899,1.0131988570002797,1.0,1.0069839864541004,1.0131988570002797,1.0050565427578266,1.0097322511581526,62.028796457183965,72.57411732717833,0.06367737868833911,0.016121552321474726
MAIN,0.0,0.05,400,rate,DIFF,MIS-I-2000,RA-EST,1.0091735245727498,1.007193591497229,1.0176692834612664,1.0,1.0111594316437662,1.0090666269813453,1.0215590497257523,1.0,1.0111594316437662,1.0215590497257523,1.009218581886037,1.0177195694070142,67.4366982805553,85.43097691475944,0.08508638807187094,0.014828736428632965
MAIN,0.0,0.05,400,rate,DIFF,MIS-I-2000,SRSWOR,,,,0.0,1.0019615292655522,1.001599720877091,1.0037698689883752,1.0,1.0019615292655522,1.0037698689883752,0.9995203802310043,0.9999953427291539,,,,
MAIN,0.0,0.05,400,rate,EXP,COR-2000,ST-NEY-EST,,,,0.0,1.0185457682310954,1.0086046743594288,1.062503921381949,1.0,1.0185457682310954,1.062503921381949,1.0153987513640912,1.0587475761487264,,,,
MAIN,0.0,0.05,400,rate,HT,COR-10000,DEF-0.0,0.9999499999999999,0.9999499999999999,0.9999499999999999,0.0,0.9999499999999999,0.9999499999999999,0.9999499999999999,0.0,0.9999499999999999,0.9999499999999999,1.0,1.0,50.0,50.0,0.0,0.02
MAIN,0.0,0.05,400,rate,HT,COR-10000,DEF-0.25,1.0001169055598575,1.0000922604645008,1.0002513410516043,0.895,1.0001169055598575,1.0000922604645008,1.0002513410516043,0.895,1.0001169055598575,1.0002513410516043,1.000158718672487,1.0002865590273287,52.66984742102711,55.14627453642269,0.011514014018421788,0.018986195179826533
MAIN,0.0,0.05,400,rate,HT,COR-10000,DEF-0.5,1.0006216395972316,1.0005257566527006,1.001173729674818,1.0,1.0006216395972316,1.0005257566527006,1.001173729674818,1.0,1.0006216395972316,1.001173729674818,1.0006386911884346,1.0011637001208078,55.64090220584262,61.473463044190325,0.0231636634794024,0.01797239035965307
MAIN,0.0,0.05,400,rate,HT,COR-10000,DEF-0.75,1.0014751399000439,1.0012562442777497,1.0027351886485492,1.0,1.0014751399000439,1.0012562442777497,1.0027351886485492,1.0,1.0014751399000439,1.0027351886485492,1.0014503084720952,1.0026483978992444,58.96718414861351,69.44072398319783,0.034890032244390703,0.016958585539479605
MAIN,0.0,0.05,400,rate,HT,COR-10000,RA-EST,1.0026964652371273,1.0023014398016317,1.0050793708011931,1.0,1.0026964652371273,1.0023014398016317,1.0050793708011931,1.0,1.0026964652371273,1.0050793708011931,1.0026116763967414,1.0048772911995894,62.716451911060204,79.78069921236869,0.04680950233389537,0.015944780719306138
MAIN,0.0,0.05,400,rate,HT,COR-2000,DEF-0.0,0.9999499999999999,0.9999499999999999,0.9999499999999999,0.0,0.9999499999999999,0.9999499999999999,0.9999499999999999,0.0,0.9999499999999999,0.9999499999999999,1.0,1.0,50.0,50.0,0.0,0.02
MAIN,0.0,0.05,400,rate,HT,COR-2000,DEF-0.25,1.0007377679223928,1.0006033046046823,1.0013774578552015,1.0,1.0007377679223928,1.0006033046046823,1.0013774578552015,1.0,1.0007377679223928,1.0013774578552015,1.000749129362542,1.0013573821340112,55.38136218748218,59.98012292351252,0.02467435085873082,0.018056616374654718
MAIN,0.0,0.05,400,rate,HT,COR-2000,DEF-0.5,1.0031413700264742,1.0025467709663998,1.0057534861021178,1.0,1.0031413700264742,1.0025467709663998,1.0057534861021178,1.0,1.0031413700264742,1.0057534861021178,1.0030348010631545,1.0055184698140178,62.060796392937334,74.93804937978871,0.04919409891654532,0.016113232749309436
MAIN,0.0,0.05,400,rate,HT,COR-2000,DEF-0.75,1.0073307469333013,1.0057479423240114,1.013806215469166,1.0,1.0073307469333013,1.0057479423240114,1.013806215469166,1.0,1.0073307469333013,1.013806215469166,1.007018459270799,1.013174746737327,70.57239330945998,99.83553463341069,0.07350384705863758,0.014169849123964155
MAIN,0.0,0.05,400,rate,HT,COR-2000,RA-EST,1.0137376952663217,1.01051405968209,1.0261248551408286,1.0,1.0137376952663217,1.01051405968209,1.0261248551408286,1.0,1.0137376952663217,1.0261248551408286,1.013110311743237,1.0248910149463597,81.78981859722673,149.51104318788802,0.09921292350689084,0.012226465498618874
MAIN,0.0,0.05,400,rate,HT,COR-500,DEF-0.0,0.9999499999999999,0.9999499999999999,0.9999499999999999,0.0,0.9999499999999999,0.9999499999999999,0.9999499999999999,0.0,0.9999499999999999,0.9999499999999999,1.0,1.0,50.0,50.0,0.0,0.02
MAIN,0.0,0.05,400,rate,HT,COR-500,DEF-0.25,1.0041620097367039,1.0030620519170084,1.0103733013164975,0.98,1.0041620097367039,1.0030620519170084,1.0103733013164975,0.98,1.0041620097367039,1.0103733013164975,1.0040053099435708,1.0099100305319597,60.343711766484454,66.65339117590624,0.05385491737606485,0.016571767858729963
MAIN,0.0,0.05,400,rate,HT,COR-500,DEF-0.5,1.018871465907984,1.0123522077023357,1.0571824781046006,0.98,1.018871465907984,1.0123522077023357,1.0571824781046006,0.98,1.018871465907984,1.0571824781046006,1.0179910016810625,1.0544002794520964,76.08398774054902,99.94028407436423,0.10751329678459992,0.013143535717459924
MAIN,0.0,0.05,400,rate,HT,COR-500,DEF-0.75,1.0576958241009837,1.0281255671380531,1.2469007435647246,0.98,1.0576958241009837,1.0281255671380531,1.2469007435647246,0.98,1.0576958241009837,1.2469007435647246,1.054893676940245,1.2346677676616025,102.9357368755989,199.64213185544602,0.16205332553737278,0.009715303576189887
MAIN,0.0,0.05,400,rate,HT,COR-500,RA-EST,23.608450184880553,1.0542992076046886,175.02926610913934,0.98,23.608450184880553,1.0542992076046886,175.02926610913934,0.98,23.608450184880553,175.02926610913934,22.478137712921583,166.32803040798228,159.09163898146107,83679.89779042955,0.22502342975956097,0.006287071434919849
MAIN,0.0,0.05,400,rate,HT,KS-2000,DEF-0.0,0.9999499999999999,0.9999499999999999,0.9999499999999999,0.0,0.9999499999999999,0.9999499999999999,0.9999499999999999,0.0,0.9999499999999999,0.9999499999999999,1.0,1.0,50.0,50.0,0.0,0.02
MAIN,0.0,0.05,400,rate,HT,KS-2000,DEF-0.25,1.0010092593562887,1.0008378916678766,1.0019891892869288,1.0,1.0010092593562887,1.0008378916678766,1.0019891892869288,1.0,1.0010092593562887,1.0019891892869288,1.0010073097886674,1.0019390768379155,55.95611035200203,60.26519928332097,0.0287659075455884,0.017871150935242906
MAIN,0.0,0.05,400,rate,HT,KS-2000,DEF-0.5,1.0042304903736448,1.0034954768384758,1.0080707559725446,1.0,1.0042304903736448,1.0034954768384758,1.0080707559725446,1.0,1.0042304903736448,1.0080707559725446,1.0040705198030209,1.007722965009728,63.52314242368179,75.83428701215702,0.05748406495194286,0.015742301870485816
MAIN,0.0,0.05,400,rate,HT,KS-2000,DEF-0.75,1.00986001001417,1.0078963100840699,1.0189422508201211,1.0,1.00986001001417,1.0078963100840699,1.0189422508201211,1.0,1.00986001001417,1.0189422508201211,1.0094236321993029,1.0180608651488015,73.45685696929291,102.24982872559269,0.0860549298909053,0.01361345280572872
MAIN,0.0,0.05,400,rate,HT,KS-2000,RA-EST,1.0187746579421377,1.0142482389097929,1.0347373207332855,1.0,1.0187746579421377,1.0142482389097929,1.0347373207332855,1.0,1.0187746579421377,1.0347373207332855,1.0178996463969463,1.0330805059260024,87.07341224700622,156.90507473496484,0.1154293229470986,0.011484603740971626
MAIN,0.0,0.05,400,rate,HT,MIS-G-10000,DEF-0.0,0.9999499999999999,0.9999499999999999,0.9999499999999999,0.0,0.9999499999999999,0.9999499999999999,0.9999499999999999,0.0,0.9999499999999999,0.9999499999999999,1.0,1.0,50.0,50.0,0.0,0.02
MAIN,0.0,0.05,400,rate,HT,MIS-G-10000,DEF-0.25,1.0000159607036587,0.9999922376058692,1.0001092876984217,0.435,1.0000159607036587,0.9999922376058692,1.0001092876984217,0.435,1.0000159607036587,1.0001092876984217,1.0000627255113943,1.0001514751240845,51.25978520554379,52.49322940307333,0.006273963157642757,0.019508471974760792
MAIN,0.0,0.05,400,rate,HT,MIS-G-10000,DEF-0.5,1.0002137914639955,1.0001189507200694,1.000586930939927,0.825,1.0002137914639955,1.0001189507200694,1.000586930939927,0.825,1.0002137914639955,1.000586930939927,1.0002508532642838,1.0006056916407926,52.58470301647983,55.24816539370612,0.012547937082024,0.019016943949521588
MAIN,0.0,0.05,400,rate,HT,MIS-G-10000,DEF-0.75,1.000543832948743,1.0003302293420844,1.0013838824341084,0.94,1.000543832948743,1.0003302293420844,1.0013838824341084,0.94,1.000543832948743,1.0013838824341084,1.000564706898458,1.0013635546408166,53.9799394310338,58.30829796057448,0.01882413647965643,0.018525415924282376
MAIN,0.0,0.05,400,rate,HT,MIS-G-10000,RA-EST,1.001006988006447,1.000626283304249,1.0025028193301881,0.975,1.001006988006447,1.000626283304249,1.0025028193301881,0.975,1.001006988006447,1.0025028193301881,1.0010051441291068,1.0024276074435512,55.45124610951626,61.727318772197336,0.02510478292262551,0.01803388789904317
MAIN,0.0,0.05,400,rate,HT,MIS-G-2000,DEF-0.0,0.9999499999999999,0.9999499999999999,0.9999499999999999,0.0,0.9999499999999999,0.9999499999999999,0.9999499999999999,0.0,0.9999499999999999,0.9999499999999999,1.0,1.0,50.0,50.0,0.0,0.02
MAIN,0.0,0.05,400,rate,HT,MIS-G-2000,DEF-0.25,1.0002294305114958,1.0001692812407517,1.0005505652980011,0.86,1.0002294305114958,1.0001692812407517,1.0005505652980011,0.86,1.0002294305114958,1.0005505652980011,1.0002657259034167,1.000571111087442,52.85452676861608,54.497564565378305,0.01429523125931137,0.018919855683878675
MAIN,0.0,0.05,400,rate,HT,MIS-G-2000,DEF-0.5,1.0010668079372245,1.0008268550290544,1.0023503896102437,0.985,1.0010668079372245,1.0008268550290544,1.0023503896102437,0.985,1.0010668079372245,1.0023503896102437,1.0010620352398905,1.0022826664261122,56.0547232814575,59.8842311434495,0.028586062825108897,0.017839711367757353
MAIN,0.0,0.05,400,rate,HT,MIS-G-2000,DEF-0.75,1.0024674440953312,1.0019247132020905,1.0053648329902074,0.995,1.0024674440953312,1.0019247132020905,1.0053648329902074,0.995,1.0024674440953312,1.0053648329902074,1.0023939743253034,1.0051492583038888,59.66742526371325,66.45256189519458,0.04289850824026607,0.016759567051636025
MAIN,0.0,0.05,400,rate,HT,MIS-G-2000,RA-EST,1.0044458620229892,1.0034680815066501,1.0096336683406955,0.995,1.0044458620229892,1.0034680815066501,1.0096336683406955,0.995,1.0044458620229892,1.0096336683406955,1.0042753401927484,1.0092086732418961,63.777885995075195,74.63929126157498,0.057258845004250936,0.015679422735514703
MAIN,0.0,0.05,400,rate,HT,MIS-I-2000,DEF-0.0,0.9999499999999999,0.9999499999999999,0.9999499999999999,0.0,0.9999499999999999,0.9999499999999999,0.9999499999999999,0.0,0.9999499999999999,0.9999499999999999,1.0,1.0,50.0,50.0,0.0,0.02
MAIN,0.0,0.05,400,rate,HT,MIS-I-2000,DEF-0.25,1.0005930003570858,1.0004884296701595,1.0011500330603653,0.99,1.0005930003570858,1.0004884296701595,1.0011500330603653,0.99,1.0005930003570858,1.0011500330603653,1.0006114617698845,1.0011411369332217,53.60936242723609,55.944261491264335,0.022399886712872796,0.018653458285400028
MAIN,0.0,0.05,400,rate,HT,MIS-I-2000,DEF-0.5,1.0025404095723889,1.0021048199862692,1.0048918785704108,1.0,1.0025404095723889,1.0021048199862692,1.0048918785704108,1.0,1.0025404095723889,1.0048918785704108,1.002463334941742,1.0046989271853604,57.78036905629022,63.49259300488891,0.04480992428169883,0.01730691657080006
MAIN,0.0,0.05,400,rate,HT,MIS-I-2000,DEF-0.75,1.0058604894175305,1.0048210822972372,1.0112450959486239,1.0,1.0058604894175305,1.0048210822972372,1.0112450959486239,1.0,1.0058604894175305,1.0112450959486239,1.0056204685747756,1.0107406678544928,62.655174431395594,73.39555676860262,0.06737242828163996,0.01596037485620009
MAIN,0.0,0.05,400,rate,HT,MIS-I-2000,RA-EST,1.010696446283777,1.00864456157751,1.0206832204898413,1.0,1.010696446283777,1.00864456157751,1.0206832204898413,1.0,1.010696446283777,1.0206832204898413,1.0102189093678997,1.0197161822362109,68.42832677976304,86.9585082187008,0.09001163854438787,0.014613833141600117
MAIN,0.0,0.25,100,dollars,DIFF,COR-10000,DEF-0.0,0.99995,0.99995,0.9999500000000002,0.0,3.768889413183095,3.7680546034237343,3.7723221989199187,1.0,0.8048576303156462,0.805590711998504,1.0,1.0,200.0,200.0,0.0,0.005
MAIN,0.0,0.25,100,dollars,DIFF,COR-10000,DEF-0.25,0.4513852594515145,0.45144607709321194,0.45284383641815734,0.0,1.7013053867833645,1.7008395022924718,1.7069953892160352,1.0,0.36331886450688505,0.36453398158048,0.4514644446252548,0.45290199537674786,266.37730555062046,266.3978048454906,0.27628713056327636,0.0037540735609325566
MAIN,0.0,0.25,100,dollars,DIFF,COR-10000,DEF-0.5,0.33798347115603666,0.3380427271204626,0.33890348584775076,0.0,1.2738853631552391,1.2736417802771425,1.2776086570358594,1.0,0.2720420373960977,0.2728371579637754,0.3380675750473579,0.3390151864277458,398.7006947410295,398.7925565710644,0.5176277989128204,0.002508147121865114
MAIN,0.0,0.25,100,dollars,DIFF,COR-10000,DEF-0.75,0.2863927318495955,0.28646120361494276,0.28692118686055984,0.0,1.0794359714406796,1.0792956705715373,1.081671117913711,1.0,0.23051678699096034,0.23099410921946611,0.2864784771488521,0.2870100218701864,792.2544873741928,792.7988145565665,0.8338646310652515,0.0012622206827976705
MAIN,0.0,0.25,100,dollars,DIFF,COR-10000,RA-EST,0.2655014977620884,0.2655508401281646,0.2656084948442673,0.0,1.0006954580094718,1.0005885365592637,1.0013622324754914,1.0,0.21370151434634466,0.21384390603202225,0.2655873519150162,0.26566839383109775,61371.36821206779,66055.70734225902,1.7777819775559063,1.629424373022722e-05
MAIN,0.0,0.25,100,dollars,DIFF,COR-10000,SRSWOR,,,,0.0,3.7690778670764487,3.7682430155745132,3.772510824461142,1.0,0.8048978752094067,0.8056309935481815,0.9999437947619734,0.9999982504024159,,,,
MAIN,0.0,0.25,100,dollars,DIFF,COR-2000,DEF-0.0,0.99995,0.99995,0.9999500000000001,0.0,3.7848716791744152,3.779309333970917,3.807335653472438,1.0,0.8082706911202041,0.8130679401606602,1.0,1.0,200.0,200.0,0.0,0.005
MAIN,0.0,0.25,100,dollars,DIFF,COR-2000,DEF-0.25,0.4510555885193004,0.45116985164395884,0.454647083297409,0.0,1.707253678772599,1.7052939647736205,1.7224084339558863,1.0,0.3645891400894306,0.3678254834807143,0.45128097715435894,0.45487446959361105,266.3780738414471,266.4209248078459,0.27660190678344554,0.003754062733437884
MAIN,0.0,0.25,100,dollars,DIFF,COR-2000,DEF-0.5,0.3376266321572616,0.3379086550217554,0.3398494204620343,0.0,1.2779198608035467,1.2766114519993963,1.2877553980486078,1.0,0.27290361646110617,0.2750040249189005,0.33788539718390753,0.34024467104965955,398.70413714326924,398.8961960259892,0.5181747480034886,0.0025081254668757685
MAIN,0.0,0.25,100,dollars,DIFF,COR-2000,DEF-0.75,0.2860341963501202,0.2863459095729912,0.287356893274029,0.0,1.082641013571033,1.081697071792123,1.0884865366019842,1.0,0.23120123334406234,0.232449562307547,0.28630676196062876,0.2875723979787925,792.274876914364,793.413527196598,0.8348397648355734,0.0012621882003136528
MAIN,0.0,0.25,100,dollars,DIFF,COR-2000,RA-EST,0.2651688340946607,0.26549515417548514,0.26579331648655047,0.0,1.0036668081691298,1.0029786047771476,1.007571351709684,1.0,0.2143360550786822,0.215169882054481,0.2654458035573511,0.26597503326611055,61535.616097103484,72276.97253620958,1.7823764709066863,1.625093375153695e-05
MAIN,0.0,0.25,100,dollars,DIFF,COR-2000,SRSWOR,,,,0.0,3.7850609322210267,3.7794983088863616,3.8075260297739266,1.0,0.8083111066755378,0.8131085955904398,0.9996730279413174,0.9999940386330944,,,,
MAIN,0.0,0.25,100,dollars,DIFF,COR-500,DEF-0.0,0.99995,0.99995,0.9999500000000001,0.0,3.8450463873592273,3.8201316494657,3.915781107342891,1.0,0.8211211804089464,0.8362267918678428,1.0,1.0,200.0,200.0,0.0,0.005
MAIN,0.0,0.25,100,dollars,DIFF,COR-500,DEF-0.25,0.4500187477347504,0.4519076015718856,0.457641251221852,0.0,1.7300041085726008,1.723619053705988,1.764302044639676,1.0,0.3694475625609,0.37677198960593483,0.45076281842702093,0.4580871093164599,266.37835375616146,266.4728114013132,0.27612910823829917,0.0037540587885725564
MAIN,0.0,0.25,100,dollars,DIFF,COR-500,DEF-0.5,0.3364726168104615,0.3382554044116691,0.34192844193440575,0.0,1.29343081205474,1.2901829415502086,1.3162980195850102,1.0,0.2762160265902836,0.2810993872960585,0.33734860387515764,0.34241821003734707,398.70539130481177,399.1289177896467,0.5173282634976286,0.002508117577145113
MAIN,0.0,0.25,100,dollars,DIFF,COR-500,DEF-0.75,0.28486204603689463,0.28630152680742144,0.28884969554555595,0.0,1.095012484281858,1.09182662656806,1.1101519285777748,1.0,0.23384319799418044,0.23707627169957635,0.28579328038832075,0.28914880383848135,792.2823049649917,794.796171632903,0.8333132966595318,0.0012621763657176695
MAIN,0.0,0.25,100,dollars,DIFF,COR-500,RA-EST,0.2641001549547162,0.26538527555808406,0.2669516754951695,0.0,1.0152284794341293,1.01186861082868,1.0283372834457005,1.0,0.2168050846300101,0.21960450901644088,0.26504955114044515,0.2673882421249443,61594.93400990912,91640.12297858385,1.7749741280408151,1.6235154290226177e-05
MAIN,0.0,0.25,100,dollars,DIFF,COR-500,SRSWOR,,,,0.0,3.8452386492916926,3.8203226655989795,3.9159769061882006,1.0,0.8211622385208724,0.8362686052981078,0.9987261205836464,0.999979577392166,,,,
MAIN,0.0,0.25,100,dollars,DIFF,KS-2000,DEF-0.0,0.99995,0.99995,0.9999500000000002,0.0,3.784402288805154,3.7810377654630587,3.8027810956913917,1.0,0.8081704513999897,0.812095300695579,1.0,1.0,200.0,200.0,0.0,0.005
MAIN,0.0,0.25,100,dollars,DIFF,KS-2000,DEF-0.25,0.45120867867809894,0.4514156985103268,0.45473813839564897,0.0,1.7076272090468343,1.7043350861788285,1.7241096875422277,1.0,0.36466890859904,0.36818879128308163,0.4514052862955007,0.4549235736241852,266.37244454310303,266.42247474478285,0.27637553697931305,0.0037541420687279316
MAIN,0.0,0.25,100,dollars,DIFF,KS-2000,DEF-0.5,0.337763792195662,0.3380664481305701,0.3399924761658771,0.0,1.2782864902234217,1.276671910439382,1.2889441300237603,1.0,0.27298191127258364,0.2752578821950666,0.3379882139286152,0.34027433410963226,398.67891565761016,398.90314517470404,0.5177688662714695,0.002508284137455863
MAIN,0.0,0.25,100,dollars,DIFF,KS-2000,DEF-0.75,0.2861592412320842,0.2865064760259345,0.2874078497645463,0.0,1.08298601550428,1.0819397428479198,1.0895779619964514,1.0,0.23127490954094843,0.23268263947176,0.28639507682839443,0.2876687736645777,792.1255086679769,793.454766901159,0.834116293916989,0.0012624262061837945
MAIN,0.0,0.25,100,dollars,DIFF,KS-2000,RA-EST,0.2652826341271717,0.26550744103276225,0.2658293036543818,0.0,1.0039791247797307,1.0034588178626285,1.0075136960197066,1.0,0.21440275122695263,0.21515756950908052,0.2655220266050536,0.26597692809563384,60356.76803326863,72735.81525039116,1.778873727322177,1.6568274911726167e-05
MAIN,0.0,0.25,100,dollars,DIFF,KS-2000,SRSWOR,,,,0.0,3.7845915183810734,3.7812268268043994,3.802971244253604,1.0,0.8082108619430868,0.8121359074909535,0.9997258782664656,0.999993386370739,,,,
MAIN,0.0,0.25,100,dollars,DIFF,MIS-G-10000,DEF-0.0,0.99995,0.99995,0.9999500000000001,0.0,3.767684314856262,3.766872632962958,3.7712991683741226,1.0,0.8046002779560255,0.8053722407592181,1.0,1.0,200.0,200.0,0.0,0.005
MAIN,0.0,0.25,100,dollars,DIFF,MIS-G-10000,DEF-0.25,0.45138042532569145,0.45147343904157117,0.45288722966777084,0.0,1.7007437694431682,1.7001133660123595,1.7067415480595016,1.0,0.3631989294406045,0.36447977304068846,0.4514591615102663,0.4529605271614005,266.37735889794635,266.38964301385266,0.2762611175975186,0.0037540728091051143
MAIN,0.0,0.25,100,dollars,DIFF,MIS-G-10000,DEF-0.5,0.3379703812581558,0.33805631440334416,0.33892345952894454,0.0,1.2734291118480987,1.2731509967430665,1.2772587649513232,1.0,0.27194460356197964,0.2727624374604248,0.338053924728203,0.33900547378612955,398.70093376544696,398.75597823835693,0.5175814028201761,0.0025081456182102294
MAIN,0.0,0.25,100,dollars,DIFF,MIS-G-10000,DEF-0.75,0.28637242221815257,0.28646338220178846,0.2869031712500644,0.0,1.0790145420030406,1.0788041780116138,1.0812657277092925,1.0,0.2304267894714425,0.23090753692627541,0.2864575418671341,0.286990138209951,792.255903067517,792.5820101364537,0.8337821281434393,0.001262218427315344
MAIN,0.0,0.25,100,dollars,DIFF,MIS-G-10000,RA-EST,0.26546751688210024,0.2655210707213059,0.2655790147217871,0.0,1.0002474848018403,1.0001955731476453,1.0005420506229217,1.0,0.21360584832518792,0.21366875373915362,0.26555270266139713,0.2656328475362866,61382.695995101625,64107.559840502545,1.7775381216414678,1.629123642045864e-05
MAIN,0.0,0.25,100,dollars,DIFF,MIS-G-10000,SRSWOR,,,,0.0,3.7678727084916868,3.7670609860122584,3.77148774276126,1.0,0.8046405099815246,0.8054125113847872,0.9999445684013746,0.9999983163274454,,,,
MAIN,0.0,0.25,100,dollars,DIFF,MIS-G-2000,DEF-0.0,0.99995,0.99995,0.9999500000000002,0.0,3.775739110128985,3.7717408048430725,3.7892322872019375,1.0,0.8063204036283801,0.8092019120341132,1.0,1.0,200.0,200.0,0.0,0.005
MAIN,0.0,0.25,100,dollars,DIFF,MIS-G-2000,DEF-0.25,0.45122699421332696,0.45168231982429247,0.45383972414277074,0.0,1.7037899128866194,1.702708772300464,1.7155051735993514,1.0,0.36384944250286677,0.36635127154109687,0.45141543473070145,0.45409963251124513,266.3769570551648,266.40184523645553,0.2760049293688661,0.003754078472311926
MAIN,0.0,0.25,100,dollars,DIFF,MIS-G-2000,DEF-0.5,0.33774934910459625,0.3381285672727504,0.339449075096197,0.0,1.2753072273090873,1.274698435086728,1.2826316450905606,1.0,0.2723456807477688,0.2739098321177767,0.33796406135153645,0.33961825103976423,398.6991333019291,398.8106657730535,0.5170997963758264,0.0025081569446238523
MAIN,0.0,0.25,100,dollars,DIFF,MIS-G-2000,DEF-0.75,0.28610916499851163,0.2864003794800472,0.28717568394566184,0.0,1.0803183792474642,1.0799020330054763,1.0846855621702092,1.0,0.2307052278228554,0.23163785282534566,0.286334682226,0.28732104529041086,792.2452393924531,792.9061792586233,0.8328905372054181,0.0012622354169357784
MAIN,0.0,0.25,100,dollars,DIFF,MIS-G-2000,RA-EST,0.26515670817446957,0.2654159829485898,0.26562053506136335,0.0,1.001204566162242,1.0007408558259145,1.0030552452128878,1.0,0.21381023591826975,0.2142054539763978,0.2653856283110655,0.26573189519694995,61297.50070624291,67064.52548114065,1.7731898182569288,1.63138892477044e-05
MAIN,0.0,0.25,100,dollars,DIFF,MIS-G-2000,SRSWOR,,,,0.0,3.775927906524311,3.771929401313138,3.7894217582898526,1.0,0.8063607216644633,0.809242374152821,0.9997413366127847,0.9999943071799887,,,,
MAIN,0.0,0.25,100,dollars,DIFF,MIS-I-2000,DEF-0.0,0.99995,0.99995,0.9999500000000002,0.0,3.779969275064186,3.7755826742619463,3.798162482003968,1.0,0.8072237680289596,0.8111089818997023,1.0,1.0,200.0,200.0,0.0,0.005
MAIN,0.0,0.25,100,dollars,DIFF,MIS-I-2000,DEF-0.25,0.4515720116467009,0.45180657141524694,0.45459276249562836,0.0,1.707013356955519,1.7039761866349505,1.721923900609886,1.0,0.3645378186450997,0.36772200993243076,0.4517817282569394,0.4548513094835118,266.3754109401989,266.3997947275849,0.27598985785023,0.003754100262003639
MAIN,0.0,0.25,100,dollars,DIFF,MIS-I-2000,DEF-0.5,0.33797167813645723,0.33826284204349233,0.3398323443380482,0.0,1.2775825231196434,1.2757343204390337,1.2872748273509622,1.0,0.2728315769876388,0.2749013976060499,0.3382120082367346,0.34016084704638977,398.6922060041686,398.80147516901565,0.5171378394462594,0.002508200524007279
MAIN,0.0,0.25,100,dollars,DIFF,MIS-I-2000,DEF-0.75,0.2862441480672245,0.28651078534514096,0.2873173312826812,0.0,1.0820418105914786,1.0808888006936463,1.087994216568071,1.0,0.23107327175184497,0.23234442588872117,0.28649719107465466,0.2875541463685444,792.2042125265702,792.8516881610158,0.8329598599317856,0.0012623007860109179
MAIN,0.0,0.25,100,dollars,DIFF,MIS-I-2000,RA-EST,0.2651859545881702,0.26548950200515953,0.26574217210390455,0.0,1.0024353575797207,1.0020206815263473,1.004698399516832,1.0,0.21407307511440524,0.21455635450287364,0.2654431695304211,0.26584449947455635,60971.81198791257,66548.72251416734,1.7736523249450318,1.6401048014557114e-05
MAIN,0.0,0.25,100,dollars,DIFF,MIS-I-2000,SRSWOR,,,,0.0,3.7801582829783356,3.7757714628350882,3.7983523996239485,1.0,0.8072641312355212,0.8111495393766711,0.9997014908137171,0.9999966207031316,,,,
MAIN,0.0,0.25,100,dollars,EXP,COR-2000,ST-NEY-EST,,,,0.0,1.20863514716532,1.2013412944867765,1.2387962968092525,1.0,0.25810765820324255,0.2645486621088225,0.3192225004417779,0.32628785998913373,,,,
MAIN,0.0,0.25,100,dollars,HT,COR-10000,DEF-0.0,0.9999499999999999,0.9999499999999999,0.9999499999999999,0.0,4.6824442320742365,4.6824442320742365,4.6824442320742365,1.0,0.9999499999999999,0.9999499999999999,1.0,1.0,200.0,200.0,0.0,0.005
MAIN,0.0,0.25,100,dollars,HT,COR-10000,DEF-0.25,0.4123462850455313,0.4123648560737664,0.41464945730843183,0.0,1.930885028280101,1.9309719904322518,1.9416700432087395,1.0,0.4123462850455313,0.41464945730843183,0.4515476699037921,0.45370079492014037,266.3774043408557,266.4064949290947,0.2763143283259982,0.003754072168675523
MAIN,0.0,0.25,100,dollars,HT,COR-10000,DEF-0.5,0.2910902174019534,0.2910837681574457,0.29259349688694175,0.0,1.3630818635801913,1.363051663842458,1.3701212379025867,1.0,0.2910902174019534,0.29259349688694175,0.3381665449353082,0.3395745516092338,398.7011373741101,398.83150724756223,0.5176788454176457,0.0025081443373510467
MAIN,0.0,0.25,100,dollars,HT,COR-10000,DEF-0.75,0.2359753388800149,0.23596233424670504,0.2368445512580608,0.0,1.104996614281203,1.1049357177661454,1.1090668562793318,1.0,0.2359753388800149,0.2368445512580608,0.2865887183071259,0.287404386100562,792.2571090047054,793.0297668327007,0.8339615237324335,0.00126221650602657
MAIN,0.0,0.25,100,dollars,HT,COR-10000,RA-EST,0.21366581733661313,0.21364952281944086,0.21377450149620866,0.0,1.0005283003942713,1.0004519984112243,1.0010372333571353,1.0,0.21366581733661313,0.21377450149620866,0.26572288298592955,0.26582465994333787,61392.350597796496,68264.28857406347,1.7780704194517574,1.6288674702093393e-05
MAIN,0.0,0.25,100,dollars,HT,COR-2000,DEF-0.0,0.9999499999999999,0.9999499999999999,0.9999499999999999,0.0,4.6824442320742365,4.6824442320742365,4.6824442320742365,1.0,0.9999499999999999,0.9999499999999999,1.0,1.0,200.0,200.0,0.0,0.005
MAIN,0.0,0.25,100,dollars,HT,COR-2000,DEF-0.25,0.4125833017617063,0.41222217057029314,0.4184679059679295,0.0,1.9319949013293125,1.930303840111997,1.9595506101382225,1.0,0.4125833017617063,0.4184679059679295,0.4517686885682871,0.4572694304824504,266.3787038899078,266.43372570821316,0.27685238059562284,0.0037540538542794708
MAIN,0.0,0.25,100,dollars,HT,COR-2000,DEF-0.5,0.29138742075234797,0.2911203065897954,0.29521624778125927,0.0,1.3644735712793843,1.3632227615691492,1.3824027367747949,1.0,0.29138742075234797,0.29521624778125927,0.3384440838456243,0.3420318451864833,398.70696019513264,398.95359389344407,0.5185703439898883,0.002508107708558942
MAIN,0.0,0.25,100,dollars,HT,COR-2000,DEF-0.75,0.23632516011212168,0.23615049701480212,0.23855603100316158,0.0,1.1066347145967546,1.1058168234895989,1.1170811654555495,1.0,0.23632516011212168,0.23855603100316158,0.28691615120435865,0.289009537953354,792.2915990308969,793.754242688206,0.8354624427795629,0.0012621615628384125
MAIN,0.0,0.25,100,dollars,HT,COR-2000,RA-EST,0.21415153789447086,0.21403591264993233,0.21481479932893396,0.0,1.0028027735424696,1.0022613377113063,1.005908613512627,1.0,0.21415153789447086,0.21481479932893396,0.2661783344103824,0.2667991903171761,61671.603115181526,76255.34631855747,1.7850688190160626,1.6215417117883358e-05
MAIN,0.0,0.25,100,dollars,HT,COR-500,DEF-0.0,0.9999499999999999,0.9999499999999999,0.9999499999999999,0.0,4.6824442320742365,4.6824442320742365,4.6824442320742365,1.0,0.9999499999999999,0.9999499999999999,1.0,1.0,200.0,200.0,0.0,0.005
MAIN,0.0,0.25,100,dollars,HT,COR-500,DEF-0.25,0.4136491392215516,0.4139618440242302,0.42450028238189197,0.0,1.9369858753441946,1.9384501713586393,1.9877982886674082,1.0,0.4136491392215516,0.42450028238189197,0.4527629907748002,0.46290779664293613,266.38119893400096,266.4962224859566,0.27612921806082,0.003754018692022424
MAIN,0.0,0.25,100,dollars,HT,COR-500,DEF-0.5,0.2926355298787804,0.2925697929518948,0.29998154537868377,0.0,1.370318064884127,1.3700102399987533,1.404717092741771,1.0,0.2926355298787804,0.29998154537868377,0.33960984208751066,0.3464913476714782,398.71813967997394,399.2339804384068,0.5173198488328301,0.002508037384044848
MAIN,0.0,0.25,100,dollars,HT,COR-500,DEF-0.75,0.2377446925912294,0.23747075270886217,0.24209191884259135,0.0,1.113281928626496,1.1119991562657525,1.1336385909458235,1.0,0.2377446925912294,0.24209191884259135,0.288244507286342,0.29232363353853796,792.3578191883659,795.4214194831483,0.833288411974425,0.001262056076067272
MAIN,0.0,0.25,100,dollars,HT,COR-500,RA-EST,0.2160817502911293,0.21537916392652978,0.2183322486348315,0.0,1.0118413373740727,1.0085513514043212,1.0223796972808288,1.0,0.2160817502911293,0.2183322486348315,0.26798702084312326,0.2701016590412766,62209.38156998004,104238.65048328607,1.7755472585668968,1.6074768089695832e-05
MAIN,0.0,0.25,100,dollars,HT,KS-2000,DEF-0.0,0.9999499999999999,0.9999499999999999,0.9999499999999999,0.0,4.6824442320742365,4.6824442320742365,4.6824442320742365,1.0,0.9999499999999999,0.9999499999999999,1.0,1.0,200.0,200.0,0.0,0.005
MAIN,0.0,0.25,100,dollars,HT,KS-2000,DEF-0.25,0.41273317170512386,0.4125841314149869,0.41860826442643007,0.0,1.9326966940710661,1.9319987863287809,1.9602078636553273,1.0,0.41273317170512386,0.41860826442643007,0.45190876905546573,0.45740122318342913,266.3702012430774,266.43576573223373,0.27646296562944206,0.003754173685245367
MAIN,0.0,0.25,100,dollars,HT,KS-2000,DEF-0.5,0.29149795152472957,0.2913382173801409,0.2952620878020399,0.0,1.3649911513359922,1.3642431677128166,1.382617390848401,1.0,0.29149795152472957,0.2952620878020399,0.33854760480024093,0.3420727386848175,398.66886545511386,398.9627420827276,0.5179634305841432,0.0025083473704907346
MAIN,0.0,0.25,100,dollars,HT,KS-2000,DEF-0.75,0.23640863304591853,0.23629133933886215,0.23868385620884686,0.0,1.107025591497991,1.106476342793491,1.1176797297808405,1.0,0.23640863304591853,0.23868385620884686,0.2869944004345861,0.28912817380000433,792.0660005324733,793.8085632402879,0.834445590912881,0.0012625210557361015
MAIN,0.0,0.25,100,dollars,HT,KS-2000,RA-EST,0.21420483613414654,0.2141206236657845,0.21473414738150906,0.0,1.0030523520563441,1.0026580121525985,1.0055309463832454,1.0,0.21420483613414654,0.21473414738150906,0.2662282350419186,0.26672440419332694,59901.054283017125,76926.81829502499,1.7800213686296495,1.669474098146873e-05
MAIN,0.0,0.25,100,dollars,HT,MIS-G-10000,DEF-0.0,0.9999499999999999,0.9999499999999999,0.9999499999999999,0.0,4.6824442320742365,4.6824442320742365,4.6824442320742365,1.0,0.9999499999999999,0.9999499999999999,1.0,1.0,200.0,200.0,0.0,0.005
MAIN,0.0,0.25,100,dollars,HT,MIS-G-10000,DEF-0.25,0.412333058641644,0.4123375371246468,0.4147620988917453,0.0,1.9308230932847585,1.9308440645802278,1.9421975075140328,1.0,0.412333058641644,0.4147620988917453,0.4515353818144744,0.4538061753410811,266.37740213168763,266.3952383714291,0.27626164412465976,0.00375407219980944
MAIN,0.0,0.25,100,dollars,HT,MIS-G-10000,DEF-0.5,0.2910587307810773,0.2910502943049307,0.2926362354461992,0.0,1.3629344218617967,1.3628949165574595,1.3703213688294154,1.0,0.2910587307810773,0.2926362354461992,0.33813718929005426,0.3396151757421819,398.70112747583795,398.78105409465184,0.5175880951179943,0.00250814439961888
MAIN,0.0,0.25,100,dollars,HT,MIS-G-10000,DEF-0.75,0.23592924318235103,0.23591179197366158,0.23684726631713784,0.0,1.1047807629549873,1.1046990445575968,1.109079570027734,1.0,0.23592924318235103,0.23684726631713784,0.28654561559424907,0.28740730670831055,792.2570503788284,792.7306294181442,0.8337914896166431,0.0012622165994283204
MAIN,0.0,0.25,100,dollars,HT,MIS-G-10000,RA-EST,0.2135931883283266,0.21358471424562772,0.21363894823008472,0.0,1.0001882021084245,1.0001485207046987,1.0004024810104173,1.0,0.2135931883283266,0.21363894823008472,0.2656548246215055,0.26569780499037476,61391.88099147884,65430.480047829275,1.7775751629896426,1.6288799237760586e-05
MAIN,0.0,0.25,100,dollars,HT,MIS-G-2000,DEF-0.0,0.9999499999999999,0.9999499999999999,0.9999499999999999,0.0,4.6824442320742365,4.6824442320742365,4.6824442320742365,1.0,0.9999499999999999,0.9999499999999999,1.0,1.0,200.0,200.0,0.0,0.005
MAIN,0.0,0.25,100,dollars,HT,MIS-G-2000,DEF-0.25,0.41260031548739745,0.4128237267907539,0.41699134807410626,0.0,1.9320745711345313,1.9331207344114767,1.952636364432681,1.0,0.41260031548739745,0.41699134807410626,0.45178498728945604,0.45588908204669104,266.3768075968337,266.4119627296538,0.27588083666360697,0.0037540805786502283
MAIN,0.0,0.25,100,dollars,HT,MIS-G-2000,DEF-0.5,0.2912782744857357,0.29143967462678727,0.29415006010949823,0.0,1.3639624744179903,1.3647182593667606,1.3774101228301516,1.0,0.2912782744857357,0.29415006010949823,0.3383425563786113,0.34103416410546894,398.69846365666604,398.8560176096296,0.5168678616236377,0.0025081611573004575
MAIN,0.0,0.25,100,dollars,HT,MIS-G-2000,DEF-0.75,0.23611163189798273,0.23621483190349196,0.2378282102526894,0.0,1.105634830647877,1.1061180830810455,1.113673014972993,1.0,0.23611163189798273,0.2378282102526894,0.2867165183590819,0.28832629509436414,792.2412733530643,793.1751432383801,0.8324585359837906,0.001262241735950686
MAIN,0.0,0.25,100,dollars,HT,MIS-G-2000,RA-EST,0.21374903624944236,0.21367464409042103,0.21403750162207794,0.0,1.000917987797018,1.0005696332433696,1.0022687783567967,1.0,0.21374903624944236,0.21403750162207794,0.2658010919199392,0.26607228645255615,61265.93076431604,69731.14789945396,1.771055993063323,1.6322314600914524e-05
MAIN,0.0,0.25,100,dollars,HT,MIS-I-2000,DEF-0.0,0.9999499999999999,0.9999499999999999,0.9999499999999999,0.0,4.6824442320742365,4.6824442320742365,4.6824442320742365,1.0,0.9999499999999999,0.9999499999999999,1.0,1.0,200.0,200.0,0.0,0.005
MAIN,0.0,0.25,100,dollars,HT,MIS-I-2000,DEF-0.25,0.41324945288157666,0.4130037460769337,0.4187133369008793,0.0,1.9351142727668107,1.9339637068283322,1.960699884258292,1.0,0.41324945288157666,0.4187133369008793,0.452391649443614,0.45749930721476323,266.37460904766203,266.40899633194766,0.27589650556950224,0.0037541115633333262
MAIN,0.0,0.25,100,dollars,HT,MIS-I-2000,DEF-0.5,0.29175369560413417,0.2915708669499083,0.29530876954424556,0.0,1.3661887186038506,1.3653325908200236,1.3828359864327144,1.0,0.29175369560413417,0.29530876954424556,0.33878775848463755,0.342119283439588,398.6886132282816,398.8427199716873,0.5169728144608527,0.0025082231266666533
MAIN,0.0,0.25,100,dollars,HT,MIS-I-2000,DEF-0.75,0.23646154337069458,0.23633103728699534,0.23857602667202266,0.0,1.1072733535311574,1.1066622355163886,1.1171747987415388,1.0,0.23646154337069458,0.23857602667202266,0.2870445661505983,0.2890281406510333,792.182935522502,793.0962676311697,0.8326283051427834,0.0012623346899999796
MAIN,0.0,0.25,100,dollars,HT,MIS-I-2000,RA-EST,0.21395213767288282,0.21387891871755918,0.21430966331835724,0.0,1.001869046438665,1.0015261856205906,1.0035432240440156,1.0,0.21395213767288282,0.21430966331835724,0.2659914510524086,0.2663262920957572,60804.336379616274,68927.68307909649,1.7718987658847314,1.6446253333306174e-05
MAIN,0.0,0.25,100,rate,DIFF,COR-10000,DEF-0.0,0.99995,0.99995,0.9999500000000001,0.0,1.0004608471773904,1.0003834303450776,1.000929977003798,0.995,1.0004608471773904,1.000929977003798,1.0,1.0,200.0,200.0,0.0,0.005
MAIN,0.0,0.25,100,rate,DIFF,COR-10000,DEF-0.25,0.9999610875097279,0.9999584589433435,0.9999755963465087,0.005,1.000471943149568,1.0003946230128047,1.0009527853973847,0.995,1.000471943149568,1.0009527853973847,1.0000110866775294,1.0000256055449,202.9904732213322,207.36424442360715,0.003026273391856654,0.00492633956863895
MAIN,0.0,0.25,100,rate,DIFF,COR-10000,DEF-0.5,0.9999939961212435,0.9999853466025401,1.0000428362796965,0.31,1.0005048766951112,1.000421635891652,1.0010284531919635,0.995,1.0005048766951112,1.0010284531919635,1.0000439924974527,1.0000928493959222,206.07173334440557,215.29157855211312,0.0060503965841089465,0.0048526791372778995
MAIN,0.0,0.25,100,rate,DIFF,COR-10000,DEF-0.75,1.000048891093459,1.000031668827487,1.0001489269648767,0.72,1.0005598132395013,1.0004704361319048,1.0011394905913635,0.995,1.0005598132395013,1.0011394905913635,1.0000988827043407,1.000198941901008,209.24797835726372,223.8491574339616,0.009072729135883544,0.0047790187059168505
MAIN,0.0,0.25,100,rate,DIFF,COR-10000,RA-EST,1.0001259723176714,1.0000940449840252,1.000296149980584,0.92,1.0006369528758068,1.0005362764236079,1.001304136295295,0.995,1.0006369528758068,1.001304136295295,1.000175957172357,1.0003461634767497,212.5236691201248,233.11525779733418,0.012106590723552574,0.0047053582745558
MAIN,0.0,0.25,100,rate,DIFF,COR-10000,SRSWOR,,,,0.0,1.0005108727210266,1.0004334520176787,1.0009800260050985,1.0,1.0005108727210266,1.0009800260050985,0.9999017320742702,0.9999974739822349,,,,
MAIN,0.0,0.25,100,rate,DIFF,COR-2000,DEF-0.0,0.99995,0.99995,0.9999500000000002,0.0,1.0025849656365684,1.0021158868087685,1.0051264311186927,1.0,1.0025849656365684,1.0051264311186927,1.0,1.0,200.0,200.0,0.0,0.005
MAIN,0.0,0.25,100,rate,DIFF,COR-2000,DEF-0.25,1.0000113239990394,0.9999920021885851,1.0000991685463685,0.405,1.0026465225395567,1.0021600991801787,1.0051820288011444,1.0,1.0026465225395567,1.0051820288011444,1.0000612978053678,1.0001492137576298,207.55009967768132,218.30603240010024,0.006704336481753014,0.004818114139582226
MAIN,0.0,0.25,100,rate,DIFF,COR-2000,DEF-0.5,1.0001916158459405,1.0001236644364648,1.0004753146060323,0.885,1.0028275108925813,1.0022925262283842,1.0056311872895851,1.0,1.0028275108925813,1.0056311872895851,1.000241490514342,1.0005254091869085,215.6926367467358,240.30080975056896,0.013466818577140265,0.004636228279164453
MAIN,0.0,0.25,100,rate,DIFF,COR-2000,DEF-0.75,1.0004949751786498,1.0003559597901963,1.0011440254400767,0.99,1.0031320495950518,1.002507177022478,1.0062741757546527,1.0,1.0031320495950518,1.0062741757546527,1.0005446749057998,1.0011940227772207,224.5001938206039,267.22420088376634,0.020169431059052254,0.00445434241874668
MAIN,0.0,0.25,100,rate,DIFF,COR-2000,RA-EST,1.0009271769437167,1.0006713043309077,1.0020727101894085,1.0,1.0035659413087616,1.0028630380077654,1.0072587666983406,1.0,1.0035659413087616,1.0072587666983406,1.0009766217750697,1.0021229327002343,234.05771580121777,300.9418516754793,0.02687427455824702,0.0042724565583289065
MAIN,0.0,0.25,100,rate,DIFF,COR-2000,SRSWOR,,,,0.0,1.002635097391438,1.0021659951085238,1.0051766899531904,1.0,1.002635097391438,1.0051766899531904,0.9994433353122832,0.9999920206554425,,,,
MAIN,0.0,0.25,100,rate,DIFF,COR-500,DEF-0.0,0.99995,0.99995,0.9999500000000002,0.0,1.0100756319068944,1.0082857592713368,1.018811849091806,1.0,1.0100756319068944,1.018811849091806,1.0,1.0,200.0,200.0,0.0,0.005
MAIN,0.0,0.25,100,rate,DIFF,COR-500,DEF-0.25,1.0002297048926696,1.0001080371939053,1.0007131704009788,0.715,1.0103593248574863,1.008357919549153,1.019104443472178,1.0,1.0103593248574863,1.019104443472178,1.0002791777406523,1.0007625502875006,217.27819413512918,234.42802197509374,0.01308569025630796,0.004602394664357747
MAIN,0.0,0.25,100,rate,DIFF,COR-500,DEF-0.5,1.001040048539028,1.0006362598525813,1.0024502872746506,0.94,1.0111813068741347,1.0091779861208598,1.020992663187816,1.0,1.0111813068741347,1.020992663187816,1.001087980711475,1.0024988473931224,237.82404500753898,283.1736505349518,0.0261921166270983,0.004204789328715493
MAIN,0.0,0.25,100,rate,DIFF,COR-500,DEF-0.75,1.0024712969762681,1.0015676472180883,1.005394995960368,0.995,1.0126333849784408,1.0103013285828613,1.0230097269652865,1.0,1.0126333849784408,1.0230097269652865,1.0025164675569216,1.005443663011858,262.66133179335736,357.5131289693313,0.039379107815042266,0.00380718399307324
MAIN,0.0,0.25,100,rate,DIFF,COR-500,RA-EST,1.0047224286945144,1.00296577660141,1.0100951841663677,0.995,1.0149182478099243,1.0118341732810474,1.0271396824451908,1.0,1.0149182478099243,1.0271396824451908,1.0047630243363124,1.0101425531430002,293.29138300581883,484.7795367989049,0.053090346610944576,0.0034095786574309863
MAIN,0.0,0.25,100,rate,DIFF,COR-500,SRSWOR,,,,0.0,1.0101261382138051,1.0083361760801406,1.0188627922314175,1.0,1.0101261382138051,1.0188627922314175,0.9980441617445923,0.9999824488373065,,,,
MAIN,0.0,0.25,100,rate,DIFF,KS-2000,DEF-0.0,0.99995,0.99995,0.9999500000000002,0.0,1.002807781373282,1.0024828777909438,1.005365358165769,1.0,1.002807781373282,1.005365358165769,1.0,1.0,200.0,200.0,0.0,0.005
MAIN,0.0,0.25,100,rate,DIFF,KS-2000,DEF-0.25,1.0000193491819234,0.9999957794830825,1.0000805462803024,0.45,1.0028774069843351,1.002557831385727,1.0055123263633825,1.0,1.0028774069843351,1.0055123263633825,1.000069322096553,1.0001305901854003,207.58878707344292,216.39187290032356,0.007296907180605928,0.0048172160635959384
MAIN,0.0,0.25,100,rate,DIFF,KS-2000,DEF-0.5,1.0002193436094617,1.0001424104966699,1.0004402912741948,0.94,1.003078191335033,1.0027209275901239,1.0058587705887225,1.0,1.003078191335033,1.0058587705887225,1.0002692150440962,1.000490374304964,215.77620389785278,235.71065360634915,0.01461817755877148,0.004634432127191878
MAIN,0.0,0.25,100,rate,DIFF,KS-2000,DEF-0.75,1.000554423227894,1.000387148202671,1.001056912728096,1.0,1.0034145960103744,1.0029612237767984,1.0064405534236989,1.0,1.0034145960103744,1.0064405534236989,1.0006041143467448,1.0011069932277512,224.63599450522793,258.817162280404,0.02195478669793654,0.004451648190787816
MAIN,0.0,0.25,100,rate,DIFF,KS-2000,RA-EST,1.001030778598596,1.0007735321602753,1.00193271603996,1.0,1.0038928419283193,1.0033558395437838,1.0072180893126306,1.0,1.0038928419283193,1.0072180893126306,1.0010802039570026,1.0019819572686137,234.25453458701213,286.9464900430041,0.029231850261587037,0.004268864254383754
MAIN,0.0,0.25,100,rate,DIFF,KS-2000,SRSWOR,,,,0.0,1.0028579242694955,1.0025330044411658,1.0054156289472165,1.0,1.0028579242694955,1.0054156289472165,0.9994679601122682,0.9999939116054378,,,,
MAIN,0.0,0.25,100,rate,DIFF,MIS-G-10000,DEF-0.0,0.99995,0.99995,0.9999500000000002,0.0,1.0001413734303928,1.0001091847136383,1.0003814334632855,0.81,1.0001413734303928,1.0003814334632855,1.0,1.0,200.0,200.0,0.0,0.005
MAIN,0.0,0.25,100,rate,DIFF,MIS-G-10000,DEF-0.25,0.9999539080044494,0.9999531103135778,0.9999581693884123,0.0,1.000145282767792,1.0001121828676791,1.0003894689719521,0.815,1.000145282767792,1.0003894689719521,1.0000039074238638,1.0000081669240257,201.53030049765803,202.574724335932,0.001796947630704491,0.004962033091555992
MAIN,0.0,0.25,100,rate,DIFF,MIS-G-10000,DEF-0.5,0.9999657871208245,0.999962443439558,0.9999842803060525,0.025,1.0001571659964472,1.000121575370272,1.0004184327078212,0.82,1.0001571659964472,1.0004184327078212,1.0000157854110465,1.0000342680759968,203.08420807823654,205.21660553093162,0.0035941689821294993,0.004924066183111985
MAIN,0.0,0.25,100,rate,DIFF,MIS-G-10000,DEF-0.75,0.9999856443998195,0.999978368419324,1.0000286880418536,0.25,1.000177030170554,1.0001375028842987,1.0004600695897674,0.825,1.000177030170554,1.0004600695897674,1.0000356410117064,1.0000786687437426,204.66227344457025,207.92830580608938,0.005391715704485177,0.004886099274667978
MAIN,0.0,0.25,100,rate,DIFF,MIS-G-10000,RA-EST,1.0000134889616974,1.0000007674788352,1.0000898893524022,0.505,1.0002048844149265,1.000160182828861,1.000518811971403,0.855,1.0002048844149265,1.000518811971403,1.0000634833454143,1.0001398944182478,206.26506456895478,210.71262998112866,0.007189639552818559,0.00484813236622397
MAIN,0.0,0.25,100,rate,DIFF,MIS-G-10000,SRSWOR,,,,0.0,1.0001913829995428,1.000159192673272,1.0004314550360374,1.0,1.0001913829995428,1.0004314550360374,0.9999232735808999,0.9999989149090792,,,,
MAIN,0.0,0.25,100,rate,DIFF,MIS-G-2000,DEF-0.0,0.99995,0.99995,0.9999500000000002,0.0,1.0008688719370478,1.0005243049703347,1.002179089664553,0.955,1.0008688719370478,1.002179089664553,1.0,1.0,200.0,200.0,0.0,0.005
MAIN,0.0,0.25,100,rate,DIFF,MIS-G-2000,DEF-0.25,0.9999699740639939,0.9999610766579397,0.9999999310166969,0.1,1.0008888847890054,1.0005347675164655,1.0022267023546685,0.96,1.0008888847890054,1.0022267023546685,1.0000199667176297,1.0000499364409308,202.9261813218173,206.16727006416622,0.0034405155630949343,0.004927900359390712
MAIN,0.0,0.25,100,rate,DIFF,MIS-G-2000,DEF-0.5,1.00002929512683,0.9999971807332937,1.0001489764959162,0.48,1.000948321415664,1.0005758921427765,1.0023703484391173,0.96,1.000948321415664,1.0023703484391173,1.0000792612520748,1.0001989990537794,205.93926019609648,212.72702357346012,0.00688239364431115,0.004855800718781426
MAIN,0.0,0.25,100,rate,DIFF,MIS-G-2000,DEF-0.75,1.000128164239375,1.0000568292557688,1.0003950718775891,0.745,1.0010473834474554,1.000640918884964,1.002619717682886,0.96,1.0010473834474554,1.002619717682886,1.0001780845542447,1.000445108770999,209.04316584089574,219.7179613626093,0.010326001587247637,0.004783701078172139
MAIN,0.0,0.25,100,rate,DIFF,MIS-G-2000,RA-EST,1.0002668453004748,1.000140489620529,1.000739783649758,0.85,1.00118633554716,1.000713823424979,1.0029718971934343,0.97,1.00118633554716,1.0029718971934343,1.0003167003907094,1.0007898078412087,212.2420679899181,227.18404578789324,0.01377170876084925,0.004711601437562852
MAIN,0.0,0.25,100,rate,DIFF,MIS-G-2000,SRSWOR,,,,0.0,1.0009189178829418,1.0005743336870192,1.0022292011246092,1.0,1.0009189178829418,1.0022292011246092,0.9995046877427428,0.9999883013106085,,,,
MAIN,0.0,0.25,100,rate,DIFF,MIS-I-2000,DEF-0.0,0.99995,0.99995,0.9999500000000002,0.0,1.0017656341717256,1.0014646382879555,1.0034696835038066,1.0,1.0017656341717256,1.0034696835038066,1.0,1.0,200.0,200.0,0.0,0.005
MAIN,0.0,0.25,100,rate,DIFF,MIS-I-2000,DEF-0.25,0.9999897530073403,0.9999741258782717,1.0000435708969087,0.29,1.0018054964700047,1.0015067118242325,1.0035754765887597,1.0,1.0018054964700047,1.0035754765887597,1.0000397306729294,1.0000935992145066,204.07494468059758,207.67478810133517,0.005512057345097191,0.0049001605839162085
MAIN,0.0,0.25,100,rate,DIFF,MIS-I-2000,DEF-0.5,1.0001078358377051,1.0000596247998512,1.000285348291392,0.835,1.0019239073645527,1.0015994374934762,1.0038202595394778,1.0,1.0019239073645527,1.0038202595394778,1.00015774003712,1.0003345655843376,208.3193947669649,215.96211393470134,0.011014862887018646,0.004800321167832418
MAIN,0.0,0.25,100,rate,DIFF,MIS-I-2000,DEF-0.75,1.000304964183231,1.000210717274742,1.0006673712749061,0.96,1.0021215850886975,1.0017351984387575,1.0042195151001618,1.0,1.0021215850886975,1.0042195151001618,1.0003547434921718,1.0007173154092457,212.74415127683335,224.93835819720823,0.016509780711623127,0.004700481751748627
MAIN,0.0,0.25,100,rate,DIFF,MIS-I-2000,RA-EST,1.0005820531804517,1.000411339861794,1.0012221591433355,0.995,1.002399448052644,1.0019705077242747,1.004719730329655,1.0,1.002399448052644,1.004719730329655,1.0006316557575679,1.0012721944258536,217.36095280841073,234.69315165425658,0.021991281450268796,0.0046006423356648365
MAIN,0.0,0.25,100,rate,DIFF,MIS-I-2000,SRSWOR,,,,0.0,1.0018157249579736,1.0015147140236567,1.0035198594967814,1.0,1.0018157249579736,1.0035198594967814,0.9994334536656991,0.9999891807172646,,,,
MAIN,0.0,0.25,100,rate,EXP,COR-2000,ST-NEY-EST,,,,0.0,1.0013590545282762,1.001250088936747,1.0024203674623113,1.0,1.0013590545282762,1.0024203674623113,0.998174553511685,1.0005215106854608,,,,
MAIN,0.0,0.25,100,rate,HT,COR-10000,DEF-0.0,0.9999500000000003,0.9999500000000003,0.9999500000000003,0.0,0.9999500000000003,0.9999500000000003,0.9999500000000003,0.0,0.9999500000000003,0.9999500000000003,1.0,1.0,200.0,200.0,0.0,0.005
MAIN,0.0,0.25,100,rate,HT,COR-10000,DEF-0.25,0.9999822015677958,0.9999774382226349,1.0000134125816602,0.16,0.9999822015677958,0.9999774382226349,1.0000134125816602,0.16,0.9999822015677958,1.0000134125816602,1.0000241813797224,1.0000476180066715,204.2435456784986,209.76552051954405,0.004527844227079449,0.004896115569965087
MAIN,0.0,0.25,100,rate,HT,COR-10000,DEF-0.5,1.0000789862992834,1.0000597215938307,1.000207062456432,0.83,1.0000789862992834,1.0000597215938307,1.000207062456432,0.83,1.0000789862992834,1.000207062456432,1.0000968605400287,1.0001930357124384,208.671073610198,220.5337304092972,0.009054405946087276,0.0047922311399301734
MAIN,0.0,0.25,100,rate,HT,COR-10000,DEF-0.75,1.0002407698745748,1.000197487250591,1.000531391400569,0.98,1.0002407698745748,1.000197487250591,1.000531391400569,0.98,1.0002407698745748,1.000531391400569,1.0002183492411973,1.0004365866917924,213.2948140872856,232.46743063971138,0.013598387705502766,0.00468834670989526
MAIN,0.0,0.25,100,rate,HT,COR-10000,RA-EST,1.0004681720150088,1.000390115247876,1.0009844178248932,0.995,1.0004681720150088,1.000390115247876,1.0009844178248932,0.995,1.0004681720150088,1.0009844178248932,1.0003891122745545,1.0007768414265503,218.12810599626465,245.76668678069134,0.018134330799738176,0.004584462279860346
MAIN,0.0,0.25,100,rate,HT,COR-2000,DEF-0.0,0.9999500000000003,0.9999500000000003,0.9999500000000003,0.0,0.9999500000000003,0.9999500000000003,0.9999500000000003,0.0,0.9999500000000003,0.9999500000000003,1.0,1.0,200.0,200.0,0.0,0.005
MAIN,0.0,0.25,100,rate,HT,COR-2000,DEF-0.25,1.0001183989898594,1.0000870730697953,1.0002852818053054,0.87,1.0001183989898594,1.0000870730697953,1.0002852818053054,0.87,1.0001183989898594,1.0002852818053054,1.0001264570766955,1.0002517739449945,210.11629388456112,221.9993135719491,0.010120093749174483,0.004759269240161212
MAIN,0.0,0.25,100,rate,HT,COR-2000,DEF-0.5,1.0006263443856043,1.0005008353765472,1.0013142295625193,0.995,1.0006263443856043,1.0005008353765472,1.0013142295625193,0.995,1.0006263443856043,1.0013142295625193,1.0005078896281776,1.0010244538064672,221.31051179402772,249.43657672714022,0.020287012197697615,0.004518538480322425
MAIN,0.0,0.25,100,rate,HT,COR-2000,DEF-0.75,1.001481995180346,1.001196617942035,1.0031027567089204,1.0,1.001481995180346,1.001196617942035,1.0031027567089204,1.0,1.001481995180346,1.0031027567089204,1.0011504169045924,1.002367316150195,233.76463485581274,284.61248048503194,0.030518831425373347,0.004277807720483638
MAIN,0.0,0.25,100,rate,HT,COR-2000,RA-EST,1.0027001452373852,1.0021724558348648,1.0057399130474285,1.0,1.0027001452373852,1.0021724558348648,1.0057399130474285,1.0,1.0027001452373852,1.0057399130474285,1.0020651343122686,1.0043473954477746,247.7040513848387,331.3386870891404,0.0407504300322995,0.004037076960644851
MAIN,0.0,0.25,100,rate,HT,COR-500,DEF-0.0,0.9999500000000003,0.9999500000000003,0.9999500000000003,0.0,0.9999500000000003,0.9999500000000003,0.9999500000000003,0.0,0.9999500000000003,0.9999500000000003,1.0,1.0,200.0,200.0,0.0,0.005
MAIN,0.0,0.25,100,rate,HT,COR-500,DEF-0.25,1.000605805034213,1.0004741958988044,1.0011561696744864,0.995,1.000605805034213,1.0004741958988044,1.0011561696744864,0.995,1.000605805034213,1.0011561696744864,1.000492463574971,1.0009056783219608,220.8605696244456,238.14369829381175,0.01979044953537127,0.004527744175494199
MAIN,0.0,0.25,100,rate,HT,COR-500,DEF-0.5,1.0026249628715747,1.0020501093436875,1.0048550330707313,1.0,1.0026249628715747,1.0020501093436875,1.0048550330707313,1.0,1.0026249628715747,1.0048550330707313,1.0020086613768662,1.0036833623996722,246.57962242426225,294.26558725030895,0.03961279772207811,0.004055488350988399
MAIN,0.0,0.25,100,rate,HT,COR-500,DEF-0.75,1.006165935870079,1.0046538436992773,1.0115975759452394,1.0,1.006165935870079,1.0046538436992773,1.0115975759452394,1.0,1.006165935870079,1.0115975759452394,1.0046674402520057,1.0087453007320537,279.07825097961705,384.995048294456,0.059285187388122634,0.0035832325264825993
MAIN,0.0,0.25,100,rate,HT,COR-500,RA-EST,1.0116189083228624,1.0085330779681252,1.0219445033869858,1.0,1.0116189083228624,1.0085330779681252,1.0219445033869858,1.0,1.0116189083228624,1.0219445033869858,1.0087614385499617,1.0165130361297494,321.4441768495236,556.6127072830197,0.08007918630930178,0.0031109767019767984
MAIN,0.0,0.25,100,rate,HT,KS-2000,DEF-0.0,0.9999500000000003,0.9999500000000003,0.9999500000000003,0.0,0.9999500000000003,0.9999500000000003,0.9999500000000003,0.0,0.9999500000000003,0.9999500000000003,1.0,1.0,200.0,200.0,0.0,0.005
MAIN,0.0,0.25,100,rate,HT,KS-2000,DEF-0.25,1.000133948602442,1.0001108243345724,1.0002863603007413,0.94,1.000133948602442,1.0001108243345724,1.0002863603007413,0.94,1.000133948602442,1.0002863603007413,1.0001381337333626,1.0002525825853146,210.12912313420424,219.92444556889973,0.010961967843963253,0.004758978608215668
MAIN,0.0,0.25,100,rate,HT,KS-2000,DEF-0.5,1.0006892035647001,1.0005936446133015,1.0013087119433137,1.0,1.0006892035647001,1.0005936446133015,1.0013087119433137,1.0,1.0006892035647001,1.0013087119433137,1.0005550918016133,1.0010203323964328,221.33897263492267,244.2580169963345,0.021929876229051633,0.004517957216431335
MAIN,0.0,0.25,100,rate,HT,KS-2000,DEF-0.75,1.001625004268329,1.0014079361275259,1.0029914451320596,1.0,1.001625004268329,1.0014079361275259,1.0029914451320596,1.0,1.001625004268329,1.0029914451320596,1.0012578037468103,1.002284005355641,233.81225784688885,274.6463795401976,0.03300597257848489,0.0042769358246470025
MAIN,0.0,0.25,100,rate,HT,KS-2000,RA-EST,1.0029574149140676,1.0025404434883987,1.0054301423946046,1.0,1.0029574149140676,1.0025404434883987,1.0054301423946046,1.0,1.0029574149140676,1.0054301423946046,1.002258317729328,1.0041152112006966,247.77533325135414,313.67055729694374,0.043994515721156514,0.00403591443286267
MAIN,0.0,0.25,100,rate,HT,MIS-G-10000,DEF-0.0,0.9999500000000003,0.9999500000000003,0.9999500000000003,0.0,0.9999500000000003,0.9999500000000003,0.9999500000000003,0.0,0.9999500000000003,0.9999500000000003,1.0,1.0,200.0,200.0,0.0,0.005
MAIN,0.0,0.25,100,rate,HT,MIS-G-10000,DEF-0.25,0.9999619578434461,0.999959855079414,0.9999763281212014,0.01,0.9999619578434461,0.999959855079414,0.9999763281212014,0.01,0.9999619578434461,0.9999763281212014,1.0000089796090637,1.000019770806115,202.23954820708457,203.7251808950393,0.002713584570969024,0.0049446313785845904
MAIN,0.0,0.25,100,rate,HT,MIS-G-10000,DEF-0.5,0.9999978348430867,0.9999894244616896,1.0000553334002582,0.395,0.9999978348430867,0.9999894244616896,1.0000553334002582,0.395,0.9999978348430867,1.0000553334002582,1.0000359210382432,1.0000790989110795,204.5298269598179,207.59176531251967,0.005427454058053279,0.00488926275716918
MAIN,0.0,0.25,100,rate,HT,MIS-G-10000,DEF-0.75,1.000057646658243,1.000038718233192,1.0001870749266022,0.66,1.000057646658243,1.000038718233192,1.0001870749266022,0.66,1.000057646658243,1.0001870749266022,1.0000808360320619,1.0001780286320552,206.872579976382,211.60796028802557,0.008141785809812037,0.004833894135753769
MAIN,0.0,0.25,100,rate,HT,MIS-G-10000,RA-EST,1.0001414229340018,1.0001077516516603,1.000371648909945,0.805,1.0001414229340018,1.0001077516516603,1.000371648909945,0.805,1.0001414229340018,1.000371648909945,1.0001437468243903,1.0003166321264716,209.26963182629714,215.78262050017412,0.010856757498800378,0.00477852551433836
MAIN,0.0,0.25,100,rate,HT,MIS-G-2000,DEF-0.0,0.9999500000000003,0.9999500000000003,0.9999500000000003,0.0,0.9999500000000003,0.9999500000000003,0.9999500000000003,0.0,0.9999500000000003,0.9999500000000003,1.0,1.0,200.0,200.0,0.0,0.005
MAIN,0.0,0.25,100,rate,HT,MIS-G-2000,DEF-0.25,1.0000081525160753,0.9999854553149556,1.0000969194000142,0.37,1.0000081525160753,0.9999854553149556,1.0000969194000142,0.37,1.0000081525160753,1.0000969194000142,1.0000436689875958,1.0001103274878713,204.12695934363217,208.44739864384474,0.005146695663618282,0.004898911955667563
MAIN,0.0,0.25,100,rate,HT,MIS-G-2000,DEF-0.5,1.0001827120407907,1.0000918382624284,1.0005380302221984,0.8,1.0001827120407907,1.0000918382624284,1.0005380302221984,0.8,1.0001827120407907,1.0005380302221984,1.0001747524330553,1.0004415744190038,208.4278258567933,217.63985470339063,0.010294010326234032,0.004797823911335126
MAIN,0.0,0.25,100,rate,HT,MIS-G-2000,DEF-0.75,1.000474120987276,1.0002692247055507,1.00127473295506,0.925,1.000474120987276,1.0002692247055507,1.00127473295506,0.925,1.000474120987276,1.00127473295506,1.0003935821471404,1.0009947911625177,212.91382866925005,227.68048682680777,0.015443160277691294,0.004696735867002689
MAIN,0.0,0.25,100,rate,HT,MIS-G-2000,RA-EST,1.0008832154196998,1.0005177579053517,1.002309609198628,0.955,1.0008832154196998,1.0005177579053517,1.002309609198628,0.955,1.0008832154196998,1.002309609198628,1.0007007851795016,1.001771913923001,217.59718492878702,238.69236346064878,0.020595365700264462,0.004595647822670252
MAIN,0.0,0.25,100,rate,HT,MIS-I-2000,DEF-0.0,0.9999500000000003,0.9999500000000003,0.9999500000000003,0.0,0.9999500000000003,0.9999500000000003,0.9999500000000003,0.0,0.9999500000000003,0.9999500000000003,1.0,1.0,200.0,200.0,0.0,0.005
MAIN,0.0,0.25,100,rate,HT,MIS-I-2000,DEF-0.25,1.0000649679704985,1.000044136740991,1.0001643099176707,0.765,1.0000649679704985,1.000044136740991,1.0001643099176707,0.765,1.0000649679704985,1.0001643099176707,1.0000863338632942,1.0001609341441633,205.71144609106983,210.19339185304852,0.008386609614959722,0.004861178363995848
MAIN,0.0,0.25,100,rate,HT,MIS-I-2000,DEF-0.5,1.0004104602978772,1.0003270811372902,1.0008060405590191,0.99,1.0004104602978772,1.0003270811372902,1.0008060405590191,0.99,1.0004104602978772,1.0008060405590191,1.0003457767659525,1.0006428372448575,211.75870203077824,221.4816382483739,0.01678503405606098,0.004722356727991697
MAIN,0.0,0.25,100,rate,HT,MIS-I-2000,DEF-0.75,1.000988235513253,1.0007999233892302,1.0018830321369678,1.0,1.000988235513253,1.0007999233892302,1.0018830321369678,1.0,1.000988235513253,1.0018830321369678,1.000779647608904,1.0014515659444099,218.17228261432294,234.0511447197579,0.025199534345247302,0.004583535091987546
MAIN,0.0,0.25,100,rate,HT,MIS-I-2000,RA-EST,1.0018012647526913,1.0014648356701819,1.00340797478393,1.0,1.0018012647526913,1.0014648356701819,1.00340797478393,1.0,1.0018012647526913,1.00340797478393,1.0013901747485143,1.0025966937401065,224.9865154463632,248.13317836591145,0.033642102296997364,0.004444713455983394
MAIN,0.0,0.25,400,dollars,DIFF,COR-10000,DEF-0.0,0.9999499999999999,0.9999499999999999,0.9999500000000001,0.0,3.935318697175997,3.9344470232969213,3.938903070292986,1.0,0.8048576303156462,0.805590711998504,1.0,1.0,50.0,50.0,0.0,0.02
MAIN,0.0,0.25,400,dollars,DIFF,COR-10000,DEF-0.25,0.44299374391822255,0.4430550334145111,0.44447815453283673,0.0,1.7434078877699095,1.7429372479615277,1.7494230442886542,1.0,0.35656455021826694,0.3577947795832047,0.44306849224706996,0.4445280463263919,66.59432638765512,66.59945121137265,0.27628713056327636,0.015016294243730226
MAIN,0.0,0.25,400,dollars,DIFF,COR-10000,DEF-0.5,0.32786020055664006,0.3279185625989807,0.32879901198145844,0.0,1.2902982076226217,1.2900516275929759,1.2942284091977303,1.0,0.26389383877166184,0.2646976498400449,0.3279359562980828,0.3288980719342929,99.67517368525738,99.6981391427661,0.5176277989128204,0.010032588487460456
MAIN,0.0,0.25,400,dollars,DIFF,COR-10000,DEF-0.75,0.2754829724077984,0.2755482181046852,0.2760195251452999,0.0,1.0841669498725297,1.084049093147843,1.08653761353037,1.0,0.22173554654344216,0.22222039844000996,0.27555722935011007,0.2760969099600361,198.0636218435482,198.19970363914163,0.8338646310652515,0.005048882731190682
MAIN,0.0,0.25,400,dollars,DIFF,COR-10000,RA-EST,0.25427435614557664,0.25432150392937414,0.25437864288917267,0.0,1.0007003014563296,1.0005925389125978,1.0013716247457969,1.0,0.20466481504135065,0.20480211514675864,0.25434634199534806,0.2544286243489206,15342.842053016948,16513.926835564755,1.7777819775559063,6.517697492090888e-05
MAIN,0.0,0.25,400,dollars,DIFF,COR-10000,SRSWOR,,,,0.0,3.9355154729496444,3.9346437554846956,3.9391000252942527,1.0,0.8048978752094068,0.8056309935481817,0.9999437947619734,0.9999982504024157,,,,
MAIN,0.0,0.25,400,dollars,DIFF,COR-2000,DEF-0.0,0.9999499999999999,0.9999499999999999,0.9999500000000001,0.0,3.9520067193713104,3.9461987481947336,3.975462673732472,1.0,0.8082706911202041,0.8130679401606602,1.0,1.0,50.0,50.0,0.0,0.02
MAIN,0.0,0.25,400,dollars,DIFF,COR-2000,DEF-0.25,0.4426673193466521,0.4427733701873419,0.4463116414668396,0.0,1.7494915742404533,1.7473798117107764,1.7655558572790577,1.0,0.357808795437791,0.3610942881193493,0.4428822166005991,0.44653071147514595,66.59451846036177,66.60523120196147,0.27660190678344554,0.015016250933751536
MAIN,0.0,0.25,400,dollars,DIFF,COR-2000,DEF-0.5,0.3275129770696505,0.3277804711790885,0.32978891267177896,0.0,1.2943800825052671,1.2930364082714814,1.3047269952437912,1.0,0.2647286703058013,0.26684483733282943,0.32775098999794694,0.33014637519837886,99.67603428581731,99.7240490064973,0.5181747480034886,0.010032501867503074
MAIN,0.0,0.25,400,dollars,DIFF,COR-2000,DEF-0.75,0.27513942803097036,0.27543237625084604,0.2764627955451859,0.0,1.087391051002876,1.0863531228075445,1.09356503044623,1.0,0.22239494482738054,0.22365765690911393,0.2753828858681894,0.276667893866223,198.068719228591,198.3533817991495,0.8348397648355734,0.005048752801254611
MAIN,0.0,0.25,400,dollars,DIFF,COR-2000,RA-EST,0.25396115247048245,0.25426796846571154,0.2545572527104825,0.0,1.003692927352479,1.003007794353752,1.0076839337536032,1.0,0.20527687164274472,0.20609311861071922,0.25420262708118807,0.2547399572446734,15383.904024275871,18069.243134052394,1.7823764709066863,6.50037350061478e-05
MAIN,0.0,0.25,400,dollars,DIFF,COR-2000,SRSWOR,,,,0.0,3.9522043295877904,3.946396067998134,3.9756614568053132,1.0,0.808311106675538,0.8131085955904399,0.9996730279413174,0.9999940386330944,,,,
MAIN,0.0,0.25,400,dollars,DIFF,COR-500,DEF-0.0,0.9999499999999999,0.9999499999999999,0.9999500000000001,0.0,4.014838664874535,3.9888237243658855,4.08869693864546,1.0,0.8211211804089464,0.8362267918678427,1.0,1.0,50.0,50.0,0.0,0.02
MAIN,0.0,0.25,400,dollars,DIFF,COR-500,DEF-0.25,0.441646063330476,0.44353385607092033,0.44936901786434436,0.0,1.772780404341626,1.766478329088283,1.8074553729181193,1.0,0.3625718639591549,0.36966364360581305,0.4423561268723325,0.4497925242549772,66.59458843904036,66.6182028503283,0.27612910823829917,0.015016235154290226
MAIN,0.0,0.25,400,dollars,DIFF,COR-500,DEF-0.5,0.3263987301714518,0.32814717491921175,0.33193857140790756,0.0,1.3101030447418696,1.3066596576126215,1.3329739869852926,1.0,0.2679443555148227,0.2726219569477986,0.3272059804650836,0.33235318263995955,99.67634782620294,99.78222944741168,0.5173282634976286,0.010032470308580453
MAIN,0.0,0.25,400,dollars,DIFF,COR-500,DEF-0.75,0.2740277722733817,0.27550145362353795,0.2780180521818305,0.0,1.0998739553861114,1.0966207776360375,1.1144639570599817,1.0,0.22494796825812766,0.22793193857340585,0.27486154488406034,0.2782684283870294,198.07057624124792,198.69904290822575,0.8333132966595318,0.005048705462870678
MAIN,0.0,0.25,400,dollars,DIFF,COR-500,RA-EST,0.2529708333731439,0.2542031700127274,0.25574481548617634,0.0,1.0153858670731088,1.0119996311002626,1.0291240316051364,1.0,0.20766833024601442,0.21047808147609115,0.2538003095762683,0.2561747968513465,15398.73350247728,22910.030744645963,1.7749741280408151,6.494061716090471e-05
MAIN,0.0,0.25,400,dollars,DIFF,COR-500,SRSWOR,,,,0.0,4.0150394168453785,3.989023175524663,4.0889013837146475,1.0,0.8211622385208726,0.8362686052981079,0.9987261205836464,0.9999795773921661,,,,
MAIN,0.0,0.25,400,dollars,DIFF,KS-2000,DEF-0.0,0.9999499999999999,0.9999499999999999,0.9999500000000001,0.0,3.95151660133018,3.9480035049870184,3.970706992568036,1.0,0.8081704513999897,0.812095300695579,1.0,1.0,50.0,50.0,0.0,0.02
MAIN,0.0,0.25,400,dollars,DIFF,KS-2000,DEF-0.25,0.4428212280751967,0.4430236022531927,0.4463968004343165,0.0,1.7498889257116976,1.746504946444293,1.7673336762197804,1.0,0.35789006239179344,0.3614578904727717,0.44300842843267674,0.44658056709802474,66.59311113577576,66.60561868619571,0.27637553697931305,0.015016568274911726
MAIN,0.0,0.25,400,dollars,DIFF,KS-2000,DEF-0.5,0.32764947021133556,0.3279480966446482,0.32991448841013743,0.0,1.2947651115368615,1.2931133971084403,1.3059451498884418,1.0,0.26480741705487504,0.26709397625551823,0.3278553804683389,0.3301764922847797,99.66972891440254,99.72578629367601,0.5177688662714695,0.010033136549823452
MAIN,0.0,0.25,400,dollars,DIFF,KS-2000,DEF-0.75,0.27526263928033656,0.27559822231390235,0.2765256505632977,0.0,1.0877491921472626,1.0866117751867557,1.0946787904031223,1.0,0.22246819242305715,0.2238854448644549,0.27547255249413516,0.276765744690056,198.03137716699422,198.36369172528975,0.834116293916989,0.005049704824735178
MAIN,0.0,0.25,400,dollars,DIFF,KS-2000,RA-EST,0.2540722166667412,0.25428369460462724,0.254609025632967,0.0,1.0040134674742007,1.0035005676517592,1.0075358761250521,1.0,0.2053424290175451,0.2060628376293717,0.2542800168081921,0.2547418810766894,15089.192008317157,18183.95381259779,1.778873727322177,6.627309964690467e-05
MAIN,0.0,0.25,400,dollars,DIFF,KS-2000,SRSWOR,,,,0.0,3.9517141870395323,3.948200915032771,3.9709055378449283,1.0,0.8082108619430869,0.8121359074909537,0.9997258782664656,0.9999933863707385,,,,
MAIN,0.0,0.25,400,dollars,DIFF,MIS-G-10000,DEF-0.0,0.9999499999999999,0.9999499999999999,0.9999500000000001,0.0,3.9340603832650256,3.9332128585486714,3.9378348640408825,1.0,0.8046002779560255,0.8053722407592182,1.0,1.0,50.0,50.0,0.0,0.02
MAIN,0.0,0.25,400,dollars,DIFF,MIS-G-10000,DEF-0.25,0.44298890513361383,0.44308288420921926,0.44451884427777716,0.0,1.7428320198672926,1.7421893570905431,1.7491800291309207,1.0,0.356446772800187,0.35774507773717007,0.4430631282680765,0.44458747400570764,66.59433972448659,66.59741075346317,0.2762611175975186,0.015016291236420457
MAIN,0.0,0.25,400,dollars,DIFF,MIS-G-10000,DEF-0.5,0.3278470519635372,0.3279314092243564,0.32881522130417434,0.0,1.289834321188923,1.2895639777299375,1.2938851880084494,1.0,0.2637989639814625,0.26462745369728347,0.32792209704547143,0.3288882106297948,99.67523344136174,99.68899455958923,0.5175814028201761,0.010032582472840917
MAIN,0.0,0.25,400,dollars,DIFF,MIS-G-10000,DEF-0.75,0.2754625709144387,0.275550412291915,0.2760052763945866,0.0,1.0837402790274282,1.0835372986476077,1.0861149320172154,1.0,0.22164828314453122,0.22213395094560504,0.2755359736304066,0.2760767219580625,198.06397576687925,198.14550253411343,0.8337821281434393,0.005048873709261376
MAIN,0.0,0.25,400,dollars,DIFF,MIS-G-10000,RA-EST,0.25424015893558677,0.2542913623548567,0.2543478565789166,0.0,1.00024582036074,1.0001899995697983,1.0005312523015644,1.0,0.20457186384583959,0.20463024083972142,0.25431116239601037,0.25439253397816847,15345.673998775406,16026.889960125636,1.7775381216414678,6.516494568183456e-05
MAIN,0.0,0.25,400,dollars,DIFF,MIS-G-10000,SRSWOR,,,,0.0,3.934257096119832,3.9334095290251234,3.9380317656291637,1.0,0.8046405099815247,0.8054125113847873,0.9999445684013746,0.9999983163274458,,,,
MAIN,0.0,0.25,400,dollars,DIFF,MIS-G-2000,DEF-0.0,0.9999499999999999,0.9999499999999999,0.9999500000000001,0.0,3.9424708678835962,3.938296002605344,3.956559886211851,1.0,0.8063204036283801,0.8092019120341135,1.0,1.0,50.0,50.0,0.0,0.02
MAIN,0.0,0.25,400,dollars,DIFF,MIS-G-2000,DEF-0.25,0.44283908510531594,0.4432945261728874,0.44548956915125804,0.0,1.7459563008238235,1.7449087444310196,1.7583436832204593,1.0,0.3570857557036347,0.3596192428259673,0.44301873220106935,0.44574401464151925,66.5942392637912,66.60046130911388,0.2760049293688661,0.015016313889247703
MAIN,0.0,0.25,400,dollars,DIFF,MIS-G-2000,DEF-0.5,0.3276334339919796,0.3280242466878634,0.3293653728638209,0.0,1.291739549297431,1.2911705040232149,1.299488186832691,1.0,0.26418862426024114,0.26577338791592164,0.3278308582089579,0.32951036712710763,99.67478332548228,99.70266644326337,0.5170997963758264,0.01003262777849541
MAIN,0.0,0.25,400,dollars,DIFF,MIS-G-2000,DEF-0.75,0.27520988377059724,0.2755004694466943,0.2762864572228132,0.0,1.0850518040331716,1.084628055412284,1.089657174521982,1.0,0.22191651832176856,0.22285841600873596,0.2754112334845612,0.2764126939428152,198.06130984811327,198.22654481465582,0.8328905372054181,0.005048941667743114
MAIN,0.0,0.25,400,dollars,DIFF,MIS-G-2000,RA-EST,0.2539419932806763,0.254192987493726,0.25438950967700463,0.0,1.0012008760128768,1.0007375961065454,1.0029916204017149,1.0,0.2047671933447058,0.20513343923130598,0.25414153078521445,0.25449309767445427,15324.375176560727,16766.131370285162,1.7731898182569288,6.52555569908176e-05
MAIN,0.0,0.25,400,dollars,DIFF,MIS-G-2000,SRSWOR,,,,0.0,3.9426680012836615,3.9384929272517075,3.9567577240980554,1.0,0.8063607216644634,0.8092423741528211,0.9997413366127847,0.9999943071799888,,,,
MAIN,0.0,0.25,400,dollars,DIFF,MIS-I-2000,DEF-0.0,0.9999499999999999,0.9999499999999999,0.9999500000000001,0.0,3.9468878314334965,3.9423075240109116,3.965884426871209,1.0,0.8072237680289596,0.8111089818997024,1.0,1.0,50.0,50.0,0.0,0.02
MAIN,0.0,0.25,400,dollars,DIFF,MIS-I-2000,DEF-0.25,0.44319045286447106,0.44342000523119574,0.44625368693199985,0.0,1.7493103073887935,1.7461232756644116,1.7649923072825335,1.0,0.35777172245338795,0.3609790299789877,0.4433906322608722,0.4465071968735655,66.59385273504972,66.59994868189622,0.27598985785023,0.015016401048014556
MAIN,0.0,0.25,400,dollars,DIFF,MIS-I-2000,DEF-0.5,0.3278611122885837,0.3281516916383783,0.3297820337576534,0.0,1.2940919181703194,1.2921472715555054,1.304287078904968,1.0,0.26466973447833353,0.2667548649445051,0.3280826001995418,0.33006126817465087,99.67305150104215,99.70036879225391,0.5171378394462594,0.010032802096029116
MAIN,0.0,0.25,400,dollars,DIFF,MIS-I-2000,DEF-0.75,0.27534957624912443,0.2756076342939783,0.2764260037897476,0.0,1.0868219278884361,1.0856157569611673,1.0930521184770274,1.0,0.2222785468640911,0.22355275533852723,0.2755762297135524,0.2766493628945935,198.05105313164256,198.21292204025394,0.8329598599317856,0.0050492031440436715
MAIN,0.0,0.25,400,dollars,DIFF,MIS-I-2000,RA-EST,0.2539748526834078,0.25426440377553927,0.25451369693952736,0.0,1.0024508362587226,1.0020434582220594,1.0047011637092107,1.0,0.2050228371994671,0.2054830777437803,0.2541999527375194,0.254607425486922,15242.952996978143,16637.180628541835,1.7736523249450318,6.560419205822846e-05
MAIN,0.0,0.25,400,dollars,DIFF,MIS-I-2000,SRSWOR,,,,0.0,3.9470851856927816,3.942504649243375,3.9660827310077598,1.0,0.8072641312355213,0.8111495393766713,0.9997014908137171,0.9999966207031317,,,,
MAIN,0.0,0.25,400,dollars,EXP,COR-2000,ST-NEY-EST,,,,0.0,1.218062637973088,1.2102694626393724,1.2433752109450174,1.0,0.24912010533697315,0.25429707296452486,0.308106838237812,0.3152432540657499,,,,
MAIN,0.0,0.25,400,dollars,HT,COR-10000,DEF-0.0,0.99995,0.9999500000000001,0.9999500000000001,0.0,4.889214915807999,4.889214915807999,4.889214915807999,1.0,0.99995,0.9999500000000001,0.9999999999999999,0.9999999999999999,50.0,50.0,0.0,0.02
MAIN,0.0,0.25,400,dollars,HT,COR-10000,DEF-0.25,0.4046593402719477,0.40467782797647817,0.4069816001377621,0.0,1.9785654105491588,1.9786558054296521,1.989920005853246,1.0,0.4046593402719477,0.4069816001377621,0.4431529913819113,0.4453390723934078,66.59435108521393,66.60162373227368,0.2763143283259982,0.015016288674702092
MAIN,0.0,0.25,400,dollars,HT,COR-10000,DEF-0.5,0.28248013755518114,0.28247326526704397,0.2839871344109655,0.0,1.3811751607123224,1.3811415589385678,1.3885435606376955,1.0,0.28248013755518114,0.2839871344109655,0.3280364410312568,0.3294659988277424,99.67528434352752,99.70787681189056,0.5176788454176457,0.010032577349404187
MAIN,0.0,0.25,400,dollars,HT,COR-10000,DEF-0.75,0.22709033290255484,0.22707701613339665,0.2279563231784218,0.0,1.1103489603109906,1.110283848509002,1.1145831845959184,1.0,0.22709033290255484,0.2279563231784218,0.2756691578730513,0.27649731037761144,198.06427725117635,198.25744170817518,0.8339615237324335,0.00504886602410628
MAIN,0.0,0.25,400,dollars,HT,COR-10000,RA-EST,0.2046342477431873,0.20461791831410497,0.2047432680930026,0.0,1.0005508438933355,1.0004710018129956,1.0010838944663079,1.0,0.2046342477431873,0.2047432680930026,0.25448394752142844,0.25458728228940936,15348.087649449124,17066.072143515867,1.7780704194517574,6.515469880837357e-05
MAIN,0.0,0.25,400,dollars,HT,COR-2000,DEF-0.0,0.99995,0.9999500000000001,0.9999500000000001,0.0,4.889214915807999,4.889214915807999,4.889214915807999,1.0,0.99995,0.9999500000000001,0.9999999999999999,0.9999999999999999,50.0,50.0,0.0,0.02
MAIN,0.0,0.25,400,dollars,HT,COR-2000,DEF-0.25,0.40490013139185377,0.40453809586415534,0.4108350989044471,0.0,1.979742748951118,1.9779725909411416,2.0087615315776564,1.0,0.40490013139185377,0.4108350989044471,0.4433773929851486,0.4489623299286103,66.59467597247695,66.60843142705329,0.27685238059562284,0.015016215417117883
MAIN,0.0,0.25,400,dollars,HT,COR-2000,DEF-0.5,0.282780828472019,0.2825110588665689,0.28661526265510506,0.0,1.3826453767387756,1.381326349208601,1.4013936869559147,1.0,0.282780828472019,0.28661526265510506,0.32831822798611854,0.3319609040413784,99.67674004878316,99.73839847336102,0.5185703439898883,0.010032430834235767
MAIN,0.0,0.25,400,dollars,HT,COR-2000,DEF-0.75,0.22744181440343147,0.22726745263164727,0.22966468112546504,0.0,1.1120675148354338,1.1112149800333393,1.1229361313994815,1.0,0.22744181440343147,0.22966468112546504,0.2760016024983029,0.2781270308812114,198.07289975772423,198.4385606720515,0.8354624427795629,0.00504864625135365
MAIN,0.0,0.25,400,dollars,HT,COR-2000,RA-EST,0.20511937113860396,0.20500336305492825,0.20578556003667167,0.0,1.0029228350337709,1.0023556182198687,1.0061801385961275,1.0,0.20511937113860396,0.20578556003667167,0.25494637014115357,0.2555767289444798,15417.900778795381,19063.836579639366,1.7850688190160626,6.486166847153343e-05
MAIN,0.0,0.25,400,dollars,HT,COR-500,DEF-0.0,0.99995,0.9999500000000001,0.9999500000000001,0.0,4.889214915807999,4.889214915807999,4.889214915807999,1.0,0.99995,0.9999500000000001,0.9999999999999999,0.9999999999999999,50.0,50.0,0.0,0.02
MAIN,0.0,0.25,400,dollars,HT,COR-500,DEF-0.25,0.40598161943255756,0.4062909682426664,0.41692075474315293,0.0,1.985030640805587,1.9865431892495813,2.0385170986550847,1.0,0.40598161943255756,0.41692075474315293,0.44438691410298586,0.4546869976119607,66.59529973350024,66.62405562148915,0.27612921806082,0.015016074768089697
MAIN,0.0,0.25,400,dollars,HT,COR-500,DEF-0.5,0.2840427925838518,0.2839642223826317,0.2914034803838671,0.0,1.3888156990136764,1.388431533205643,1.424805483085321,1.0,0.2840427925838518,0.2914034803838671,0.3295018294664011,0.33648866421747026,99.67953491999349,99.8084951096017,0.5173198488328301,0.010032149536179391
MAIN,0.0,0.25,400,dollars,HT,COR-500,DEF-0.75,0.22886906101957874,0.2285930565533867,0.23320169937651258,0.0,1.1190459792028558,1.1176964665742886,1.140230238495343,1.0,0.22886906101957874,0.23320169937651258,0.2773502905611329,0.2814918524192299,198.08945479709146,198.85535487078707,0.833288411974425,0.005048224304269088
MAIN,0.0,0.25,400,dollars,HT,COR-500,RA-EST,0.20705124577192469,0.20634405347450377,0.20928554937077193,0.0,1.0123686575976019,1.008910869579306,1.0232931943063648,1.0,0.20705124577192469,0.20928554937077193,0.2567827405499058,0.2589297456592552,15552.34539249501,26059.662620821517,1.7755472585668968,6.429907235878333e-05
MAIN,0.0,0.25,400,dollars,HT,KS-2000,DEF-0.0,0.99995,0.9999500000000001,0.9999500000000001,0.0,4.889214915807999,4.889214915807999,4.889214915807999,1.0,0.99995,0.9999500000000001,0.9999999999999999,0.9999999999999999,50.0,50.0,0.0,0.02
MAIN,0.0,0.25,400,dollars,HT,KS-2000,DEF-0.25,0.4050513272636012,0.40490136590162085,0.4109747429678782,0.0,1.9804820150257776,1.9797487850364888,2.0094443155546866,1.0,0.4050513272636012,0.4109747429678782,0.44351961756141667,0.4490961398648081,66.59255031076935,66.60894143305843,0.27646296562944206,0.015016694740981468
MAIN,0.0,0.25,400,dollars,HT,KS-2000,DEF-0.5,0.2828916515751092,0.28273003459375634,0.28666658913504667,0.0,1.3831872418006734,1.382397022133812,1.4016446456951583,1.0,0.2828916515751092,0.28666658913504667,0.3284233334451425,0.3320024234606056,99.66721636377846,99.7406855206819,0.5179634305841432,0.010033389481962939
MAIN,0.0,0.25,400,dollars,HT,KS-2000,DEF-0.75,0.22752526437481588,0.22740629253572558,0.22979650391304254,0.0,1.1124755400815123,1.1118938321058722,1.1235806735658571,1.0,0.22752526437481588,0.22979650391304254,0.2760810494208298,0.27824748258265747,198.0165001331183,198.45214081007197,0.834445590912881,0.005050084222944406
MAIN,0.0,0.25,400,dollars,HT,KS-2000,RA-EST,0.20517286420786185,0.2050878100743494,0.20570220837251524,0.0,1.0031843872234887,1.0027685184918318,1.0057725940192477,1.0,0.20517286420786185,0.20570220837251524,0.2549970345578663,0.2555007981350615,14975.263570754281,19231.704573756248,1.7800213686296495,6.677896392587491e-05
MAIN,0.0,0.25,400,dollars,HT,MIS-G-10000,DEF-0.0,0.99995,0.9999500000000001,0.9999500000000001,0.0,4.889214915807999,4.889214915807999,4.889214915807999,1.0,0.99995,0.9999500000000001,0.9999999999999999,0.9999999999999999,50.0,50.0,0.0,0.02
MAIN,0.0,0.25,400,dollars,HT,MIS-G-10000,DEF-0.25,0.4046457549378432,0.40465006834080797,0.407094924920164,0.0,1.978498985609772,1.9785200758183954,1.9904741027745423,1.0,0.4046457549378432,0.407094924920164,0.4431405152095938,0.44544606577997514,66.59435053292191,66.59880959285728,0.27626164412465976,0.01501628879923776
MAIN,0.0,0.25,400,dollars,HT,MIS-G-10000,DEF-0.5,0.28244812457140783,0.28243937323444906,0.2840280248665468,0.0,1.3810186345282494,1.3809758452215921,1.3887434928596494,1.0,0.28244812457140783,0.2840280248665468,0.328006636064902,0.32950724475864385,99.67528186895949,99.69526352366296,0.5175880951179943,0.01003257759847552
MAIN,0.0,0.25,400,dollars,HT,MIS-G-10000,DEF-0.75,0.22704387391349026,0.2270270156712601,0.22795778823547122,0.0,1.1101218009707159,1.1100393732799652,1.1145903479328638,1.0,0.22704387391349026,0.22795778823547122,0.27562539542477327,0.27650027568853985,198.0642625947071,198.18265735453605,0.8337914896166431,0.0050488663977132815
MAIN,0.0,0.25,400,dollars,HT,MIS-G-10000,RA-EST,0.20456154707540106,0.20455293504021732,0.20460686123157273,0.0,1.0001953769306575,1.000153268734372,1.0004169386569957,1.0,0.20456154707540106,0.20460686123157273,0.2544148474473448,0.254458485679003,15347.97024786971,16357.620011957319,1.7775751629896426,6.515519695104234e-05
MAIN,0.0,0.25,400,dollars,HT,MIS-G-2000,DEF-0.0,0.99995,0.9999500000000001,0.9999500000000001,0.0,4.889214915807999,4.889214915807999,4.889214915807999,1.0,0.99995,0.9999500000000001,0.9999999999999999,0.9999999999999999,50.0,50.0,0.0,0.02
MAIN,0.0,0.25,400,dollars,HT,MIS-G-2000,DEF-0.25,0.4049160061935882,0.4051415308808717,0.40934625463361773,0.0,1.9798203681495032,1.9809230619491425,2.0014818879792218,1.0,0.4049160061935882,0.40934625463361773,0.4433939411765395,0.44756085371067095,66.59420189920843,66.60299068241345,0.27588083666360697,0.015016322314600913
MAIN,0.0,0.25,400,dollars,HT,MIS-G-2000,DEF-0.5,0.2826690851034342,0.2828314904879057,0.28554200408654834,0.0,1.382099012076115,1.3828930866080071,1.3961460327712993,1.0,0.2826690851034342,0.28554200408654834,0.3282151465272635,0.3309479523315731,99.67461591416651,99.7140044024074,0.5168678616236377,0.01003264462920183
MAIN,0.0,0.25,400,dollars,HT,MIS-G-2000,DEF-0.75,0.22722647745364705,0.22732941050887714,0.22894030707821056,0.0,1.1110146335645594,1.1115179205578696,1.1193943339131465,1.0,0.22722647745364705,0.22894030707821056,0.2757989140482515,0.2774333302233595,198.0603183382661,198.29378580959502,0.8324585359837906,0.005048966943802744
MAIN,0.0,0.25,400,dollars,HT,MIS-G-2000,RA-EST,0.20471673656138276,0.20464282777442563,0.20500200328477627,0.0,1.0009541696199302,1.0005927956076297,1.0023489696789327,1.0,0.20471673656138276,0.20500200328477627,0.25456335353095866,0.2548386990002994,15316.48269107901,17432.78697486349,1.771055993063323,6.52892584036581e-05
MAIN,0.0,0.25,400,dollars,HT,MIS-I-2000,DEF-0.0,0.99995,0.9999500000000001,0.9999500000000001,0.0,4.889214915807999,4.889214915807999,4.889214915807999,1.0,0.99995,0.9999500000000001,0.9999999999999999,0.9999999999999999,50.0,50.0,0.0,0.02
MAIN,0.0,0.25,400,dollars,HT,MIS-I-2000,DEF-0.25,0.40557112593758227,0.4053238977743846,0.41108115209426704,0.0,1.9830235495325486,1.9818147374688313,2.00996459865676,1.0,0.40557112593758227,0.41108115209426704,0.4440098889759142,0.44919572518233614,66.59365226191551,66.60224908298692,0.27589650556950224,0.015016446253333305
MAIN,0.0,0.25,400,dollars,HT,MIS-I-2000,DEF-0.5,0.2831459871481848,0.2829631338313273,0.2867040812121409,0.0,1.3844308052563479,1.38353675138947,1.4018279616835116,1.0,0.2831459871481848,0.2867040812121409,0.3286671629512391,0.33204968063509177,99.6721533070704,99.71067999292183,0.5169728144608527,0.010032892506666613
MAIN,0.0,0.25,400,dollars,HT,MIS-I-2000,DEF-0.75,0.22757619089060183,0.22744609877769012,0.22968425142538768,0.0,1.1127245432122597,1.1120884631093775,1.1230318195861793,1.0,0.22757619089060183,0.22968425142538768,0.276131982979434,0.2781459183140593,198.0457338806255,198.27406690779242,0.8326283051427834,0.0050493387599999185
MAIN,0.0,0.25,400,dollars,HT,MIS-I-2000,RA-EST,0.20491991873618465,0.2048473525785573,0.20527848800636858,0.0,1.0019476206121476,1.0015928113314292,1.0037008304967756,1.0,0.20491991873618465,0.20527848800636858,0.25475662632361895,0.25509659248497796,15201.084094904068,17231.920769774122,1.7718987658847314,6.57850133332247e-05
MAIN,0.0,0.25,400,rate,DIFF,COR-10000,DEF-0.0,0.9999499999999999,0.9999499999999999,0.9999500000000001,0.0,1.0004608471773904,1.0003834303450776,1.0009299770037978,0.995,1.0004608471773904,1.0009299770037978,1.0,1.0,50.0,50.0,0.0,0.02
MAIN,0.0,0.25,400,rate,DIFF,COR-10000,DEF-0.25,0.9999612566045554,0.9999585761604459,0.9999759481065058,0.005,1.0004721123731308,1.0003947472573302,1.000953176787843,0.995,1.0004721123731308,1.000953176787843,1.0000112563715733,1.0000259974665056,50.74761830533305,51.84106110590179,0.003026273391856654,0.0197053582745558
MAIN,0.0,0.25,400,rate,DIFF,COR-10000,DEF-0.5,0.999994668254428,0.9999858613500309,1.0000441946316938,0.315,1.0005055493378436,1.00042227343559,1.0010301421214047,0.995,1.0005055493378436,1.0010301421214047,1.0000446658520055,1.0000942705601454,51.51793333610139,53.82289463802828,0.0060503965841089465,0.019410716549111598
MAIN,0.0,0.25,400,rate,DIFF,COR-10000,DEF-0.75,1.0000504027379984,1.0000329134510082,1.0001518777163607,0.725,1.0005613260290271,1.0004718332741265,1.0011427490740077,0.995,1.0005613260290271,1.0011427490740077,1.0001003962151214,1.0002019869301053,52.31199458931593,55.9622893584904,0.009072729135883544,0.019116074823667402
MAIN,0.0,0.25,400,rate,DIFF,COR-10000,RA-EST,1.0001286630061188,1.0000962332767713,1.0003014125079182,0.92,1.0006396456023943,1.000538472256686,1.001309886203088,0.995,1.0006396456023943,1.001309886203088,1.0001786503943828,1.0003514618973124,53.1309172800312,58.278814449333545,0.012106590723552574,0.0188214330982232
MAIN,0.0,0.25,400,rate,DIFF,COR-10000,SRSWOR,,,,0.0,1.0005108727210266,1.0004334520176787,1.0009800260050983,1.0,1.0005108727210266,1.0009800260050983,0.9999017320742702,0.999997473982235,,,,
MAIN,0.0,0.25,400,rate,DIFF,COR-2000,DEF-0.0,0.9999499999999999,0.9999499999999999,0.9999500000000001,0.0,1.0025849656365684,1.0021158868087683,1.0051264311186925,1.0,1.0025849656365684,1.0051264311186925,1.0,1.0,50.0,50.0,0.0,0.02
MAIN,0.0,0.25,400,rate,DIFF,COR-2000,DEF-0.25,1.0000122173534018,0.9999928302470152,1.0001011600666811,0.415,1.002647419324141,1.0021605062636927,1.0051828643330916,1.0,1.002647419324141,1.0051828643330916,1.0000622360370826,1.000151497641675,51.88752491942033,54.57650810002506,0.006704336481753014,0.019272456558328904
MAIN,0.0,0.25,400,rate,DIFF,COR-2000,DEF-0.5,1.0001952221713117,1.0001265482247503,1.000482600253393,0.885,1.0028311311693254,1.0022951260029591,1.0056388128827787,1.0,1.0028311311693254,1.0056388128827787,1.0002451867977247,1.0005334511642592,53.92315918668395,60.07520243764224,0.013466818577140265,0.01854491311665781
MAIN,0.0,0.25,400,rate,DIFF,COR-2000,DEF-0.75,1.0005031768402657,1.0003617758209717,1.0011622622163772,0.99,1.0031402831149345,1.002514965197249,1.0062995155946588,1.0,1.0031402831149345,1.0062995155946588,1.0005530117666028,1.0012122986360557,56.125048455150974,66.80605022094159,0.020169431059052254,0.01781736967498672
MAIN,0.0,0.25,400,rate,DIFF,COR-2000,RA-EST,1.000941944697845,1.0006819797131117,1.002103495340021,1.0,1.0035807666380034,1.002876857249042,1.0072876283807886,1.0,1.0035807666380034,1.0072876283807886,1.0009915700675451,1.002155426568095,58.51442895030444,75.23546291886983,0.02687427455824702,0.017089826233315626
MAIN,0.0,0.25,400,rate,DIFF,COR-2000,SRSWOR,,,,0.0,1.002635097391438,1.0021659951085238,1.0051766899531904,1.0,1.002635097391438,1.0051766899531904,0.9994433353122832,0.9999920206554426,,,,
MAIN,0.0,0.25,400,rate,DIFF,COR-500,DEF-0.0,0.9999499999999999,0.9999499999999999,0.9999500000000001,0.0,1.0100756319068944,1.0082857592713368,1.0188118490918059,1.0,1.0100756319068944,1.0188118490918059,1.0,1.0,50.0,50.0,0.0,0.02
MAIN,0.0,0.25,400,rate,DIFF,COR-500,DEF-0.25,1.0002340509099255,1.00011028473325,1.0007243151486314,0.715,1.0103637326519668,1.0083600723302846,1.0191109002478385,1.0,1.0103637326519668,1.0191109002478385,1.000283450869336,1.0007742219755749,54.319548533782296,58.607005493773435,0.01308569025630796,0.018409578657430987
MAIN,0.0,0.25,400,rate,DIFF,COR-500,DEF-0.5,1.0010568469668537,1.0006497078688104,1.002491045508711,0.945,1.0111983457242801,1.0091930132778608,1.02102105574296,1.0,1.0111983457242801,1.02102105574296,1.001104633477467,1.002537095057303,59.456011251884746,70.79341263373794,0.0261921166270983,0.01681915731486197
MAIN,0.0,0.25,400,rate,DIFF,COR-500,DEF-0.75,1.0025100358114025,1.0015926649781177,1.0054746217515826,0.995,1.0126726833349364,1.0103226105462364,1.0230645675226442,1.0,1.0126726833349364,1.0230645675226442,1.0025549849174866,1.005526984384488,65.66533294833934,89.37828224233283,0.039379107815042266,0.01522873597229296
MAIN,0.0,0.25,400,rate,DIFF,COR-500,RA-EST,1.0047956415013903,1.0030170394984634,1.0102527901325202,0.995,1.0149925364786947,1.0118916767438737,1.0272348850939947,1.0,1.0149925364786947,1.0272348850939947,1.0048359277700314,1.0102977963033521,73.32284575145471,121.19488419972623,0.053090346610944576,0.013638314629723945
MAIN,0.0,0.25,400,rate,DIFF,COR-500,SRSWOR,,,,0.0,1.0101261382138051,1.0083361760801406,1.0188627922314173,1.0,1.0101261382138051,1.0188627922314173,0.9980441617445923,0.9999824488373064,,,,
MAIN,0.0,0.25,400,rate,DIFF,KS-2000,DEF-0.0,0.9999499999999999,0.9999499999999999,0.9999500000000001,0.0,1.0028077813732819,1.0024828777909438,1.0053653581657687,1.0,1.0028077813732819,1.0053653581657687,1.0,1.0,50.0,50.0,0.0,0.02
MAIN,0.0,0.25,400,rate,DIFF,KS-2000,DEF-0.25,1.000020348014453,0.9999962337092547,1.0000822953120403,0.465,1.0028784097839167,1.0025587147218031,1.0055144510395642,1.0,1.0028784097839167,1.0055144510395642,1.0000703831490514,1.0001325890147688,51.89719676836073,54.09796822508089,0.007296907180605928,0.019268864254383754
MAIN,0.0,0.25,400,rate,DIFF,KS-2000,DEF-0.5,1.000223339597767,1.00014551384674,1.0004472076539699,0.945,1.003082203111492,1.0027230555106152,1.0058641919063538,1.0,1.003082203111492,1.0058641919063538,1.0002733356825262,1.0004978800341218,53.944050974463195,58.92766340158729,0.01461817755877148,0.01853772850876751
MAIN,0.0,0.25,400,rate,DIFF,KS-2000,DEF-0.75,1.000563482651937,1.0003933386234993,1.0010729253133734,1.0,1.0034236912289338,1.0029687599392876,1.0064545361520767,1.0,1.0034236912289338,1.0064545361520767,1.0006133609949093,1.0011239370016454,56.15899862630698,64.704290570101,0.02195478669793654,0.017806592763151264
MAIN,0.0,0.25,400,rate,DIFF,KS-2000,RA-EST,1.0010470624901526,1.000785458266098,1.001964028387379,1.0,1.0039091902706492,1.00337010052483,1.0072437838142538,1.0,1.0039091902706492,1.0072437838142538,1.0010967376910385,1.0020122933492557,58.56363364675303,71.73662251075102,0.029231850261587037,0.017075457017535017
MAIN,0.0,0.25,400,rate,DIFF,KS-2000,SRSWOR,,,,0.0,1.0028579242694955,1.0025330044411658,1.0054156289472163,1.0,1.0028579242694955,1.0054156289472163,0.9994679601122682,0.9999939116054378,,,,
MAIN,0.0,0.25,400,rate,DIFF,MIS-G-10000,DEF-0.0,0.9999499999999999,0.9999499999999999,0.9999500000000001,0.0,1.0001413734303926,1.0001091847136383,1.0003814334632855,0.81,1.0001413734303926,1.0003814334632855,1.0,1.0,50.0,50.0,0.0,0.02
MAIN,0.0,0.25,400,rate,DIFF,MIS-G-10000,DEF-0.25,0.9999539687892799,0.9999531534504651,0.999958301069322,0.0,1.0001453435737722,1.0001122315297546,1.0003896028114396,0.815,1.0001453435737722,1.0003896028114396,1.000003967231372,1.0000082919279647,50.38257512441451,50.643681083983,0.001796947630704491,0.01984813236622397
MAIN,0.0,0.25,400,rate,DIFF,MIS-G-10000,DEF-0.5,0.9999660306815937,0.9999626414203254,0.9999848357689282,0.025,1.0001574096420507,1.0001217733825456,1.0004190209224928,0.82,1.0001574096420507,1.0004190209224928,1.000016027024481,1.0000347925873638,50.771052019559136,51.304151382732904,0.0035941689821294993,0.01969626473244794
MAIN,0.0,0.25,400,rate,DIFF,MIS-G-10000,DEF-0.75,0.9999861928355561,0.9999788138971659,1.0000299371797832,0.26,1.0001775787973977,1.0001379484330337,1.0004612328456333,0.825,1.0001775787973977,1.0004612328456333,1.000036186537396,1.0000798728571674,51.16556836114256,51.982076451522346,0.005391715704485177,0.019544397098671912
MAIN,0.0,0.25,400,rate,DIFF,MIS-G-10000,RA-EST,1.0000144645110283,1.0000015595384155,1.0000920008845442,0.505,1.0002058603042956,1.0001609889881165,1.0005209388423733,0.855,1.0002058603042956,1.0005209388423733,1.0000644550292728,1.0001420356593433,51.566266142238696,52.678157495282164,0.007189639552818559,0.01939252946489588
MAIN,0.0,0.25,400,rate,DIFF,MIS-G-10000,SRSWOR,,,,0.0,1.0001913829995428,1.000159192673272,1.0004314550360374,1.0,1.0001913829995428,1.0004314550360374,0.9999232735808999,0.9999989149090794,,,,
MAIN,0.0,0.25,400,rate,DIFF,MIS-G-2000,DEF-0.0,0.9999499999999999,0.9999499999999999,0.9999500000000001,0.0,1.0008688719370478,1.0005243049703347,1.002179089664553,0.955,1.0008688719370478,1.002179089664553,1.0,1.0,50.0,50.0,0.0,0.02
MAIN,0.0,0.25,400,rate,DIFF,MIS-G-2000,DEF-0.25,0.9999702695465505,0.9999612270206614,1.00000067807271,0.105,1.0008891808429718,1.0005349445563818,1.0022274156677298,0.96,1.0008891808429718,1.0022274156677298,1.0000202723306546,1.00005070077421,50.731545330454324,51.541817516041554,0.0034405155630949343,0.01971160143756285
MAIN,0.0,0.25,400,rate,DIFF,MIS-G-2000,DEF-0.5,1.0000304879904645,0.9999978918303573,1.000151936852382,0.48,1.0009495165965558,1.0005766731706043,1.0023732366591607,0.96,1.0009495165965558,1.0023732366591607,1.0000804744345047,1.0002020449576634,51.48481504902412,53.18175589336503,0.00688239364431115,0.019423202875125705
MAIN,0.0,0.25,400,rate,DIFF,MIS-G-2000,DEF-0.75,1.0001308594597689,1.0000583535899246,1.0004017374838154,0.75,1.0010500839142626,1.0006424413636352,1.0026268796842128,0.96,1.0010500839142626,1.0026268796842128,1.0001808103382384,1.000451921660351,52.260791460223935,54.92949034065232,0.010326001587247637,0.019134804312688557
MAIN,0.0,0.25,400,rate,DIFF,MIS-G-2000,RA-EST,1.0002716518924253,1.0001434113791592,1.000751592781156,0.855,1.00119115150968,1.0007165050887632,1.002983880783997,0.97,1.00119115150968,1.002983880783997,1.0003215478456695,1.0008018967367371,53.060516997479525,56.79601144697331,0.01377170876084925,0.01884640575025141
MAIN,0.0,0.25,400,rate,DIFF,MIS-G-2000,SRSWOR,,,,0.0,1.0009189178829418,1.0005743336870192,1.0022292011246094,1.0,1.0009189178829418,1.0022292011246094,0.9995046877427428,0.9999883013106085,,,,
MAIN,0.0,0.25,400,rate,DIFF,MIS-I-2000,DEF-0.0,0.9999499999999999,0.9999499999999999,0.9999500000000001,0.0,1.0017656341717256,1.0014646382879553,1.0034696835038064,1.0,1.0017656341717256,1.0034696835038064,1.0,1.0,50.0,50.0,0.0,0.02
MAIN,0.0,0.25,400,rate,DIFF,MIS-I-2000,DEF-0.25,0.999990346665361,0.9999745040456145,1.0000446423618348,0.29,1.0018060917765996,1.0015074295007038,1.0035766575868568,1.0,1.0018060917765996,1.0035766575868568,1.0000403387954744,1.0000950318555448,51.018736170149396,51.91869702533379,0.005512057345097191,0.019600642335664834
MAIN,0.0,0.25,400,rate,DIFF,MIS-I-2000,DEF-0.5,1.0001102211598767,1.0000613754391998,1.000289227487687,0.835,1.0019262993297078,1.0016012688779992,1.0038250508131121,1.0,1.0019262993297078,1.0038250508131121,1.0001601544254433,1.0003396864861385,52.079848691741226,53.990528483675334,0.011014862887018646,0.01920128467132967
MAIN,0.0,0.25,400,rate,DIFF,MIS-I-2000,DEF-0.75,1.0003103501297688,1.0002144690148307,1.000678053619936,0.96,1.0021269860573567,1.0017404021692422,1.004229741188251,1.0,1.0021269860573567,1.004229741188251,1.000360173239501,1.0007282947267344,53.18603781920834,56.23458954930206,0.016509780711623127,0.01880192700699451
MAIN,0.0,0.25,400,rate,DIFF,MIS-I-2000,RA-EST,1.0005916627183566,1.0004189013806677,1.0012409294576603,0.995,1.0024090844266438,1.001978742385748,1.0047354365532954,1.0,1.0024090844266438,1.0047354365532954,1.0006413239579388,1.0012916667895146,54.34023820210268,58.673287913564145,0.021991281450268796,0.018402569342659346
MAIN,0.0,0.25,400,rate,DIFF,MIS-I-2000,SRSWOR,,,,0.0,1.0018157249579736,1.0015147140236567,1.0035198594967816,1.0,1.0018157249579736,1.0035198594967816,0.9994334536656991,0.9999891807172646,,,,
MAIN,0.0,0.25,400,rate,EXP,COR-2000,ST-NEY-EST,,,,0.0,1.0007744485577,1.0005909284998764,1.001548336649119,1.0,1.0007744485577,1.001548336649119,0.9975918260768438,0.9998806103744422,,,,
MAIN,0.0,0.25,400,rate,HT,COR-10000,DEF-0.0,0.99995,0.99995,0.99995,0.0,0.99995,0.99995,0.99995,0.0,0.99995,0.99995,0.9999999999999999,0.9999999999999999,50.0,50.0,0.0,0.02
MAIN,0.0,0.25,400,rate,HT,COR-10000,DEF-0.25,0.9999825717837504,0.999977753537222,1.0000141453137905,0.16,0.9999825717837504,0.999977753537222,1.0000141453137905,0.16,0.9999825717837504,1.0000141453137905,1.0000245515028812,1.0000483468537122,51.06088641962465,52.441380129886014,0.004527844227079449,0.019584462279860347
MAIN,0.0,0.25,400,rate,HT,COR-10000,DEF-0.5,1.0000804699173016,1.00006098237249,1.0002100269739402,0.835,1.0000804699173016,1.00006098237249,1.0002100269739402,0.835,1.0000804699173016,1.0002100269739402,1.0000983430993147,1.00019599034069,52.1677684025495,55.1334326023243,0.009054405946087276,0.019168924559720694
MAIN,0.0,0.25,400,rate,HT,COR-10000,DEF-0.75,1.0002441164392202,1.0002003404351845,1.0005380844031666,0.98,1.0002441164392202,1.0002003404351845,1.0005380844031666,0.98,1.0002441164392202,1.0005380844031666,1.0002216913214195,1.0004432691411564,53.3237035218214,58.116857659927845,0.013598387705502766,0.01875338683958104
MAIN,0.0,0.25,400,rate,HT,COR-10000,RA-EST,1.0004741405497146,1.0003951441522072,1.0009960754939937,0.995,1.0004741405497146,1.0003951441522072,1.0009960754939937,0.995,1.0004741405497146,1.0009960754939937,1.0003950680746752,1.0007887318565483,54.53202649906616,61.441671695172836,0.018134330799738176,0.018337849119441384
MAIN,0.0,0.25,400,rate,HT,COR-2000,DEF-0.0,0.99995,0.99995,0.99995,0.0,0.99995,0.99995,0.99995,0.0,0.99995,0.99995,0.9999999999999999,0.9999999999999999,50.0,50.0,0.0,0.02
MAIN,0.0,0.25,400,rate,HT,COR-2000,DEF-0.25,1.0001203355204724,1.000088641163242,1.0002891441570005,0.87,1.0001203355204724,1.000088641163242,1.0002891441570005,0.87,1.0001203355204724,1.0002891441570005,1.0001283926441957,1.000255627627826,52.52907347114028,55.499828392987276,0.010120093749174483,0.01903707696064485
MAIN,0.0,0.25,400,rate,HT,COR-2000,DEF-0.5,1.0006341325392594,1.0005071948007762,1.0013299054966085,0.995,1.0006341325392594,1.0005071948007762,1.0013299054966085,0.995,1.0006341325392594,1.0013299054966085,1.0005156634490169,1.001040134221872,55.32762794850693,62.359144181785055,0.020287012197697615,0.0180741539212897
MAIN,0.0,0.25,400,rate,HT,COR-2000,DEF-0.75,1.0014996748223828,1.001211062888066,1.0031398498971238,1.0,1.0014996748223828,1.001211062888066,1.0031398498971238,1.0,1.0014996748223828,1.0031398498971238,1.0011680253266013,1.0024035505810651,58.441158713953186,71.15312012125798,0.030518831425373347,0.01711123088193455
MAIN,0.0,0.25,400,rate,HT,COR-2000,RA-EST,1.0027319824870777,1.002197923843665,1.0058083861070117,1.0,1.0027319824870777,1.002197923843665,1.0058083861070117,1.0,1.0027319824870777,1.0058083861070117,1.0020967435109258,1.0044139372148322,61.92601284620967,82.8346717722851,0.0407504300322995,0.016148307842579403
MAIN,0.0,0.25,400,rate,HT,COR-500,DEF-0.0,0.99995,0.99995,0.99995,0.0,0.99995,0.99995,0.99995,0.0,0.99995,0.99995,0.9999999999999999,0.9999999999999999,50.0,50.0,0.0,0.02
MAIN,0.0,0.25,400,rate,HT,COR-500,DEF-0.25,1.0006133662910213,1.000480256452985,1.0011703627534778,0.995,1.0006133662910213,1.000480256452985,1.0011703627534778,0.995,1.0006133662910213,1.0011703627534778,1.000500001282751,1.0009195407452558,55.2151424061114,59.53592457345294,0.01979044953537127,0.018110976701976797
MAIN,0.0,0.25,400,rate,HT,COR-500,DEF-0.5,1.002655999344052,1.0020740497712395,1.004911477395088,1.0,1.002655999344052,1.0020740497712395,1.004911477395088,1.0,1.002655999344052,1.004911477395088,1.002039406193859,1.0037397403955852,61.644905606065564,73.56639681257724,0.03961279772207811,0.016221953403953597
MAIN,0.0,0.25,400,rate,HT,COR-500,DEF-0.75,1.0062387853548476,1.0047073557808326,1.0117367849105454,1.0,1.0062387853548476,1.0047073557808326,1.0117367849105454,1.0,1.0062387853548476,1.0117367849105454,1.004738880664026,1.0088791573759115,69.76956274490426,96.248762073614,0.059285187388122634,0.014332930105930397
MAIN,0.0,0.25,400,rate,HT,COR-500,RA-EST,1.011757878146535,1.0086335766550474,1.0222114493177779,1.0,1.011757878146535,1.0086335766550474,1.0222114493177779,1.0,1.011757878146535,1.0222114493177779,1.0088955422012367,1.0167657866827557,80.3610442123809,139.15317682075494,0.08007918630930178,0.012443906807907194
MAIN,0.0,0.25,400,rate,HT,KS-2000,DEF-0.0,0.99995,0.99995,0.99995,0.0,0.99995,0.99995,0.99995,0.0,0.99995,0.99995,0.9999999999999999,0.9999999999999999,50.0,50.0,0.0,0.02
MAIN,0.0,0.25,400,rate,HT,KS-2000,DEF-0.25,1.0001360644634372,1.0001126726088065,1.0002902400992186,0.945,1.0001360644634372,1.0001126726088065,1.0002902400992186,0.945,1.0001360644634372,1.0002902400992186,1.0001402480251997,1.000256448645294,52.53228078355106,54.98111139222493,0.010961967843963253,0.01903591443286267
MAIN,0.0,0.25,400,rate,HT,KS-2000,DEF-0.5,1.0006977191490893,1.0006010430030816,1.001324235174642,1.0,1.0006977191490893,1.0006010430030816,1.001324235174642,1.0,1.0006977191490893,1.001324235174642,1.000563588104699,1.001035949729031,55.33474315873067,61.064504249083626,0.021929876229051633,0.01807182886572534
MAIN,0.0,0.25,400,rate,HT,KS-2000,DEF-0.75,1.0016443447360104,1.0014244981319922,1.003026132367156,1.0,1.0016443447360104,1.0014244981319922,1.003026132367156,1.0,1.0016443447360104,1.003026132367156,1.0012770558449757,1.0023189646212884,58.453064461722214,68.6615948850494,0.03300597257848489,0.01710774329858801
MAIN,0.0,0.25,400,rate,HT,KS-2000,RA-EST,1.0029922511028642,1.0025703006118565,1.0054932902002671,1.0,1.0029922511028642,1.0025703006118565,1.0054932902002671,1.0,1.0029922511028642,1.0054932902002671,1.0022928838170218,1.0041781991272378,61.943833312838535,78.41763932423594,0.043994515721156514,0.01614365773145068
MAIN,0.0,0.25,400,rate,HT,MIS-G-10000,DEF-0.0,0.99995,0.99995,0.99995,0.0,0.99995,0.99995,0.99995,0.0,0.99995,0.99995,0.9999999999999999,0.9999999999999999,50.0,50.0,0.0,0.02
MAIN,0.0,0.25,400,rate,HT,MIS-G-10000,DEF-0.25,0.999962095278254,0.9999599683498144,0.9999766307282658,0.01,0.999962095278254,0.9999599683498144,0.9999766307282658,0.01,0.999962095278254,0.9999766307282658,1.0000091170520595,1.0000200734204945,50.55988705177114,50.931295223759825,0.002713584570969024,0.019778525514338362
MAIN,0.0,0.25,400,rate,HT,MIS-G-10000,DEF-0.5,0.9999983846351925,0.9999898776066356,1.0000565441480465,0.395,0.9999983846351925,0.9999898776066356,1.0000565441480465,0.395,0.9999983846351925,1.0000565441480465,1.0000364708500529,1.000080309608698,51.13245673995448,51.89794132812992,0.005427454058053279,0.01955705102867672
MAIN,0.0,0.25,400,rate,HT,MIS-G-10000,DEF-0.75,1.0000588839691391,1.0000397380109574,1.0001898002513876,0.66,1.0000588839691391,1.0000397380109574,1.0001898002513876,0.66,1.0000588839691391,1.0001898002513876,1.000082073318267,1.0001807535600966,51.7181449940955,52.90199007200639,0.008141785809812037,0.019335576543015077
MAIN,0.0,0.25,400,rate,HT,MIS-G-10000,RA-EST,1.0001436233777958,1.0001095650536325,1.0003764967175734,0.805,1.0001436233777958,1.0001095650536325,1.0003764967175734,0.805,1.0001436233777958,1.0003764967175734,1.000145947030886,1.0003214785365704,52.317407956574286,53.94565512504353,0.010856757498800378,0.01911410205735344
MAIN,0.0,0.25,400,rate,HT,MIS-G-2000,DEF-0.0,0.99995,0.99995,0.99995,0.0,0.99995,0.99995,0.99995,0.0,0.99995,0.99995,0.9999999999999999,0.9999999999999999,50.0,50.0,0.0,0.02
MAIN,0.0,0.25,400,rate,HT,MIS-G-2000,DEF-0.25,1.0000088208594562,0.9999858628108922,1.0000986079667393,0.375,1.0000088208594562,0.9999858628108922,1.0000986079667393,0.375,1.0000088208594562,1.0000986079667393,1.000044337390467,1.00011201617391,51.03173983590804,52.111849660961184,0.005146695663618282,0.019595647822670252
MAIN,0.0,0.25,400,rate,HT,MIS-G-2000,DEF-0.5,1.000185386968888,1.0000934685053213,1.0005447898675317,0.8,1.000185386968888,1.0000934685053213,1.0005447898675317,0.8,1.000185386968888,1.0005447898675317,1.0001774272151938,1.0004483332111311,52.106956464198326,54.409963675847656,0.010294010326234032,0.019191295645340504
MAIN,0.0,0.25,400,rate,HT,MIS-G-2000,DEF-0.75,1.0004801474941811,1.0002728941042953,1.0012899675703946,0.925,1.0004801474941811,1.0002728941042953,1.0012899675703946,0.925,1.0004801474941811,1.0012899675703946,1.0003996063636782,1.0010100175578625,53.22845716731251,56.92012170670194,0.015443160277691294,0.018786943468010756
MAIN,0.0,0.25,400,rate,HT,MIS-G-2000,RA-EST,1.0008939512649473,1.0005242850561245,1.0023367620954087,0.955,1.0008939512649473,1.0005242850561245,1.0023367620954087,0.955,1.0008939512649473,1.0023367620954087,1.0007115114832694,1.0017990350544754,54.399296232196754,59.673090865162195,0.020595365700264462,0.018382591290681007
MAIN,0.0,0.25,400,rate,HT,MIS-I-2000,DEF-0.0,0.99995,0.99995,0.99995,0.0,0.99995,0.99995,0.99995,0.0,0.99995,0.99995,0.9999999999999999,0.9999999999999999,50.0,50.0,0.0,0.02
MAIN,0.0,0.25,400,rate,HT,MIS-I-2000,DEF-0.25,1.0000662895348809,1.0000452190766107,1.0001667709933135,0.77,1.0000662895348809,1.0000452190766107,1.0001667709933135,0.77,1.0000662895348809,1.0001667709933135,1.0000876552999771,1.00016339742188,51.42786152276746,52.54834796326213,0.008386609614959722,0.019444713455983392
MAIN,0.0,0.25,400,rate,HT,MIS-I-2000,DEF-0.5,1.0004157555439506,1.0003314186481722,1.0008158664675404,0.99,1.0004157555439506,1.0003314186481722,1.0008158664675404,0.99,1.0004157555439506,1.0008158664675404,1.000351069267472,1.000652676590442,52.93967550769456,55.37040956209348,0.01678503405606098,0.018889426911966788
MAIN,0.0,0.25,400,rate,HT,MIS-I-2000,DEF-0.75,1.0010001834211502,1.0008097055785958,1.0019053420569795,1.0,1.0010001834211502,1.0008097055785958,1.0019053420569795,1.0,1.0010001834211502,1.0019053420569795,1.0007915809906727,1.0014737837904977,54.543070653580735,58.512786179939475,0.025199534345247302,0.018334140367950183
MAIN,0.0,0.25,400,rate,HT,MIS-I-2000,RA-EST,1.001822589689996,1.0014822962776693,1.0034478549429675,1.0,1.001822589689996,1.0014822962776693,1.0034478549429675,1.0,1.001822589689996,1.0034478549429675,1.0014114529334406,1.002636439052455,56.2466288615908,62.03329459147786,0.033642102296997364,0.017778853823933575
MAIN,0.0,0.7,100,dollars,DIFF,COR-10000,DEF-0.0,0.99995,0.99995,0.9999500000000002,0.0,3.769260884815387,3.768434646298083,3.7732730580373475,1.0,0.37004688213629455,0.3704407769174593,1.0,1.0,200.0,200.0,0.0,0.005
MAIN,0.0,0.7,100,dollars,DIFF,COR-10000,DEF-0.25,0.45142995328638685,0.45157312084357726,0.45244382502870406,0.0,1.7016412985482197,1.7012948743994256,1.7061009927642714,1.0,0.16705849668799602,0.16749632680651594,0.4515178182482742,0.45256352017610235,266.3763624959761,266.39030525477745,0.2761778706015075,0.0037540868515133635
MAIN,0.0,0.7,100,dollars,DIFF,COR-10000,DEF-0.5,0.33799423489618263,0.33812269946372,0.33864569693821145,0.0,1.2740512561177195,1.273893343331855,1.276873152020026,1.0,0.1250798788981366,0.12535691829983162,0.33808870730197055,0.3387399398428774,398.69646938494043,398.75894599356707,0.517426601635278,0.002508173703026728
MAIN,0.0,0.7,100,dollars,DIFF,COR-10000,DEF-0.75,0.28637878772223774,0.2864944825279835,0.28673878833853506,0.0,1.079489573495959,1.0794210947656249,1.0810794996423083,1.0,0.10597880146212885,0.1061348923327963,0.28647562209321925,0.2868477868031839,792.2294619849107,792.5995974801828,0.8335054239365545,0.0012622605545400917
MAIN,0.0,0.7,100,dollars,DIFF,COR-10000,RA-EST,0.26545195693614704,0.2655332767947115,0.265587971812233,0.0,1.0006071266873315,1.0005173416430067,1.0010696862501738,1.0,0.0982345236345026,0.09827993538212709,0.26554915325560763,0.2656489767248185,61171.78971923726,64261.36882349983,1.7761187849442304,1.634740605345564e-05
MAIN,0.0,0.7,100,dollars,DIFF,COR-10000,SRSWOR,,,,0.0,3.7694493572832513,3.768623077451956,3.773461731123904,1.0,0.37006538540556483,0.37045929988245346,0.9999276937529621,0.9999993463396142,,,,
MAIN,0.0,0.7,100,dollars,DIFF,COR-2000,DEF-0.0,0.99995,0.99995,0.9999500000000002,0.0,3.781901331855621,3.779344842853396,3.800497340890286,1.0,0.3712878570008605,0.3731135186819551,1.0,1.0,200.0,200.0,0.0,0.005
MAIN,0.0,0.7,100,dollars,DIFF,COR-2000,DEF-0.25,0.45136516791457326,0.45160213157556983,0.45337937542702056,0.0,1.707103323362154,1.704825595050539,1.7189099590918058,1.0,0.16759473053179547,0.1687538460384661,0.4515508446323462,0.4537703877530519,266.3742317581286,266.40700998239026,0.2761834580366511,0.0037541168806000673
MAIN,0.0,0.7,100,dollars,DIFF,COR-2000,DEF-0.5,0.33784775796845695,0.3381336332880507,0.3390277278274729,0.0,1.2777681600784014,1.2764032131249161,1.2853096472690884,1.0,0.12544478564348588,0.12618517053773054,0.33805930887164304,0.33935430478129136,398.6869228337413,398.8338159926154,0.5174448953346844,0.0025082337612001345
MAIN,0.0,0.7,100,dollars,DIFF,COR-2000,DEF-0.75,0.28618290376664474,0.28638493891369454,0.2869007430695148,0.0,1.082365620563792,1.0816097371731308,1.086840666391514,1.0,0.10626115715011433,0.10670049441186683,0.28640510659228435,0.2870700776966203,792.1729247739797,793.0434592687238,0.8335446513610086,0.0012623506418002022
MAIN,0.0,0.7,100,dollars,DIFF,COR-2000,RA-EST,0.26520417292745385,0.2654316699456112,0.26568099881481616,0.0,1.0030203529733235,1.0026478325285968,1.0056673338849453,1.0,0.09847144192970952,0.09873130906635853,0.26542977516152527,0.2658237657389289,60725.592458467254,68400.28901136096,1.776099217123661,1.646752240026957e-05
MAIN,0.0,0.7,100,dollars,DIFF,COR-2000,SRSWOR,,,,0.0,3.78209043637744,3.779533819544373,3.8006873752590487,1.0,0.37130642232197664,0.3731321752907196,0.9997458595490235,0.9999953525128463,,,,
MAIN,0.0,0.7,100,dollars,DIFF,COR-500,DEF-0.0,0.99995,0.99995,0.9999500000000001,0.0,3.837146925285862,3.8196058775251034,3.9147310372410944,1.0,0.3767115886621491,0.384328402570681,1.0,1.0,200.0,200.0,0.0,0.005
MAIN,0.0,0.7,100,dollars,DIFF,COR-500,DEF-0.25,0.45071979302248794,0.4512830130282153,0.45614578432950365,0.0,1.729490157985707,1.7209347269208717,1.7628931563196601,1.0,0.16979255620810238,0.17307189286460148,0.4513323863443726,0.45706723618803063,266.37432374325476,266.4377548348291,0.27658860657476714,0.0037541155842179316
MAIN,0.0,0.7,100,dollars,DIFF,COR-500,DEF-0.5,0.33705010813902114,0.3379338407731637,0.3408479343154526,0.0,1.2932881482974894,1.287350605299673,1.3173904774051883,1.0,0.1269684592301039,0.12933470343847303,0.33777196231874834,0.341463838355058,398.6873349573226,398.9716622555439,0.5181357477632658,0.002508231168435864
MAIN,0.0,0.7,100,dollars,DIFF,COR-500,DEF-0.75,0.2853429730436621,0.28628819796203103,0.2879435169562058,0.0,1.0948645694733028,1.0907911393193779,1.112242159271879,1.0,0.10748824044715491,0.1091942839184127,0.28611112718947984,0.2882599232415378,792.1753653684556,793.861535760744,0.8347253593298125,0.0012623467526537958
MAIN,0.0,0.7,100,dollars,DIFF,COR-500,RA-EST,0.2644369248916478,0.26523963232556713,0.26669714203433526,0.0,1.0146380733089273,1.0121503354408574,1.0270177403203733,1.0,0.09961201068286768,0.10082738348922507,0.26522116264862433,0.2668859676198152,60744.72064273621,77595.83896882451,1.7818447470701964,1.646233687172756e-05
MAIN,0.0,0.7,100,dollars,DIFF,COR-500,SRSWOR,,,,0.0,3.8373387922254727,3.8197968673684723,3.914926783580273,1.0,0.37673042518340827,0.38434761995167854,0.9989577045124091,0.9999889572326381,,,,
MAIN,0.0,0.7,100,dollars,DIFF,KS-2000,DEF-0.0,0.99995,0.99995,0.9999500000000002,0.0,3.7840673101134645,3.779392440867177,3.8046484212023537,1.0,0.37150050174092586,0.37352105065544267,1.0,1.0,200.0,200.0,0.0,0.005
MAIN,0.0,0.7,100,dollars,DIFF,KS-2000,DEF-0.25,0.45122014839299934,0.45152969519124775,0.4537068831140172,0.0,1.7075306413522957,1.7052066370917096,1.7185590643568684,1.0,0.1676366824408739,0.1687193969762787,0.45140545432117124,0.454019953125514,266.38012891387746,266.41081908497665,0.27630946728986516,0.003754033771503671
MAIN,0.0,0.7,100,dollars,DIFF,KS-2000,DEF-0.5,0.3377470785685397,0.33812523085042745,0.33931385221067234,0.0,1.2781167936483282,1.2768541391203048,1.2858744768135668,1.0,0.1254790127159815,0.12624062263252045,0.33795796180770077,0.33956171171410915,398.7133451767816,398.8508908583607,0.5176525898795727,0.0025080675430073423
MAIN,0.0,0.7,100,dollars,DIFF,KS-2000,DEF-0.75,0.2861169090285986,0.2863730485150185,0.28703530232086527,0.0,1.0827332343277434,1.0819750982775063,1.0878399701036967,1.0,0.10629724760162132,0.10679860097288789,0.28633820056341697,0.28721767118285185,792.3294180254907,793.1447324035423,0.8338918139114346,0.0012621013145110134
MAIN,0.0,0.7,100,dollars,DIFF,KS-2000,RA-EST,0.2651899128826868,0.2654416658715893,0.2657409867687659,0.0,1.003537846841959,1.0030499782838511,1.0064164050317796,1.0,0.09852224684835678,0.09880484906554005,0.2654143698030743,0.26583050298066313,61976.748686804596,69419.14862997147,1.7781831125295762,1.6135086014684667e-05
MAIN,0.0,0.7,100,dollars,DIFF,KS-2000,SRSWOR,,,,0.0,3.7842565229396117,3.779581419938174,3.80483866313551,1.0,0.37151907769481063,0.37353972764182464,0.9997465725588296,0.9999964484392868,,,,
MAIN,0.0,0.7,100,dollars,DIFF,MIS-G-10000,DEF-0.0,0.99995,0.99995,0.9999500000000001,0.0,3.7677414253490626,3.7667890845801097,3.771576582654637,1.0,0.3698977093262323,0.37027422558414036,1.0,1.0,200.0,200.0,0.0,0.005
MAIN,0.0,0.7,100,dollars,DIFF,MIS-G-10000,DEF-0.25,0.45138182188007975,0.45145980886332004,0.4524147694019857,0.0,1.7007745074613478,1.7004109007780182,1.7051943595149115,1.0,0.16697339954323415,0.16740731816067814,0.4514656890465592,0.45247774625254994,266.3766051194608,266.38685292966113,0.27624637743316743,0.003754083432182546
MAIN,0.0,0.7,100,dollars,DIFF,MIS-G-10000,DEF-0.5,0.337966735259785,0.3380412602033819,0.3386296788134874,0.0,1.2734344250229868,1.2732647386129181,1.276335818679076,1.0,0.1250193215553615,0.1253041656425965,0.3380564502905081,0.3387125541382809,398.6975564535004,398.7434751307908,0.5175493805694094,0.0025081668643650917
MAIN,0.0,0.7,100,dollars,DIFF,MIS-G-10000,DEF-0.75,0.28636569893407793,0.28643982067414675,0.2867172723909486,0.0,1.0790053581385823,1.0788824979279714,1.0806115178669033,1.0,0.10593126365862959,0.10608894825989253,0.2864574620627743,0.2868315674799678,792.2359002292085,792.5079207119356,0.833740480575935,0.001262250296547638
MAIN,0.0,0.7,100,dollars,DIFF,MIS-G-10000,RA-EST,0.26545644928109036,0.26552171710581696,0.2655723164506643,0.0,1.0002207989485203,1.0001494764081327,1.0005330911916928,1.0,0.09819659594002918,0.09822725520571358,0.265548477105757,0.2656301255156466,61223.00771317558,63467.67162467216,1.7773901319977643,1.63337287301837e-05
MAIN,0.0,0.7,100,dollars,DIFF,MIS-G-10000,SRSWOR,,,,0.0,3.767929821840155,3.7669774334517827,3.7717651709131816,1.0,0.3699162051364891,0.37029274022115133,0.9999351236187303,0.9999987332155511,,,,
MAIN,0.0,0.7,100,dollars,DIFF,MIS-G-2000,DEF-0.0,0.99995,0.99995,0.9999500000000002,0.0,3.7774304162665064,3.771777947547147,3.795947112268289,1.0,0.37084892522494883,0.37266680035546285,1.0,1.0,200.0,200.0,0.0,0.005
MAIN,0.0,0.7,100,dollars,DIFF,MIS-G-2000,DEF-0.25,0.4511073792669316,0.45141654656910946,0.4532792458105588,0.0,1.7040936494651426,1.7019877932409995,1.7137359519595865,1.0,0.1672992560406764,0.1682458883072457,0.451320061434805,0.453590281919448,266.3764607014617,266.3973952691053,0.2762613194818064,0.003754085467487237
MAIN,0.0,0.7,100,dollars,DIFF,MIS-G-2000,DEF-0.5,0.3376100750644441,0.337971483781984,0.33908866641920327,0.0,1.2753450922223448,1.2738965867072631,1.2813945715620625,1.0,0.1252069011529348,0.12580080829723161,0.33785353799190526,0.3392541816551537,398.69690939168737,398.7907208944156,0.5175785117072188,0.0025081709349744742
MAIN,0.0,0.7,100,dollars,DIFF,MIS-G-2000,DEF-0.75,0.28595974659975676,0.28629566558703845,0.2869358361701558,0.0,1.0802309636750083,1.0794223765369002,1.083917329812864,1.0,0.10605158738292009,0.10641349607998633,0.28621583042204735,0.28704737288221843,792.2320679484336,792.7879324042092,0.8337843999381533,0.0012622564024617113
MAIN,0.0,0.7,100,dollars,DIFF,MIS-G-2000,RA-EST,0.2649895505137287,0.26535563215425984,0.26557952726267914,0.0,1.0010151021559273,1.0006252825794726,1.0023999985594412,1.0,0.09827457659309462,0.09841053868536224,0.26524954689484104,0.2656576059269353,61192.50973726599,65955.15381057058,1.7776044616873858,1.6341869948948543e-05
MAIN,0.0,0.7,100,dollars,DIFF,MIS-G-2000,SRSWOR,,,,0.0,3.777619297231368,3.7719665458744407,3.7961369191142444,1.0,0.3708674685983788,0.3726854346271942,0.9996965036811045,0.9999973576701692,,,,
MAIN,0.0,0.7,100,dollars,DIFF,MIS-I-2000,DEF-0.0,0.99995,0.99995,0.9999500000000002,0.0,3.7821505330927447,3.777437010039576,3.798355571736844,1.0,0.3713123223121352,0.37290325066875396,1.0,1.0,200.0,200.0,0.0,0.005
MAIN,0.0,0.7,100,dollars,DIFF,MIS-I-2000,DEF-0.25,0.45111416675205646,0.45141788777249087,0.4535056726286063,0.0,1.7062445301207865,1.7037180778113954,1.7195754511082777,1.0,0.16751041857486831,0.16881918066329246,0.4513399927952076,0.4538938501510048,266.37629824678703,266.4002331435701,0.2763279543295628,0.0037540877569878233
MAIN,0.0,0.7,100,dollars,DIFF,MIS-I-2000,DEF-0.5,0.3376143488025868,0.33795205057926236,0.33909135568127596,0.0,1.2769492795121353,1.2756379001062266,1.2847592094287534,1.0,0.12536439211020473,0.12613113134732948,0.3378735498477544,0.3394349851336789,398.69618151838415,398.8034401737366,0.5177175041263072,0.002508175513975647
MAIN,0.0,0.7,100,dollars,DIFF,MIS-I-2000,DEF-0.75,0.28596530474892495,0.2863371222321548,0.28686306981949583,0.0,1.0815953217393217,1.0807549135745007,1.086747507949298,1.0,0.10618553312539991,0.10669134858934615,0.2862382326410035,0.28705168212656595,792.227757080123,792.8633382613039,0.8340126863768886,0.00126226327096347
MAIN,0.0,0.7,100,dollars,DIFF,MIS-I-2000,RA-EST,0.2650039554302295,0.26537526231117536,0.2656470607602842,0.0,1.0023128192733242,1.0016539234861126,1.0046081977988912,1.0,0.09840197986600739,0.0986273284668778,0.26528120350566853,0.26574027041489634,61158.23439837349,66658.34516343454,1.7788068378664954,1.6351027951293454e-05
MAIN,0.0,0.7,100,dollars,DIFF,MIS-I-2000,SRSWOR,,,,0.0,3.782339650075249,3.777625891334143,3.7985454990117944,1.0,0.371330888856578,0.3729218967635921,0.9996721667284666,0.9999936856002991,,,,
MAIN,0.0,0.7,100,dollars,EXP,COR-2000,ST-NEY-EST,,,,0.0,1.4778230170111988,1.4642322324676216,1.4943898588325761,1.0,0.14508515502264868,0.1467116033768984,0.3906443374378722,0.39613416021454934,,,,
MAIN,0.0,0.7,100,dollars,HT,COR-10000,DEF-0.0,0.9999500000000002,0.9999500000000002,0.9999500000000002,0.0,10.185391645545424,10.185391645545424,10.185391645545424,1.0,0.9999500000000002,0.9999500000000002,1.0,1.0,200.0,200.0,0.0,0.005
MAIN,0.0,0.7,100,dollars,HT,COR-10000,DEF-0.25,0.3254625402302553,0.3253850857051338,0.326645496614481,0.0,3.3151291946589656,3.3143402505386783,3.327178671205731,1.0,0.3254625402302553,0.326645496614481,0.45151402096004967,0.45248014615625265,266.37788951352667,266.3873759933657,0.2763297022475757,0.003754065331121342
MAIN,0.0,0.7,100,dollars,HT,COR-10000,DEF-0.5,0.18671828127831272,0.18666714570485549,0.18747645005902286,0.0,1.9018939168985716,1.9013730550127956,1.9096165489951349,1.0,0.18671828127831272,0.18747645005902286,0.33811727444736805,0.33874076391936914,398.70331121658967,398.7458190779398,0.5176930702991991,0.0025081306622426846
MAIN,0.0,0.7,100,dollars,HT,COR-10000,DEF-0.75,0.12374076711896898,0.1237069320636453,0.12417681346739329,0.0,1.2604111961867377,1.2600665556648911,1.2648527210972949,1.0,0.12374076711896898,0.12417681346739329,0.28652650692948023,0.286886601488383,792.269984422091,792.5218094876717,0.8339842605419123,0.0012621959933640267
MAIN,0.0,0.7,100,dollars,HT,COR-10000,RA-EST,0.0981929259585515,0.09819001355377124,0.09820666189025325,0.0,1.0001834168807349,1.0001537514141439,1.0003233297203755,1.0,0.0981929259585515,0.09820666189025325,0.2656319299110288,0.26564340936224734,61495.60587356427,63586.651309289635,1.778580606868323,1.6261324485369098e-05
MAIN,0.0,0.7,100,dollars,HT,COR-2000,DEF-0.0,0.9999500000000002,0.9999500000000002,0.9999500000000002,0.0,10.185391645545424,10.185391645545424,10.185391645545424,1.0,0.9999500000000002,0.9999500000000002,1.0,1.0,200.0,200.0,0.0,0.005
MAIN,0.0,0.7,100,dollars,HT,COR-2000,DEF-0.25,0.32545416962756385,0.3254235218792143,0.3276879758839117,0.0,3.315043932529138,3.3147317576003976,3.3377972617767724,1.0,0.32545416962756385,0.3276879758839117,0.4515070576199884,0.45333174218341754,266.37923206278947,266.4034228664021,0.27635188595362264,0.0037540464106612394
MAIN,0.0,0.7,100,dollars,HT,COR-2000,DEF-0.5,0.18672647784107468,0.1867052676643953,0.18816880441214937,0.0,1.9019774062749184,1.9017613615163296,1.9166688018518696,1.0,0.18672647784107468,0.18816880441214937,0.3381238384661055,0.33930940716061214,398.70932666392474,398.8177370743674,0.517719718196145,0.002508092821322479
MAIN,0.0,0.7,100,dollars,HT,COR-2000,DEF-0.75,0.12376707984372538,0.12374505791503455,0.12459704222497898,0.0,1.2606792149945836,1.260454901810418,1.2691331295944508,1.0,0.12376707984372538,0.12459704222497898,0.28654810991522617,0.2872331115101043,792.3056146739507,792.9481083991434,0.8340439056977877,0.0012621392319837187
MAIN,0.0,0.7,100,dollars,HT,COR-2000,RA-EST,0.09826179033501108,0.09824881743327422,0.0983376877229684,0.0,1.0008848625976876,1.000752721905684,1.0016579458730708,1.0,0.09826179033501108,0.0983376877229684,0.2656886639377697,0.26575133271724344,61783.15142647337,67466.84803237068,1.7788880163846499,1.618564264495832e-05
MAIN,0.0,0.7,100,dollars,HT,COR-500,DEF-0.0,0.9999500000000002,0.9999500000000002,0.9999500000000002,0.0,10.185391645545424,10.185391645545424,10.185391645545424,1.0,0.9999500000000002,0.9999500000000002,1.0,1.0,200.0,200.0,0.0,0.005
MAIN,0.0,0.7,100,dollars,HT,COR-500,DEF-0.25,0.3259927780475034,0.3259340997608,0.3306570426653321,0.0,3.320530144540411,3.3199324533246872,3.368039881898324,1.0,0.3259927780475034,0.3306570426653321,0.4519460627260908,0.4557546412184474,266.37909635061726,266.4228509018274,0.2761847367224082,0.0037540483232358737
MAIN,0.0,0.7,100,dollars,HT,COR-500,DEF-0.5,0.187158047581961,0.18709336887156908,0.19017890296049222,0.0,1.9063733329045436,1.9057145219675258,1.9371434665461182,1.0,0.187158047581961,0.19017890296049222,0.33847726505153775,0.3409621389047816,398.70871858460407,398.9048317085519,0.5174379734009162,0.0025080966464717477
MAIN,0.0,0.7,100,dollars,HT,COR-500,DEF-0.75,0.12413097971358805,0.12408992890301287,0.12596023479287094,0.0,1.264385863021299,1.2639677235312494,1.2830184740539503,1.0,0.12413097971358805,0.12596023479287094,0.2868472874931252,0.2883568165718969,792.3020128514753,793.4647762004041,0.8335234633926878,0.0012621449697076217
MAIN,0.0,0.7,100,dollars,HT,COR-500,RA-EST,0.0986026052236306,0.09851639023616682,0.09908623876005063,0.0,1.0043563692922453,1.0034781919703448,1.009282612585768,1.0,0.0986026052236306,0.09908623876005063,0.2659691526785571,0.2663666983167247,61753.968657862344,72848.33939996388,1.7767109665811633,1.619329294349543e-05
MAIN,0.0,0.7,100,dollars,HT,KS-2000,DEF-0.0,0.9999500000000002,0.9999500000000002,0.9999500000000002,0.0,10.185391645545424,10.185391645545424,10.185391645545424,1.0,0.9999500000000002,0.9999500000000002,1.0,1.0,200.0,200.0,0.0,0.005
MAIN,0.0,0.7,100,dollars,HT,KS-2000,DEF-0.25,0.32559883739104406,0.32555328016465834,0.328202837113917,0.0,3.316517504037244,3.3160534626421514,3.3430415872637584,1.0,0.32559883739104406,0.328202837113917,0.4516251769349912,0.453751691325147,266.37477391030893,266.40341443811326,0.2762777524375338,0.0037541092398513318
MAIN,0.0,0.7,100,dollars,HT,KS-2000,DEF-0.5,0.18682381224371067,0.18679361712013398,0.18850501903637737,0.0,1.90296884485828,1.902661280320639,1.9200934507090341,1.0,0.18682381224371067,0.18850501903637737,0.338203816432323,0.3395859654716995,398.689351861623,398.81769929622305,0.5175963167557347,0.0025082184797026634
MAIN,0.0,0.7,100,dollars,HT,KS-2000,DEF-0.75,0.12382944439797622,0.12381739715454103,0.12480321397829967,0.0,1.2613144541663868,1.2611917421381484,1.2712331746505237,1.0,0.12382944439797622,0.12480321397829967,0.2865995329088945,0.2874033540519122,792.1873096103134,792.9478843836247,0.8338190835243453,0.0012623277195539949
MAIN,0.0,0.7,100,dollars,HT,KS-2000,RA-EST,0.09827946253328859,0.0982682455362714,0.09835320460883433,0.0,1.001064869858745,1.000950614638277,1.0018159993354074,1.0,0.09827946253328859,0.09835320460883433,0.2657031863341253,0.26576435352485567,60838.5027519845,67464.68103490447,1.7776288913626326,1.6436959405326475e-05
MAIN,0.0,0.7,100,dollars,HT,MIS-G-10000,DEF-0.0,0.9999500000000002,0.9999500000000002,0.9999500000000002,0.0,10.185391645545424,10.185391645545424,10.185391645545424,1.0,0.9999500000000002,0.9999500000000002,1.0,1.0,200.0,200.0,0.0,0.005
MAIN,0.0,0.7,100,dollars,HT,MIS-G-10000,DEF-0.25,0.3254977154725502,0.32544667756843093,0.32655092146803216,0.0,3.3154874861925436,3.3149676191569686,3.326215338132561,1.0,0.3254977154725502,0.32655092146803216,0.4515427849055326,0.4524031178440241,266.3777753170939,266.38336176097624,0.276278307047102,0.003754066940493097
MAIN,0.0,0.7,100,dollars,HT,MIS-G-10000,DEF-0.5,0.18673717570032713,0.1867062764474514,0.18740574436764856,0.0,1.9020863736095404,1.9017716368806097,1.9088963478268601,1.0,0.18673717570032713,0.18740574436764856,0.33813287788342306,0.3386829762713016,398.70279955183423,398.7278310122708,0.5175946154852809,0.0025081338809861938
MAIN,0.0,0.7,100,dollars,HT,MIS-G-10000,DEF-0.75,0.12374732031600155,0.12373209433550486,0.12413146231207828,0.0,1.2604779464025557,1.260322856073493,1.2643907787217146,1.0,0.12374732031600155,0.12413146231207828,0.2865319800972893,0.28684944362109727,792.2669538655733,792.4152316095152,0.8337980557574134,0.0012622008214792902
MAIN,0.0,0.7,100,dollars,HT,MIS-G-10000,RA-EST,0.09818144804731904,0.09817938777272389,0.098191344157597,0.0,1.000066504013916,1.0000455182609793,1.0001673048129047,1.0,0.09818144804731904,0.098191344157597,0.26562248482919093,0.26563069066344075,61471.270721059176,62684.72774463809,1.7775862842510457,1.626776197238696e-05
MAIN,0.0,0.7,100,dollars,HT,MIS-G-2000,DEF-0.0,0.9999500000000002,0.9999500000000002,0.9999500000000002,0.0,10.185391645545424,10.185391645545424,10.185391645545424,1.0,0.9999500000000002,0.9999500000000002,1.0,1.0,200.0,200.0,0.0,0.005
MAIN,0.0,0.7,100,dollars,HT,MIS-G-2000,DEF-0.25,0.3255265246981287,0.32547471459505817,0.32775844710038016,0.0,3.3157809341104616,3.3152532015328626,3.3385150746068835,1.0,0.3255265246981287,0.32775844710038016,0.451566293803115,0.45338946387661755,266.37791714173454,266.3912553151415,0.27626983064061694,0.003754064941756902
MAIN,0.0,0.7,100,dollars,HT,MIS-G-2000,DEF-0.5,0.18675500549449076,0.18672469309578932,0.18819816224061595,0.0,1.9022679861266818,1.9019592270362375,1.9169678377844608,1.0,0.18675500549449076,0.18819816224061595,0.3381475841257013,0.3393344005105477,398.70343500677484,398.76320362661886,0.5175769929084474,0.002508129883513805
MAIN,0.0,0.7,100,dollars,HT,MIS-G-2000,DEF-0.75,0.12376183428825258,0.12375061349363678,0.12459478066112899,0.0,1.260625784286159,1.260511490383728,1.269110093529104,1.0,0.12376183428825258,0.12459478066112899,0.28654408176708535,0.28723155458085486,792.2707176258473,792.6248296841065,0.8337633628950323,0.0012621948252707076
MAIN,0.0,0.7,100,dollars,HT,MIS-G-2000,RA-EST,0.09820556038823573,0.09819337868084214,0.09825252872902827,0.0,1.0003121099299392,1.0001880282651407,1.000790524796596,1.0,0.09820556038823573,0.09825252872902827,0.26564244265655934,0.26568095614843534,61501.496759108,64483.24969854149,1.7774278357193698,1.625976702761e-05
MAIN,0.0,0.7,100,dollars,HT,MIS-I-2000,DEF-0.0,0.9999500000000002,0.9999500000000002,0.9999500000000002,0.0,10.185391645545424,10.185391645545424,10.185391645545424,1.0,0.9999500000000002,0.9999500000000002,1.0,1.0,200.0,200.0,0.0,0.005
MAIN,0.0,0.7,100,dollars,HT,MIS-I-2000,DEF-0.25,0.32557083775938017,0.32552734814680934,0.32760712200743963,0.0,3.3162323025627427,3.315789321677152,3.3369736922003654,1.0,0.32557083775938017,0.32760712200743963,0.45160236346812,0.4532657924587645,266.37776612749315,266.39529819273537,0.2762442453958773,0.0037540670700032157
MAIN,0.0,0.7,100,dollars,HT,MIS-I-2000,DEF-0.5,0.1867970984642547,0.18678466409009115,0.18810791485599468,0.0,1.902696740946993,1.9025700856435044,1.9160485868645611,1.0,0.1867970984642547,0.18810791485599468,0.3381819559704546,0.339259980402862,398.7027583778226,398.7813221986065,0.5175121631288075,0.002508134140006432
MAIN,0.0,0.7,100,dollars,HT,MIS-I-2000,DEF-0.75,0.12380160703092087,0.12379931459694124,0.12456506429432321,0.0,1.2610309055031141,1.2610075549976845,1.268807405560506,1.0,0.12380160703092087,0.12456506429432321,0.28657667031866396,0.28720721672807725,792.2667100053552,792.7322186246525,0.8336379896836645,0.0012622012100096482
MAIN,0.0,0.7,100,dollars,HT,MIS-I-2000,RA-EST,0.09824470109439477,0.09822779878628536,0.09830977997074986,0.0,1.00071079328562,1.0005386280495503,1.001373680273498,1.0,0.09824470109439477,0.09830977997074986,0.2656746142017131,0.26572802549762986,61469.325820025355,65444.93516209799,1.7769037125197058,1.626828001286428e-05
MAIN,0.0,0.7,100,rate,DIFF,COR-10000,DEF-0.0,0.99995,0.99995,0.9999500000000002,0.0,1.0004535852825487,1.0003860203140649,1.0008360581283882,0.995,1.0004535852825487,1.0008360581283882,1.0,1.0,200.0,200.0,0.0,0.005
MAIN,0.0,0.7,100,rate,DIFF,COR-10000,DEF-0.25,0.9999561001536205,0.9999546608131036,0.9999622012135739,0.0,1.000459689707919,1.0003915014740796,1.0008538667858713,0.995,1.000459689707919,1.0008538667858713,1.0000060992994486,1.0000121990329869,202.45785124266314,205.09199492000093,0.0022701047885432405,0.0049392996860627356
MAIN,0.0,0.7,100,rate,DIFF,COR-10000,DEF-0.5,0.9999743556036194,0.99996927526508,0.9999930350627416,0.085,1.000477958075169,1.0004076371780122,1.0008768126411096,0.995,1.000477958075169,1.0008768126411096,1.0000243525202868,1.0000430216382588,204.9768649087017,210.45005821553994,0.0045421886076632174,0.00487859937212547
MAIN,0.0,0.7,100,rate,DIFF,COR-10000,DEF-0.75,1.000004827763046,0.9999946643914761,1.0000475298157738,0.435,1.000508451846894,1.0004318978175188,1.0009245339435122,0.995,1.000508451846894,1.0009245339435122,1.0000548210657747,1.0000975072260954,207.5593527748639,216.09560425907338,0.006813191617851664,0.004817899058188206
MAIN,0.0,0.7,100,rate,DIFF,COR-10000,RA-EST,1.0000475876301003,1.0000305762604575,1.000121063332866,0.765,1.0005512420792457,1.0004655751043712,1.0010048088249042,0.995,1.0005512420792457,1.0010048088249042,1.0000975759231086,1.0001710652454705,210.20774461076755,222.05240891381047,0.009084277242231771,0.004757198744250941
MAIN,0.0,0.7,100,rate,DIFF,COR-10000,SRSWOR,,,,0.0,1.0005036104630718,1.000436042116171,1.0008861024335096,1.0,1.0005036104630718,1.0008861024335096,0.9998889336841569,0.9999985966031217,,,,
MAIN,0.0,0.7,100,rate,DIFF,COR-2000,DEF-0.0,0.99995,0.99995,0.9999500000000002,0.0,1.0023680512783553,1.0021052145532057,1.0042993722428526,1.0,1.0023680512783553,1.0042993722428526,1.0,1.0,200.0,200.0,0.0,0.005
MAIN,0.0,0.7,100,rate,DIFF,COR-2000,DEF-0.25,0.9999902840774668,0.9999769547742903,1.0000455335085408,0.29,1.0024084817710015,1.0021558243191895,1.004362847032581,1.0,1.0024084817710015,1.004362847032581,1.0000402815668599,1.0000955812855106,205.79965983922153,212.95569634098655,0.0051163539884929235,0.004859094674030479
MAIN,0.0,0.7,100,rate,DIFF,COR-2000,DEF-0.5,1.0000960636502345,1.0000545645092527,1.0002749340068262,0.715,1.0025146401364944,1.0022248698149325,1.004628668998916,1.0,1.0025146401364944,1.004628668998916,1.000146026867657,1.0003249435441874,211.94573975847248,227.70615586637484,0.01023433172302934,0.004718189348060959
MAIN,0.0,0.7,100,rate,DIFF,COR-2000,DEF-0.75,1.0002691990600503,1.0001842065041122,1.0006196181079112,0.935,1.0026883944733258,1.0023628718084692,1.0049227528179883,1.0,1.0026883944733258,1.0049227528179883,1.0003190952131746,1.0006695893173174,218.47023475324505,244.65207834297476,0.015355292291651935,0.004577284022091437
MAIN,0.0,0.7,100,rate,DIFF,COR-2000,RA-EST,1.000511995018818,1.000371078110209,1.001091571235306,0.98,1.0029320592278312,1.0025715822776355,1.005575696034862,1.0,1.0029320592278312,1.005575696034862,1.0005617900475847,1.0011414446571667,225.40920519397503,264.32303479002945,0.020559875953742028,0.0044363786961219166
MAIN,0.0,0.7,100,rate,DIFF,COR-2000,SRSWOR,,,,0.0,1.0024181721869645,1.0021553223193216,1.0043495897223387,1.0,1.0024181721869645,1.0043495897223387,0.9995413819578373,0.9999869495779752,,,,
MAIN,0.0,0.7,100,rate,DIFF,COR-500,DEF-0.0,0.99995,0.99995,0.9999500000000002,0.0,1.0106599334983029,1.0092485342603623,1.0203909911370825,1.0,1.0106599334983029,1.0203909911370825,1.0,1.0,200.0,200.0,0.0,0.005
MAIN,0.0,0.7,100,rate,DIFF,COR-500,DEF-0.25,1.00018761357363,1.0000741190705127,1.0005404138944403,0.675,1.0109014607766003,1.009426137460426,1.0207813055411599,1.0,1.0109014607766003,1.0207813055411599,1.0002371612072714,1.00059053565677,213.78343943590883,233.60167934277897,0.010564457477964567,0.004677630817969578
MAIN,0.0,0.7,100,rate,DIFF,COR-500,DEF-0.5,1.0007839802390175,1.0004275792393935,1.0017930211653836,0.875,1.0115076419362676,1.0099907727785444,1.021980370521741,1.0,1.0115076419362676,1.021980370521741,1.0008323407903434,1.0018400371450804,229.6073359468911,280.7740941114276,0.0212096061024374,0.0043552616359391555
MAIN,0.0,0.7,100,rate,DIFF,COR-500,DEF-0.75,1.0018185087933498,1.0010583324584883,1.0036207434381361,0.95,1.0125596543543829,1.0107938297903143,1.0234089107461504,1.0,1.0125596543543829,1.0234089107461504,1.0018647370023168,1.0036642144809653,247.96100269366306,351.81872256929415,0.03211064379776331,0.004032892453908733
MAIN,0.0,0.7,100,rate,DIFF,COR-500,RA-EST,1.0035108793713807,1.00194989195592,1.006681817202236,0.98,1.0142825493079,1.0118938014291416,1.0262919581580547,1.0,1.0142825493079,1.0262919581580547,1.0035533505652416,1.0067051453568792,269.5037992353326,470.99536770868525,0.04308786658396774,0.003710523271878311
MAIN,0.0,0.7,100,rate,DIFF,COR-500,SRSWOR,,,,0.0,1.0107104690217539,1.009298999210323,1.0204420132377443,1.0,1.0107104690217539,1.0204420132377443,0.998163093170444,0.9999617263214616,,,,
MAIN,0.0,0.7,100,rate,DIFF,KS-2000,DEF-0.0,0.99995,0.99995,0.9999500000000002,0.0,1.002861223857625,1.0025311856665275,1.0051676670063872,1.0,1.002861223857625,1.0051676670063872,1.0,1.0,200.0,200.0,0.0,0.005
MAIN,0.0,0.7,100,rate,DIFF,KS-2000,DEF-0.25,0.9999892345911349,0.9999771234143299,1.000034862537516,0.285,1.0029006107628973,1.002561475432136,1.005190773753729,1.0,1.0029006107628973,1.005190773753729,1.0000392162725802,1.0000849215440664,206.13541904147837,212.96249380483368,0.0054976308560099885,0.004851179904407933
MAIN,0.0,0.7,100,rate,DIFF,KS-2000,DEF-0.5,1.0001021834047625,1.0000624154381548,1.000243845549268,0.845,1.0030140059909525,1.0026329714424906,1.0053996750614824,1.0,1.0030140059909525,1.0053996750614824,1.0001521141402472,1.0002935282905687,212.65918624854453,227.72172008410797,0.010995726261246456,0.004702359808815865
MAIN,0.0,0.7,100,rate,DIFF,KS-2000,DEF-0.75,1.0002906781844687,1.0002091273419536,1.0005846981310191,0.985,1.0032032498101477,1.0028215581262292,1.0058954446195185,1.0,1.0032032498101477,1.0058954446195185,1.0003405244508896,1.0006345105235428,219.6093781784761,244.67907018206728,0.01654081763375324,0.004553539713223798
MAIN,0.0,0.7,100,rate,DIFF,KS-2000,RA-EST,1.000556987843927,1.0004116215107,1.0010880120428283,1.0,1.0034706217695746,1.0030498712993088,1.0063507049510692,1.0,1.0034706217695746,1.0063507049510692,1.0006067150162026,1.0011378464551144,227.02921733461838,264.3651187064019,0.022093807546230138,0.00440471961763173
MAIN,0.0,0.7,100,rate,DIFF,KS-2000,SRSWOR,,,,0.0,1.0029113694260965,1.002581314732264,1.0052179279027822,1.0,1.0029113694260965,1.0052179279027822,0.9995761094827904,0.9999928400346516,,,,
MAIN,0.0,0.7,100,rate,DIFF,MIS-G-10000,DEF-0.0,0.99995,0.99995,0.9999500000000002,0.0,1.0001403951744323,1.000081212421572,1.0004221536056412,0.715,1.0001403951744323,1.0004221536056412,1.0,1.0,200.0,200.0,0.0,0.005
MAIN,0.0,0.7,100,rate,DIFF,MIS-G-10000,DEF-0.25,0.9999523596381795,0.9999515090546939,0.9999561625916175,0.0,1.0001427557902658,1.0000828635756944,1.0004260143180668,0.715,1.0001427557902658,1.0004260143180668,1.0000023597252279,1.000006158715811,201.0286641641772,202.094784412622,0.001227110016342822,0.004974414988066793
MAIN,0.0,0.7,100,rate,DIFF,MIS-G-10000,DEF-0.5,0.9999593247530635,0.9999561212627801,0.9999723749611769,0.005,1.0001497237671588,1.0000876984115037,1.000440269930416,0.72,1.0001497237671588,1.000440269930416,1.00000932454583,1.0000223813648657,202.06796455364167,204.23391468152604,0.0024542928201331544,0.004948829976133586
MAIN,0.0,0.7,100,rate,DIFF,MIS-G-10000,DEF-0.75,0.9999709000234855,0.9999633821981017,0.9999997941225051,0.1,1.0001613037867187,1.000095718086031,1.0004649325828419,0.725,1.0001613037867187,1.0004649325828419,1.0000208991403234,1.0000497994414546,203.11806699134132,206.41881405645685,0.0036815648580139967,0.0049232449642003795
MAIN,0.0,0.7,100,rate,DIFF,MIS-G-10000,RA-EST,0.9999870909609127,0.9999741538577429,1.0000377847801,0.26,1.0001775013636838,1.0001069239382194,1.0005007859680874,0.725,1.0001775013636838,1.0005007859680874,1.0000370890198031,1.0000877045810157,204.17914076523112,208.65096735030315,0.00490894259222601,0.004897659952267172
MAIN,0.0,0.7,100,rate,DIFF,MIS-G-10000,SRSWOR,,,,0.0,1.000190404694667,1.000131218982521,1.000472177214502,1.0,1.000190404694667,1.000472177214502,0.999892015774643,0.9999987048304274,,,,
MAIN,0.0,0.7,100,rate,DIFF,MIS-G-2000,DEF-0.0,0.99995,0.99995,0.9999500000000002,0.0,1.0008339233347925,1.0004925441234662,1.0020963023336726,0.94,1.0008339233347925,1.0020963023336726,1.0,1.0,200.0,200.0,0.0,0.005
MAIN,0.0,0.7,100,rate,DIFF,MIS-G-2000,DEF-0.25,0.9999601961816275,0.9999561797101693,0.9999761272913528,0.015,1.0008441380709987,1.0005023920709346,1.0021004786640397,0.94,1.0008441380709987,1.0021004786640397,1.000010190596897,1.000026120530569,202.23526879334813,204.71691447084913,0.002546436302612058,0.0049447359306279675
MAIN,0.0,0.7,100,rate,DIFF,MIS-G-2000,DEF-0.5,0.9999914907471443,0.9999751262024046,1.0000489446461647,0.29,1.0008754910113808,1.0005248903518416,1.0021450768188398,0.945,1.0008754910113808,1.0021450768188398,1.0000414710334098,1.0000988009485945,204.52106659996377,209.66169590805595,0.0050937857107932714,0.004889471861255935
MAIN,0.0,0.7,100,rate,DIFF,MIS-G-2000,DEF-0.75,1.0000439807755415,1.0000070799938672,1.000180551543036,0.575,1.0009280795124353,1.0005594791257253,1.0022362342370543,0.945,1.0009280795124353,1.0022362342370543,1.0000939383559837,1.000230511142672,206.8591263455229,214.85126487501168,0.007642196568537079,0.004834207791883902
MAIN,0.0,0.7,100,rate,DIFF,MIS-G-2000,RA-EST,1.000117781719597,1.0000511460978747,1.0003577834749933,0.755,1.0010020193578968,1.0006095132401356,1.0024021180605154,0.955,1.0010020193578968,1.0024021180605154,1.0001677079789717,1.000407816547836,209.25126111452886,220.30425973268078,0.01019181792151597,0.00477894372251187
MAIN,0.0,0.7,100,rate,DIFF,MIS-G-2000,SRSWOR,,,,0.0,1.000883967533169,1.0005425712520288,1.002146409654155,1.0,1.000883967533169,1.002146409654155,0.9995330268981871,0.9999899189896168,,,,
MAIN,0.0,0.7,100,rate,DIFF,MIS-I-2000,DEF-0.0,0.99995,0.99995,0.9999500000000002,0.0,1.001909981256701,1.0013938552768247,1.0037788771424523,1.0,1.001909981256701,1.0037788771424523,1.0,1.0,200.0,200.0,0.0,0.005
MAIN,0.0,0.7,100,rate,DIFF,MIS-I-2000,DEF-0.25,0.9999722734540957,0.9999652520058815,1.0000042717242066,0.105,1.001932313797103,1.001399520918731,1.0038661096585273,1.0,1.001932313797103,1.0038661096585273,1.000022263541438,1.0000542947251034,203.2743991959008,206.63734428953154,0.0041411041655336454,0.004919458645312279
MAIN,0.0,0.7,100,rate,DIFF,MIS-I-2000,DEF-0.5,1.000041414532416,1.0000152258756492,1.0001460027361677,0.625,1.0020016561137701,1.0014290315247187,1.004024531061837,1.0,1.0020016561137701,1.004024531061837,1.0000913722560794,1.0001960349999341,206.65780007930582,213.73035401841085,0.008277608856334516,0.004838917290624558
MAIN,0.0,0.7,100,rate,DIFF,MIS-I-2000,DEF-0.75,1.000157722608738,1.000102630763238,1.0003823524495365,0.915,1.0021183085645513,1.001487288431679,1.0042898683307224,1.0,1.0021183085645513,1.0042898683307224,1.0002076253500214,1.000432580487451,210.15573763492688,221.32762048559164,0.012416300891909803,0.004758375935936837
MAIN,0.0,0.7,100,rate,DIFF,MIS-I-2000,RA-EST,1.0003215725573618,1.0002234248371717,1.0007322557660507,0.955,1.0022826473061182,1.0016059878807693,1.0046171292302628,1.0,1.0022826473061182,1.0046171292302628,1.0003713974875457,1.0007823202989332,213.7741280477493,229.48489853789553,0.016560959428407563,0.004677834581249116
MAIN,0.0,0.7,100,rate,DIFF,MIS-I-2000,SRSWOR,,,,0.0,1.001960079260664,1.0014439274731983,1.003829068595882,1.0,1.001960079260664,1.003829068595882,0.9995548577038601,0.9999917274427744,,,,
MAIN,0.0,0.7,100,rate,EXP,COR-2000,ST-NEY-EST,,,,0.0,1.0011195096986034,1.0008906624181897,1.002060940943754,1.0,1.0011195096986034,1.002060940943754,0.9982488390511206,1.0001915158402257,,,,
MAIN,0.0,0.7,100,rate,HT,COR-10000,DEF-0.0,0.9999499999999998,0.9999499999999998,0.9999499999999998,0.0,0.9999499999999998,0.9999499999999998,0.9999499999999998,0.0,0.9999499999999998,0.9999499999999998,1.0,1.0,200.0,200.0,0.0,0.005
MAIN,0.0,0.7,100,rate,HT,COR-10000,DEF-0.25,0.9999612983682461,0.999959629392813,0.999969983023896,0.0,0.9999612983682461,0.999959629392813,0.999969983023896,0.0,0.9999612983682461,0.999969983023896,1.0000034014095946,1.0000060159669832,201.803874812252,203.59329341501072,0.0016983710025014333,0.004955306240224632
MAIN,0.0,0.7,100,rate,HT,COR-10000,DEF-0.5,0.9999952194421369,0.999988531934892,1.0000299326127253,0.375,0.9999952194421369,0.999988531934892,1.0000299326127253,0.375,0.9999952194421369,1.0000299326127253,1.0000136134291275,1.0000240640230826,203.64058549266088,207.31806710443917,0.003397369296539254,0.004910612480449265
MAIN,0.0,0.7,100,rate,HT,COR-10000,DEF-0.75,1.0000518086521808,1.0000367546274118,1.000129880773947,0.785,1.0000518086521808,1.0000367546274118,1.000129880773947,0.785,1.0000518086521808,1.000129880773947,1.0000306496877613,1.0000541537705583,205.51103684329877,211.18167196810757,0.005097747192600818,0.004865918720673898
MAIN,0.0,0.7,100,rate,HT,COR-10000,RA-EST,1.0001311202064875,1.0001043414696351,1.0002698869320248,0.925,1.0001311202064875,1.0001043414696351,1.0002698869320248,0.925,1.0001311202064875,1.0002698869320248,1.0000545264479466,1.0000963034060504,207.41616721726223,215.19201728708998,0.00679943501896833,0.00482122496089853
MAIN,0.0,0.7,100,rate,HT,COR-2000,DEF-0.0,0.9999499999999998,0.9999499999999998,0.9999499999999998,0.0,0.9999499999999998,0.9999499999999998,0.9999499999999998,0.0,0.9999499999999998,0.9999499999999998,1.0,1.0,200.0,200.0,0.0,0.005
MAIN,0.0,0.7,100,rate,HT,COR-2000,DEF-0.25,1.0000040811265791,0.9999975863596214,1.0000519652071114,0.46,1.0000040811265791,0.9999975863596214,1.0000519652071114,0.46,1.0000040811265791,1.0000519652071114,1.0000162812250941,1.0000306954795282,203.91045273022877,208.20636266584415,0.003775495149381841,0.00490411370096633
MAIN,0.0,0.7,100,rate,HT,COR-2000,DEF-0.5,1.0001667709736446,1.0001405761064652,1.0003613244593934,0.925,1.0001667709736446,1.0001405761064652,1.0003613244593934,0.925,1.0001667709736446,1.0003613244593934,1.0000652588406542,1.00012382686848,207.97689120689517,217.1149860458254,0.007555546844462309,0.00480822740193266
MAIN,0.0,0.7,100,rate,HT,COR-2000,DEF-0.75,1.0004389102321014,1.000377821460038,1.0008800089174004,0.985,1.0004389102321014,1.000377821460038,1.0008800089174004,0.985,1.0004389102321014,1.0008800089174004,1.0001471850541914,1.0002799691199507,212.20883990418423,226.82004397294043,0.011320683023620388,0.00471234110289899
MAIN,0.0,0.7,100,rate,HT,COR-2000,RA-EST,1.0008215897370871,1.000708129076977,1.0016307562615752,1.0,1.0008215897370871,1.000708129076977,1.0016307562615752,1.0,1.0008215897370871,1.0016307562615752,1.0002623871166463,1.0005058969900582,216.6166149336172,237.43333663980744,0.015070031680993535,0.004616454803865319
MAIN,0.0,0.7,100,rate,HT,COR-500,DEF-0.0,0.9999499999999998,0.9999499999999998,0.9999499999999998,0.0,0.9999499999999998,0.9999499999999998,0.9999499999999998,0.0,0.9999499999999998,0.9999499999999998,1.0,1.0,200.0,200.0,0.0,0.005
MAIN,0.0,0.7,100,rate,HT,COR-500,DEF-0.25,1.0002045148095347,1.0001538732725612,1.0004455733903985,0.94,1.0002045148095347,1.0001538732725612,1.0004455733903985,0.94,1.0002045148095347,1.0004455733903985,1.0000766197954072,1.0001491964878835,208.83188613612583,223.55503192370975,0.007814659052623319,0.004788540825664307
MAIN,0.0,0.7,100,rate,HT,COR-500,DEF-0.5,1.000981751634537,1.0007687575416573,1.0019585787644398,0.995,1.000981751634537,1.0007687575416573,1.0019585787644398,0.995,1.000981751634537,1.0019585787644398,1.000310586902378,1.0006045454410544,218.47983731638396,253.39991972937887,0.015660488151836287,0.004577081651328613
MAIN,0.0,0.7,100,rate,HT,COR-500,DEF-0.75,1.0023117655897769,1.001803920559015,1.0045542376774863,0.995,1.0023117655897769,1.001803920559015,1.0045542376774863,0.995,1.0023117655897769,1.0045542376774863,1.0007109178608324,1.0013860118783295,229.06243960064432,292.44269972697657,0.02356532560264686,0.0043656224769929195
MAIN,0.0,0.7,100,rate,HT,COR-500,RA-EST,1.0042528625439093,1.0032969305070627,1.008226182750812,1.0,1.0042528625439093,1.0032969305070627,1.008226182750812,1.0,1.0042528625439093,1.008226182750812,1.0012951044405156,1.0024914292075404,240.72242521812012,345.71118571670746,0.03165904987662274,0.004154163302657226
MAIN,0.0,0.7,100,rate,HT,KS-2000,DEF-0.0,0.9999499999999998,0.9999499999999998,0.9999499999999998,0.0,0.9999499999999998,0.9999499999999998,0.9999499999999998,0.0,0.9999499999999998,0.9999499999999998,1.0,1.0,200.0,200.0,0.0,0.005
MAIN,0.0,0.7,100,rate,HT,KS-2000,DEF-0.25,1.000015932788798,1.000007722004822,1.0000707745409374,0.59,1.000015932788798,1.000007722004822,1.0000707745409374,0.59,1.000015932788798,1.0000707745409374,1.0000198491554477,1.000036359486375,204.3285672821865,209.2219623885677,0.004158182698835246,0.004894078275364522
MAIN,0.0,0.7,100,rate,HT,KS-2000,DEF-0.5,1.0002144123366061,1.0001810729937781,1.000433722515421,0.985,1.0002144123366061,1.0001810729937781,1.000433722515421,0.985,1.0002144123366061,1.000433722515421,1.0000796009763284,1.0001456252512777,208.8486452943615,219.3355178308934,0.008319463374323467,0.004788156550729044
MAIN,0.0,0.7,100,rate,HT,KS-2000,DEF-0.75,1.0005466789472155,1.0004744695833088,1.0010400154390617,1.0,1.0005466789472155,1.0004744695833088,1.0010400154390617,1.0,1.0005466789472155,1.0010400154390617,1.0001796275541237,1.000328148750223,213.5732312666256,230.47654160140814,0.012533551671135111,0.0046822348260935655
MAIN,0.0,0.7,100,rate,HT,KS-2000,RA-EST,1.0010142912988567,1.0008863946590378,1.0018911451228483,1.0,1.0010142912988567,1.0008863946590378,1.0018911451228483,1.0,1.0010142912988567,1.0018911451228483,1.0003203964928749,1.0005843775278926,218.51652576591465,242.8099972482879,0.016747525873565802,0.004576313101458087
MAIN,0.0,0.7,100,rate,HT,MIS-G-10000,DEF-0.0,0.9999499999999998,0.9999499999999998,0.9999499999999998,0.0,0.9999499999999998,0.9999499999999998,0.9999499999999998,0.0,0.9999499999999998,0.9999499999999998,1.0,1.0,200.0,200.0,0.0,0.005
MAIN,0.0,0.7,100,rate,HT,MIS-G-10000,DEF-0.25,0.9999542533693798,0.9999529261193989,0.9999605669109334,0.0,0.9999542533693798,0.9999529261193989,0.9999605669109334,0.0,0.9999542533693798,0.9999605669109334,1.0000012804920748,1.0000031812065613,200.7870799608819,201.44566240806043,0.0009362226977158903,0.0049804001344635265
MAIN,0.0,0.7,100,rate,HT,MIS-G-10000,DEF-0.5,0.9999670158816965,0.9999617049065758,0.9999922729428918,0.06,0.9999670158816965,0.9999617049065758,0.9999922729428918,0.06,0.9999670158816965,0.9999922729428918,1.000005122689553,1.0000127264159948,201.5803793609042,202.91237882480905,0.0018724795740124316,0.004960800268927054
MAIN,0.0,0.7,100,rate,HT,MIS-G-10000,DEF-0.75,0.9999882917706374,0.9999763371439052,1.0000451278418074,0.295,0.9999882917706374,0.9999763371439052,1.0000451278418074,0.295,0.9999882917706374,1.0000451278418074,1.0000115278625428,1.0000286385520862,202.37997221087605,204.4006126124287,0.0028087780088076877,0.004941200403390581
MAIN,0.0,0.7,100,rate,HT,MIS-G-10000,RA-EST,1.0000180861090298,0.9999968237990934,1.0001191437549195,0.48,1.0000180861090298,0.9999968237990934,1.0001191437549195,0.48,1.0000180861090298,1.0001191437549195,1.0000204975328963,1.0000509212590183,203.1859337005825,205.91084083238354,0.003745125386201401,0.004921600537854108
MAIN,0.0,0.7,100,rate,HT,MIS-G-2000,DEF-0.0,0.9999499999999998,0.9999499999999998,0.9999499999999998,0.0,0.9999499999999998,0.9999499999999998,0.9999499999999998,0.0,0.9999499999999998,0.9999499999999998,1.0,1.0,200.0,200.0,0.0,0.005
MAIN,0.0,0.7,100,rate,HT,MIS-G-2000,DEF-0.25,0.9999699152930147,0.9999619792113231,0.999998220765863,0.09,0.9999699152930147,0.9999619792113231,0.999998220765863,0.09,0.9999699152930147,0.999998220765863,1.000005995560398,1.0000145170074228,201.67635419238763,203.52273582486376,0.0018942945810606622,0.0049584394964839315
MAIN,0.0,0.7,100,rate,HT,MIS-G-2000,DEF-0.5,1.0000297148022221,0.9999979251915365,1.0001430322194416,0.485,1.0000297148022221,0.9999979251915365,1.0001430322194416,0.485,1.0000297148022221,1.0001430322194416,1.0000239983306565,1.0000581127637649,203.38104760702907,207.17179456524397,0.0037889179550098075,0.004916878992967864
MAIN,0.0,0.7,100,rate,HT,MIS-G-2000,DEF-0.75,1.0001294933177882,1.0000578528021422,1.000384703585457,0.745,1.0001294933177882,1.0000578528021422,1.000384703585457,0.745,1.0001294933177882,1.000384703585457,1.0000540367478743,1.0001308680461505,205.11480499478222,210.9540951260331,0.005683931579540077,0.004875318489451795
MAIN,0.0,0.7,100,rate,HT,MIS-G-2000,RA-EST,1.0002693650457237,1.0001417800358992,1.0007235539196335,0.825,1.0002693650457237,1.0001417800358992,1.0007235539196335,0.825,1.0002693650457237,1.0007235539196335,1.0000961450739367,1.0002328785683263,206.87837603220004,214.87707109330492,0.0075793970539327635,0.0048337579859357264
MAIN,0.0,0.7,100,rate,HT,MIS-I-2000,DEF-0.0,0.9999499999999998,0.9999499999999998,0.9999499999999998,0.0,0.9999499999999998,0.9999499999999998,0.9999499999999998,0.0,0.9999499999999998,0.9999499999999998,1.0,1.0,200.0,200.0,0.0,0.005
MAIN,0.0,0.7,100,rate,HT,MIS-I-2000,DEF-0.25,0.9999942839303538,0.999983314753742,1.000035179908554,0.365,0.9999942839303538,0.999983314753742,1.000035179908554,0.365,0.9999942839303538,1.000035179908554,1.0000133317549276,1.0000256438606019,202.50879694815472,204.52373820570267,0.0031590130938117912,0.0049380571156864015
MAIN,0.0,0.7,100,rate,HT,MIS-I-2000,DEF-0.5,1.0001274946240222,1.0000832815850182,1.0002905110448546,0.9,1.0001274946240222,1.0000832815850182,1.0002905110448546,0.9,1.0001274946240222,1.0002905110448546,1.0000534346905523,1.0001025108355102,205.08133652626805,209.2568545780269,0.006318528562965022,0.004876114231372804
MAIN,0.0,0.7,100,rate,HT,MIS-I-2000,DEF-0.75,1.0003502399305813,1.0002502209970174,1.0007176552767245,0.96,1.0003502399305813,1.0002502209970174,1.0007176552767245,0.96,1.0003502399305813,1.0007176552767245,1.0001204911619304,1.0002311010081524,207.72007941576481,214.21422989830438,0.009483111301537773,0.004814171347059205
MAIN,0.0,0.7,100,rate,HT,MIS-I-2000,RA-EST,1.0006632242082736,1.000484350959395,1.0013197273572048,0.985,1.0006632242082736,1.000484350959395,1.0013197273572048,0.985,1.0006632242082736,1.0013197273572048,1.0002147124768388,1.0004123507260496,210.42761460845531,219.41218929577835,0.012651527589782947,0.004752228462745606
MAIN,0.0,0.7,400,dollars,DIFF,COR-10000,DEF-0.0,0.9999499999999999,0.9999499999999999,0.9999500000000001,0.0,3.9357065725153255,3.9348438483732746,3.939895918119753,1.0,0.3700468821362945,0.37044077691745925,1.0,1.0,50.0,50.0,0.0,0.02
MAIN,0.0,0.7,400,dollars,DIFF,COR-10000,DEF-0.25,0.44303961781728474,0.44318316170130523,0.4440683559504493,0.0,1.7437600220513056,1.7434197992418903,1.748477868550229,1.0,0.16395352332925708,0.1643971093423801,0.4431226828132988,0.4441843903828795,66.59409062399402,66.59757631369436,0.2761778706015075,0.015016347406053454
MAIN,0.0,0.7,400,dollars,DIFF,COR-10000,DEF-0.5,0.32787203492051425,0.3279992898505743,0.3285345783032537,0.0,1.2904717157058037,1.2903245474354024,1.2934486950697266,1.0,0.12133400345870113,0.12161390794637227,0.3279574120055721,0.32861861239149287,99.67411734623511,99.68973649839177,0.517426601635278,0.010032694812106911
MAIN,0.0,0.7,400,dollars,DIFF,COR-10000,DEF-0.75,0.27547005209150455,0.27558297029886647,0.2758351023579504,0.0,1.0842227214942735,1.0841574280896498,1.0859042039900215,1.0,0.10194185725941121,0.10209995526378572,0.27555433059464607,0.2759321917032326,198.05736549622767,198.1498993700457,0.8335054239365545,0.005049042218160367
MAIN,0.0,0.7,400,dollars,DIFF,COR-10000,RA-EST,0.2542255507881748,0.25430354587282794,0.2543577806062936,0.0,1.000606615932429,1.0005172357198213,1.0010752003224952,1.0,0.09408002137570488,0.09412407907903386,0.2543075586625812,0.2544089100420351,15292.947429809316,16065.342205874958,1.7761187849442304,6.538962421382257e-05
MAIN,0.0,0.7,400,dollars,DIFF,COR-10000,SRSWOR,,,,0.0,3.93590336768371,3.935040600403295,3.9400929227658916,1.0,0.37006538540556483,0.37045929988245346,0.9999276937529621,0.9999993463396142,,,,
MAIN,0.0,0.7,400,dollars,DIFF,COR-2000,DEF-0.0,0.9999499999999999,0.9999499999999999,0.9999500000000001,0.0,3.9489052053550413,3.9462358251035567,3.9683223901073963,1.0,0.3712878570008605,0.373113518681955,1.0,1.0,50.0,50.0,0.0,0.02
MAIN,0.0,0.7,400,dollars,DIFF,COR-2000,DEF-0.25,0.4429792551294283,0.4432123086032652,0.44503382084671034,0.0,1.7493700602493032,1.7470738599554996,1.7617623372975504,1.0,0.16448099586959633,0.16564615475524522,0.4431562147032494,0.44540973042274157,66.59355793953215,66.60175249559757,0.2761834580366511,0.01501646752240027
MAIN,0.0,0.7,400,dollars,DIFF,COR-2000,DEF-0.5,0.32773315221508653,0.32801942882268137,0.32893850091558546,0.0,1.2942492780837223,1.292765541301652,1.3021664122537497,1.0,0.12168918115151645,0.12243357374306095,0.32792756359927017,0.32924238087488256,99.67173070843532,99.70845399815386,0.5174448953346844,0.010032935044800538
MAIN,0.0,0.7,400,dollars,DIFF,COR-2000,DEF-0.75,0.27528451322700465,0.27550228425617096,0.275993152092831,0.0,1.0871228187386712,1.086363029204922,1.0918291600000745,1.0,0.10221453306067034,0.10265703731701245,0.2754827357748193,0.27615788500830324,198.04323119349493,198.26086481718096,0.8335446513610086,0.005049402567200809
MAIN,0.0,0.7,400,dollars,DIFF,COR-2000,RA-EST,0.25398994262613145,0.25421994025348416,0.25445318650028387,0.0,1.0030265144602355,1.0026513684656568,1.005661470472201,1.0,0.09430754745998021,0.0945552938909777,0.2541863533527731,0.25458637439819815,15181.398114616813,17100.07225284024,1.776099217123661,6.587008960107828e-05
MAIN,0.0,0.7,400,dollars,DIFF,COR-2000,SRSWOR,,,,0.0,3.9491026604880664,3.946433146760895,3.968520816148204,1.0,0.3713064223219766,0.3731321752907196,0.9997458595490235,0.9999953525128462,,,,
MAIN,0.0,0.7,400,dollars,DIFF,COR-500,DEF-0.0,0.9999499999999999,0.9999499999999999,0.9999500000000001,0.0,4.006590372768588,3.9882747350161214,4.087600498805519,1.0,0.3767115886621491,0.3843284025706809,1.0,1.0,50.0,50.0,0.0,0.02
MAIN,0.0,0.7,400,dollars,DIFF,COR-500,DEF-0.25,0.4423483460585046,0.4428891101547697,0.44784769289154697,0.0,1.7723206058075638,1.7633020206397234,1.8070444032631687,1.0,0.16663887468263333,0.1699037097885103,0.44293441266597017,0.44875704082356166,66.59358093581369,66.60943870870727,0.27658860657476714,0.015016462336871726
MAIN,0.0,0.7,400,dollars,DIFF,COR-500,DEF-0.5,0.32696763326679845,0.3278145716005744,0.33080636404585445,0.0,1.3100024014243505,1.3037065903773986,1.334823622966041,1.0,0.12317033683949813,0.12550410219346525,0.3276358188848516,0.33138420322783957,99.67183373933065,99.74291556388597,0.5181357477632658,0.010032924673743455
MAIN,0.0,0.7,400,dollars,DIFF,COR-500,DEF-0.75,0.2744920763099801,0.27538380486468805,0.27705609470829334,0.0,1.0997392268299284,1.0954821238590164,1.117802094889392,1.0,0.10340076541613405,0.10509909019840355,0.27518425668727803,0.2773659424748267,198.0438413421139,198.465383940186,0.8347253593298125,0.005049387010615183
MAIN,0.0,0.7,400,dollars,DIFF,COR-500,RA-EST,0.25328349178292475,0.2540406795136135,0.25546361116214417,0.0,1.0147590081387843,1.0121645631942031,1.027379646077868,1.0,0.09541067154340394,0.09659730160178864,0.2539745477912053,0.25566483447113886,15186.180160684053,19398.959742206127,1.7818447470701964,6.584934748691024e-05
MAIN,0.0,0.7,400,dollars,DIFF,COR-500,SRSWOR,,,,0.0,4.006790712304204,3.988474158724058,4.0878048890499725,1.0,0.37673042518340827,0.3843476199516786,0.9989577045124091,0.9999889572326383,,,,
MAIN,0.0,0.7,400,dollars,DIFF,KS-2000,DEF-0.0,0.9999499999999999,0.9999499999999999,0.9999500000000001,0.0,3.9511668304125327,3.9462855249840905,3.972656776759448,1.0,0.37150050174092586,0.37352105065544255,1.0,1.0,50.0,50.0,0.0,0.02
MAIN,0.0,0.7,400,dollars,DIFF,KS-2000,DEF-0.25,0.4428325519902476,0.44313900623931723,0.44535544852766606,0.0,1.7497906612400933,1.7473337154433222,1.7613949111317473,1.0,0.16452054203046923,0.16561160825017282,0.4430085990301687,0.44566311567335354,66.59503222846936,66.60270477124416,0.27630946728986516,0.015016135086014685
MAIN,0.0,0.7,400,dollars,DIFF,KS-2000,DEF-0.5,0.3276319795588642,0.3280019196332492,0.32921868010256794,0.0,1.2945885533868924,1.2932972887379584,1.3027437227267022,1.0,0.1217210808284387,0.12248785419730839,0.3278246653047574,0.32945296240361077,99.6783362941954,99.71272271459017,0.5176525898795727,0.01003227017202937
MAIN,0.0,0.7,400,dollars,DIFF,KS-2000,DEF-0.75,0.2752190573303464,0.27546246989522205,0.27613880917546907,0.0,1.087484253217203,1.0866783027207831,1.0928035765581594,1.0,0.10224851620941709,0.10274865487095801,0.2754148056740815,0.27630773757850785,198.08235450637267,198.28618310088558,0.8338918139114346,0.005048405258044054
MAIN,0.0,0.7,400,dollars,DIFF,KS-2000,RA-EST,0.2539775177328548,0.2542165390301456,0.25451375136619325,0.0,1.003548882011664,1.0030592255632964,1.0064877188977568,1.0,0.09435666201671195,0.09463298023474177,0.25417071219801934,0.2545932147609794,15494.187171701149,17354.78715749287,1.7781831125295762,6.454034405873867e-05
MAIN,0.0,0.7,400,dollars,DIFF,KS-2000,SRSWOR,,,,0.0,3.951364398632465,3.9464828491265473,3.972855419530425,1.0,0.3715190776948106,0.37353972764182464,0.9997465725588296,0.9999964484392869,,,,
MAIN,0.0,0.7,400,dollars,DIFF,MIS-G-10000,DEF-0.0,0.9999499999999999,0.9999499999999999,0.9999500000000001,0.0,3.9341200156833556,3.9331256207772505,3.938124528577377,1.0,0.3698977093262322,0.3702742255841403,1.0,1.0,50.0,50.0,0.0,0.02
MAIN,0.0,0.7,400,dollars,DIFF,MIS-G-10000,DEF-0.25,0.44299047126316965,0.44306848643395846,0.44403860605546636,0.0,1.7428642794683369,1.742503855365697,1.7475381632920168,1.0,0.16386930293733584,0.16430875544848036,0.44306975571563917,0.4440973035931501,66.5941512798652,66.59671323241528,0.27624637743316743,0.015016333728730184
MAIN,0.0,0.7,400,dollars,DIFF,MIS-G-10000,DEF-0.5,0.3278435997046556,0.32791845280676335,0.3285247329141855,0.0,1.2898400278388198,1.2896808744554327,1.2929005707051597,1.0,0.12127461027952129,0.12156237165717138,0.3279246612643425,0.32859080751794856,99.6743891133751,99.6858687826977,0.5175493805694094,0.010032667457460367
MAIN,0.0,0.7,400,dollars,DIFF,MIS-G-10000,DEF-0.75,0.27545604955489883,0.27552788968094577,0.275818161957557,0.0,1.0837308361446818,1.0836167148685625,1.0854270468581915,1.0,0.10189560873030183,0.1020550915256819,0.27553589260455147,0.2759157241250693,198.05897505730212,198.1269801779839,0.833740480575935,0.005049001186190552
MAIN,0.0,0.7,400,dollars,DIFF,MIS-G-10000,RA-EST,0.254229234299263,0.2542916950396146,0.2543410243831383,0.0,1.0002178540549953,1.0001466270475508,1.0005247125300265,1.0,0.09404346882332652,0.09407232057328556,0.2543068721634982,0.2543897702939473,15305.751928293896,15866.91790616804,1.7773901319977643,6.53349149207348e-05
MAIN,0.0,0.7,400,dollars,DIFF,MIS-G-10000,SRSWOR,,,,0.0,3.9343167315199317,3.9333222868915954,3.9383214446496098,1.0,0.3699162051364891,0.3702927402211513,0.9999351236187303,0.999998733215551,,,,
MAIN,0.0,0.7,400,dollars,DIFF,MIS-G-2000,DEF-0.0,0.9999499999999999,0.9999499999999999,0.9999500000000001,0.0,3.9442368599135977,3.938334785483212,3.9635712292720755,1.0,0.37084892522494883,0.3726668003554628,1.0,1.0,50.0,50.0,0.0,0.02
MAIN,0.0,0.7,400,dollars,DIFF,MIS-G-2000,DEF-0.25,0.4427195415073564,0.4430237734258643,0.44492195564958165,0.0,1.7462588907442196,1.744075575863354,1.756410533121707,1.0,0.16418847442422393,0.16514296214863555,0.44292189910982754,0.4452268678671945,66.59411517536543,66.59934881727632,0.2762613194818064,0.015016341869948949
MAIN,0.0,0.7,400,dollars,DIFF,MIS-G-2000,DEF-0.5,0.3274955688874039,0.32784552494596886,0.3289812438194796,0.0,1.2917668373249425,1.2903282816402442,1.2981804232271883,1.0,0.12145577465996305,0.12205879915447525,0.3277186431652507,0.32914072525191623,99.67422734792184,99.6976802236039,0.5175785117072188,0.010032683739897897
MAIN,0.0,0.7,400,dollars,DIFF,MIS-G-2000,DEF-0.75,0.2750631277548622,0.27538347160725263,0.2760430556226462,0.0,1.084951914988196,1.084050835206268,1.0888411673023868,1.0,0.10201041820874228,0.10237609732282008,0.275290562520344,0.276134832671232,198.0580169871084,198.1969831010523,0.8337843999381533,0.005049025609846845
MAIN,0.0,0.7,400,dollars,DIFF,MIS-G-2000,RA-EST,0.2537784284821713,0.2541297380808207,0.2543470653374219,0.0,1.0009976096984357,1.0006197161694057,1.0023190550159713,1.0,0.0941167837769103,0.09424103001088578,0.2540033664901702,0.2544176713237762,15298.127434316497,16488.788452642646,1.7776044616873858,6.536747979579417e-05
MAIN,0.0,0.7,400,dollars,DIFF,MIS-G-2000,SRSWOR,,,,0.0,3.9444340816176795,3.9385317120688166,3.9637694177429634,1.0,0.3708674685983787,0.3726854346271942,0.9996965036811045,0.9999973576701691,,,,
MAIN,0.0,0.7,400,dollars,DIFF,MIS-I-2000,DEF-0.0,0.9999499999999999,0.9999499999999999,0.9999500000000001,0.0,3.949165410996625,3.944243744859161,3.9660860431970595,1.0,0.37131232231213507,0.3729032506687539,1.0,1.0,50.0,50.0,0.0,0.02
MAIN,0.0,0.7,400,dollars,DIFF,MIS-I-2000,DEF-0.25,0.4427272494015764,0.44302598574917645,0.4451610827401734,0.0,1.7484671138080279,1.7458978873917324,1.7616107051221057,1.0,0.16439609814940973,0.16563189784540677,0.44294213554207296,0.4455350825512752,66.59407456169676,66.60005828589253,0.2763279543295628,0.015016351027951293
MAIN,0.0,0.7,400,dollars,DIFF,MIS-I-2000,DEF-0.5,0.3275014181814487,0.3278257002561127,0.328982604966223,0.0,1.2933983935579394,1.292160259989716,1.3016419021966075,1.0,0.12160917844805709,0.12238425774154549,0.32773896132501595,0.3293242961306229,99.67404537959604,99.70086004343415,0.5177175041263072,0.010032702055902587
MAIN,0.0,0.7,400,dollars,DIFF,MIS-I-2000,DEF-0.75,0.27507086506314554,0.27543152433658524,0.275955215679068,0.0,1.0863316601469015,1.0855078266610867,1.0915441436134652,1.0,0.10214014596784077,0.10263023922541714,0.2753133076304066,0.2761392078734012,198.05693927003074,198.21583456532596,0.8340126863768886,0.00504905308385388
MAIN,0.0,0.7,400,dollars,DIFF,MIS-I-2000,RA-EST,0.2537956305237036,0.25414321222367464,0.254416812737197,0.0,1.0023087187864386,1.0016605577864621,1.0046091377516195,1.0,0.09424005816772593,0.09445635042681282,0.25403550764095933,0.25450160108451214,15289.558599593372,16664.586290858635,1.7788068378664954,6.540411180517382e-05
MAIN,0.0,0.7,400,dollars,DIFF,MIS-I-2000,SRSWOR,,,,0.0,3.949362879140582,3.944440966907507,3.96628435741493,1.0,0.371330888856578,0.3729218967635921,0.9996721667284666,0.999993685600299,,,,
MAIN,0.0,0.7,400,dollars,EXP,COR-2000,ST-NEY-EST,,,,0.0,1.4869238314125477,1.4728270077067787,1.5081757971895429,1.0,0.13980501789205066,0.14180319116288428,0.3764274089630669,0.38312789620813675,,,,
MAIN,0.0,0.7,400,dollars,HT,COR-10000,DEF-0.0,0.9999499999999997,0.9999499999999997,0.9999499999999997,0.0,10.635165372741023,10.635165372741024,10.635165372741024,1.0,0.9999499999999997,0.9999499999999997,1.0,1.0,50.0,50.0,0.0,0.02
MAIN,0.0,0.7,400,dollars,HT,COR-10000,DEF-0.25,0.31933738524828076,0.3192606563201693,0.3205156086257696,0.0,3.396375720600207,3.3955596549575864,3.408906947627182,1.0,0.31933738524828076,0.3205156086257696,0.44311882740331576,0.444099740230073,66.59447237838167,66.59684399834143,0.2763297022475757,0.015016261324485369
MAIN,0.0,0.7,400,dollars,HT,COR-10000,DEF-0.5,0.18146640176880952,0.18141655412961744,0.18220534329180782,0.0,1.9300216934922287,1.9294915290977608,1.9378808517480135,1.0,0.18146640176880952,0.18220534329180782,0.32798641640319515,0.3286194490814004,99.67582780414742,99.68645476948495,0.5176930702991991,0.010032522648970739
MAIN,0.0,0.7,400,dollars,HT,COR-10000,DEF-0.75,0.1193522798413523,0.11932061656378712,0.11977112242166459,0.0,1.2693947034616202,1.26905794243042,1.2738493863025289,1.0,0.1193522798413523,0.11977112242166459,0.2756059942804417,0.2759716004907563,198.06749610552276,198.13045237191793,0.8339842605419123,0.005048783973456107
MAIN,0.0,0.7,400,dollars,HT,COR-10000,RA-EST,0.09404039366343434,0.0940376547533358,0.09405373968180217,0.0,1.000185147585671,1.000156017367321,1.000327091795291,1.0,0.09404039366343434,0.09405373968180217,0.25439160230762625,0.2544032574647308,15373.901468391068,15896.662827322409,1.778580606868323,6.504529794147639e-05
MAIN,0.0,0.7,400,dollars,HT,COR-2000,DEF-0.0,0.9999499999999997,0.9999499999999997,0.9999499999999997,0.0,10.635165372741023,10.635165372741024,10.635165372741024,1.0,0.9999499999999997,0.9999499999999997,1.0,1.0,50.0,50.0,0.0,0.02
MAIN,0.0,0.7,400,dollars,HT,COR-2000,DEF-0.25,0.3193295237948985,0.31929929249587835,0.32155317707266634,0.0,3.3962921085628146,3.395970577621756,3.4199422114086553,1.0,0.3193295237948985,0.32155317707266634,0.4431117574815188,0.44496437089030677,66.59480801569737,66.60085571660052,0.27635188595362264,0.015016185642644958
MAIN,0.0,0.7,400,dollars,HT,COR-2000,DEF-0.5,0.18147507481855216,0.1814529904912925,0.18288286769871767,0.0,1.9301139374227245,1.9298790552060612,1.9450867961567888,1.0,0.18147507481855216,0.18288286769871767,0.32799308089160717,0.3291967960457236,99.67733166598119,99.70443426859185,0.517719718196145,0.010032371285289917
MAIN,0.0,0.7,400,dollars,HT,COR-2000,DEF-0.75,0.1193781105040595,0.11935837916203101,0.12017681143438516,0.0,1.269669430567554,1.2694595739892258,1.2781641717819903,1.0,0.1193781105040595,0.12017681143438516,0.2756279279241327,0.2763234142372998,198.07640366848767,198.23702709978585,0.8340439056977877,0.005048556927934875
MAIN,0.0,0.7,400,dollars,HT,COR-2000,RA-EST,0.0941070916708727,0.09409488730787091,0.09417984297228991,0.0,1.0008945273938006,1.0007647254849121,1.0016682882034953,1.0,0.0941070916708727,0.09417984297228991,0.2544492047123274,0.2545128327078135,15445.787856618343,16866.71200809267,1.7788880163846499,6.474257057983328e-05
MAIN,0.0,0.7,400,dollars,HT,COR-500,DEF-0.0,0.9999499999999997,0.9999499999999997,0.9999499999999997,0.0,10.635165372741023,10.635165372741024,10.635165372741024,1.0,0.9999499999999997,0.9999499999999997,1.0,1.0,50.0,50.0,0.0,0.02
MAIN,0.0,0.7,400,dollars,HT,COR-500,DEF-0.25,0.3198692612728591,0.31980800455498504,0.324517645932822,0.0,3.4020325929230095,3.4013810850228334,3.4514714044384043,1.0,0.3198692612728591,0.324517645932822,0.443557482053531,0.44742435511464823,66.59477408765432,66.60571272545685,0.2761847367224082,0.015016193292943495
MAIN,0.0,0.7,400,dollars,HT,COR-500,DEF-0.5,0.18190135344422945,0.18183818429541407,0.18484319168363691,0.0,1.9346477077901856,1.9339758598536818,1.9659362083911671,1.0,0.18190135344422945,0.18484319168363691,0.3283519170676328,0.33087482470434465,99.67717964615102,99.72620792713798,0.5174379734009162,0.01003238658588699
MAIN,0.0,0.7,400,dollars,HT,COR-500,DEF-0.75,0.11973310241940084,0.11971458244972699,0.12149467521352174,0.0,1.2734450170725204,1.2732480442837015,1.2921805718318555,1.0,0.11973310241940084,0.12149467521352174,0.2759316847506731,0.27746431886636475,198.07550321286882,198.36619405010103,0.8335234633926878,0.005048579878830487
MAIN,0.0,0.7,400,dollars,HT,COR-500,RA-EST,0.09443829760209851,0.09435242525560705,0.09491029865684135,0.0,1.0044171333751188,1.0035038211036231,1.009437193651431,1.0,0.09443829760209851,0.09491029865684135,0.25473398664812685,0.2551376171685114,15438.492164465586,18212.08484999097,1.7767109665811633,6.477317177398171e-05
MAIN,0.0,0.7,400,dollars,HT,KS-2000,DEF-0.0,0.9999499999999997,0.9999499999999997,0.9999499999999997,0.0,10.635165372741023,10.635165372741024,10.635165372741024,1.0,0.9999499999999997,0.9999499999999997,1.0,1.0,50.0,50.0,0.0,0.02
MAIN,0.0,0.7,400,dollars,HT,KS-2000,DEF-0.25,0.31947373028206294,0.3194288605403312,0.3220679913635587,0.0,3.397825845088457,3.3973486241038584,3.4254176202989903,1.0,0.31947373028206294,0.3220679913635587,0.4432316847452208,0.44539074782502175,66.59369347757723,66.60085360952831,0.2762777524375338,0.015016436959405327
MAIN,0.0,0.7,400,dollars,HT,KS-2000,DEF-0.5,0.18157019365770805,0.18154367735031743,0.18321031427051734,0.0,1.9311255925899686,1.9308435731748244,1.9485694187297438,1.0,0.18157019365770805,0.18321031427051734,0.32807428301036884,0.3294775873921848,99.67233796540575,99.70442482405576,0.5175963167557347,0.010032873918810654
MAIN,0.0,0.7,400,dollars,HT,KS-2000,DEF-0.75,0.11943833063127617,0.11942714655680602,0.12037460859770702,0.0,1.2703099136034226,1.27019096317437,1.2802678825097136,1.0,0.11943833063127617,0.12037460859770702,0.27568013800443886,0.2764962625322987,198.04682740257834,198.23697109590617,0.8338190835243453,0.0050493108782159795
MAIN,0.0,0.7,400,dollars,HT,KS-2000,RA-EST,0.09412434691185789,0.09411386882524364,0.09419414483639653,0.0,1.0010780489113005,1.0009666071552803,1.0018203984989225,1.0,0.09412434691185789,0.09419414483639653,0.2544639493902599,0.25452605281350144,15209.625687996126,16866.170258726117,1.7776288913626326,6.57478376213059e-05
MAIN,0.0,0.7,400,dollars,HT,MIS-G-10000,DEF-0.0,0.9999499999999997,0.9999499999999997,0.9999499999999997,0.0,10.635165372741023,10.635165372741024,10.635165372741024,1.0,0.9999499999999997,0.9999499999999997,1.0,1.0,50.0,50.0,0.0,0.02
MAIN,0.0,0.7,400,dollars,HT,MIS-G-10000,DEF-0.25,0.31937228451127386,0.3193214744267139,0.32042062320815184,0.0,3.396746898592425,3.3962064979204936,3.4078967114910115,1.0,0.31937228451127386,0.32042062320815184,0.44314803161327043,0.44402153291306534,66.59444382927347,66.59584044024406,0.276278307047102,0.015016267761972388
MAIN,0.0,0.7,400,dollars,HT,MIS-G-10000,DEF-0.5,0.18148456835910515,0.1814547296635622,0.18213508617872531,0.0,1.9302149078449995,1.9298975525156266,1.937133618370101,1.0,0.18148456835910515,0.18213508617872531,0.3280022586673531,0.32856077692851543,99.67569988795856,99.6819577530677,0.5175946154852809,0.010032535523944775
MAIN,0.0,0.7,400,dollars,HT,MIS-G-10000,DEF-0.75,0.11935832773087889,0.11934378602108071,0.11972643020830531,0.0,1.2694590269830675,1.2693043657615006,1.2733740534559368,1.0,0.11935832773087889,0.11972643020830531,0.27561155122122744,0.2759338738806039,198.06673846639333,198.1038079023788,0.8337980557574134,0.005048803285917161
MAIN,0.0,0.7,400,dollars,HT,MIS-G-10000,RA-EST,0.09402923204417207,0.09402728418942785,0.0940386120438751,0.0,1.000066435983409,1.0000457191902425,1.000166198819589,1.0,0.09402923204417207,0.0940386120438751,0.2543820126582092,0.2543903440919628,15367.817680264794,15671.181936159523,1.7775862842510457,6.507104788954784e-05
MAIN,0.0,0.7,400,dollars,HT,MIS-G-2000,DEF-0.0,0.9999499999999997,0.9999499999999997,0.9999499999999997,0.0,10.635165372741023,10.635165372741024,10.635165372741024,1.0,0.9999499999999997,0.9999499999999997,1.0,1.0,50.0,50.0,0.0,0.02
MAIN,0.0,0.7,400,dollars,HT,MIS-G-2000,DEF-0.25,0.3194010524805032,0.3193488140913998,0.3216227421184984,0.0,3.3970528660009878,3.3964972743144832,3.4206820841688796,1.0,0.3194010524805032,0.3216227421184984,0.44317190034091786,0.44502297607881075,66.59447928543364,66.59781382878538,0.27626983064061694,0.015016259767027609
MAIN,0.0,0.7,400,dollars,HT,MIS-G-2000,DEF-0.5,0.18150179214033815,0.18147253600296004,0.18290828150588354,0.0,1.9303980947661024,1.9300869353489476,1.9453570897134265,1.0,0.18150179214033815,0.18290828150588354,0.3280171900051764,0.3292221719469337,99.67585875169371,99.69080090665472,0.5175769929084474,0.01003251953405522
MAIN,0.0,0.7,400,dollars,HT,MIS-G-2000,DEF-0.75,0.11937185438076656,0.11936498487196932,0.12017342934503546,0.0,1.2696028923348297,1.2695298303196407,1.2781282009039068,1.0,0.11937185438076656,0.12017342934503546,0.2756238381206632,0.27632183347750067,198.06767940646182,198.15620742102664,0.8337633628950323,0.00504877930108283
MAIN,0.0,0.7,400,dollars,HT,MIS-G-2000,RA-EST,0.09405220395761199,0.0940408355597095,0.09409844034615145,0.0,1.0003107582978865,1.0001898474606286,1.000802514524053,1.0,0.09405220395761199,0.09409844034615145,0.2544022759625272,0.2544413789466257,15375.374189777,16120.812424635373,1.7774278357193698,6.503906811044e-05
MAIN,0.0,0.7,400,dollars,HT,MIS-I-2000,DEF-0.0,0.9999499999999997,0.9999499999999997,0.9999499999999997,0.0,10.635165372741023,10.635165372741024,10.635165372741024,1.0,0.9999499999999997,0.9999499999999997,1.0,1.0,50.0,50.0,0.0,0.02
MAIN,0.0,0.7,400,dollars,HT,MIS-I-2000,DEF-0.25,0.31944564040168993,0.31940265749139934,0.321472333008956,0.0,3.397527089627616,3.397069936410814,3.4190823784300433,1.0,0.31944564040168993,0.321472333008956,0.44320852209263206,0.44489741173109265,66.59444153187329,66.59882454818384,0.2762442453958773,0.015016268280012863
MAIN,0.0,0.7,400,dollars,HT,MIS-I-2000,DEF-0.5,0.18154374290118266,0.18153570291869256,0.18282110803466248,0.0,1.9308442703539754,1.9307587595350584,1.9444299390733424,1.0,0.18154374290118266,0.18282110803466248,0.3280520879495943,0.329146612755967,99.67568959445565,99.69533054965163,0.5175121631288075,0.010032536560025729
MAIN,0.0,0.7,400,dollars,HT,MIS-I-2000,DEF-0.75,0.11941107632195547,0.11940930657543779,0.12014414025681268,0.0,1.2700200450232482,1.2700012225352402,1.2778166910315472,1.0,0.11941107632195547,0.12014414025681268,0.27565692547660275,0.2762971231065683,198.0666775013388,198.18305465616314,0.8336379896836645,0.005048804840038593
MAIN,0.0,0.7,400,dollars,HT,MIS-I-2000,RA-EST,0.09409041096336265,0.09407388328376672,0.09415407767298327,0.0,1.0007171164403492,1.0005413330454491,1.001394256282895,1.0,0.09409041096336265,0.09415407767298327,0.25443493992929045,0.2544891687450426,15367.331455006339,16361.233790524497,1.7769037125197058,6.507312005145712e-05
MAIN,0.0,0.7,400,rate,DIFF,COR-10000,DEF-0.0,0.9999499999999999,0.9999499999999999,0.9999500000000001,0.0,1.0004535852825485,1.0003860203140649,1.000836058128388,0.995,1.0004535852825485,1.000836058128388,1.0,1.0,50.0,50.0,0.0,0.02
MAIN,0.0,0.7,400,rate,DIFF,COR-10000,DEF-0.25,0.9999561940861867,0.9999547258089367,0.9999623929814739,0.0,1.0004597837067577,1.0003915820718223,1.0008541597893446,0.995,1.0004597837067577,1.0008541597893446,1.0000061926560726,1.0000123857528798,50.614462810665785,51.27299873000023,0.0022701047885432405,0.019757198744250942
MAIN,0.0,0.7,400,rate,DIFF,COR-10000,DEF-0.5,0.9999747294856159,0.9999695712238257,0.9999937242256347,0.085,1.0004783322220145,1.0004079614423587,1.0008771473282068,0.995,1.0004783322220145,1.0008771473282068,1.0000247252629442,1.000043680132722,51.24421622717543,52.612514553884985,0.0045421886076632174,0.01951439748850188
MAIN,0.0,0.7,400,rate,DIFF,COR-10000,DEF-0.75,1.0000056685513319,0.9999953549996916,1.000049068238883,0.445,1.0005092932316688,1.0004325355054338,1.0009263354173592,0.995,1.0005092932316688,1.0009263354173592,1.0000556601637203,1.0000989996836374,51.889838193715974,54.023901064768346,0.006813191617851664,0.019271596232752822
MAIN,0.0,0.7,400,rate,DIFF,COR-10000,RA-EST,1.0000490833682414,1.000031910349608,1.000123522467578,0.765,1.000552738879466,1.0004667282563242,1.0010072898277254,0.995,1.000552738879466,1.0010072898277254,1.000099069432136,1.0001736835910648,52.55193615269189,55.51310222845262,0.009084277242231771,0.019028794977003764
MAIN,0.0,0.7,400,rate,DIFF,COR-10000,SRSWOR,,,,0.0,1.0005036104630718,1.000436042116171,1.0008861024335096,1.0,1.0005036104630718,1.0008861024335096,0.9998889336841569,0.9999985966031216,,,,
MAIN,0.0,0.7,400,rate,DIFF,COR-2000,DEF-0.0,0.9999499999999999,0.9999499999999999,0.9999500000000001,0.0,1.002368051278355,1.0021052145532057,1.0042993722428524,1.0,1.002368051278355,1.0042993722428524,1.0,1.0,50.0,50.0,0.0,0.02
MAIN,0.0,0.7,400,rate,DIFF,COR-2000,DEF-0.25,0.999990836854209,0.9999773226664199,1.00004651836817,0.29,1.0024090365375629,1.0021562222457276,1.0043637396146907,1.0,1.0024090365375629,1.0043637396146907,1.0000408981214548,1.0000970442643704,51.44991495980538,53.23892408524664,0.0051163539884929235,0.019436378696121914
MAIN,0.0,0.7,400,rate,DIFF,COR-2000,DEF-0.5,1.0000981710872712,1.0000561372245307,1.0002794166916196,0.72,1.0025167551078313,1.0022260312286293,1.0046329559469742,1.0,1.0025167551078313,1.0046329559469742,1.0001482619727742,1.0003299171698636,52.98643493961812,56.92653896659371,0.01023433172302934,0.018872757392243835
MAIN,0.0,0.7,400,rate,DIFF,COR-2000,DEF-0.75,1.000273891514877,1.0001878838962261,1.0006290611090631,0.935,1.0026931036803184,1.0023654237051822,1.0049251557485095,1.0,1.0026931036803184,1.0049251557485095,1.0003239793235803,1.0006798381333988,54.61755868831126,61.16301958574369,0.015355292291651935,0.01830913608836575
MAIN,0.0,0.7,400,rate,DIFF,COR-2000,RA-EST,1.000520338124448,1.0003777939601046,1.0011080706281468,0.98,1.00294043212587,1.0025781879866296,1.0055900399284112,1.0,1.00294043212587,1.0055900399284112,1.0005703888748436,1.001158915748858,56.35230129849376,66.08075869750736,0.020559875953742028,0.017745514784487666
MAIN,0.0,0.7,400,rate,DIFF,COR-2000,SRSWOR,,,,0.0,1.0024181721869645,1.0021553223193218,1.004349589722339,1.0,1.0024181721869645,1.004349589722339,0.9995413819578373,0.999986949577975,,,,
MAIN,0.0,0.7,400,rate,DIFF,COR-500,DEF-0.0,0.9999499999999999,0.9999499999999999,0.9999500000000001,0.0,1.0106599334983026,1.009248534260362,1.0203909911370825,1.0,1.0106599334983026,1.0203909911370825,1.0,1.0,50.0,50.0,0.0,0.02
MAIN,0.0,0.7,400,rate,DIFF,COR-500,DEF-0.25,1.0001912658429386,1.0000762063004942,1.000548640813143,0.675,1.0109051759860124,1.0094287600006346,1.0207864559827973,1.0,1.0109051759860124,1.0207864559827973,1.0002407912257503,1.0005995744678429,53.44585985897721,58.40041983569474,0.010564457477964567,0.01871052327187831
MAIN,0.0,0.7,400,rate,DIFF,COR-500,DEF-0.5,1.0007967653162124,1.000434558185118,1.001817270373083,0.875,1.0115206430316286,1.0099987855105215,1.022009186443731,1.0,1.0115206430316286,1.022009186443731,1.0008450807003997,1.0018682009789337,57.40183398672278,70.1935235278569,0.0212096061024374,0.017421046543756622
MAIN,0.0,0.7,400,rate,DIFF,COR-500,DEF-0.75,1.001847122647144,1.0010744458669758,1.0036709600583396,0.95,1.0125887545123446,1.0108169690920488,1.0234615899947381,1.0,1.0125887545123446,1.0234615899947381,1.0018932788952095,1.0037202993964904,61.990250673415765,87.95468064232354,0.03211064379776331,0.016131569815634933
MAIN,0.0,0.7,400,rate,DIFF,COR-500,RA-EST,1.0035653804099385,1.001981271845548,1.0067990911397822,0.98,1.0143380063557847,1.011909627903016,1.0263936150071644,1.0,1.0143380063557847,1.0263936150071644,1.0036077385840974,1.0068077751327495,67.37594980883316,117.74884192717131,0.04308786658396774,0.014842093087513244
MAIN,0.0,0.7,400,rate,DIFF,COR-500,SRSWOR,,,,0.0,1.0107104690217539,1.009298999210323,1.0204420132377445,1.0,1.0107104690217539,1.0204420132377445,0.998163093170444,0.9999617263214617,,,,
MAIN,0.0,0.7,400,rate,DIFF,KS-2000,DEF-0.0,0.9999499999999999,0.9999499999999999,0.9999500000000001,0.0,1.0028612238576249,1.0025311856665273,1.0051676670063872,1.0,1.0028612238576249,1.0051676670063872,1.0,1.0,50.0,50.0,0.0,0.02
MAIN,0.0,0.7,400,rate,DIFF,KS-2000,DEF-0.25,0.9999898333328455,0.9999774519560276,1.0000356753222919,0.29,1.0029012119024712,1.0025618423008527,1.0051915424848337,1.0,1.0029012119024712,1.0051915424848337,1.0000398165216502,1.0000862213636184,51.53385476036959,53.24062345120842,0.0054976308560099885,0.01940471961763173
MAIN,0.0,0.7,400,rate,DIFF,KS-2000,DEF-0.5,1.0001045085247098,1.0000640752121435,1.000248779405859,0.845,1.0030163404056054,1.0026350346660022,1.0054075197890078,1.0,1.0030163404056054,1.0054075197890078,1.000154442417904,1.0002980210705266,53.16479656213613,56.93043002102699,0.010995726261246456,0.01880943923526346
MAIN,0.0,0.7,400,rate,DIFF,KS-2000,DEF-0.75,1.0002958853560178,1.0002136111088915,1.000595061692424,0.985,1.003208477802706,1.0028264852076079,1.0059081737595583,1.0,1.003208477802706,1.0059081737595583,1.0003457365598318,1.0006442224193113,54.90234454461903,61.16976754551682,0.01654081763375324,0.018214158852895193
MAIN,0.0,0.7,400,rate,DIFF,KS-2000,RA-EST,1.000566267468651,1.0004186222360103,1.001105715991143,1.0,1.0034799385338595,1.0030582873698661,1.006366325203777,1.0,1.0034799385338595,1.006366325203777,1.000616001470532,1.0011552624722848,56.757304333654595,66.09127967660048,0.022093807546230138,0.01761887847052692
MAIN,0.0,0.7,400,rate,DIFF,KS-2000,SRSWOR,,,,0.0,1.0029113694260965,1.002581314732264,1.0052179279027822,1.0,1.0029113694260965,1.0052179279027822,0.9995761094827904,0.9999928400346516,,,,
MAIN,0.0,0.7,400,rate,DIFF,MIS-G-10000,DEF-0.0,0.9999499999999999,0.9999499999999999,0.9999500000000001,0.0,1.0001403951744323,1.0000812124215717,1.000422153605641,0.715,1.0001403951744323,1.000422153605641,1.0,1.0,50.0,50.0,0.0,0.02
MAIN,0.0,0.7,400,rate,DIFF,MIS-G-10000,DEF-0.25,0.9999523948795741,0.9999515283136293,0.9999562529981709,0.0,1.0001427910460785,1.000082887963266,1.0004260939999188,0.715,1.0001427910460785,1.0004260939999188,1.0000023958434712,1.0000062529818696,50.2571660410443,50.5236961031555,0.001227110016342822,0.019897659952267173
MAIN,0.0,0.7,400,rate,DIFF,MIS-G-10000,DEF-0.5,0.9999594657176754,0.9999562106060204,0.999972684714836,0.005,1.0001498647894453,1.000087795913477,1.000440588353773,0.72,1.0001498647894453,1.000440588353773,1.0000094672684703,1.0000227239367767,50.51699113841042,51.05847867038151,0.0024542928201331544,0.019795319904534345
MAIN,0.0,0.7,400,rate,DIFF,MIS-G-10000,DEF-0.75,0.999971217264751,0.9999635994522638,1.0000004938292393,0.105,1.0001616211577962,1.0000959374469471,1.0004656489931911,0.725,1.0001616211577962,1.0004656489931911,1.0000212190251245,1.0000505616778033,50.77951674783533,51.60470351411421,0.0036815648580139967,0.019692979856801518
MAIN,0.0,0.7,400,rate,DIFF,MIS-G-10000,RA-EST,0.999987655116626,0.9999745400953957,1.0000392670089366,0.26,1.0001780657502775,1.000107313923112,1.0005021887888603,0.725,1.0001780657502775,1.0005021887888603,1.0000376567088818,1.0000890469980717,51.04478519130778,52.16274183757579,0.00490894259222601,0.019590639809068687
MAIN,0.0,0.7,400,rate,DIFF,MIS-G-10000,SRSWOR,,,,0.0,1.000190404694667,1.000131218982521,1.0004721772145022,1.0,1.000190404694667,1.0004721772145022,0.999892015774643,0.9999987048304277,,,,
MAIN,0.0,0.7,400,rate,DIFF,MIS-G-2000,DEF-0.0,0.9999499999999999,0.9999499999999999,0.9999500000000001,0.0,1.0008339233347923,1.0004925441234662,1.0020963023336724,0.94,1.0008339233347923,1.0020963023336724,1.0,1.0,50.0,50.0,0.0,0.02
MAIN,0.0,0.7,400,rate,DIFF,MIS-G-2000,DEF-0.25,0.9999603576206454,0.9999563265175908,0.9999764107203892,0.015,1.00084429981503,1.0005025049476952,1.0021007884796396,0.94,1.00084429981503,1.0021007884796396,1.000010346575421,1.0000265203346081,50.55881719833703,51.17922861771228,0.002546436302612058,0.01977894372251187
MAIN,0.0,0.7,400,rate,DIFF,MIS-G-2000,DEF-0.5,0.9999921363981105,0.9999754448368389,1.0000507736240458,0.29,1.0008761378815887,1.0005252413725167,1.0021463140347877,0.945,1.0008761378815887,1.0021463140347877,1.0000421057941251,1.000100313208012,51.13026664999094,52.41542397701399,0.0050937857107932714,0.01955788744502374
MAIN,0.0,0.7,400,rate,DIFF,MIS-G-2000,DEF-0.75,1.0000454348973042,1.000007897513064,1.0001840406947977,0.575,1.0009295363811306,1.0005604481896841,1.002239554903471,0.945,1.0009295363811306,1.002239554903471,1.000095376187963,1.0002340393744475,51.714781586380724,53.71281621875292,0.007642196568537079,0.01933683116753561
MAIN,0.0,0.7,400,rate,DIFF,MIS-G-2000,RA-EST,1.000120370338154,1.0000528038676233,1.0003638958556291,0.76,1.0010046128696046,1.0006112043006206,1.0024080284414338,0.955,1.0010046128696046,1.0024080284414338,1.0001702749378336,1.0004140586378538,52.312815278632215,55.076064933170194,0.01019181792151597,0.01911577489004748
MAIN,0.0,0.7,400,rate,DIFF,MIS-G-2000,SRSWOR,,,,0.0,1.000883967533169,1.0005425712520288,1.002146409654155,1.0,1.000883967533169,1.002146409654155,0.9995330268981871,0.9999899189896168,,,,
MAIN,0.0,0.7,400,rate,DIFF,MIS-I-2000,DEF-0.0,0.9999499999999999,0.9999499999999999,0.9999500000000001,0.0,1.001909981256701,1.0013938552768247,1.003778877142452,1.0,1.001909981256701,1.003778877142452,1.0,1.0,50.0,50.0,0.0,0.02
MAIN,0.0,0.7,400,rate,DIFF,MIS-I-2000,DEF-0.25,0.9999726086125916,0.9999654473491433,1.0000050246128747,0.11,1.0019326498910401,1.0013996934179645,1.0038669725099467,1.0,1.0019326498910401,1.0038669725099467,1.0000226043099294,1.0000551257668147,50.8185997989752,51.659336072382885,0.0041411041655336454,0.019677834581249116
MAIN,0.0,0.7,400,rate,DIFF,MIS-I-2000,DEF-0.5,1.000042801782003,1.0000162003736737,1.0001486425408537,0.64,1.002003047408542,1.0014297896494178,1.0040264859477275,1.0,1.002003047408542,1.0040264859477275,1.0000927708110192,1.0001990355356476,51.664450019826454,53.43258850460271,0.008277608856334516,0.019355669162498233
MAIN,0.0,0.7,400,rate,DIFF,MIS-I-2000,DEF-0.75,1.0001608834641988,1.0001048885463282,1.0003879693556417,0.915,1.0021214787643051,1.0014896275202285,1.00429689825348,1.0,1.0021214787643051,1.00429689825348,1.0002108032890522,1.0004392016173609,52.53893440873172,55.33190512139791,0.012416300891909803,0.01903350374374735
MAIN,0.0,0.7,400,rate,DIFF,MIS-I-2000,RA-EST,1.0003272342712806,1.0002271577473667,1.0007437850481478,0.96,1.0022883258724316,1.001611670417983,1.0046281594433444,1.0,1.0022883258724316,1.0046281594433444,1.0003770821429674,1.0007942945892232,53.44353201193732,57.37122463447388,0.016560959428407563,0.018711338324996465
MAIN,0.0,0.7,400,rate,DIFF,MIS-I-2000,SRSWOR,,,,0.0,1.001960079260664,1.0014439274731983,1.0038290685958817,1.0,1.001960079260664,1.0038290685958817,0.9995548577038601,0.9999917274427744,,,,
MAIN,0.0,0.7,400,rate,EXP,COR-2000,ST-NEY-EST,,,,0.0,1.0006130745593682,1.0004648302831205,1.0011072389917823,1.0,1.0006130745593682,1.0011072389917823,0.9977437039699231,0.9995843918911194,,,,
MAIN,0.0,0.7,400,rate,HT,COR-10000,DEF-0.0,0.9999500000000013,0.9999500000000013,0.9999500000000013,0.0,0.9999500000000013,0.9999500000000013,0.9999500000000013,0.0,0.9999500000000013,0.9999500000000013,1.0,1.0,50.0,50.0,0.0,0.02
MAIN,0.0,0.7,400,rate,HT,COR-10000,DEF-0.25,0.9999613504898879,0.9999596737664853,0.999970075064802,0.0,0.9999613504898879,0.9999596737664853,0.999970075064802,0.0,0.9999613504898879,0.999970075064802,1.0000034534719864,1.0000061080481102,50.450968703063,50.89832335375268,0.0016983710025014333,0.01982122496089853
MAIN,0.0,0.7,400,rate,HT,COR-10000,DEF-0.5,0.9999954283260132,0.9999887099629248,1.0000303007838751,0.375,0.9999954283260132,0.9999887099629248,1.0000303007838751,0.375,0.9999954283260132,1.0000303007838751,1.0000138217979404,1.0000244323499663,50.91014637316522,51.82951677610979,0.003397369296539254,0.01964244992179706
MAIN,0.0,0.7,400,rate,HT,COR-10000,DEF-0.75,1.0000522796337152,1.0000371560744394,1.0001307096534084,0.785,1.0000522796337152,1.0000371560744394,1.0001307096534084,0.785,1.0000522796337152,1.0001307096534084,1.0000311188156352,1.0000549826548015,51.37775921082469,52.79541799202689,0.005097747192600818,0.01946367488269559
MAIN,0.0,0.7,400,rate,HT,COR-10000,RA-EST,1.0001319594499296,1.000105056851691,1.0002713582563059,0.925,1.0001319594499296,1.000105056851691,1.0002713582563059,0.925,1.0001319594499296,1.0002713582563059,1.0000553610364353,1.0000977774377757,51.85404180431556,53.798004321772495,0.00679943501896833,0.01928489984359412
MAIN,0.0,0.7,400,rate,HT,COR-2000,DEF-0.0,0.9999500000000013,0.9999500000000013,0.9999500000000013,0.0,0.9999500000000013,0.9999500000000013,0.9999500000000013,0.0,0.9999500000000013,0.9999500000000013,1.0,1.0,50.0,50.0,0.0,0.02
MAIN,0.0,0.7,400,rate,HT,COR-2000,DEF-0.25,1.000004331319981,0.9999978061961582,1.0000524505121282,0.46,1.000004331319981,0.9999978061961582,1.0000524505121282,0.46,1.000004331319981,1.0000524505121282,1.0000165304275188,1.0000311653082965,50.97761318255719,52.05159066646104,0.003775495149381841,0.01961645480386532
MAIN,0.0,0.7,400,rate,HT,COR-2000,DEF-0.5,1.0001677785768164,1.0001414589810258,1.0003632591779876,0.925,1.0001677785768164,1.0001414589810258,1.0003632591779876,0.925,1.0001677785768164,1.0003632591779876,1.00006625770046,1.0001257221776911,51.994222801723794,54.27874651145635,0.007555546844462309,0.01923290960773064
MAIN,0.0,0.7,400,rate,HT,COR-2000,DEF-0.75,1.0004411953167724,1.000379745101279,1.0008844313156415,0.985,1.0004411953167724,1.000379745101279,1.0008844313156415,0.985,1.0004411953167724,1.0008844313156415,1.0001494378866533,1.0002842543615824,53.05220997604606,56.705010993235106,0.011320683023620388,0.01884936441159596
MAIN,0.0,0.7,400,rate,HT,COR-2000,RA-EST,1.0008256890508487,1.0007115114786935,1.001639525204859,1.0,1.0008256890508487,1.0007115114786935,1.001639525204859,1.0,1.0008256890508487,1.001639525204859,1.0002664032459825,1.0005136403113344,54.1541537334043,59.35833415995186,0.015070031680993535,0.018465819215461275
MAIN,0.0,0.7,400,rate,HT,COR-500,DEF-0.0,0.9999500000000013,0.9999500000000013,0.9999500000000013,0.0,0.9999500000000013,0.9999500000000013,0.9999500000000013,0.0,0.9999500000000013,0.9999500000000013,1.0,1.0,50.0,50.0,0.0,0.02
MAIN,0.0,0.7,400,rate,HT,COR-500,DEF-0.25,1.0002057162962177,1.0001548198048922,1.0004478336949945,0.94,1.0002057162962177,1.0001548198048922,1.0004478336949945,0.94,1.0002057162962177,1.0004478336949945,1.0000777925473776,1.0001514801075957,52.20797153403146,55.88875798092744,0.007814659052623319,0.019154163302657227
MAIN,0.0,0.7,400,rate,HT,COR-500,DEF-0.5,1.0009867670643644,1.000772593596519,1.0019693021526914,0.995,1.0009867670643644,1.000772593596519,1.0019693021526914,0.995,1.0009867670643644,1.0019693021526914,1.0003153407835368,1.000613798687601,54.61995932909599,63.349979932344716,0.015660488151836287,0.01830832660531445
MAIN,0.0,0.7,400,rate,HT,COR-500,DEF-0.75,1.0023236671632616,1.0018125085192031,1.004576578001736,0.995,1.0023236671632616,1.0018125085192031,1.004576578001736,0.995,1.0023236671632616,1.004576578001736,1.0007217992566613,1.0014072263458549,57.26560990016108,73.11067493174414,0.02356532560264686,0.017462489907971678
MAIN,0.0,0.7,400,rate,HT,COR-500,RA-EST,1.0042756144262746,1.0033150263282558,1.0082657983948211,1.0,1.0042756144262746,1.0033150263282558,1.0082657983948211,1.0,1.0042756144262746,1.0082657983948211,1.0013149274676663,1.002529563328064,60.18060630453003,86.42779642917687,0.03165904987662274,0.016616653210628905
MAIN,0.0,0.7,400,rate,HT,KS-2000,DEF-0.0,0.9999500000000013,0.9999500000000013,0.9999500000000013,0.0,0.9999500000000013,0.9999500000000013,0.9999500000000013,0.0,0.9999500000000013,0.9999500000000013,1.0,1.0,50.0,50.0,0.0,0.02
MAIN,0.0,0.7,400,rate,HT,KS-2000,DEF-0.25,1.0000162381653304,1.0000079880007189,1.0000713324306207,0.59,1.0000162381653304,1.0000079880007189,1.0000713324306207,0.59,1.0000162381653304,1.0000713324306207,1.0000201529690513,1.0000369160091254,51.082141820546624,52.305490597141926,0.004158182698835246,0.019576313101458086
MAIN,0.0,0.7,400,rate,HT,KS-2000,DEF-0.5,1.0002156442630756,1.0001821771309838,1.0004359636162625,0.985,1.0002156442630756,1.0001821771309838,1.0004359636162625,0.985,1.0002156442630756,1.0004359636162625,1.000080819358619,1.0001478542092053,52.21216132359037,54.83387945772335,0.008319463374323467,0.019152626202916176
MAIN,0.0,0.7,400,rate,HT,KS-2000,DEF-0.75,1.0005494775635528,1.0004770236048195,1.001045082961018,1.0,1.0005494775635528,1.0004770236048195,1.001045082961018,1.0,1.0005494775635528,1.001045082961018,1.000182376955462,1.0003331714351753,53.3933078166564,57.619135400352036,0.012533551671135111,0.018728939304374262
MAIN,0.0,0.7,400,rate,HT,KS-2000,RA-EST,1.0010193205727849,1.0008908337894462,1.0019002050382484,1.0,1.0010193205727849,1.0008908337894462,1.0019002050382484,1.0,1.0010193205727849,1.0019002050382484,1.0003253005208268,1.0005933220818908,54.62913144147866,60.70249931207198,0.016747525873565802,0.018305252405832348
MAIN,0.0,0.7,400,rate,HT,MIS-G-10000,DEF-0.0,0.9999500000000013,0.9999500000000013,0.9999500000000013,0.0,0.9999500000000013,0.9999500000000013,0.9999500000000013,0.0,0.9999500000000013,0.9999500000000013,1.0,1.0,50.0,50.0,0.0,0.02
MAIN,0.0,0.7,400,rate,HT,MIS-G-10000,DEF-0.25,0.9999542729734346,0.999952939603145,0.9999606156124224,0.0,0.9999542729734346,0.999952939603145,0.9999606156124224,0.0,0.9999542729734346,0.9999606156124224,1.0000013000914432,1.0000032298984982,50.196769990220474,50.36141560201511,0.0009362226977158903,0.019921600537854106
MAIN,0.0,0.7,400,rate,HT,MIS-G-10000,DEF-0.5,0.9999670943346769,0.9999617588481164,0.9999924678298503,0.06,0.9999670943346769,0.9999617588481164,0.9999924678298503,0.06,0.9999670943346769,0.9999924678298503,1.0000052010980662,1.0000129212080764,50.39509484022605,50.72809470620226,0.0018724795740124316,0.019843201075708215
MAIN,0.0,0.7,400,rate,HT,MIS-G-10000,DEF-0.75,0.9999884683821016,0.9999764585292414,1.0000455665470551,0.295,0.9999884683821016,0.9999764585292414,1.0000455665470551,0.295,0.9999884683821016,1.0000455665470551,1.0000117043094183,1.000029076897271,50.59499305271901,51.10015315310717,0.0028087780088076877,0.019764801613562324
MAIN,0.0,0.7,400,rate,HT,MIS-G-10000,RA-EST,1.000018400265992,0.9999970396289938,1.000119924096659,0.48,1.000018400265992,0.9999970396289938,1.000119924096659,0.48,1.000018400265992,1.000119924096659,1.0000208112706446,1.000051700666044,50.796483425145624,51.477710208095885,0.003745125386201401,0.019686402151416434
MAIN,0.0,0.7,400,rate,HT,MIS-G-2000,DEF-0.0,0.9999500000000013,0.9999500000000013,0.9999500000000013,0.0,0.9999500000000013,0.9999500000000013,0.9999500000000013,0.0,0.9999500000000013,0.9999500000000013,1.0,1.0,50.0,50.0,0.0,0.02
MAIN,0.0,0.7,400,rate,HT,MIS-G-2000,DEF-0.25,0.9999700071837695,0.9999620344278112,0.9999984432896987,0.09,0.9999700071837695,0.9999620344278112,0.9999984432896987,0.09,0.9999700071837695,0.9999984432896987,1.0000060873291792,1.0000147392065162,50.41908854809691,50.88068395621594,0.0018942945810606622,0.019833757985935726
MAIN,0.0,0.7,400,rate,HT,MIS-G-2000,DEF-0.5,1.0000300831852689,0.9999981461850955,1.0001439247251405,0.485,1.0000300831852689,0.9999981461850955,1.0001439247251405,0.485,1.0000300831852689,1.0001439247251405,1.0000243656520438,1.0000590022448428,50.84526190175727,51.79294864131099,0.0037889179550098075,0.019667515971871455
MAIN,0.0,0.7,400,rate,HT,MIS-G-2000,DEF-0.75,1.0001303242430046,1.0000583503604052,1.0003867175477648,0.745,1.0001303242430046,1.0000583503604052,1.0003867175477648,0.745,1.0001303242430046,1.0003867175477648,1.0000548638409539,1.0001328711284894,51.278701248695555,52.73852378150828,0.005683931579540077,0.01950127395780718
MAIN,0.0,0.7,400,rate,HT,MIS-G-2000,RA-EST,1.0002708463068248,1.0001426652211935,1.0007271457178102,0.825,1.0002708463068248,1.0001426652211935,1.0007271457178102,0.825,1.0002708463068248,1.0007271457178102,1.000097616682211,1.0002364430362087,51.71959400805001,53.71926777332623,0.0075793970539327635,0.019335031943742906
MAIN,0.0,0.7,400,rate,HT,MIS-I-2000,DEF-0.0,0.9999500000000013,0.9999500000000013,0.9999500000000013,0.0,0.9999500000000013,0.9999500000000013,0.9999500000000013,0.0,0.9999500000000013,0.9999500000000013,1.0,1.0,50.0,50.0,0.0,0.02
MAIN,0.0,0.7,400,rate,HT,MIS-I-2000,DEF-0.25,0.9999944888580328,0.9999834680143105,1.0000355710430584,0.365,0.9999944888580328,0.9999834680143105,1.0000355710430584,0.365,0.9999944888580328,1.0000355710430584,1.0000135358124007,1.000026036368672,50.62719923703868,51.13093455142567,0.0031590130938117912,0.019752228462745606
MAIN,0.0,0.7,400,rate,HT,MIS-I-2000,DEF-0.5,1.0001283198250013,1.0000838987202818,1.0002920929961372,0.9,1.0001283198250013,1.0000838987202818,1.0002920929961372,0.9,1.0001283198250013,1.0002920929961372,1.0000542525684686,1.0001040798789107,51.27033413156701,52.31421364450672,0.006318528562965022,0.019504456925491215
MAIN,0.0,0.7,400,rate,HT,MIS-I-2000,DEF-0.75,1.0003521100448742,1.0002516147120444,1.000721237682846,0.96,1.0003521100448742,1.0002516147120444,1.000721237682846,0.96,1.0003521100448742,1.000721237682846,1.0001223354144086,1.000234638268481,51.930019853941204,53.553557474576095,0.009483111301537773,0.01925668538823682
MAIN,0.0,0.7,400,rate,HT,MIS-I-2000,RA-EST,1.0006665746411723,1.0004868382272518,1.001326147992,0.985,1.0006665746411723,1.0004868382272518,1.001326147992,0.985,1.0006665746411723,1.001326147992,1.0002179988923003,1.0004186622167541,52.60690365211383,54.85304732394459,0.012651527589782947,0.019008913850982426
MAIN,0.75,0.05,100,dollars,DIFF,COR-10000,DEF-0.0,0.99995,0.99995,0.9999500000000002,0.0,4.815931302777003,4.812806270421811,4.824422812028388,1.0,0.8468927488292454,0.8492388297366305,1.0,1.0,200.0,200.0,0.0,0.005
MAIN,0.75,0.05,100,dollars,DIFF,COR-10000,DEF-0.25,0.3557562780196605,0.3559223772507355,0.3595162598326066,0.0,1.7133750214903005,1.7128171871170756,1.7322189921441253,1.0,0.30130001476764173,0.3045873452538228,0.355847102593311,0.3596774545553118,266.5332720897495,266.55468990945553,0.30899384136086716,0.003751876800071615
MAIN,0.75,0.05,100,dollars,DIFF,COR-10000,DEF-0.5,0.25304930992006436,0.2532524732393536,0.25538152451112783,0.0,1.21872281012318,1.2186081087630065,1.2303182335195255,1.0,0.21431458325446404,0.2164407775672538,0.25314441752730027,0.25552391875948105,399.40032435665466,399.49652742252323,0.5745105444390131,0.00250375360014323
MAIN,0.75,0.05,100,dollars,DIFF,COR-10000,DEF-0.75,0.20794488316617152,0.20810546522625345,0.20933249147143435,0.0,1.0014936775406766,1.0012792249619036,1.0088164902432737,0.61,0.17611455504388204,0.1773442709448061,0.20804071646173392,0.20941256585736542,796.412702245568,796.986749992717,0.9374367544005691,0.001255630400214845
MAIN,0.75,0.05,100,dollars,DIFF,COR-10000,RA-EST,0.1890276008879446,0.1890697922692171,0.18939143123016275,0.0,0.9103869531469916,0.9100355714681702,0.9117853562696588,0.0,0.16009354696063735,0.1604301449161909,0.18912271637365663,0.1894636094439106,133205.82722151632,158696.7312672516,2.411759996779124,7.507200286459797e-06
MAIN,0.75,0.05,100,dollars,DIFF,COR-10000,SRSWOR,,,,0.0,4.816172111382572,4.813046922767951,4.82466404523065,1.0,0.8469350955840247,0.8492812938013208,0.9999320092329645,0.9999992716969233,,,,
MAIN,0.75,0.05,100,dollars,DIFF,COR-2000,DEF-0.0,0.99995,0.99995,0.9999500000000002,0.0,4.83344143401956,4.820912982918779,4.866670438936938,1.0,0.8541365148671572,0.863829298157653,1.0,1.0,200.0,200.0,0.0,0.005
MAIN,0.75,0.05,100,dollars,DIFF,COR-2000,DEF-0.25,0.3556420858014435,0.35585584955598704,0.3637776579298881,0.0,1.7190089314856964,1.7141453068675045,1.7578888097281107,1.0,0.3037703947891246,0.31085258882690875,0.35589562730813207,0.36411758053455784,266.5381282648285,266.57265104023367,0.30977962773160117,0.0037518084429834634
MAIN,0.75,0.05,100,dollars,DIFF,COR-2000,DEF-0.5,0.25307551495635017,0.25338106487689893,0.25809891455541406,0.0,1.223239069157737,1.2204468718094703,1.2482177606780842,1.0,0.216161196189544,0.22063360964608855,0.2533563153947732,0.258375523979924,399.4221342786271,399.57722778543535,0.5757940339930534,0.002503616885966927
MAIN,0.75,0.05,100,dollars,DIFF,COR-2000,DEF-0.75,0.20810799817384987,0.2084687199879275,0.2114485900946421,0.0,1.0058838755951955,1.0048010411472323,1.0232124204418926,0.645,0.17775180438812424,0.1808160378582572,0.20839821713721174,0.21183356198051365,796.5427947163362,797.4687174997522,0.9396451707008238,0.0012554253289503907
MAIN,0.75,0.05,100,dollars,DIFF,COR-2000,RA-EST,0.18955770512257458,0.18956095442499382,0.19134928671691634,0.0,0.9162224207341158,0.9143974645143846,0.9244029114892764,0.0,0.16190813501140858,0.1639563019160753,0.18984974070738578,0.19167887278264126,138241.0564248991,189027.46446644227,2.4300943895280662,7.233771933854237e-06
MAIN,0.75,0.05,100,dollars,DIFF,COR-2000,SRSWOR,,,,0.0,4.833683118175469,4.821154040620811,4.866913784626169,1.0,0.8541792238283485,0.8638724917822419,0.9996729152863932,0.9999948569828052,,,,
MAIN,0.75,0.05,100,dollars,DIFF,COR-500,DEF-0.0,0.99995,0.99995,0.9999500000000002,0.0,4.93985662944674,4.852583834237825,5.164349331810592,1.0,0.8943104114719485,0.9615258202323602,1.0,1.0,200.0,200.0,0.0,0.005
MAIN,0.75,0.05,100,dollars,DIFF,COR-500,DEF-0.25,0.35737073646808903,0.3582912400144429,0.38104356711385107,0.0,1.7620820215627728,1.7345055792357875,1.8670711478456767,1.0,0.31886252592795833,0.3407924399391898,0.3581871792362724,0.3825653628291868,266.56846623538115,266.62912889722355,0.31283268952319415,0.0037513814522895338
MAIN,0.75,0.05,100,dollars,DIFF,COR-500,DEF-0.5,0.257857190956117,0.2554262931138057,0.27314857848919033,0.0,1.2711544612082177,1.2399165321955068,1.3530142933924334,1.0,0.23005344115314513,0.2456621679063904,0.25876915841337217,0.274935946074386,399.55842328351764,399.83112760630496,0.5811397920597043,0.0025027629045790674
MAIN,0.75,0.05,100,dollars,DIFF,COR-500,DEF-0.75,0.21847613294511295,0.21038579136458307,0.2258448725725966,0.005,1.0771046873587569,1.0217299118825809,1.1182833379314656,0.735,0.19500345878426054,0.202629502194017,0.21941274951218417,0.22745166307227505,797.3563765429685,798.9876209120547,0.9501466090981474,0.001254144356868601
MAIN,0.75,0.05,100,dollars,DIFF,COR-500,RA-EST,0.8378691989272399,0.1917115473544355,0.20923887314119244,0.005,4.1458362460714815,0.9357922746578976,1.0215216393064943,0.145,0.7566641962792258,0.18985586441209676,0.8375578199569697,0.2099023726156603,180969.87567169746,473802.48862025235,2.531699533536872,5.525809158134647e-06
MAIN,0.75,0.05,100,dollars,DIFF,COR-500,SRSWOR,,,,0.0,4.940103634628471,4.852826475561603,5.164607562188701,1.0,0.89435512922841,0.9615738989273064,0.9987842818170283,0.9999900476657733,,,,
MAIN,0.75,0.05,100,dollars,DIFF,KS-2000,DEF-0.0,0.99995,0.99995,0.9999500000000002,0.0,4.842994095092413,4.827259123295239,4.891992330890175,1.0,0.857785158913274,0.8692865591590317,1.0,1.0,200.0,200.0,0.0,0.005
MAIN,0.75,0.05,100,dollars,DIFF,KS-2000,DEF-0.25,0.3553977679086254,0.3559702747051773,0.3641564935837933,0.0,1.721161844247099,1.7163048558277982,1.7611284370720426,1.0,0.3048439145211745,0.31209944276741547,0.35569152493857087,0.36427730227138716,266.53904190863614,266.5814219711518,0.30971764458143913,0.00375179558251401
MAIN,0.75,0.05,100,dollars,DIFF,KS-2000,DEF-0.5,0.25290103900780386,0.25350228288922094,0.2585481591865912,0.0,1.2247713412966772,1.221901647359498,1.2512890652497644,1.0,0.21692550104385638,0.22210949020017842,0.2532270705033059,0.25882004454138685,399.4262377866476,399.6166439649041,0.5758400301080282,0.0025035911650280202
MAIN,0.75,0.05,100,dollars,DIFF,KS-2000,DEF-0.75,0.20799849754613883,0.20858857910535938,0.2117614090757691,0.0,1.007315590824374,1.0054332867681688,1.024965935459916,0.635,0.17841129905262526,0.18202637803988939,0.20833537267004135,0.21213073904900143,796.5672745750043,797.7042642407933,0.9400692001537256,0.0012553867475420307
MAIN,0.75,0.05,100,dollars,DIFF,KS-2000,RA-EST,0.18958797096647748,0.1897266104598894,0.19140757490518742,0.0,0.9181743456172478,0.9165773506336583,0.9269251897636307,0.0,0.16262497391288128,0.1646703052307321,0.18992649401106998,0.19154186791763894,139230.7880505661,208484.75668270868,2.4336928899918093,7.1823300560408715e-06
MAIN,0.75,0.05,100,dollars,DIFF,KS-2000,SRSWOR,,,,0.0,4.843236256905258,4.827500498320154,4.892236942737313,1.0,0.8578280503157899,0.8693300256603147,0.999607668896847,0.999983397528198,,,,
MAIN,0.75,0.05,100,dollars,DIFF,MIS-G-10000,DEF-0.0,0.99995,0.99995,0.9999500000000002,0.0,4.822267715756925,4.819873492786202,4.831196511419929,1.0,0.8792120716527282,0.8819133822472517,1.0,1.0,200.0,200.0,0.0,0.005
MAIN,0.75,0.05,100,dollars,DIFF,MIS-G-10000,DEF-0.25,0.35981652259467184,0.3596952528410194,0.3637252694903457,0.0,1.7352200095383505,1.733123328490679,1.7547852919629732,1.0,0.3163719489684796,0.32026907735814064,0.35991152516112096,0.3638682064069497,266.51933391549017,266.5390371673988,0.3077974312864883,0.003752073012148107
MAIN,0.75,0.05,100,dollars,DIFF,MIS-G-10000,DEF-0.5,0.25629028574755425,0.2562510584760336,0.2585799106971373,0.0,1.235962514997477,1.2347130055248137,1.2483799974675047,1.0,0.2253452800796696,0.22765768245161289,0.2563904227777386,0.2587135915216871,399.33773442027984,399.4262164914566,0.5725103846532207,0.002504146024296215
MAIN,0.75,0.05,100,dollars,DIFF,MIS-G-10000,DEF-0.75,0.2107638673350736,0.21084146509354593,0.21206210745210327,0.0,1.016410098191363,1.0156739055850992,1.0236893923712815,1.0,0.18531550065720195,0.18670170530471258,0.21086513053364797,0.21214233298976834,796.0395209664016,796.5671475265295,0.9338842899471892,0.001256219036444322
MAIN,0.75,0.05,100,dollars,DIFF,MIS-G-10000,RA-EST,0.19158941514771727,0.19164498411462288,0.191842843193588,0.0,0.923939975224663,0.9237438531241298,0.9249654081188557,0.0,0.1684557008223782,0.16870854578438776,0.1916901773999129,0.19192313385399642,120597.46024981022,139225.50951015786,2.384812410546199,8.292048592429317e-06
MAIN,0.75,0.05,100,dollars,DIFF,MIS-G-10000,SRSWOR,,,,0.0,4.822508841198984,4.820114498511129,4.831438083324096,1.0,0.8792560344544508,0.8819574801212579,0.9999248720038958,1.0000002781126196,,,,
MAIN,0.75,0.05,100,dollars,DIFF,MIS-G-2000,DEF-0.0,0.99995,0.99995,0.9999500000000002,0.0,4.841972358419222,4.828137657682165,4.883370412100946,1.0,0.8844514196483034,0.894362222499605,1.0,1.0,200.0,200.0,0.0,0.005
MAIN,0.75,0.05,100,dollars,DIFF,MIS-G-2000,DEF-0.25,0.3583576418219331,0.3592984350637656,0.3662886669850308,0.0,1.7351180735561684,1.7318624512759073,1.7744714077455181,1.0,0.31693719006318694,0.32429589569918443,0.35862086161096535,0.36642614320597616,266.5258475973721,266.5655293420424,0.3084994200888353,0.0037519813144393857
MAIN,0.75,0.05,100,dollars,DIFF,MIS-G-2000,DEF-0.5,0.2552069432122719,0.25607460528415515,0.26008313053043675,0.0,1.2356678658894797,1.2347128381832233,1.2598181260625019,1.0,0.22570685765896623,0.2303840346798386,0.25549839528842627,0.2602739713749514,399.366982746028,399.5452269985508,0.5737903486113105,0.002503962628878772
MAIN,0.75,0.05,100,dollars,DIFF,MIS-G-2000,DEF-0.75,0.20995329729434584,0.21066938887339184,0.2128695704287768,0.0,1.0165592497991207,1.0159909591855039,1.030290075010106,0.975,0.1856844186899596,0.18840505948053754,0.21025422865391177,0.21311211968016036,796.2138798925614,797.2775524770653,0.9363960334412054,0.0012559439433181584
MAIN,0.75,0.05,100,dollars,DIFF,MIS-G-2000,RA-EST,0.19120540774082012,0.19163719892270692,0.192455909916491,0.0,0.9258031347353036,0.9249836090619519,0.9290259739039812,0.0,0.16910753123704847,0.17020126156228324,0.19150773848421443,0.1925243914309057,126179.06933702703,175712.1551395991,2.402861510394577,7.925257757544581e-06
MAIN,0.75,0.05,100,dollars,DIFF,MIS-G-2000,SRSWOR,,,,0.0,4.842214469142679,4.828379076635997,4.883614592830587,1.0,0.884495644430525,0.8944069428467473,0.9996566402250435,0.999996526100199,,,,
MAIN,0.75,0.05,100,dollars,DIFF,MIS-I-2000,DEF-0.0,0.99995,0.99995,0.9999500000000002,0.0,4.837834170483547,4.826201338465141,4.871809909444499,1.0,0.8606724611770799,0.8709629167543825,1.0,1.0,200.0,200.0,0.0,0.005
MAIN,0.75,0.05,100,dollars,DIFF,MIS-I-2000,DEF-0.25,0.3550078896289041,0.356166159460938,0.3624179720437001,0.0,1.7173985892446249,1.7174024020340264,1.7541895252133575,1.0,0.3055231326732041,0.31280789440140566,0.35523547520609994,0.36261406994020035,266.54313864365406,266.5797120898172,0.31024838618902684,0.0037517379178806983
MAIN,0.75,0.05,100,dollars,DIFF,MIS-I-2000,DEF-0.5,0.2527148607411849,0.2536622332865394,0.2574067079798698,0.0,1.2225364063792952,1.222974993176861,1.246315112930085,1.0,0.21748685533650705,0.22195332775374496,0.2529650840358777,0.257604135317024,399.44463841761785,399.60895942589167,0.5768011178111305,0.0025034758357613974
MAIN,0.75,0.05,100,dollars,DIFF,MIS-I-2000,DEF-0.75,0.20794898131812536,0.20859808086072437,0.2111902355523345,0.0,1.0059827694673296,1.0058981114641583,1.0213460855901386,0.685,0.17896230641251884,0.1818359692826704,0.20820640058476067,0.21133540419797311,796.6770576922643,797.6583350026076,0.9420266456613297,0.001255213753642096
MAIN,0.75,0.05,100,dollars,DIFF,MIS-I-2000,RA-EST,0.18972505176868043,0.18979843848888542,0.191587007741267,0.0,0.9178505407955717,0.917033126556067,0.9258755585527876,0.0,0.16328473998063306,0.1650406030937784,0.18998298970556848,0.19179806712681063,143850.51561368484,204383.12207273752,2.451228575431455,6.9516715227946004e-06
MAIN,0.75,0.05,100,dollars,DIFF,MIS-I-2000,SRSWOR,,,,0.0,4.838076074287262,4.826442660598172,4.872053512120105,1.0,0.8607154969519274,0.8710064670777363,0.9997143398854927,0.9999918213103254,,,,
MAIN,0.75,0.05,100,dollars,EXP,COR-2000,ST-NEY-EST,,,,0.0,1.2266518099809398,1.181829361821638,1.282633006335798,1.0,0.23203375061840134,0.24262316714934404,0.2715662510133632,0.2834095462156203,,,,
MAIN,0.75,0.05,100,dollars,HT,COR-10000,DEF-0.0,0.99995,0.99995,0.99995,0.0,5.286258891740582,5.286258891740582,5.286258891740582,1.0,0.99995,0.99995,1.0,1.0,200.0,200.0,0.0,0.005
MAIN,0.75,0.05,100,dollars,HT,COR-10000,DEF-0.25,0.32451218032421814,0.3245596069641222,0.32885733878821577,0.0,1.71554117577581,1.7157918978088098,1.7385119568811944,1.0,0.32451218032421814,0.32885733878821577,0.3343903560945966,0.33867560890836595,266.5397684870107,266.56138945057575,0.3136019166835341,0.003751785355245549
MAIN,0.75,0.05,100,dollars,HT,COR-10000,DEF-0.5,0.22475201076824156,0.2247710960510676,0.22739547121500753,0.0,1.1881567231963517,1.1882576179871318,1.2021314382237842,1.0,0.22475201076824156,0.22739547121500753,0.2359414709986631,0.23855868458827512,399.42950115628696,399.5266262935861,0.581426739603365,0.0025035707104910975
MAIN,0.75,0.05,100,dollars,HT,COR-10000,DEF-0.75,0.1814035304812036,0.18137330098283594,0.18300185514549858,0.0,0.9589939756981809,0.9588341667531948,0.9674435561457211,0.0,0.1814035304812036,0.18300185514549858,0.1931078958872427,0.1946885589364432,796.5867432374245,797.1664643678479,0.9485632814742468,0.0012553560657366462
MAIN,0.75,0.05,100,dollars,HT,COR-10000,RA-EST,0.16327904053883582,0.16320103154862664,0.16360350410290528,0.0,0.863178438805232,0.862766042467286,0.8648937229700483,0.0,0.16327904053883582,0.16360350410290528,0.1751654843714746,0.17548392456528522,140028.21980320546,168799.66986101674,2.4691817327972116,7.141420982194832e-06
MAIN,0.75,0.05,100,dollars,HT,COR-2000,DEF-0.0,0.99995,0.99995,0.99995,0.0,5.286258891740582,5.286258891740582,5.286258891740582,1.0,0.99995,0.99995,1.0,1.0,200.0,200.0,0.0,0.005
MAIN,0.75,0.05,100,dollars,HT,COR-2000,DEF-0.25,0.3254135244679389,0.3245039924466605,0.33431372565838896,0.0,1.7203061525189094,1.715497890370996,1.767357272756218,1.0,0.3254135244679389,0.33431372565838896,0.3352770808647784,0.3440609193880596,266.5447191528385,266.57836913460125,0.3143976905583923,0.0037517156714969393
MAIN,0.75,0.05,100,dollars,HT,COR-2000,DEF-0.5,0.2258099513357099,0.22520686555668112,0.23139277239382222,0.0,1.193749550569433,1.190561323596211,1.223263263714533,1.0,0.2258099513357099,0.23139277239382222,0.2369819853321116,0.24248406292734673,399.4517376331056,399.6029240621163,0.5825547451777142,0.0025034313429938794
MAIN,0.75,0.05,100,dollars,HT,COR-2000,DEF-0.75,0.18259850124255736,0.18229109263491466,0.18608730676833665,0.0,0.9653112163727912,0.9636860936311051,0.9837548677875664,0.035,0.18259850124255736,0.18608730676833665,0.19428365228907787,0.19775633583627586,796.7194189138322,797.6222650832581,0.9506540603576921,0.0012551470144908186
MAIN,0.75,0.05,100,dollars,HT,COR-2000,RA-EST,0.16491339961464313,0.16459414715103976,0.16684637905664026,0.0,0.8718185160058753,0.870130780444664,0.8820372567057194,0.0,0.16491339961464313,0.16684637905664026,0.17677509424698395,0.17867885505415276,145715.8575656069,201272.96675177122,2.4869939388767683,6.862685987758073e-06
MAIN,0.75,0.05,100,dollars,HT,COR-500,DEF-0.0,0.99995,0.99995,0.99995,0.0,5.286258891740582,5.286258891740582,5.286258891740582,1.0,0.99995,0.99995,1.0,1.0,200.0,200.0,0.0,0.005
MAIN,0.75,0.05,100,dollars,HT,COR-500,DEF-0.25,0.3323472655028036,0.32773239103741203,0.35813034408272937,0.0,1.7569615354866377,1.7325648944776444,1.8932643790283936,1.0,0.3323472655028036,0.35813034408272937,0.3421066532610867,0.36748369659361246,266.57373984556307,266.6327564507709,0.3184520863670405,0.003751307238966082
MAIN,0.75,0.05,100,dollars,HT,COR-500,DEF-0.5,0.2354024428025325,0.22894925910370648,0.25305339697669454,0.0,1.2444604794263123,1.2103455739730853,1.337772658486135,1.0,0.2354024428025325,0.25305339697669454,0.24643322245667393,0.2638657358505139,399.58212054880914,399.8474428528716,0.5896794258743353,0.002502614477932164
MAIN,0.75,0.05,100,dollars,HT,COR-500,DEF-0.75,0.19728761859001281,0.18647014533867928,0.20581075598583415,0.005,1.0429655762805938,0.9857787527783908,1.0880233400129675,0.405,0.19728761859001281,0.20581075598583415,0.20876169919338824,0.21720897150859403,797.4979511064669,799.0853552453785,0.9633676093115593,0.0012539217168982464
MAIN,0.75,0.05,100,dollars,HT,COR-500,RA-EST,0.7890038897035008,0.17115136950935278,0.18942539841979147,0.005,4.171087381932133,0.9047956886868284,1.0014017668064654,0.105,0.7890038897035008,0.18942539841979147,0.7916024229985922,0.20097515079673148,191244.22107015832,524557.1249265232,2.615808112558871,5.228955864328394e-06
MAIN,0.75,0.05,100,dollars,HT,KS-2000,DEF-0.0,0.99995,0.99995,0.99995,0.0,5.286258891740582,5.286258891740582,5.286258891740582,1.0,0.99995,0.99995,1.0,1.0,200.0,200.0,0.0,0.005
MAIN,0.75,0.05,100,dollars,HT,KS-2000,DEF-0.25,0.32574606023858643,0.3253530025826765,0.33512982091294524,0.0,1.7220641105912202,1.7199862021672785,1.7716715792674491,1.0,0.32574606023858643,0.33512982091294524,0.3356047677709798,0.3448627592232198,266.5455657504089,266.58752813661107,0.3146196106622742,0.0037517037553586683
MAIN,0.75,0.05,100,dollars,HT,KS-2000,DEF-0.5,0.22619116963804944,0.22577247120677657,0.23203592326522932,0.0,1.19576486997584,1.193551410997617,1.2266632957288401,1.0,0.22619116963804944,0.23203592326522932,0.23735797183042132,0.24312197289603213,399.4555403860494,399.6440878625225,0.5832693686997572,0.0025034075107173365
MAIN,0.75,0.05,100,dollars,HT,KS-2000,DEF-0.75,0.18303769905177725,0.18253614591578932,0.18691762757975353,0.0,0.9676330457884833,0.9649815734900721,0.9881443780354284,0.05,0.18303769905177725,0.18691762757975353,0.1947173439813155,0.1985505878066393,796.7421112609422,797.8683206287934,0.9520735194891298,0.0012551112660760043
MAIN,0.75,0.05,100,dollars,HT,KS-2000,RA-EST,0.16554332071375863,0.1652184504150474,0.1675331170725428,0.0,0.8751486085217955,0.8734311741448519,0.8856677131714036,0.0,0.16554332071375863,0.1675331170725428,0.17739752090712618,0.17936090997569898,146734.6885434952,224574.62716139696,2.4953069215926282,6.815021434672403e-06
MAIN,0.75,0.05,100,dollars,HT,MIS-G-10000,DEF-0.0,0.99995,0.99995,0.99995,0.0,5.286258891740582,5.286258891740582,5.286258891740582,1.0,0.99995,0.99995,1.0,1.0,200.0,200.0,0.0,0.005
MAIN,0.75,0.05,100,dollars,HT,MIS-G-10000,DEF-0.25,0.33594068452586306,0.3356640814694336,0.3405685459619591,0.0,1.7759582285836906,1.7744959601037338,1.800423525514843,1.0,0.33594068452586306,0.3405685459619591,0.34567242164290074,0.3502384928258077,266.52532068271137,266.5449206656795,0.31102781060446616,0.003751988732021919
MAIN,0.75,0.05,100,dollars,HT,MIS-G-10000,DEF-0.5,0.23358868279199696,0.23339823822083922,0.23635484064641343,0.0,1.234871995018915,1.2338652053717665,1.2494953527406683,1.0,0.23358868279199696,0.23635484064641343,0.2446913152167146,0.24742764006748139,399.3646166389958,399.452642784705,0.5774232488447757,0.002503977464043838
MAIN,0.75,0.05,100,dollars,HT,MIS-G-10000,DEF-0.75,0.18891230200927087,0.18880185273179406,0.19050222927769694,0.0,0.9986892707192263,0.9981053780494447,1.0070944581385355,0.395,0.18891230200927087,0.19050222927769694,0.20056841953178162,0.2021368963015531,796.1997728421218,796.7248201748931,0.9419078133127252,0.0012559661960657577
MAIN,0.75,0.05,100,dollars,HT,MIS-G-10000,RA-EST,0.17009688612306892,0.1700345845459616,0.17034258615154163,0.0,0.8992211377823474,0.8988917790484574,0.9005200366875072,0.0,0.17009688612306892,0.17034258615154163,0.18196207623605726,0.18222023775880616,125708.26636017254,145956.84024815852,2.4285122256900036,7.954928087676757e-06
MAIN,0.75,0.05,100,dollars,HT,MIS-G-2000,DEF-0.0,0.99995,0.99995,0.99995,0.0,5.286258891740582,5.286258891740582,5.286258891740582,1.0,0.99995,0.99995,1.0,1.0,200.0,200.0,0.0,0.005
MAIN,0.75,0.05,100,dollars,HT,MIS-G-2000,DEF-0.25,0.3353375972097751,0.33526019857574163,0.3445524945833651,0.0,1.7727699934847694,1.7723608238089175,1.8214847624008328,1.0,0.3353375972097751,0.3445524945833651,0.34507686907286717,0.3541656952361013,266.5323164471023,266.57084093097234,0.31184491485600435,0.003751890252300433
MAIN,0.75,0.05,100,dollars,HT,MIS-G-2000,DEF-0.5,0.23339059006430246,0.23341868389473558,0.2390118914653266,0.0,1.2338247732146608,1.2339732919015252,1.2635419135859969,1.0,0.23339059006430246,0.2390118914653266,0.24449416800349655,0.25004456225233346,399.3960325878621,399.5690938798889,0.5788603839707138,0.002503780504600866
MAIN,0.75,0.05,100,dollars,HT,MIS-G-2000,DEF-0.75,0.1889974242419351,0.18887206587081834,0.1922123397080101,0.0,0.9991392713785653,0.9984765614390982,1.0161349966335613,0.43,0.1889974242419351,0.1922123397080101,0.20065056634950423,0.2038307544591345,796.3871059186745,797.4201217291661,0.9447207143399895,0.0012556707569012994
MAIN,0.75,0.05,100,dollars,HT,MIS-G-2000,RA-EST,0.17068435697806478,0.17048500913867337,0.17164556512603002,0.0,0.9023268160971234,0.9012729591157422,0.9074082652885775,0.0,0.17068435697806478,0.17164556512603002,0.1825402754895541,0.18351407784022167,132257.96546203434,185456.06760838607,2.4523677609186336,7.5610092017323455e-06
MAIN,0.75,0.05,100,dollars,HT,MIS-I-2000,DEF-0.0,0.99995,0.99995,0.99995,0.0,5.286258891740582,5.286258891740582,5.286258891740582,1.0,0.99995,0.99995,1.0,1.0,200.0,200.0,0.0,0.005
MAIN,0.75,0.05,100,dollars,HT,MIS-I-2000,DEF-0.25,0.326774550352554,0.3264433190196203,0.33579530841021554,0.0,1.727501247458092,1.7257501853260415,1.7751896943729915,1.0,0.326774550352554,0.33579530841021554,0.33662226218431285,0.34551886032942847,266.54925182481253,266.58484114335243,0.31458294906177897,0.003751651873546465
MAIN,0.75,0.05,100,dollars,HT,MIS-I-2000,DEF-0.5,0.22685059128927584,0.2266943684092806,0.23226828993652487,0.0,1.1992509178454354,1.1984250419631728,1.2278917075317108,1.0,0.22685059128927584,0.23226828993652487,0.2380157283258687,0.24337337914165458,399.47209809036417,399.6320109770396,0.5832994955145827,0.002503303747092931
MAIN,0.75,0.05,100,dollars,HT,MIS-I-2000,DEF-0.75,0.18354700891560302,0.1832196323670913,0.18659920590789622,0.0,0.9703255242087045,0.968594840484001,0.9864610344740717,0.02,0.18354700891560302,0.18659920590789622,0.1952306445970717,0.1982361705615611,796.8409269869182,797.7961208832581,0.9526070864439653,0.001254955620639396
MAIN,0.75,0.05,100,dollars,HT,MIS-I-2000,RA-EST,0.1660276012589582,0.16567981130366022,0.16782599448859659,0.0,0.877708768867971,0.8758701691943351,0.8872160164313712,0.0,0.1660276012589582,0.16782599448859659,0.17788918985870938,0.17962620094118595,151344.05832577345,217198.0263856323,2.508455735019533,6.607494185861271e-06
MAIN,0.75,0.05,100,rate,DIFF,COR-10000,DEF-0.0,0.99995,0.99995,0.9999500000000002,0.0,0.99995,0.99995,0.9999500000000002,0.0,0.9445522139413167,0.9455043839834756,1.0,1.0,200.0,200.0,0.0,0.005
MAIN,0.75,0.05,100,rate,DIFF,COR-10000,DEF-0.25,0.9484079180372551,0.9484558591310583,0.95138227097512,0.0,0.9484079180372551,0.9484558591310583,0.95138227097512,0.0,0.8958653855421772,0.8986223940267163,0.9484632924201724,0.9514370752833177,252.10418120325198,255.61264646075182,0.0837117542013523,0.003966614181383259
MAIN,0.75,0.05,100,rate,DIFF,COR-10000,DEF-0.5,0.9166967555401697,0.916596062889488,0.9202804112390028,0.0,0.9166967555401697,0.916596062889488,0.9202804112390028,0.0,0.8659110576591164,0.8692979916996207,0.916755407336063,0.9203349315182519,340.92134166186486,354.0651906490231,0.16498374351644834,0.0029332283627665195
MAIN,0.75,0.05,100,rate,DIFF,COR-10000,DEF-0.75,0.898939674344254,0.898624379749152,0.9016339008923161,0.0,0.898939674344254,0.898624379749152,0.9016339008923161,0.0,0.8491379190212082,0.8519057600044979,0.8990001323212617,0.9016847779996089,526.3598298392546,575.8687713248897,0.24864556251677172,0.0018998425441497787
MAIN,0.75,0.05,100,rate,DIFF,COR-10000,RA-EST,0.8933868107186217,0.893048674531387,0.8949112206874675,0.0,0.8933868107186217,0.893048674531387,0.8949112206874675,0.0,0.8438931088789192,0.8456529085201118,0.8934477904506037,0.8949714745048413,1154.133603425833,1541.6196141785,0.3405976717753258,0.0008664567255330385
MAIN,0.75,0.05,100,rate,DIFF,COR-10000,SRSWOR,,,,0.0,1.0,1.0,1.0,0.0,0.9445994439135125,0.9455516615665539,0.9998938162290074,0.9999973983375707,,,,
MAIN,0.75,0.05,100,rate,DIFF,COR-2000,DEF-0.0,0.99995,0.99995,0.9999500000000002,0.0,0.99995,0.99995,0.9999500000000002,0.0,0.9483128321596297,0.952720372717522,1.0,1.0,200.0,200.0,0.0,0.005
MAIN,0.75,0.05,100,rate,DIFF,COR-2000,DEF-0.25,0.9478926077341621,0.9477959922637924,0.9552017153536075,0.0,0.9478926077341621,0.9477959922637924,0.9552017153536075,0.0,0.898943169787768,0.9072111822664604,0.9479728510265304,0.9553103422181287,252.99976098118347,260.5103080948682,0.08787721252029185,0.003952573075049558
MAIN,0.75,0.05,100,rate,DIFF,COR-2000,DEF-0.5,0.9171528041141233,0.9169940096662279,0.9265982150591695,0.0,0.9171528041141233,0.9169940096662279,0.9265982150591695,0.0,0.8697917210936916,0.8802668894855562,0.9172505070902182,0.9266713055482126,344.2168719079724,373.5193939386456,0.17376433838272073,0.002905146150099117
MAIN,0.75,0.05,100,rate,DIFF,COR-2000,DEF-0.75,0.901518365898697,0.9005652055501352,0.910171755777597,0.0,0.901518365898697,0.9005652055501352,0.910171755777597,0.0,0.8549669118838961,0.8640260261198166,0.9016245806043481,0.9102222496515708,538.295426178008,659.6971108286843,0.262416401687288,0.0018577192251486756
MAIN,0.75,0.05,100,rate,DIFF,COR-2000,RA-EST,0.8998226866422925,0.8982595214865567,0.9090477810831672,0.0,0.8998226866422925,0.8982595214865567,0.9090477810831672,0.0,0.853363671865984,0.8642441736844404,0.899929138265351,0.9092485481734206,1234.1428705752746,2821.8867323664676,0.3613656057886374,0.0008102923001982343
MAIN,0.75,0.05,100,rate,DIFF,COR-2000,SRSWOR,,,,0.0,1.0,1.0,1.0,0.0,0.9483602501721384,0.9527680111180779,0.9994247302346219,0.9999937887485937,,,,
MAIN,0.75,0.05,100,rate,DIFF,COR-500,DEF-0.0,0.99995,0.99995,0.9999500000000002,0.0,1.0013084561041985,0.9999500000000001,1.0021993919742855,0.155,0.9671499720370258,0.9909544782813854,1.0,1.0,200.0,200.0,0.0,0.005
MAIN,0.75,0.05,100,rate,DIFF,COR-500,DEF-0.25,0.9490431900650574,0.949119485423829,0.9652487619887894,0.005,0.9503177977397005,0.9513029608112766,0.9660227722529907,0.005,0.9178970518329288,0.9432690554369136,0.9491786366788866,0.9654065569576737,257.2967550081024,265.82456693828607,0.09820790453836012,0.0038865629715728045
MAIN,0.75,0.05,100,rate,DIFF,COR-500,DEF-0.5,0.9252550683502702,0.9225082421064057,0.9512165756675905,0.005,0.9264968580212333,0.9229475767723389,0.9516014109083779,0.01,0.8949512580641016,0.9274889776208572,0.9254261858740586,0.9513776844965119,360.60400444779987,396.23433422438325,0.1960845234974477,0.0027731259431456098
MAIN,0.75,0.05,100,rate,DIFF,COR-500,DEF-0.75,0.9249383551082415,0.9099413935960011,0.9589041821193883,0.04,0.9261879161331342,0.9111784816283841,0.9589041821193883,0.04,0.894801750241864,0.9340560820801181,0.9250943855853576,0.9589622117703304,602.5237626392243,777.8235509280024,0.30157080888088594,0.0016596889147184146
MAIN,0.75,0.05,100,rate,DIFF,COR-500,RA-EST,3.4855472637885283,0.9253206065707467,1.020613742712866,0.11,3.48693907788907,0.9256382802351593,1.023129423513962,0.115,3.3825227534099374,0.9960806769680469,3.471373668462378,1.0206560364317798,1830.7176747008361,21044.588695565173,0.43866322678608777,0.0005462518862912192
MAIN,0.75,0.05,100,rate,DIFF,COR-500,SRSWOR,,,,0.0,1.0013585240304,1.0,1.0022495044495079,0.155,0.9671983319536236,0.9910040284828098,0.9982459123912484,0.9999765039869365,,,,
MAIN,0.75,0.05,100,rate,DIFF,KS-2000,DEF-0.0,0.99995,0.99995,0.9999500000000002,0.0,0.99995,0.99995,0.9999500000000002,0.0,0.949974452898707,0.954979540770941,1.0,1.0,200.0,200.0,0.0,0.005
MAIN,0.75,0.05,100,rate,DIFF,KS-2000,DEF-0.25,0.947797911944395,0.9474034594737444,0.9545214362767027,0.0,0.947797911944395,0.9474034594737444,0.9545214362767027,0.0,0.9004299651195892,0.9096764686021811,0.9478750392248811,0.9545772998604943,252.52246257186343,260.12673631838186,0.08872584729016109,0.003960043832877685
MAIN,0.75,0.05,100,rate,DIFF,KS-2000,DEF-0.5,0.9173723390933168,0.9167499669335499,0.926107778880848,0.0,0.9173723390933168,0.9167499669335499,0.926107778880848,0.0,0.8715269535636003,0.88199780445225,0.9174654945952292,0.9262156822420123,342.4555238718573,371.9463601536058,0.17518908575138528,0.0029200876657553693
MAIN,0.75,0.05,100,rate,DIFF,KS-2000,DEF-0.75,0.9024943601109584,0.9012821485495015,0.9100785163428573,0.0,0.9024943601109584,0.9012821485495015,0.9100785163428573,0.0,0.8573955415188569,0.8670654697581996,0.9025955807635987,0.9102712948494336,531.8781277036135,652.3843279098302,0.26604550022202633,0.0018801314986330543
MAIN,0.75,0.05,100,rate,DIFF,KS-2000,RA-EST,0.9022080880275439,0.9010476075081784,0.9110696929283936,0.0,0.9022080880275439,0.9010476075081784,0.9110696929283936,0.0,0.8571294136223021,0.867729265547317,0.902309979849617,0.9111291186637033,1190.2364595384101,2651.740588605969,0.36962130892394607,0.0008401753315107389
MAIN,0.75,0.05,100,rate,DIFF,KS-2000,SRSWOR,,,,0.0,1.0,1.0,1.0,0.0,0.9500219539964069,0.9550272921355482,0.9994607476887404,0.9999952475697091,,,,
MAIN,0.75,0.05,100,rate,DIFF,MIS-G-10000,DEF-0.0,0.99995,0.99995,0.9999500000000002,0.0,0.99995,0.99995,0.9999500000000002,0.0,0.9738575451190836,0.974288351615307,1.0,1.0,200.0,200.0,0.0,0.005
MAIN,0.75,0.05,100,rate,DIFF,MIS-G-10000,DEF-0.25,0.960382410444025,0.9604945938264573,0.9634911451561826,0.0,0.960382410444025,0.9604945938264573,0.9634911451561826,0.0,0.9353227857401688,0.9386106428727543,0.9604366267505552,0.9635510139663658,245.29167383475806,247.75711862309598,0.07514201446431308,0.00407677931997119
MAIN,0.75,0.05,100,rate,DIFF,MIS-G-10000,DEF-0.5,0.9339720601166861,0.934064213412187,0.937969061985721,0.0,0.9339720601166861,0.934064213412187,0.937969061985721,0.0,0.9096017134254986,0.9136576498279905,0.9340290504585707,0.9380260203086648,317.1021279774874,325.4761292070054,0.15043606143380034,0.003153558639942381
MAIN,0.75,0.05,100,rate,DIFF,MIS-G-10000,DEF-0.75,0.9182569330080679,0.9181546625248558,0.9214148981632896,0.0,0.9182569330080679,0.9181546625248558,0.9214148981632896,0.0,0.8942966062357846,0.8976479305826938,0.9183155302882373,0.9214664797711838,448.3628567170177,474.2409152417849,0.2294849425828422,0.0022303379599135716
MAIN,0.75,0.05,100,rate,DIFF,MIS-G-10000,RA-EST,0.9128367875212362,0.9125608803298837,0.9139747931957284,0.0,0.9128367875212362,0.9125608803298837,0.9139747931957284,0.0,0.8890176605573126,0.8903418680377292,0.9128958652973231,0.9140280212999041,765.0450607367616,873.4815490679568,0.31714827012633745,0.001307117279884762
MAIN,0.75,0.05,100,rate,DIFF,MIS-G-10000,SRSWOR,,,,0.0,1.0,1.0,1.0,0.0,0.9739062404311051,0.9743370684687306,0.9998933630640362,0.9999999437236954,,,,
MAIN,0.75,0.05,100,rate,DIFF,MIS-G-2000,DEF-0.0,0.99995,0.99995,0.9999500000000002,0.0,0.99995,0.99995,0.9999500000000002,0.0,0.9750414663731692,0.976812709302371,1.0,1.0,200.0,200.0,0.0,0.005
MAIN,0.75,0.05,100,rate,DIFF,MIS-G-2000,DEF-0.25,0.9599048709983293,0.9598803496770105,0.9655872887360917,0.0,0.9599048709983293,0.9598803496770105,0.9655872887360917,0.0,0.9359936214445945,0.9422353664756525,0.9599738199644484,0.9656432333793555,246.15267834161816,250.52660323121688,0.07683205755406242,0.004062519416002474
MAIN,0.75,0.05,100,rate,DIFF,MIS-G-2000,DEF-0.5,0.9337699016925183,0.9334550526518917,0.9411568548934791,0.0,0.9337699016925183,0.9334550526518917,0.9411568548934791,0.0,0.9105101032412616,0.9182079255526847,0.933851089326849,0.941208685429611,319.99609950010597,335.2122988516306,0.15398736736131446,0.0031250388320049494
MAIN,0.75,0.05,100,rate,DIFF,MIS-G-2000,DEF-0.75,0.9189530645446604,0.9183907830867406,0.9249481260164368,0.0,0.9189530645446604,0.9183907830867406,0.9249481260164368,0.0,0.8960633676491561,0.9026789286618716,0.9190410567038708,0.9250248773612413,457.1311823465884,506.3865227118024,0.23526834641627564,0.0021875582480074245
MAIN,0.75,0.05,100,rate,DIFF,MIS-G-2000,RA-EST,0.9152792590449929,0.9144488963340909,0.9201773393069792,0.0,0.9152792590449929,0.9144488963340909,0.9201773393069792,0.0,0.8924830118705743,0.8983248031138267,0.9153687026829114,0.9202317699695861,799.9550379419701,1034.8025814812318,0.3260944603598595,0.0012500776640098988
MAIN,0.75,0.05,100,rate,DIFF,MIS-G-2000,SRSWOR,,,,0.0,1.0,1.0,1.0,0.0,0.9750902208842135,0.9768615523799898,0.9995259188621582,0.9999923595512056,,,,
MAIN,0.75,0.05,100,rate,DIFF,MIS-I-2000,DEF-0.0,0.99995,0.99995,0.9999500000000002,0.0,0.9999649876305778,0.99995,0.9999500000000002,0.005,0.953611789154472,0.9579874849011847,1.0,1.0,200.0,200.0,0.0,0.005
MAIN,0.75,0.05,100,rate,DIFF,MIS-I-2000,DEF-0.25,0.9465123237549464,0.9462161754634275,0.9536515695900536,0.0,0.9465266096162334,0.9462161754634275,0.953945621292948,0.0,0.9026599900496995,0.9117590676475996,0.9465860552819236,0.9537433835261453,247.5798465306895,251.77616173491057,0.09292861453205016,0.004039100976983698
MAIN,0.75,0.05,100,rate,DIFF,MIS-I-2000,DEF-0.5,0.9152588886427441,0.9149637971126615,0.9237469674975132,0.0,0.9152728123125827,0.9149637971126615,0.9237469674975132,0.0,0.8728570174156417,0.883058556313091,0.9153465110255542,0.9238027059441142,324.8649747414403,339.72425528583744,0.1850787682355075,0.0030782019539673964
MAIN,0.75,0.05,100,rate,DIFF,MIS-I-2000,DEF-0.75,0.9006425372341806,0.8999114800991235,0.906508928655234,0.0,0.9006563711681074,0.8999114800991235,0.906508928655234,0.0,0.8589152243074885,0.8670081218887766,0.9007366812005811,0.9067405020041959,472.2989731413269,522.0990207932548,0.28250996544639934,0.002117302930951095
MAIN,0.75,0.05,100,rate,DIFF,MIS-I-2000,RA-EST,0.9022746013715803,0.9010042446906535,0.9109829139339447,0.0,0.9022886392450118,0.9010042446906535,0.9109829139339447,0.0,0.8604637177897762,0.8699697669806018,0.9023681046435802,0.9110409648593185,864.7497590051406,1127.2346698332383,0.39521997490572924,0.0011564039079347934
MAIN,0.75,0.05,100,rate,DIFF,MIS-I-2000,SRSWOR,,,,0.0,1.000014988379997,1.0,1.0,0.005,0.9536594721280784,0.9580353866705185,0.9995455839928579,0.9999931188793005,,,,
MAIN,0.75,0.05,100,rate,EXP,COR-2000,ST-NEY-EST,,,,0.0,0.985582731727788,0.984004011649831,0.9920653202496514,0.03,0.985582731727788,0.9920653202496514,1.0386637853763663,1.047669142145194,,,,
MAIN,0.75,0.05,100,rate,HT,COR-10000,DEF-0.0,0.9999500000000002,0.9999500000000002,0.9999500000000002,0.0,0.9999500000000002,0.9999500000000002,0.9999500000000002,0.0,0.9999500000000002,0.9999500000000002,1.0,1.0,200.0,200.0,0.0,0.005
MAIN,0.75,0.05,100,rate,HT,COR-10000,DEF-0.25,0.9254273617417239,0.9255939822532411,0.9295632436647403,0.0,0.9254273617417239,0.9255939822532411,0.9295632436647403,0.0,0.9254273617417239,0.9295632436647403,0.9291567190144783,0.933089336645605,252.60531136570648,256.0369817533624,0.09292310837489401,0.003958744998136238
MAIN,0.75,0.05,100,rate,HT,COR-10000,DEF-0.5,0.8844919185745109,0.8845131040184753,0.8890215143429663,0.0,0.8844919185745109,0.8845131040184753,0.8890215143429663,0.0,0.8844919185745109,0.8890215143429663,0.8902264519125487,0.8945359951189351,342.7604194268615,355.69831330789316,0.1801699400336293,0.002917489996272476
MAIN,0.75,0.05,100,rate,HT,COR-10000,DEF-0.75,0.8627360433841577,0.8624588555142645,0.8660262018245964,0.0,0.8627360433841577,0.8624588555142645,0.8660262018245964,0.0,0.8627360433841577,0.8660262018245964,0.869521903980818,0.8726535437907171,532.9825521343522,582.3923163293729,0.2690019929221371,0.001876234994408714
MAIN,0.75,0.05,100,rate,HT,COR-10000,RA-EST,0.8561279429282977,0.8557382318234202,0.8578180075182233,0.0,0.8561279429282977,0.8557382318234202,0.8578180075182233,0.0,0.8561279429282977,0.8578180075182233,0.8632128536150322,0.864820147975536,1197.6390311917642,1605.8233508179667,0.3671092154386385,0.000834979992544952
MAIN,0.75,0.05,100,rate,HT,COR-2000,DEF-0.0,0.9999500000000002,0.9999500000000002,0.9999500000000002,0.0,0.9999500000000002,0.9999500000000002,0.9999500000000002,0.0,0.9999500000000002,0.9999500000000002,1.0,1.0,200.0,200.0,0.0,0.005
MAIN,0.75,0.05,100,rate,HT,COR-2000,DEF-0.25,0.925014903296514,0.9242066756071953,0.9346694492223205,0.0,0.925014903296514,0.9242066756071953,0.9346694492223205,0.0,0.925014903296514,0.9346694492223205,0.9287638143960922,0.9379449605469021,253.46543350632192,260.7017273662602,0.09756950160821107,0.003945311275527455
MAIN,0.75,0.05,100,rate,HT,COR-2000,DEF-0.5,0.8857334506270527,0.8853136180048911,0.8970001673079735,0.0,0.8857334506270527,0.8853136180048911,0.8970001673079735,0.0,0.8857334506270527,0.8970001673079735,0.891404349047569,0.9021167122060366,345.9463235041523,374.30753200731436,0.18992632588869518,0.002890622551054911
MAIN,0.75,0.05,100,rate,HT,COR-2000,DEF-0.75,0.8668200348182235,0.8657454310808437,0.8757443640600459,0.0,0.8668200348182235,0.8657454310808437,0.8757443640600459,0.0,0.8668200348182235,0.8757443640600459,0.8734002246265266,0.8819061024818661,544.6826827028192,663.3980173233881,0.28462632435768903,0.0018359338265823669
MAIN,0.75,0.05,100,rate,HT,COR-2000,RA-EST,0.8649036743750357,0.8631296067260291,0.8753927908643973,0.0,0.8649036743750357,0.8631296067260291,0.8753927908643973,0.0,0.8649036743750357,0.8753927908643973,0.8715489921944668,0.8815009209922098,1280.0251402254744,2914.716683414486,0.3906798953077185,0.0007812451021098222
MAIN,0.75,0.05,100,rate,HT,COR-500,DEF-0.0,0.9999500000000002,0.9999500000000002,0.9999500000000002,0.0,0.9999500000000002,0.9999500000000002,0.9999500000000002,0.0,0.9999500000000002,0.9999500000000002,1.0,1.0,200.0,200.0,0.0,0.005
MAIN,0.75,0.05,100,rate,HT,COR-500,DEF-0.25,0.9283013414237858,0.9273815849787909,0.9480729559378062,0.0,0.9283013414237858,0.9273815849787909,0.9480729559378062,0.0,0.9283013414237858,0.9480729559378062,0.9318854743597845,0.9506772734265935,257.6616945893801,265.86761637390566,0.11099177574274785,0.0038810580827169424
MAIN,0.75,0.05,100,rate,HT,COR-500,DEF-0.5,0.8988401988612417,0.8944075804152194,0.9264574359380738,0.005,0.8988401988612417,0.8944075804152194,0.9264574359380738,0.005,0.8988401988612417,0.9264574359380738,0.9038569973439065,0.9301112899669592,362.04126075861734,396.4256940612342,0.21635306696539047,0.0027621161654338847
MAIN,0.75,0.05,100,rate,HT,COR-500,DEF-0.75,0.8980460115925857,0.8844821316055347,0.9344354690334876,0.025,0.8980460115925857,0.8844821316055347,0.9344354690334876,0.025,0.8980460115925857,0.9344354690334876,0.9030699865766136,0.9376577162225743,608.5782571487379,778.930704935958,0.3276957860857086,0.0016431742481508276
MAIN,0.75,0.05,100,rate,HT,COR-500,RA-EST,3.4811349942174314,0.9013641407703896,1.0096767427766307,0.11,3.4811349942174314,0.9013641407703896,1.0096767427766307,0.11,3.4811349942174314,1.0096767427766307,3.3569866895027065,1.0090483144527929,1907.5551799334721,22181.969871314035,0.47075937404101503,0.00052423233086777
MAIN,0.75,0.05,100,rate,HT,KS-2000,DEF-0.0,0.9999500000000002,0.9999500000000002,0.9999500000000002,0.0,0.9999500000000002,0.9999500000000002,0.9999500000000002,0.0,0.9999500000000002,0.9999500000000002,1.0,1.0,200.0,200.0,0.0,0.005
MAIN,0.75,0.05,100,rate,HT,KS-2000,DEF-0.25,0.9251373687682587,0.9245328054897508,0.9345500538181268,0.0,0.9251373687682587,0.9245328054897508,0.9345500538181268,0.0,0.9251373687682587,0.9345500538181268,0.9288802529892604,0.9378298915395662,253.01529967477083,260.37063983889504,0.10072733238003956,0.003952330166403506
MAIN,0.75,0.05,100,rate,HT,KS-2000,DEF-0.5,0.8863840886767155,0.8858513334939588,0.8976727732845047,0.0,0.8863840886767155,0.8858513334939588,0.8976727732845047,0.0,0.8863840886767155,0.8976727732845047,0.8920228108279301,0.9027612312171185,344.27433719668096,372.94541853977904,0.1943052317815325,0.0029046603328070127
MAIN,0.75,0.05,100,rate,HT,KS-2000,DEF-0.75,0.8684912842482744,0.8670411348517311,0.8777715759641018,0.0,0.8684912842482744,0.8670411348517311,0.8777715759641018,0.0,0.8684912842482744,0.8777715759641018,0.8749886894077764,0.8838127729338187,538.5057490608583,657.014751730518,0.2913642425047573,0.001856990499210519
MAIN,0.75,0.05,100,rate,HT,KS-2000,RA-EST,0.8683479167633159,0.8667189145518923,0.8787488201230611,0.0,0.8683479167633159,0.8667189145518923,0.8787488201230611,0.0,0.8683479167633159,0.8787488201230611,0.8748223861978046,0.8846936354690234,1235.6048745168832,2757.0221082549465,0.40285459725484163,0.0008093206656140256
MAIN,0.75,0.05,100,rate,HT,MIS-G-10000,DEF-0.0,0.9999500000000002,0.9999500000000002,0.9999500000000002,0.0,0.9999500000000002,0.9999500000000002,0.9999500000000002,0.0,0.9999500000000002,0.9999500000000002,1.0,1.0,200.0,200.0,0.0,0.005
MAIN,0.75,0.05,100,rate,HT,MIS-G-10000,DEF-0.25,0.9513979449354467,0.9515010718226831,0.955117944932147,0.0,0.9513979449354467,0.9515010718226831,0.955117944932147,0.0,0.9513979449354467,0.955117944932147,0.9538487307238868,0.9573851703487797,245.8986825906034,248.276657983656,0.08006915461424452,0.004066715687989249
MAIN,0.75,0.05,100,rate,HT,MIS-G-10000,DEF-0.5,0.9199196252473983,0.919906857880578,0.9247334508578473,0.0,0.9199196252473983,0.919906857880578,0.9247334508578473,0.0,0.9199196252473983,0.9247334508578473,0.9239209721175343,0.9284985837898532,319.1390150702672,327.27549578128446,0.1594949104528346,0.0031334313759785
MAIN,0.75,0.05,100,rate,HT,MIS-G-10000,DEF-0.75,0.9014565094595142,0.9013127616952188,0.9053286747123266,0.0,0.9014565094595142,0.9013127616952188,0.9053286747123266,0.0,0.9014565094595142,0.9053286747123266,0.9063611046667991,0.9100447577712242,454.5154927877087,480.0089489121378,0.24256385760636112,0.0022001470639677495
MAIN,0.75,0.05,100,rate,HT,MIS-G-10000,RA-EST,0.8950768497243453,0.894707042390239,0.8963325902111722,0.0,0.8950768497243453,0.894707042390239,0.8963325902111722,0.0,0.8950768497243453,0.8963325902111722,0.9002839631113873,0.9014854096632987,789.3554127388177,900.0421527391012,0.3349610507301605,0.0012668627519569994
MAIN,0.75,0.05,100,rate,HT,MIS-G-2000,DEF-0.0,0.9999500000000002,0.9999500000000002,0.9999500000000002,0.0,0.9999500000000002,0.9999500000000002,0.9999500000000002,0.0,0.9999500000000002,0.9999500000000002,1.0,1.0,200.0,200.0,0.0,0.005
MAIN,0.75,0.05,100,rate,HT,MIS-G-2000,DEF-0.25,0.9509153069675542,0.9506126518439892,0.958121375325202,0.0,0.9509153069675542,0.9506126518439892,0.958121375325202,0.0,0.9509153069675542,0.958121375325202,0.9533897585167783,0.960240205156699,246.68024470772622,251.10521554649335,0.0823492417716031,0.004053830927525339
MAIN,0.75,0.05,100,rate,HT,MIS-G-2000,DEF-0.5,0.9199025704257875,0.9193699947719569,0.9289648420385127,0.0,0.9199025704257875,0.9193699947719569,0.9289648420385127,0.0,0.9199025704257875,0.9289648420385127,0.9239040920628806,0.9325215517279316,321.78534283173417,337.29215788216896,0.1639952802107038,0.003107661855050678
MAIN,0.75,0.05,100,rate,HT,MIS-G-2000,DEF-0.75,0.9026035767631789,0.9019186430378772,0.9097758723486677,0.0,0.9026035767631789,0.9019186430378772,0.9097758723486677,0.0,0.9026035767631789,0.9097758723486677,0.9074501821411738,0.9142729635952492,462.64330506055376,513.5623760691426,0.2495819285094007,0.002161492782576017
MAIN,0.75,0.05,100,rate,HT,MIS-G-2000,RA-EST,0.8983370478135084,0.8972286573206301,0.9039882175608006,0.0,0.8983370478135084,0.8972286573206301,0.9039882175608006,0.0,0.8983370478135084,0.9039882175608006,0.9033808103773399,0.9087490724373138,822.8268060637815,1075.7575444109193,0.34536320269856724,0.0012153237101013565
MAIN,0.75,0.05,100,rate,HT,MIS-I-2000,DEF-0.0,0.9999500000000002,0.9999500000000002,0.9999500000000002,0.0,0.9999500000000002,0.9999500000000002,0.9999500000000002,0.0,0.9999500000000002,0.9999500000000002,1.0,1.0,200.0,200.0,0.0,0.005
MAIN,0.75,0.05,100,rate,HT,MIS-I-2000,DEF-0.25,0.9279641262782213,0.9273602209154381,0.9386103394842081,0.0,0.9279641262782213,0.9273602209154381,0.9386103394842081,0.0,0.9279641262782213,0.9386103394842081,0.9315700030295954,0.9416922306303599,248.1735888808585,252.29037709362245,0.10021364897377513,0.004029437641376218
MAIN,0.75,0.05,100,rate,HT,MIS-I-2000,DEF-0.5,0.8883697484083583,0.8875552144735845,0.901038820181403,0.0,0.8883697484083583,0.8875552144735845,0.901038820181403,0.0,0.8883697484083583,0.901038820181403,0.8939175814325065,0.9059660047683614,326.91754712099004,341.6031767768448,0.197866966091695,0.003058875282752436
MAIN,0.75,0.05,100,rate,HT,MIS-I-2000,DEF-0.75,0.8700151476190864,0.8684760911979497,0.8783485928345801,0.0,0.8700151476190864,0.8684760911979497,0.8783485928345801,0.0,0.8700151476190864,0.8783485928345801,0.8764485625004593,0.8843779968474643,478.8554481567855,528.8040397922472,0.30122486509616075,0.002088312924128654
MAIN,0.75,0.05,100,rate,HT,MIS-I-2000,RA-EST,0.8709976249835263,0.8696077574981966,0.8809781218775803,0.0,0.8709976249835263,0.8696077574981966,0.8809781218775803,0.0,0.8709976249835263,0.8809781218775803,0.8773553711435187,0.8868603403197897,894.6541046497812,1169.9390212760914,0.41985975131169373,0.001117750565504872
MAIN,0.75,0.05,400,dollars,DIFF,COR-10000,DEF-0.0,0.9999499999999999,0.9999499999999999,0.9999500000000001,0.0,5.1141481525873385,5.110759186037343,5.123288197880969,1.0,0.8468927488292455,0.8492388297366306,1.0,1.0,50.0,50.0,0.0,0.02
MAIN,0.75,0.05,400,dollars,DIFF,COR-10000,DEF-0.25,0.34618710053539203,0.34638030803153097,0.3498954306969882,0.0,1.7705314060791582,1.7700735504478824,1.7904867341923258,1.0,0.29319556461677104,0.2964607226565443,0.34626985645226865,0.35004289109211456,66.63330210843438,66.63865591613005,0.30887723827106445,0.01500751078452358
MAIN,0.75,0.05,400,dollars,DIFF,COR-10000,DEF-0.5,0.24174836440593545,0.24195363368606157,0.24408659858903956,0.0,1.2363919861840678,1.2363718278675564,1.2487502031651996,1.0,0.2047434334841836,0.20683414313561582,0.24182860039003637,0.24421272393502522,99.85000961928509,99.87405745513425,0.5743704520973327,0.010015021569047163
MAIN,0.75,0.05,400,dollars,DIFF,COR-10000,DEF-0.75,0.19589813341554,0.19605228825742788,0.19731217397963885,0.0,1.0018971402412822,1.0016461080913737,1.0097065249041934,0.635,0.1659117654591778,0.16715432784634546,0.1959738268277371,0.19735493823670214,199.102749303159,199.24624333490624,0.9372567059806496,0.005022532353570742
MAIN,0.75,0.05,400,dollars,DIFF,COR-10000,RA-EST,0.1766559327377458,0.1766923663795219,0.177013376338066,0.0,0.9034872009329235,0.9031104299809865,0.9049979977915964,0.0,0.14961558502411104,0.14995814972682844,0.17672712889056072,0.17707183514557367,33285.57017059355,39650.71545496461,2.411103931172267,3.004313809432277e-05
MAIN,0.75,0.05,400,dollars,DIFF,COR-10000,SRSWOR,,,,0.0,5.114403872780978,5.111014736774182,5.1235443750997245,1.0,0.8469350955840248,0.8492812938013209,0.9999320092329645,0.9999992716969233,,,,
MAIN,0.75,0.05,400,dollars,DIFF,COR-2000,DEF-0.0,0.9999499999999999,0.9999499999999999,0.9999500000000001,0.0,5.133388341318558,5.11964388216024,5.1700324708283905,1.0,0.8541365148671574,0.863829298157653,1.0,1.0,50.0,50.0,0.0,0.02
MAIN,0.75,0.05,400,dollars,DIFF,COR-2000,DEF-0.25,0.34609241007753405,0.3462123305681529,0.3541779311928853,0.0,1.7766578535298498,1.7710381645606859,1.8182353720342015,1.0,0.2956133991013949,0.3025666917198672,0.34632728119595263,0.35439053143263766,66.63451559665677,66.64314129127617,0.30966722869288676,0.01500723748116058
MAIN,0.75,0.05,400,dollars,DIFF,COR-2000,DEF-0.5,0.24180004298181645,0.24206282477677515,0.2469153334767582,0.0,1.2412637024318236,1.2382791504381934,1.2679124224030025,1.0,0.2065301783300403,0.21094377230716466,0.24204511597335365,0.24708263265809416,99.85545959948561,99.89421047299545,0.5756349349296525,0.010014474962321163
MAIN,0.75,0.05,400,dollars,DIFF,COR-2000,DEF-0.75,0.19609479319654713,0.19644486997467803,0.19944810392872042,0.0,1.006633960947711,1.0054915332364027,1.0251487421538115,0.645,0.16749076512937053,0.17054619568667886,0.19633558117403946,0.19979283425986305,199.13525741374957,199.36660297524224,0.9394630103568615,0.005021712443481744
MAIN,0.75,0.05,400,dollars,DIFF,COR-2000,RA-EST,0.17722916749355813,0.17719731992769033,0.1790256244689744,0.0,0.9097907555981899,0.9077640579211377,0.9185220544353313,0.0,0.15137787161878952,0.1534027801854152,0.17746137207407767,0.17929152422157033,34542.571592734734,47213.72287915355,2.42945402922213,2.894992464232405e-05
MAIN,0.75,0.05,400,dollars,DIFF,COR-2000,SRSWOR,,,,0.0,5.133645023569738,5.119899877154097,5.17029098537766,1.0,0.8541792238283489,0.8638724917822421,0.9996729152863932,0.9999948569828051,,,,
MAIN,0.75,0.05,400,dollars,DIFF,COR-500,DEF-0.0,0.9999499999999999,0.9999499999999999,0.9999500000000001,0.0,5.249533628147158,5.154966943191738,5.491326830932839,1.0,0.8943104114719486,0.96152582023236,1.0,1.0,50.0,50.0,0.0,0.02
MAIN,0.75,0.05,400,dollars,DIFF,COR-500,DEF-0.25,0.3480086707903983,0.3486752277541968,0.37161803321136677,0.0,1.8233542838581809,1.7932856043037362,1.9353259032193684,1.0,0.31049658661346824,0.3322911359145131,0.3487586044500541,0.37349411851312736,66.64209584668603,66.65726776736615,0.3126515595939961,0.015005530472828875
MAIN,0.75,0.05,400,dollars,DIFF,COR-500,DEF-0.5,0.24679268606242172,0.24416444624419265,0.26228713322134745,0.0,1.2927413689071594,1.2592098270975676,1.3809591738303186,1.0,0.22016640999556117,0.2357989466527639,0.24757660337483145,0.26395015003240035,99.88951275333154,99.95771688196781,0.5809577280980016,0.010011060945657749
MAIN,0.75,0.05,400,dollars,DIFF,COR-500,DEF-0.75,0.20676973226355,0.198348621091172,0.21437334285992252,0.005,1.0831990172232753,1.0230310052580152,1.1275111761631744,0.735,0.18454697212911517,0.19235809404787796,0.2075275933929233,0.2156305011860376,199.33853818862173,199.74651576841813,0.9499237696984995,0.005016591418486625
MAIN,0.75,0.05,400,dollars,DIFF,COR-500,RA-EST,0.8345015723828575,0.17932711972018883,0.1972744048742613,0.005,4.390333711677422,0.9306991164479865,1.0227399721845067,0.14,0.7537718767829046,0.17778573989238863,0.8339544326151449,0.19780884278726252,45204.301096541596,118267.93103753318,2.530856312040963,2.2121891315500045e-05
MAIN,0.75,0.05,400,dollars,DIFF,COR-500,SRSWOR,,,,0.0,5.249796117953056,5.155224704426958,5.49160141100339,1.0,0.8943551292284101,0.9615738989273066,0.9987842818170283,0.999990047665773,,,,
MAIN,0.75,0.05,400,dollars,DIFF,KS-2000,DEF-0.0,0.9999499999999999,0.9999499999999999,0.9999500000000001,0.0,5.144003915221408,5.126594098565178,5.197151380448473,1.0,0.8577851589132741,0.8692865591590319,1.0,1.0,50.0,50.0,0.0,0.02
MAIN,0.75,0.05,400,dollars,DIFF,KS-2000,DEF-0.25,0.34585710777684314,0.34646242295236884,0.3545405716679614,0.0,1.7790528715662646,1.7734116942110338,1.8206894806777816,1.0,0.2966599953240848,0.30379058724817937,0.34612743659232365,0.3546523973797404,66.63474769001536,66.64533744136705,0.3095953670441649,0.015007185209918932
MAIN,0.75,0.05,400,dollars,DIFF,KS-2000,DEF-0.5,0.2416357366463805,0.24220366466577758,0.2472747602900215,0.0,1.2429398313674114,1.2398483988113527,1.271086355906526,1.0,0.20726212497093502,0.21245650312356332,0.24191674206892838,0.24749577266728942,99.85650201450093,99.90407986361569,0.5756750115883977,0.010014370419837864
MAIN,0.75,0.05,400,dollars,DIFF,KS-2000,DEF-0.75,0.19599881936806682,0.19657834815559877,0.1998626509119141,0.0,1.0081925390043636,1.006182629249893,1.0271155067003255,0.645,0.16811808021565355,0.17173061683989527,0.19627291798608704,0.20010450720267287,199.14147601921263,199.4255811555,0.9398470051832468,0.005021555629756796
MAIN,0.75,0.05,400,dollars,DIFF,KS-2000,RA-EST,0.1772772754420141,0.17735474411961996,0.17905754565632356,0.0,0.9119135340444344,0.9101163864204669,0.9213271077719497,0.0,0.15206511761966388,0.15407065700678732,0.177538972641322,0.17917725430515136,34793.73687364621,52077.03831600082,2.432874512131507,2.8740839675727514e-05
MAIN,0.75,0.05,400,dollars,DIFF,KS-2000,SRSWOR,,,,0.0,5.144261128277822,5.126850441087234,5.197411251011023,1.0,0.85782805031579,0.8693300256603149,0.9996076688968472,0.9999833975281981,,,,
MAIN,0.75,0.05,400,dollars,DIFF,MIS-G-10000,DEF-0.0,0.9999499999999999,0.9999499999999999,0.9999500000000001,0.0,5.121392301073539,5.1187242181986985,5.131191676059004,1.0,0.8792120716527282,0.8819133822472518,1.0,1.0,50.0,50.0,0.0,0.02
MAIN,0.75,0.05,400,dollars,DIFF,MIS-G-10000,DEF-0.25,0.35018371468940673,0.35005819002872174,0.35405926938915916,0.0,1.7935196094603967,1.7912278267532895,1.8140765460095563,1.0,0.30790223927341714,0.3117389078604781,0.35027063213384807,0.3541895119030694,66.62982311971183,66.63474549735949,0.307735476781279,0.015008294381981625
MAIN,0.75,0.05,400,dollars,DIFF,MIS-G-10000,DEF-0.5,0.24498712811288692,0.24494237617701722,0.24727668253107749,0.0,1.2547383171988717,1.2533927573244759,1.2679152527546735,1.0,0.21540692129192798,0.21769221867332492,0.24507228564901595,0.2473918640604349,99.8343870917123,99.85649216635117,0.5724430491598314,0.01001658876396325
MAIN,0.75,0.05,400,dollars,DIFF,MIS-G-10000,DEF-0.75,0.19873528309003682,0.19880577380465414,0.20003093266420532,0.0,1.0178517247121865,1.0170617558361728,1.025628259924825,1.0,0.1747393130018912,0.176136295760406,0.19881619921976817,0.20009237378994557,199.00960300082562,199.14141726681558,0.9337859806447577,0.005024883145944877
MAIN,0.75,0.05,400,dollars,DIFF,MIS-G-10000,RA-EST,0.17924908883218443,0.17929803448159548,0.17950066982674,0.0,0.9180490490995358,0.9178268988421237,0.9191406548833941,0.0,0.15760541319930516,0.15786951038438926,0.17932561838770378,0.17956292386662392,30140.883414169195,34791.32842610456,2.3844241873332095,3.3177527926501733e-05
MAIN,0.75,0.05,400,dollars,DIFF,MIS-G-10000,SRSWOR,,,,0.0,5.1216483834927145,5.11898016720706,5.131448248471427,1.0,0.8792560344544511,0.881957480121258,0.9999248720038958,1.0000002781126196,,,,
MAIN,0.75,0.05,400,dollars,DIFF,MIS-G-2000,DEF-0.0,0.9999499999999999,0.9999499999999999,0.9999500000000001,0.0,5.143011039538638,5.12813986443806,5.188397433361554,1.0,0.8844514196483035,0.894362222499605,1.0,1.0,50.0,50.0,0.0,0.02
MAIN,0.75,0.05,400,dollars,DIFF,MIS-G-2000,DEF-0.25,0.34874987417528336,0.34966516991802354,0.3566151830865783,0.0,1.7935755040112977,1.7900586906896074,1.8349817633800405,1.0,0.3084394248010028,0.3156759112995172,0.34899248275548367,0.35672858417341446,66.63145175000528,66.64136357568204,0.30843830035778474,0.015007927543772823
MAIN,0.75,0.05,400,dollars,DIFF,MIS-G-2000,DEF-0.5,0.24392593349408004,0.2447695001827544,0.24877948256935428,0.0,1.2544686547016957,1.2534224873777373,1.280147496108672,1.0,0.2157291528221714,0.22038570440526045,0.24417779445226662,0.24895223047356077,99.84170011082941,99.8862224583788,0.5737311026089764,0.010015855087545648
MAIN,0.75,0.05,400,dollars,DIFF,MIS-G-2000,DEF-0.75,0.19795352403602284,0.19864530014177845,0.20085325133817117,0.0,1.0180422837744685,1.0174138547333456,1.0327101014245377,0.975,0.17507111873446857,0.17778595804200817,0.19819932675733776,0.20107879329124023,199.05319824230355,199.31888466471995,0.936277602192751,0.005023782631318472
MAIN,0.75,0.05,400,dollars,DIFF,MIS-G-2000,RA-EST,0.1789027819778395,0.17930146968076166,0.18011574450686565,0.0,0.9200879981564749,0.9191982952206821,0.9235528089147158,0.0,0.15822652755159983,0.15925332546111112,0.17913776471594572,0.1801655730232241,31535.672577521567,43895.45726491536,2.4024638098954614,3.17101750912959e-05
MAIN,0.75,0.05,400,dollars,DIFF,MIS-G-2000,SRSWOR,,,,0.0,5.143268202948786,5.128396284252272,5.188656866204864,1.0,0.8844956444305251,0.8944069428467474,0.9996566402250435,0.9999965261001988,,,,
MAIN,0.75,0.05,400,dollars,DIFF,MIS-I-2000,DEF-0.0,0.9999499999999999,0.9999499999999999,0.9999500000000001,0.0,5.138487558519987,5.125553568928689,5.175650716463301,1.0,0.8606724611770799,0.8709629167543825,1.0,1.0,50.0,50.0,0.0,0.02
MAIN,0.75,0.05,400,dollars,DIFF,MIS-I-2000,DEF-0.25,0.3454262173481317,0.3465580532278598,0.35278140757692866,0.0,1.7748831815615427,1.7746296424819623,1.8135060633347553,1.0,0.29727625312989847,0.3045725189595208,0.3456348332656171,0.352929244979938,66.63577441523508,66.6449127312326,0.3101071356084943,0.015006953978939343
MAIN,0.75,0.05,400,dollars,DIFF,MIS-I-2000,DEF-0.5,0.24142545858076186,0.24235759140849372,0.2461093316748054,0.0,1.2404940904943913,1.241010447891695,1.265580526529282,1.0,0.2077701466093098,0.21226608186162038,0.24163950165443823,0.24631325291053185,99.86111358422933,99.90217113566135,0.5766756900038582,0.010013907957878685
MAIN,0.75,0.05,400,dollars,DIFF,MIS-I-2000,DEF-0.75,0.19593016600299595,0.19657585049540435,0.19919042622118577,0.0,1.0067365518706728,1.0065457677276486,1.0232135817774972,0.7,0.16861794797020457,0.17139690075706362,0.19613738725165206,0.19929332842476433,199.16898983030705,199.41417303383628,0.9418640982245519,0.005020861936818028
MAIN,0.75,0.05,400,dollars,DIFF,MIS-I-2000,RA-EST,0.1773995422213566,0.17748281647178576,0.17924625538703776,0.0,0.9115543445579466,0.9106442628692152,0.9201521194802607,0.0,0.152676602197975,0.15436721072723894,0.17759632616997706,0.17943950716711304,35950.71067597535,51059.8456091321,2.4503897602676044,2.7815915757370597e-05
MAIN,0.75,0.05,400,dollars,DIFF,MIS-I-2000,SRSWOR,,,,0.0,5.138744495744775,5.12580985942166,5.175909511938897,1.0,0.8607154969519276,0.8710064670777365,0.9997143398854927,0.9999918213103255,,,,
MAIN,0.75,0.05,400,dollars,EXP,COR-2000,ST-NEY-EST,,,,0.0,1.3054312474153,1.1974786779398965,1.3017795462154709,1.0,0.2322592001114086,0.23160949818233537,0.2717820707035236,0.2699381658985205,,,,
MAIN,0.75,0.05,400,dollars,HT,COR-10000,DEF-0.0,0.99995,0.99995,0.99995,0.0,5.620298249657192,5.620298249657192,5.620298249657192,1.0,0.99995,0.99995,1.0000000000000002,1.0000000000000002,50.0,50.0,0.0,0.02
MAIN,0.75,0.05,400,dollars,HT,COR-10000,DEF-0.25,0.3151861076059959,0.3152382057720465,0.31949815130819037,0.0,1.771528505319508,1.771821327192066,1.795764688800571,1.0,0.3151861076059959,0.31949815130819037,0.32455769820961883,0.3288225381519154,66.63492246639493,66.64032494541804,0.3134465393398453,0.01500714584765122
MAIN,0.75,0.05,400,dollars,HT,COR-10000,DEF-0.5,0.21420334650037137,0.21422121621281937,0.216791256545336,0.0,1.2039468907512878,1.2040473288867877,1.2184924443249512,1.0,0.21420334650037137,0.216791256545336,0.22439393258594406,0.22700430752115322,99.85728700814254,99.88155585506072,0.5812606027998444,0.010014291695302442
MAIN,0.75,0.05,400,dollars,HT,COR-10000,DEF-0.75,0.17050843217623338,0.1704803364627191,0.1720783610136219,0.0,0.9583561607199126,0.958198246534716,0.967180070212248,0.0,0.17050843217623338,0.1720783610136219,0.1808291353825755,0.18239859084758508,199.14615913382482,199.29101463367485,0.9483451007476642,0.005021437542953661
MAIN,0.75,0.05,400,dollars,HT,COR-10000,RA-EST,0.15233347380652654,0.15224162128074092,0.15266387150886318,0.0,0.8562023663173365,0.8556861019142169,0.8580593927967938,0.0,0.15233347380652654,0.15266387150886318,0.16256354279377003,0.1628829799154131,34985.37109231396,42163.99044015407,2.4682132398337173,2.8583390604881624e-05
MAIN,0.75,0.05,400,dollars,HT,COR-2000,DEF-0.0,0.99995,0.99995,0.99995,0.0,5.620298249657192,5.620298249657192,5.620298249657192,1.0,0.99995,0.99995,1.0000000000000002,1.0000000000000002,50.0,50.0,0.0,0.02
MAIN,0.75,0.05,400,dollars,HT,COR-2000,DEF-0.25,0.31612505848019673,0.3151474039269999,0.3248850328625686,0.0,1.7768059531466844,1.7713109682233368,1.8260420836414957,1.0,0.31612505848019673,0.3248850328625686,0.3254787442171799,0.33416947521138907,66.63616838378653,66.64456863329961,0.3142249560565661,0.01500686525433094
MAIN,0.75,0.05,400,dollars,HT,COR-2000,DEF-0.5,0.2152842518823931,0.21465650099076455,0.22092422739863096,0.0,1.2100222051436291,1.2064938814900057,1.2417221346621259,1.0,0.2152842518823931,0.22092422739863096,0.2254533251699138,0.23101683877469306,99.86288318209895,99.90062472982467,0.5823441501485958,0.010013730508661882
MAIN,0.75,0.05,400,dollars,HT,COR-2000,DEF-0.75,0.17172106128931242,0.17138677408357322,0.1751543062365406,0.0,0.9651718387855371,0.9632929510438514,0.9844686641943585,0.035,0.17172106128931242,0.1751543062365406,0.18201908625606314,0.185510924747127,199.17954904925764,199.40493108227025,0.9503757032149427,0.005020595762992824
MAIN,0.75,0.05,400,dollars,HT,COR-2000,RA-EST,0.15398321160645342,0.15366476186560765,0.15598655083513038,0.0,0.8654748484107637,0.8636849763960837,0.8767347753675142,0.0,0.15398321160645342,0.15598655083513038,0.16418745743787969,0.16611432982128463,36415.325094793036,50264.35564154598,2.4861939107964606,2.7461017323765686e-05
MAIN,0.75,0.05,400,dollars,HT,COR-500,DEF-0.0,0.99995,0.99995,0.99995,0.0,5.620298249657192,5.620298249657192,5.620298249657192,1.0,0.99995,0.99995,1.0000000000000002,1.0000000000000002,50.0,50.0,0.0,0.02
MAIN,0.75,0.05,400,dollars,HT,COR-500,DEF-0.25,0.323299096979771,0.3187102367353167,0.34935136847492515,0.0,1.8171282052814215,1.7913361524789533,1.963557062608097,1.0,0.323299096979771,0.34935136847492515,0.33254795825988287,0.35815448078689704,66.64339310117569,66.6581535736848,0.3181621916954237,0.01500523838098548
MAIN,0.75,0.05,400,dollars,HT,COR-500,DEF-0.5,0.2250256994451424,0.21856082655736334,0.24264582031813767,0.0,1.264774783458592,1.2284384528666217,1.3638100697241486,1.0,0.2250256994451424,0.24264582031813767,0.2350638008675478,0.2525934883415937,99.8953420287325,99.96170086916287,0.5892663520084612,0.01001047676197096
MAIN,0.75,0.05,400,dollars,HT,COR-500,DEF-0.75,0.18657141689626755,0.17565968793263992,0.1950144629767784,0.005,1.0486394397901442,0.9873092020832487,1.096094249638707,0.435,0.18657141689626755,0.1950144629767784,0.19668484824272744,0.20520375065979804,199.373363831061,199.77038121142485,0.9629094356307574,0.005015715142956439
MAIN,0.75,0.05,400,dollars,HT,COR-500,RA-EST,0.7857891704711726,0.1602049275111317,0.17855480188675785,0.005,4.416590328915154,0.9004444959020659,1.0035814195830108,0.11,0.7857891704711726,0.17855480188675785,0.7866697191308996,0.18839139856750187,47725.00770377645,130590.89256946447,2.613470460983183,2.0953523941917593e-05
MAIN,0.75,0.05,400,dollars,HT,KS-2000,DEF-0.0,0.99995,0.99995,0.99995,0.0,5.620298249657192,5.620298249657192,5.620298249657192,1.0,0.99995,0.99995,1.0000000000000002,1.0000000000000002,50.0,50.0,0.0,0.02
MAIN,0.75,0.05,400,dollars,HT,KS-2000,DEF-0.25,0.3164781491043957,0.3160033688835966,0.325691608121202,0.0,1.7787905269925324,1.7761219871216096,1.8305755038268188,1.0,0.3164781491043957,0.325691608121202,0.3258275704875999,0.3349738204877788,66.63637214000958,66.64684884327173,0.3144818939012317,0.015006819367340553
MAIN,0.75,0.05,400,dollars,HT,KS-2000,DEF-0.5,0.2156725362320904,0.21527892637451873,0.2215157710665307,0.0,1.2122045881137506,1.2099922727044223,1.2450469527443229,1.0,0.2156725362320904,0.2215157710665307,0.2258384127457643,0.23166705418614716,99.86379841492456,99.91087278396188,0.5831068595458702,0.010013638734681106
MAIN,0.75,0.05,400,dollars,HT,KS-2000,DEF-0.75,0.17216169031201148,0.17165850318372994,0.1760399483966081,0.0,0.9676484291400785,0.9648202259935903,0.9894464861675072,0.05,0.17216169031201148,0.1760399483966081,0.18245797616103307,0.186324045869478,199.1850105467429,199.46618824717123,0.9518596190060582,0.0050204581020216596
MAIN,0.75,0.05,400,dollars,HT,KS-2000,RA-EST,0.15461079232537472,0.15428641000653387,0.15658154366797442,0.0,0.8690022155951947,0.867178999055567,0.8800789797547255,0.0,0.15461079232537472,0.15658154366797442,0.16481357274101377,0.16678684780957306,36660.29376722551,56049.60413480692,2.494318544546113,2.7277469362212477e-05
MAIN,0.75,0.05,400,dollars,HT,MIS-G-10000,DEF-0.0,0.99995,0.99995,0.99995,0.0,5.620298249657192,5.620298249657192,5.620298249657192,1.0,0.99995,0.99995,1.0000000000000002,1.0000000000000002,50.0,50.0,0.0,0.02
MAIN,0.75,0.05,400,dollars,HT,MIS-G-10000,DEF-0.25,0.32660981505687553,0.3263490439101329,0.3311655421519652,0.0,1.8357363587029514,1.8342706737991077,1.8613421840126654,1.0,0.32660981505687553,0.3311655421519652,0.3359029683501519,0.340416859433362,66.63131692252306,66.63621011592114,0.3109170185178596,0.01500795791208593
MAIN,0.75,0.05,400,dollars,HT,MIS-G-10000,DEF-0.5,0.2229985801929136,0.2228113894729016,0.22572903640703335,0.0,1.2533811989942207,1.2523290787121713,1.2687279446124846,1.0,0.2229985801929136,0.22572903640703335,0.23323067796944527,0.23596221623739308,99.841094669288,99.86307063353374,0.5772834288131168,0.01001591582417186
MAIN,0.75,0.05,400,dollars,HT,MIS-G-10000,DEF-0.75,0.17792316511118472,0.17781746540706486,0.17951037367972375,0.0,1.0000312550106094,0.9994371614438771,1.0089522866017897,0.475,0.17792316511118472,0.17951037367972375,0.18837925813710568,0.18994803761093926,199.0495885256272,199.1806676145396,0.9417572093442659,0.005023873736257791
MAIN,0.75,0.05,400,dollars,HT,MIS-G-10000,RA-EST,0.15900903446043968,0.158953778717599,0.1592672559548545,0.0,0.8937228842018993,0.8934123149186641,0.8951742385827016,0.0,0.15900903446043968,0.1592672559548545,0.1694535275629685,0.16971176531478618,31415.284912457442,36465.17739289521,2.4278448857560853,3.183164834372079e-05
MAIN,0.75,0.05,400,dollars,HT,MIS-G-2000,DEF-0.0,0.99995,0.99995,0.99995,0.0,5.620298249657192,5.620298249657192,5.620298249657192,1.0,0.99995,0.99995,1.0000000000000002,1.0000000000000002,50.0,50.0,0.0,0.02
MAIN,0.75,0.05,400,dollars,HT,MIS-G-2000,DEF-0.25,0.32603843124134846,0.3259118054628366,0.33508707265312115,0.0,1.8325248506692609,1.8318131404424176,1.8833834570879433,1.0,0.32603843124134846,0.33508707265312115,0.33533530589272414,0.34428830416642736,66.63306144828286,66.64268427239443,0.3117311410741295,0.015007564987496964
MAIN,0.75,0.05,400,dollars,HT,MIS-G-2000,DEF-0.5,0.22281280481530052,0.22283052159046468,0.22837713983761418,0.0,1.2523370337563309,1.2524366122957025,1.2836118198820528,1.0,0.22281280481530052,0.22837713983761418,0.23304102022907838,0.23856565249088968,99.84892882125965,99.89215681621515,0.5787383542730197,0.010015129974993927
MAIN,0.75,0.05,400,dollars,HT,MIS-G-2000,DEF-0.75,0.17801431966601391,0.1778794687011478,0.1812011232928663,0.0,1.0005435964126344,0.9997856558738059,1.0184552788427554,0.485,0.17801431966601391,0.1812011232928663,0.18846331390702617,0.19164497814549494,199.09630338830846,199.35433351737916,0.9445558376605179,0.0050226949624908885
MAIN,0.75,0.05,400,dollars,HT,MIS-G-2000,RA-EST,0.15959897291490183,0.15938466994711825,0.16049614578982738,0.0,0.897038680054711,0.8958341732346395,0.9020813113248585,0.0,0.15959897291490183,0.16049614578982738,0.17003296557914985,0.17101674420609966,33047.10914961804,46313.80101989634,2.4518683512802744,3.025994998785197e-05
MAIN,0.75,0.05,400,dollars,HT,MIS-I-2000,DEF-0.0,0.99995,0.99995,0.99995,0.0,5.620298249657192,5.620298249657192,5.620298249657192,1.0,0.99995,0.99995,1.0000000000000002,1.0000000000000002,50.0,50.0,0.0,0.02
MAIN,0.75,0.05,400,dollars,HT,MIS-I-2000,DEF-0.25,0.31747713082839263,0.31708613116996787,0.32626642737978,0.0,1.7844053829701507,1.7822077383920607,1.8338063210405346,1.0,0.31747713082839263,0.32626642737978,0.3268278839399909,0.335519657053549,66.6373004037753,66.6461856940397,0.3144043044461393,0.015006610320971408
MAIN,0.75,0.05,400,dollars,HT,MIS-I-2000,DEF-0.5,0.21630898718682587,0.2161531824131826,0.221641356658417,0.0,1.2157818111617953,1.2149060980795456,1.2457528165197722,1.0,0.21630898718682587,0.221641356658417,0.22649608773314564,0.23179872367562704,99.86796813604009,99.90789221695823,0.5831306817626412,0.010013220641942815
MAIN,0.75,0.05,400,dollars,HT,MIS-I-2000,DEF-0.75,0.1726440837459291,0.1723408086599903,0.17565841475795574,0.0,0.9703597596788989,0.9686551780151492,0.9873020461040006,0.02,0.1726440837459291,0.17565841475795574,0.18297725236871223,0.18601755136301737,199.20989520675053,199.4483694922672,0.9523849303999323,0.005019830962914223
MAIN,0.75,0.05,400,dollars,HT,MIS-I-2000,RA-EST,0.15506442148710511,0.1547463369117819,0.15693307598134795,0.0,0.8715518742617949,0.8697640546888843,0.8820547949910384,0.0,0.15506442148710511,0.15693307598134795,0.16531715309425835,0.1670547930605643,37819.83453654214,54234.29651849709,2.5076245899421306,2.644128388562993e-05
MAIN,0.75,0.05,400,rate,DIFF,COR-10000,DEF-0.0,0.9999499999999999,0.9999499999999999,0.9999500000000001,0.0,1.0004041298022834,1.000331381201664,1.0006020454003535,1.0,0.9445522139413165,0.9455043839834754,1.0,1.0,50.0,50.0,0.0,0.02
MAIN,0.75,0.05,400,rate,DIFF,COR-10000,DEF-0.25,0.9476193284499881,0.9476680235102468,0.9506393819046812,0.0,0.9480496749010371,0.9480418929807355,0.9510716524058738,0.0,0.8951204812975498,0.8979252285001464,0.9476744652633381,0.9506937652111237,63.026045300812996,63.903161615187955,0.0837117542013523,0.015866456725533037
MAIN,0.75,0.05,400,rate,DIFF,COR-10000,DEF-0.5,0.9154230728282041,0.9153205866902899,0.9190615533301638,0.0,0.9158388115908093,0.9156832868271876,0.9195706216889248,0.0,0.8647079351974201,0.8681567564218744,0.9154812554075333,0.9191155682251638,85.23033541546621,88.51629766225578,0.16498374351644834,0.011732913451066078
MAIN,0.75,0.05,400,rate,DIFF,COR-10000,DEF-0.75,0.8973944436361372,0.8970736766834009,0.9001294338793547,0.0,0.8978020356671721,0.8975235717918677,0.9006466036510876,0.0,0.8476782955757227,0.8504722284408964,0.8974542159792402,0.9001799531730722,131.58995745981366,143.96719283122243,0.24864556251677172,0.007599370176599115
MAIN,0.75,0.05,400,rate,DIFF,COR-10000,RA-EST,0.8917567936969238,0.8914135063844244,0.8933051462433743,0.0,0.8921619013871601,0.8918059332031196,0.8937578407204393,0.0,0.8423534029665677,0.8441255569057973,0.8918168892840314,0.8933638950329769,288.53340085645823,385.404903544625,0.3405976717753258,0.003465826902132154
MAIN,0.75,0.05,400,rate,DIFF,COR-10000,SRSWOR,,,,0.0,1.000454152509909,1.0003814002716778,1.0006520780042536,1.0,0.9445994439135122,0.945551661566554,0.9998938162290074,0.9999973983375707,,,,
MAIN,0.75,0.05,400,rate,DIFF,COR-2000,DEF-0.0,0.9999499999999999,0.9999499999999999,0.9999500000000001,0.0,1.0007668816720703,1.0004773142490877,1.0015431901285123,1.0,0.9483128321596296,0.9527203727175215,1.0,1.0,50.0,50.0,0.0,0.02
MAIN,0.75,0.05,400,rate,DIFF,COR-2000,DEF-0.25,0.947096682832318,0.9469993229480249,0.9545198229702906,0.0,0.9478711238985517,0.947721296650512,0.9552545423081628,0.0,0.8981883423438388,0.90654781250506,0.9471765171136711,0.9546263168439166,63.24994024529587,65.12757702371705,0.08787721252029185,0.01581029230019823
MAIN,0.75,0.05,400,rate,DIFF,COR-2000,DEF-0.5,0.915887068522055,0.9157281144726247,0.9254736750210606,0.0,0.9166363839018576,0.9161837301202261,0.9264319479813078,0.0,0.8685913621468628,0.8791043399717133,0.9159839332191502,0.9255489275719098,86.0542179769931,93.3798484846614,0.17376433838272073,0.011620584600396468
MAIN,0.75,0.05,400,rate,DIFF,COR-2000,DEF-0.75,0.9000138491495616,0.8990426706295049,0.9087979386971431,0.0,0.9007503680405168,0.899801372401912,0.9097604683536838,0.0,0.8535401405755634,0.862724410170287,0.9001188343891086,0.908848100411544,134.573856544502,164.9242777071711,0.262416401687288,0.007430876900594702
MAIN,0.75,0.05,400,rate,DIFF,COR-2000,RA-EST,0.8982925619194796,0.8967075139764228,0.9076547403302297,0.0,0.8990276993368695,0.8971576521275957,0.9084621112131285,0.0,0.8519126928783579,0.8628898096417699,0.8983974414020657,0.9078594953393403,308.53571764381866,705.4716830916169,0.3613656057886374,0.0032411692007929373
MAIN,0.75,0.05,400,rate,DIFF,COR-2000,SRSWOR,,,,0.0,1.0008169225181964,1.0005273406161184,1.0015932697920018,1.0,0.9483602501721383,0.9527680111180777,0.9994247302346219,0.9999937887485938,,,,
MAIN,0.75,0.05,400,rate,DIFF,COR-500,DEF-0.0,0.9999499999999999,0.9999499999999999,0.9999500000000001,0.0,1.0036814377917538,1.001172183477197,1.0080532077677058,1.0,0.9671499720370257,0.9909544782813852,1.0,1.0,50.0,50.0,0.0,0.02
MAIN,0.75,0.05,400,rate,DIFF,COR-500,DEF-0.25,0.9482657756779598,0.9483552202592871,0.964722606463885,0.005,0.9517866309225198,0.9522330522406428,0.969891520597179,0.005,0.9171449118836754,0.9428362327165459,0.9484007586688695,0.9648770654825362,64.3241887520256,66.45614173457152,0.09820790453836012,0.015546251886291218
MAIN,0.75,0.05,400,rate,DIFF,COR-500,DEF-0.5,0.9241145938480522,0.9213242798664449,0.9504691584897987,0.005,0.9275474051432606,0.9239644311903452,0.9548229950163685,0.01,0.893848930026441,0.9268787428110117,0.9242847499435595,0.9506334653816628,90.15100111194997,99.05858355609581,0.1960845234974477,0.011092503772582439
MAIN,0.75,0.05,400,rate,DIFF,COR-500,DEF-0.75,0.9237933423657125,0.908568272176683,0.9582925534341281,0.04,0.927238972859171,0.9124747453035447,0.9594429506359459,0.045,0.8936974420815682,0.9334408760136855,0.9239478710790111,0.9583340823586518,150.63094065980607,194.4558877320006,0.30157080888088594,0.006638755658873658
MAIN,0.75,0.05,400,rate,DIFF,COR-500,RA-EST,3.523594808794237,0.9241923358657246,1.0209110025912473,0.11,3.5301466838407562,0.9276213978951735,1.0286436693919194,0.12,3.4194953904797583,0.9961130375608241,3.509200816449048,1.0209722002547155,457.67941867520904,5261.147173891293,0.43866322678608777,0.002185007545164877
MAIN,0.75,0.05,400,rate,DIFF,COR-500,SRSWOR,,,,0.0,1.0037316243729724,1.0012222445894263,1.0081036129483534,1.0,0.9671983319536234,0.9910040284828094,0.9982459123912484,0.9999765039869367,,,,
MAIN,0.75,0.05,400,rate,DIFF,KS-2000,DEF-0.0,0.9999499999999999,0.9999499999999999,0.9999500000000001,0.0,1.0009325390669261,1.000650776505943,1.002082803446429,1.0,0.9499744528987069,0.954979540770941,1.0,1.0,50.0,50.0,0.0,0.02
MAIN,0.75,0.05,400,rate,DIFF,KS-2000,DEF-0.25,0.9470008568164622,0.9466051575074643,0.9538265524284255,0.0,0.9479319887110144,0.9473055982144611,0.9550653553753637,0.0,0.8996727678032653,0.9090169033088098,0.9470772081926089,0.9538820544501958,63.13061564296586,65.03168407959546,0.08872584729016109,0.01584017533151074
MAIN,0.75,0.05,400,rate,DIFF,KS-2000,DEF-0.5,0.9161106202191476,0.91547918785687,0.9249780353636518,0.0,0.9170119640558824,0.9163222477184987,0.9257810415646249,0.0,0.8703283502850429,0.8809024683095024,0.9162022113492378,0.9250863304395941,85.61388096796432,92.98659003840145,0.17518908575138528,0.011680350663021477
MAIN,0.75,0.05,400,rate,DIFF,KS-2000,DEF-0.75,0.9010057944753548,0.8997772173409908,0.9087060519429593,0.0,0.9018928478017518,0.9009851841366618,0.9105441636852264,0.0,0.8559814794703855,0.8657494730349986,0.9011046967956945,0.9088978963012105,132.96953192590337,163.09608197745754,0.26604550022202633,0.007520525994532217
MAIN,0.75,0.05,400,rate,DIFF,KS-2000,RA-EST,0.9007158622028152,0.8995311915206349,0.909708718186115,0.0,0.9016032559570129,0.900115075278862,0.9105003582087129,0.0,0.8557119683137502,0.8664677706124427,0.900814724439152,0.9097688500718212,297.55911488460254,662.9351471514923,0.36962130892394607,0.0033607013260429554
MAIN,0.75,0.05,400,rate,DIFF,KS-2000,SRSWOR,,,,0.0,1.0009825881963361,1.00070081154652,1.0021329100919336,1.0,0.9500219539964067,0.9550272921355479,0.9994607476887404,0.999995247569709,,,,
MAIN,0.75,0.05,400,rate,DIFF,MIS-G-10000,DEF-0.0,0.9999499999999999,0.9999499999999999,0.9999500000000001,0.0,1.0004225779576006,1.0003579404913414,1.0006117731967734,1.0,0.9738575451190833,0.974288351615307,1.0,1.0,50.0,50.0,0.0,0.02
MAIN,0.75,0.05,400,rate,DIFF,MIS-G-10000,DEF-0.25,0.9597769900792479,0.9598909719112876,0.9629331612732737,0.0,0.96023060305479,0.9603002235896938,0.9635056028546811,0.0,0.9347331686576906,0.9380610644720954,0.9598310649151044,0.9629931213229936,61.322918458689514,61.939279655773994,0.07514201446431308,0.01630711727988476
MAIN,0.75,0.05,400,rate,DIFF,MIS-G-10000,DEF-0.5,0.9329625758965023,0.9330561155926426,0.9370215387066643,0.0,0.9334035361458917,0.9334252659441764,0.9375521246607345,0.0,0.9086185780962129,0.9127318078982516,0.9330192910268142,0.9370774389868585,79.27553199437185,81.36903230175135,0.15043606143380034,0.012614234559769524
MAIN,0.75,0.05,400,rate,DIFF,MIS-G-10000,DEF-0.75,0.9170070576355418,0.9169032005516069,0.9202131271877244,0.0,0.9174404969467553,0.9172923967042086,0.9208455615935247,0.0,0.8930793517790713,0.8964798600749955,0.9170652577926492,0.9202644360942122,112.09071417925442,118.56022881044622,0.2294849425828422,0.008921351839654286
MAIN,0.75,0.05,400,rate,DIFF,MIS-G-10000,RA-EST,0.911504067609277,0.9112232637911064,0.912659864516135,0.0,0.911934930546505,0.9116364363887695,0.9132080237714275,0.0,0.887719719765991,0.889060587769973,0.9115626387457516,0.9127121236667394,191.2612651841904,218.3703872669892,0.31714827012633745,0.005228469119539048
MAIN,0.75,0.05,400,rate,DIFF,MIS-G-10000,SRSWOR,,,,0.0,1.00047260158768,1.0004079608893859,1.000661806287088,1.0,0.973906240431105,0.9743370684687305,0.9998933630640362,0.9999999437236955,,,,
MAIN,0.75,0.05,400,rate,DIFF,MIS-G-2000,DEF-0.0,0.9999499999999999,0.9999499999999999,0.9999500000000001,0.0,1.0008459919306305,1.0005612964554778,1.0018034353921472,1.0,0.975041466373169,0.9768127093023707,1.0,1.0,50.0,50.0,0.0,0.02
MAIN,0.75,0.05,400,rate,DIFF,MIS-G-2000,DEF-0.25,0.9592927209653108,0.9592680345776772,0.9650620413016342,0.0,0.9601519257845171,0.9600656166957706,0.9657708442300201,0.0,0.9353967175253679,0.9417143791473054,0.9593611743516594,0.9651173645025092,61.53816958540454,62.63165080780422,0.07683205755406242,0.016250077664009897
MAIN,0.75,0.05,400,rate,DIFF,MIS-G-2000,DEF-0.5,0.932758406200317,0.9324383801103362,0.9402577704249008,0.0,0.9335939250814711,0.9332335584882776,0.9411749356249735,0.0,0.9095238092180412,0.9173320398036782,0.9328386060002191,0.9403088183698602,79.99902487502649,83.80307471290764,0.15398736736131446,0.012500155328019798
MAIN,0.75,0.05,400,rate,DIFF,MIS-G-2000,DEF-0.75,0.9177153547469481,0.9171430288594258,0.9238044170682257,0.0,0.91853787169904,0.9180490451294614,0.9249211632142451,0.0,0.8948565108977565,0.9015596588041261,0.9178018892044403,0.9238772989535052,114.2827955866471,126.5966306779506,0.23526834641627564,0.008750232992029698
MAIN,0.75,0.05,400,rate,DIFF,MIS-G-2000,RA-EST,0.9139857862352614,0.9131411734439079,0.9189573223257159,0.0,0.914805946794705,0.9139278325216735,0.9200733467527134,0.0,0.8912218118053546,0.8971373845865227,0.9140733256831599,0.9190108276732025,199.98875948549252,258.70064537030794,0.3260944603598595,0.005000310656039595
MAIN,0.75,0.05,400,rate,DIFF,MIS-G-2000,SRSWOR,,,,0.0,1.000896036732467,1.0006113270218293,1.0018535280685505,1.0,0.9750902208842134,0.9768615523799898,0.9995259188621582,0.9999923595512057,,,,
MAIN,0.75,0.05,400,rate,DIFF,MIS-I-2000,DEF-0.0,0.9999499999999999,0.9999499999999999,0.9999500000000001,0.0,1.0007705781432275,1.0005346075000268,1.0013500936228814,1.0,0.9536117891544716,0.9579874849011846,1.0,1.0,50.0,50.0,0.0,0.02
MAIN,0.75,0.05,400,rate,DIFF,MIS-I-2000,DEF-0.25,0.9456955125832082,0.9453960847801918,0.9529424310457665,0.0,0.9464718525722883,0.9463988335099656,0.953833872548485,0.0,0.9018811785028816,0.9110681074298757,0.9457684949035858,0.9530353740903208,61.89496163267238,62.94404043372764,0.09292861453205016,0.016156403907934793
MAIN,0.75,0.05,400,rate,DIFF,MIS-I-2000,DEF-0.5,0.9139646748753242,0.9136658855531317,0.9225816485392817,0.0,0.9147153738652237,0.9142283925262105,0.9231264793384547,0.0,0.8716229614812164,0.8819412664871353,0.914050794357578,0.9226364208310139,81.21624368536007,84.93106382145936,0.1850787682355075,0.012312807815869586
MAIN,0.75,0.05,400,rate,DIFF,MIS-I-2000,DEF-0.75,0.8991254249343571,0.8983746539194863,0.905091666484079,0.0,0.8998645070359546,0.8988443447637344,0.906157667345036,0.0,0.8574685586892842,0.8655961307047741,0.8992173446883451,0.9053130607083417,118.07474328533172,130.5247551983137,0.28250996544639934,0.00846921172380438
MAIN,0.75,0.05,400,rate,DIFF,MIS-I-2000,RA-EST,0.9007831461324598,0.8994981645418159,0.9096176124367343,0.0,0.9015244548953298,0.9001863654002573,0.9108298040752053,0.0,0.8590414007692055,0.8686863603938875,0.9008737388983288,0.9096793469745122,216.18743975128515,281.80866745830957,0.39521997490572924,0.004625615631739174
MAIN,0.75,0.05,400,rate,DIFF,MIS-I-2000,SRSWOR,,,,0.0,1.0008206191741862,1.0005846367318636,1.001400163631063,1.0,0.9536594721280782,0.9580353866705182,0.9995455839928579,0.9999931188793003,,,,
MAIN,0.75,0.05,400,rate,EXP,COR-2000,ST-NEY-EST,,,,0.0,0.9910074920703039,0.9881620453294115,0.9972263467285215,0.07,0.9857739678819484,0.9919599806832294,1.0388646794058471,1.0473755776009268,,,,
MAIN,0.75,0.05,400,rate,HT,COR-10000,DEF-0.0,0.99995,0.99995,0.99995,0.0,1.0052587854646744,1.0052587854646744,1.0052587854646744,1.0,0.99995,0.99995,1.0,1.0,50.0,50.0,0.0,0.02
MAIN,0.75,0.05,400,rate,HT,COR-10000,DEF-0.25,0.9244359111072785,0.9246042378585402,0.928623833456875,0.0,0.9293437884290539,0.9295130088356087,0.9335539446716418,0.0,0.9244359111072785,0.928623833456875,0.9280723830810264,0.9320651938391602,63.15132784142662,64.0092454383406,0.09292310837489401,0.01583497999254495
MAIN,0.75,0.05,400,rate,HT,COR-10000,DEF-0.5,0.8830066475337255,0.8830214576651731,0.8875850540722277,0.0,0.8876945747857259,0.8877094635449156,0.8922972883176608,0.0,0.8830066475337255,0.8875850540722277,0.8885462445438631,0.8929217501462656,85.69010485671538,88.92457832697329,0.1801699400336293,0.011669959985089904
MAIN,0.75,0.05,400,rate,HT,COR-10000,DEF-0.75,0.8610342254414859,0.8607551334964988,0.8643556046575741,0.0,0.8656054999858239,0.8653249263274904,0.8689445125732858,0.0,0.8610342254414859,0.8643556046575741,0.8675247902662387,0.8707043633385342,133.24563803358805,145.59807908234322,0.2690019929221371,0.007504939977634856
MAIN,0.75,0.05,400,rate,HT,COR-10000,RA-EST,0.8544252580301016,0.8540232970410695,0.8561619334163295,0.0,0.8589614452299424,0.8585573502095529,0.8607073407142225,0.0,0.8544252580301016,0.8561619334163295,0.8611191728030174,0.8627510686078146,299.40975779794104,401.45583770449167,0.3671092154386385,0.003339919970179808
MAIN,0.75,0.05,400,rate,HT,COR-2000,DEF-0.0,0.99995,0.99995,0.99995,0.0,1.0052587854646744,1.0052587854646744,1.0052587854646744,1.0,0.99995,0.99995,1.0,1.0,50.0,50.0,0.0,0.02
MAIN,0.75,0.05,400,rate,HT,COR-2000,DEF-0.25,0.9240205575743565,0.9232022852578099,0.9337931007767374,0.0,0.928926229763077,0.9281036131971376,0.93875065589491,0.0,0.9240205575743565,0.9337931007767374,0.9276734646164405,0.9369951385144568,63.36635837658048,65.17543184156504,0.09756950160821107,0.01578124510210982
MAIN,0.75,0.05,400,rate,HT,COR-2000,DEF-0.5,0.8842721815964825,0.8838575873205334,0.8956827064867814,0.0,0.8889668276332595,0.8885500322551896,0.9004379315811932,0.0,0.8842721815964825,0.8956827064867814,0.8897421707166644,0.9006184986173534,86.48658087603808,93.57688300182859,0.18992632588869518,0.011562490204219645
MAIN,0.75,0.05,400,rate,HT,COR-2000,DEF-0.75,0.8651854893378922,0.8641163650275033,0.8741577123037721,0.0,0.8697788031536272,0.8687040028078377,0.8787986601080736,0.0,0.8651854893378922,0.8741577123037721,0.8714624729626469,0.8800985428259762,136.1706706757048,165.84950433084703,0.28462632435768903,0.0073437353063294675
MAIN,0.75,0.05,400,rate,HT,COR-2000,RA-EST,0.8633380246667848,0.8615140984342478,0.8740270339109668,0.0,0.8679215301985131,0.8660879206487383,0.8786672879370271,0.0,0.8633380246667848,0.8740270339109668,0.8695829053403004,0.8796871595788252,320.0062850563686,728.6791708536215,0.3906798953077185,0.0031249804084392888
MAIN,0.75,0.05,400,rate,HT,COR-500,DEF-0.0,0.99995,0.99995,0.99995,0.0,1.0052587854646744,1.0052587854646744,1.0052587854646744,1.0,0.99995,0.99995,1.0,1.0,50.0,50.0,0.0,0.02
MAIN,0.75,0.05,400,rate,HT,COR-500,DEF-0.25,0.9273587852711627,0.9264204834157459,0.9474051427938379,0.0,0.9322821802806988,0.9313388969329559,0.9524349649361668,0.005,0.9273587852711627,0.9474051427938379,0.9308429050897812,0.9499223337341434,64.41542364734502,66.46690409347642,0.11099177574274785,0.01552423233086777
MAIN,0.75,0.05,400,rate,HT,COR-500,DEF-0.5,0.8975757228603888,0.8930888706246265,0.9255585817791833,0.005,0.9023409980751153,0.8978303249123754,0.930472419416719,0.005,0.8975757228603888,0.9255585817791833,0.9023854207726396,0.9290415648133924,90.51031518965434,99.10642351530855,0.21635306696539047,0.011048464661735539
MAIN,0.75,0.05,400,rate,HT,COR-500,DEF-0.75,0.8968735238469862,0.8831032488164712,0.9337636513429078,0.025,0.9016350710513966,0.8877916889296005,0.9387210501125368,0.03,0.8968735238469862,0.9337636513429078,0.9015863639221742,0.9367034975933282,152.14456428718447,194.7326762339895,0.3276957860857086,0.006572696992603311
MAIN,0.75,0.05,400,rate,HT,COR-500,RA-EST,3.519578922405179,0.9004268959331349,1.0104414232743841,0.11,3.5382645461114026,0.9052073081708785,1.0158059082394164,0.115,3.519578922405179,1.0104414232743841,3.39306301638285,1.0091868090617642,476.88879498336803,5545.492467828509,0.47075937404101503,0.00209692932347108
MAIN,0.75,0.05,400,rate,HT,KS-2000,DEF-0.0,0.99995,0.99995,0.99995,0.0,1.0052587854646744,1.0052587854646744,1.0052587854646744,1.0,0.99995,0.99995,1.0,1.0,50.0,50.0,0.0,0.02
MAIN,0.75,0.05,400,rate,HT,KS-2000,DEF-0.25,0.9241445906983737,0.9235356129416564,0.9336771383223909,0.0,0.9290509213852651,0.9284387105346299,0.9386340777899889,0.0,0.9241445906983737,0.9336771383223909,0.9277916854329736,0.9368783082468044,63.25382491869271,65.09265995972376,0.10072733238003956,0.015809320665614024
MAIN,0.75,0.05,400,rate,HT,KS-2000,DEF-0.5,0.884931650895956,0.8843863826328358,0.8963478846857518,0.0,0.8896297980888224,0.8890816349687298,0.9011066412450911,0.0,0.884931650895956,0.8963478846857518,0.8903700987487656,0.9012728827153396,86.06858429917024,93.23635463494476,0.1943052317815325,0.011618641331228051
MAIN,0.75,0.05,400,rate,HT,KS-2000,DEF-0.75,0.8668798591234227,0.8654059259578315,0.8762772777697377,0.0,0.8714821684346217,0.8700004100828057,0.8809294784550203,0.0,0.8668798591234227,0.8762772777697377,0.8730752509803444,0.8820343970093362,134.62643726521458,164.2536879326295,0.2913642425047573,0.007427961996842076
MAIN,0.75,0.05,400,rate,HT,KS-2000,RA-EST,0.866830679563195,0.8651858145736672,0.8774217441238623,0.0,0.8714327277776046,0.8697791301160954,0.8820800208392922,0.0,0.866830679563195,0.8774217441238623,0.872906402313077,0.8829287421343658,308.9012186292208,689.2555270637366,0.40285459725484163,0.0032372826624561023
MAIN,0.75,0.05,400,rate,HT,MIS-G-10000,DEF-0.0,0.99995,0.99995,0.99995,0.0,1.0052587854646744,1.0052587854646744,1.0052587854646744,1.0,0.99995,0.99995,1.0,1.0,50.0,50.0,0.0,0.02
MAIN,0.75,0.05,400,rate,HT,MIS-G-10000,DEF-0.25,0.9507403240425192,0.9508446993939709,0.9545094796592578,0.0,0.9557878528319155,0.9558927823174225,0.9595770190877383,0.0,0.9507403240425192,0.9545094796592578,0.9531423337451708,0.9567329025479957,61.47467064765085,62.069164495914,0.08006915461424452,0.016266862751956997
MAIN,0.75,0.05,400,rate,HT,MIS-G-10000,DEF-0.5,0.9188547223404445,0.9188417228526733,0.9237279327872893,0.0,0.9237329688468783,0.9237199003441645,0.9286320514161156,0.0,0.9188547223404445,0.9237279327872893,0.9227564972009661,0.9274041743580652,79.7847537675668,81.81887394532112,0.1594949104528346,0.012533725503914
MAIN,0.75,0.05,400,rate,HT,MIS-G-10000,DEF-0.75,0.9001726038382729,0.9000256137497606,0.9040877498432465,0.0,0.904951666026337,0.9048038955599604,0.9088875977407994,0.0,0.9001726038382729,0.9040877498432465,0.904927856268842,0.908667891818743,113.62887319692717,120.00223722803445,0.24256385760636112,0.008800588255870998
MAIN,0.75,0.05,400,rate,HT,MIS-G-10000,RA-EST,0.8937479968767488,0.8933765787335928,0.8950216992085454,0.0,0.8984929504993311,0.8981195604783414,0.8997734149816605,0.0,0.8937479968767488,0.8950216992085454,0.8987576972406431,0.8999775332805944,197.33885318470442,225.0105381847753,0.3349610507301605,0.0050674510078279975
MAIN,0.75,0.05,400,rate,HT,MIS-G-2000,DEF-0.0,0.99995,0.99995,0.99995,0.0,1.0052587854646744,1.0052587854646744,1.0052587854646744,1.0,0.99995,0.99995,1.0,1.0,50.0,50.0,0.0,0.02
MAIN,0.75,0.05,400,rate,HT,MIS-G-2000,DEF-0.25,0.9502517875497211,0.949944650427871,0.9575530830797294,0.0,0.955296722674002,0.9549879549455336,0.962636781153741,0.0,0.9502517875497211,0.9575530830797294,0.9526763364532598,0.959631636868281,61.670061176931554,62.77630388662334,0.0823492417716031,0.016215323710101356
MAIN,0.75,0.05,400,rate,HT,MIS-G-2000,DEF-0.5,0.9188395781238357,0.9183005990851638,0.9280140515021725,0.0,0.9237177442288522,0.9231759037230207,0.9329409253534934,0.0,0.9188395781238357,0.9280140515021725,0.9227393587781287,0.9314887183360121,80.44633570793354,84.32303947054224,0.1639952802107038,0.012430647420202712
MAIN,0.75,0.05,400,rate,HT,MIS-G-2000,DEF-0.75,0.9013392815208293,0.9006425446134418,0.9085922741389273,0.0,0.9061245376601141,0.9054241017410094,0.9134160367853238,0.0,0.9013392815208293,0.9085922741389273,0.9060336032963958,0.91296081507885,115.66082626513844,128.39059401728565,0.2495819285094007,0.008645971130304068
MAIN,0.75,0.05,400,rate,HT,MIS-G-2000,RA-EST,0.897059229221475,0.8959582663645623,0.9027980827267069,0.0,0.901821762345174,0.9007149544203961,0.9075910837158719,0.0,0.897059229221475,0.9027980827267069,0.9019019452300542,0.9073523745664565,205.70670151594538,268.9393861027298,0.34536320269856724,0.004861294840405426
MAIN,0.75,0.05,400,rate,HT,MIS-I-2000,DEF-0.0,0.99995,0.99995,0.99995,0.0,1.0052587854646744,1.0052587854646744,1.0052587854646744,1.0,0.99995,0.99995,1.0,1.0,50.0,50.0,0.0,0.02
MAIN,0.75,0.05,400,rate,HT,MIS-I-2000,DEF-0.25,0.927000778091928,0.9263883518239079,0.9377833801053289,0.0,0.9319222724231209,0.9313065947528607,0.9427621198196311,0.0,0.927000778091928,0.9377833801053289,0.930522605116783,0.9407997647726614,62.04339722021462,63.07259427340561,0.10021364897377513,0.016117750565504872
MAIN,0.75,0.05,400,rate,HT,MIS-I-2000,DEF-0.5,0.8869208839193751,0.8860963319522177,0.8997430086414292,0.0,0.8916295920516489,0.8908006624961142,0.9045197900867195,0.0,0.8869208839193751,0.8997430086414292,0.8922938709442286,0.9045267089229792,81.72938678024751,85.4007941942112,0.197866966091695,0.012235501131009744
MAIN,0.75,0.05,400,rate,HT,MIS-I-2000,DEF-0.75,0.8683880716683798,0.866843854941401,0.8768086230391811,0.0,0.872998388156774,0.8714459731045645,0.8814636446635538,0.0,0.8683880716683798,0.8768086230391811,0.874557469069344,0.8826082723094154,119.71386203919637,132.2010099480618,0.30122486509616075,0.008353251696514616
MAIN,0.75,0.05,400,rate,HT,MIS-I-2000,RA-EST,0.8694706175506779,0.8680302903176288,0.8795288331088196,0.0,0.8740866813302814,0.8726387073266145,0.8841982964669576,0.0,0.8694706175506779,0.8795288331088196,0.8754781574365318,0.8851286108348886,223.6635261624453,292.48475531902284,0.41985975131169373,0.004471002262019488
MAIN,0.75,0.25,100,dollars,DIFF,COR-10000,DEF-0.0,0.99995,0.99995,0.9999500000000002,0.0,4.102137035208851,4.1007278833497764,4.105938307689048,1.0,0.587241192224983,0.5878623585935208,1.0,1.0,200.0,200.0,0.0,0.005
MAIN,0.75,0.25,100,dollars,DIFF,COR-10000,DEF-0.25,0.42363874488364284,0.4236440353535671,0.4242567845136738,0.0,1.7379104689976996,1.7378611646607354,1.7404900513931167,1.0,0.2487904460886775,0.24917856586888587,0.42372287036268147,0.42433727286643336,266.47720855575017,266.4895490253876,0.28868884739540507,0.0037526661488980137
MAIN,0.75,0.25,100,dollars,DIFF,COR-10000,DEF-0.5,0.31158678631592673,0.3115969706227397,0.3120646233045928,0.0,1.2782349134244062,1.2780778351850124,1.2799789647940256,1.0,0.18298561659724558,0.1832915592306464,0.31167619212809006,0.3121351296253013,399.1486482171297,399.2040279694825,0.5410874810721616,0.002505332297796028
MAIN,0.75,0.25,100,dollars,DIFF,COR-10000,DEF-0.75,0.26090116970798466,0.2609381420008136,0.2612375044708927,0.0,1.0703051139107123,1.0702423787455635,1.0714969839050208,1.0,0.15321943751838338,0.15342592740268585,0.26099225047725605,0.2613028641837983,794.9135411319076,795.2430996165033,0.8795514887986259,0.0012579984466940418
MAIN,0.75,0.25,100,dollars,DIFF,COR-10000,RA-EST,0.23982900882650524,0.23991029854589452,0.23996310356965442,0.0,0.9838597760247231,0.9838309902576169,0.9839930266299509,0.0,0.14084435872327827,0.1409270437402169,0.23992014487237875,0.24002156476374728,93768.20633939994,100306.05114715487,2.088680162030035,1.066459559205567e-05
MAIN,0.75,0.25,100,dollars,DIFF,COR-10000,SRSWOR,,,,0.0,4.102342152316466,4.100932929996277,4.106143614869791,1.0,0.5872705557527707,0.5878917531811796,0.9999373636737225,0.9999984255272584,,,,
MAIN,0.75,0.25,100,dollars,DIFF,COR-2000,DEF-0.0,0.99995,0.99995,0.9999500000000002,0.0,4.1110712831866225,4.1054403670018225,4.125817652745801,1.0,0.5898268675760509,0.5931332647659078,1.0,1.0,200.0,200.0,0.0,0.005
MAIN,0.75,0.25,100,dollars,DIFF,COR-2000,DEF-0.25,0.42326611905050476,0.4234346899018673,0.4247575153404715,0.0,1.7401518340885824,1.7398515687972826,1.746454607629893,1.0,0.24966410629113675,0.25085852373168543,0.42348265325519513,0.4249283399006643,266.47888036992344,266.5069746030509,0.2886804751867499,0.0037526426057182035
MAIN,0.75,0.25,100,dollars,DIFF,COR-2000,DEF-0.5,0.31118706105273064,0.3114412137892792,0.3124391820610704,0.0,1.2793620778040753,1.2792892956263069,1.2831902348762392,1.0,0.1835533067752792,0.1843447868505396,0.3114328221831061,0.31255635949321725,399.1561501410749,399.28224536233483,0.5409861062607784,0.002505285211436407
MAIN,0.75,0.25,100,dollars,DIFF,COR-2000,DEF-0.75,0.2605093714307265,0.26076568840115444,0.2615088496238568,0.0,1.0710112542780037,1.0710676867499092,1.0736261503236446,1.0,0.15366064953317501,0.15422650952992797,0.2607668099879889,0.26159338455042136,794.9581735800344,795.708872071551,0.8796102638869838,0.0012579278171546103
MAIN,0.75,0.25,100,dollars,DIFF,COR-2000,RA-EST,0.23949575297685793,0.23980566611657256,0.2401389612646729,0.0,0.9846174788623362,0.9843165723825065,0.9853414542696801,0.0,0.14126555091593146,0.14168049815390893,0.23975676744208735,0.24023703184403503,94603.64399949508,111258.79398533532,2.0924191427959316,1.0570422872813659e-05
MAIN,0.75,0.25,100,dollars,DIFF,COR-2000,SRSWOR,,,,0.0,4.111276847028974,4.105645649284286,4.126023953943499,1.0,0.5898563603940705,0.5931629229120535,0.9997033832933409,0.9999973033686156,,,,
MAIN,0.75,0.25,100,dollars,DIFF,COR-500,DEF-0.0,0.99995,0.99995,0.9999500000000002,0.0,4.143228413199773,4.118115572694473,4.220600500900549,1.0,0.6004142124464881,0.6143529270149589,1.0,1.0,200.0,200.0,0.0,0.005
MAIN,0.75,0.25,100,dollars,DIFF,COR-500,DEF-0.25,0.4225792238205651,0.4230153378792024,0.4260327281634396,0.0,1.7508103657278833,1.7468660711736164,1.7745845122185342,1.0,0.2537175980052676,0.2586703130424694,0.4232536399265712,0.42609201313915984,266.47926973245717,266.5263874976052,0.28861555745454526,0.0037526371226439532
MAIN,0.75,0.25,100,dollars,DIFF,COR-500,DEF-0.5,0.31045474924109423,0.3108545380153699,0.31366344466593243,0.0,1.2862088763782382,1.2835786743283601,1.3010683009997728,1.0,0.18638970173216884,0.18961867628732754,0.3112410794272912,0.31389884720787725,399.15789738315846,399.3694071822289,0.5412349474602791,0.0025052742452879063
MAIN,0.75,0.25,100,dollars,DIFF,COR-500,DEF-0.75,0.2598226698795952,0.26042452978639474,0.2626408148338491,0.0,1.0764057126684994,1.0745949679633802,1.0858502599473825,1.0,0.15598623038000656,0.15838320626983945,0.26065517581138853,0.26305781214644913,794.968569757797,796.2283350217386,0.8800980460333407,0.00125791136793186
MAIN,0.75,0.25,100,dollars,DIFF,COR-500,RA-EST,0.23907131399547815,0.23977701400671247,0.24181338888483783,0.0,0.9904033491240462,0.9870989580073584,0.9987288918041591,0.07,0.14352442436161927,0.1455348350098868,0.23991945759347197,0.2423698382949986,94802.80230259753,126664.79402586842,2.0923969225994936,1.0548490575813369e-05
MAIN,0.75,0.25,100,dollars,DIFF,COR-500,SRSWOR,,,,0.0,4.143435584979022,4.118321488768911,4.220811541477622,1.0,0.6004442346582209,0.6143836461972687,0.9988978896157596,0.9999751796485062,,,,
MAIN,0.75,0.25,100,dollars,DIFF,KS-2000,DEF-0.0,0.99995,0.99995,0.9999500000000001,0.0,4.111038686477528,4.106118063443347,4.128604455394585,1.0,0.590301286179755,0.5939734288487252,1.0,1.0,200.0,200.0,0.0,0.005
MAIN,0.75,0.25,100,dollars,DIFF,KS-2000,DEF-0.25,0.42331693406531756,0.42344700836966775,0.42457586724651997,0.0,1.7403510081498297,1.73945959028617,1.7474193307995145,1.0,0.24989548671272177,0.2512977926380832,0.423519952502484,0.4246927643683689,266.4756704213162,266.50566784507686,0.28871307312308786,0.00375268780980623
MAIN,0.75,0.25,100,dollars,DIFF,KS-2000,DEF-0.5,0.3112519453096599,0.3113946019715298,0.3122992755357507,0.0,1.2796228398770966,1.2791387676868697,1.2842380682506016,1.0,0.18373982228470548,0.1846242047429826,0.31148157528025,0.3123906874622598,399.1417463201891,399.27637907080197,0.5412199915964825,0.00250537561961246
MAIN,0.75,0.25,100,dollars,DIFF,KS-2000,DEF-0.75,0.2605778974842262,0.2607551614425524,0.2614007653838351,0.0,1.0712886048387886,1.0709914568940078,1.0742467921129888,1.0,0.1538252664169836,0.15453738280261037,0.26081799760906776,0.2614819463150716,794.8724814800034,795.6739266479794,0.8799812461171732,0.0012580634294186905
MAIN,0.75,0.25,100,dollars,DIFF,KS-2000,RA-EST,0.2395572967000949,0.23981916617961357,0.2401708572622285,0.0,0.9848667696820848,0.9845079680253077,0.9858656385408184,0.005,0.14141608999714178,0.14188912960746466,0.23980040513331158,0.24029319821640557,93012.53652518243,110355.38573879309,2.0889117814177203,1.0751239224920481e-05
MAIN,0.75,0.25,100,dollars,DIFF,KS-2000,SRSWOR,,,,0.0,4.111244248689962,4.106323379612328,4.128810895939382,1.0,0.5903308027198909,0.5940031290051754,0.999726835412523,0.9999976388594451,,,,
MAIN,0.75,0.25,100,dollars,DIFF,MIS-G-10000,DEF-0.0,0.99995,0.99995,0.9999500000000002,0.0,4.084532571099233,4.083365206644999,4.08879760448728,1.0,0.6035662770468146,0.6042761238197127,1.0,1.0,200.0,200.0,0.0,0.005
MAIN,0.75,0.25,100,dollars,DIFF,MIS-G-10000,DEF-0.25,0.42608750390632266,0.4261286385616604,0.4266643531448328,0.0,1.740454698538265,1.7405394328765085,1.7428378913475928,1.0,0.25718480189774223,0.25757121660511445,0.4261695244685149,0.42672361827316774,266.4561173974121,266.46818040197036,0.2882712039251208,0.0037529631887136157
MAIN,0.75,0.25,100,dollars,DIFF,MIS-G-10000,DEF-0.5,0.3136805328645167,0.3137243613230445,0.3141298467712557,0.0,1.2813017744484256,1.2813095997073982,1.282944437825295,1.0,0.18933634582535366,0.18961483062627915,0.3137675352664076,0.31419696134950187,399.0540221006181,399.10813948287114,0.5402684618951685,0.0025059263774272313
MAIN,0.75,0.25,100,dollars,DIFF,MIS-G-10000,DEF-0.75,0.26279877448248806,0.2628326236327878,0.2631315305445313,0.0,1.073463184525513,1.073504531745665,1.0746149276578765,1.0,0.1586242964036412,0.1588054798860252,0.26288735340266123,0.2631837705240511,794.3508524491192,794.6725935663248,0.8780242774700482,0.0012588895661408465
MAIN,0.75,0.25,100,dollars,DIFF,MIS-G-10000,RA-EST,0.24164010705156755,0.2417103713652109,0.24177498784463086,0.0,0.9870356179792593,0.9870071300197045,0.9871324721634964,0.0,0.14585300301603132,0.1459124471719312,0.24172873176927567,0.24182993569285335,84368.57744237124,89500.70482464957,2.073358834200267,1.185275485446209e-05
MAIN,0.75,0.25,100,dollars,DIFF,MIS-G-10000,SRSWOR,,,,0.0,4.084736807939629,4.083569385114253,4.0890020545900105,1.0,0.6035964568696581,0.6043063391366696,0.9999409185014647,1.0000009094209907,,,,
MAIN,0.75,0.25,100,dollars,DIFF,MIS-G-2000,DEF-0.0,0.99995,0.99995,0.9999500000000002,0.0,4.095021900273355,4.088065821241312,4.115419765512133,1.0,0.6056762996798503,0.6094514721666014,1.0,1.0,200.0,200.0,0.0,0.005
MAIN,0.75,0.25,100,dollars,DIFF,MIS-G-2000,DEF-0.25,0.42582282357719037,0.425830487075198,0.4272300752680651,0.0,1.743827982656482,1.7432772653902768,1.7504992282517646,1.0,0.2579213583790483,0.25916799364847654,0.4260633821321732,0.4273673703037519,266.45450802945646,266.4809994052724,0.28804678048051996,0.0037529858563678984
MAIN,0.75,0.25,100,dollars,DIFF,MIS-G-2000,DEF-0.5,0.3133013151006227,0.3134124442648356,0.3144647300144403,0.0,1.2830248576173862,1.2826661878261034,1.287704866779536,1.0,0.1897659946261766,0.19059406403057982,0.31357570337028645,0.3145790483666127,399.0468028501565,399.1656591492118,0.539912920872579,0.002505971712735797
MAIN,0.75,0.25,100,dollars,DIFF,MIS-G-2000,DEF-0.75,0.26234465459493017,0.26260184190311786,0.2632880973676373,0.0,1.07434489252661,1.0742160831319878,1.0772830256970138,1.0,0.15890106545623847,0.1594634198364536,0.26263263408733883,0.26337874613536844,794.3079453529831,795.0147519138288,0.8772167270045979,0.0012589575691036958
MAIN,0.75,0.25,100,dollars,DIFF,MIS-G-2000,RA-EST,0.24107557201623991,0.24148754060349978,0.24177503513758997,0.0,0.9872424059291022,0.9871414954469084,0.9876293188071549,0.0,0.14601812612749876,0.14629058589264543,0.24136777994216574,0.24188767431123825,83728.07524126067,95684.25029110587,2.0683992048425877,1.1943425471594275e-05
MAIN,0.75,0.25,100,dollars,DIFF,MIS-G-2000,SRSWOR,,,,0.0,4.095226661606436,4.0882702347530495,4.115625546789471,1.0,0.6057065850091007,0.6094819462639147,0.9996593049289385,0.9999959702461627,,,,
MAIN,0.75,0.25,100,dollars,DIFF,MIS-I-2000,DEF-0.0,0.99995,0.99995,0.9999500000000002,0.0,4.112530053866658,4.10616564058469,4.132709589025708,1.0,0.5930082540747158,0.5966667403059672,1.0,1.0,200.0,200.0,0.0,0.005
MAIN,0.75,0.25,100,dollars,DIFF,MIS-I-2000,DEF-0.25,0.4238486540351893,0.4239595409903604,0.4252459546802698,0.0,1.74316363774672,1.7422853537487821,1.7502239650944427,1.0,0.2513557520415284,0.2525522459688459,0.4240703213794989,0.425405720481418,266.48223364996375,266.50777156534315,0.2884967630706906,0.0037525953843270494
MAIN,0.75,0.25,100,dollars,DIFF,MIS-I-2000,DEF-0.5,0.31158676245407935,0.3117651512231706,0.31276592093782796,0.0,1.2814588473775554,1.2810755117955555,1.286265121665041,1.0,0.18477998122777056,0.18562152275188248,0.3118386331067794,0.3128677726008095,399.17119786346257,399.2858231393982,0.5409888091106059,0.0025051907686540987
MAIN,0.75,0.25,100,dollars,DIFF,MIS-I-2000,DEF-0.75,0.2608187208064645,0.2610050401946175,0.2618054063768482,0.0,1.0726627022160167,1.072420743517064,1.0758166827061793,1.0,0.1546725310501405,0.15522977719885195,0.2610826563786524,0.2618746485946731,795.0477095260921,795.7301858721593,0.8796037147049681,0.0012577861529811483
MAIN,0.75,0.25,100,dollars,DIFF,MIS-I-2000,RA-EST,0.23975774982874276,0.2401255000820698,0.24045002955806563,0.0,0.9860434321089957,0.9858071528640273,0.9870465781439909,0.0,0.1421824761759187,0.14260348479967097,0.24002537588931108,0.24059103889386727,96324.85094979013,111817.24488022833,2.0943056590645686,1.038153730819769e-05
MAIN,0.75,0.25,100,dollars,DIFF,MIS-I-2000,SRSWOR,,,,0.0,4.11273569065119,4.106370959132645,4.13291623483745,1.0,0.5930379059700143,0.5966965751347239,0.9996938663324701,0.9999965061112227,,,,
MAIN,0.75,0.25,100,dollars,EXP,COR-2000,ST-NEY-EST,,,,0.0,1.234488804266255,1.2194537260313953,1.2574950068517785,1.0,0.19735059968411228,0.20102846849994646,0.3344824402595713,0.3415467401398868,,,,
MAIN,0.75,0.25,100,dollars,HT,COR-10000,DEF-0.0,0.99995,0.9999500000000001,0.9999500000000001,0.0,6.254995332174911,6.254995332174911,6.254995332174911,1.0,0.99995,0.9999500000000001,1.0,1.0,200.0,200.0,0.0,0.005
MAIN,0.75,0.25,100,dollars,HT,COR-10000,DEF-0.25,0.33431838635769395,0.334242795473913,0.33579064222744803,0.0,2.091264509353091,2.090791665085673,2.1004739234168737,1.0,0.33431838635769395,0.33579064222744803,0.3822727697837452,0.38364360633177863,266.5139963393814,266.5243619643279,0.3011959687514638,0.003752148156326447
MAIN,0.75,0.25,100,dollars,HT,COR-10000,DEF-0.5,0.21968798405355447,0.21964246353542033,0.22062582345743434,0.0,1.3742160255911786,1.3739312807254882,1.380082500008498,1.0,0.21968798405355447,0.22062582345743434,0.2754755361170901,0.27635310113776734,399.31376928023803,399.3603115696312,0.5617501557008581,0.0025042963126528945
MAIN,0.75,0.25,100,dollars,HT,COR-10000,DEF-0.75,0.16892600745957773,0.16888667276957595,0.1694859920573074,0.0,1.0566842223537203,1.0564381717488365,1.0601870985424187,1.0,0.16892600745957773,0.1694859920573074,0.2280507972545125,0.2285777208332791,795.8966947521329,796.1741063195083,0.9152469195516659,0.0012564444689793413
MAIN,0.75,0.25,100,dollars,HT,COR-10000,RA-EST,0.1477435770354995,0.14773241693197392,0.14779527304716197,0.0,0.9241815937955634,0.9241117839096099,0.9245049682759281,0.0,0.1477435770354995,0.14779527304716197,0.2082142975232959,0.2082616661054239,116378.86840894344,124860.90468605577,2.280369281585516,8.592625305788321e-06
MAIN,0.75,0.25,100,dollars,HT,COR-2000,DEF-0.0,0.99995,0.9999500000000001,0.9999500000000001,0.0,6.254995332174911,6.254995332174911,6.254995332174911,1.0,0.99995,0.9999500000000001,1.0,1.0,200.0,200.0,0.0,0.005
MAIN,0.75,0.25,100,dollars,HT,COR-2000,DEF-0.25,0.33422673662244107,0.3341060940010524,0.3373628568916897,0.0,2.090691212022023,2.0899365552555373,2.110308610537238,1.0,0.33422673662244107,0.3373628568916897,0.38218757729439323,0.38510790375258525,266.51581652863337,266.540640976704,0.3015502080790984,0.0037521225307563105
MAIN,0.75,0.25,100,dollars,HT,COR-2000,DEF-0.5,0.21969327684820467,0.2196401159008957,0.2217053447153912,0.0,1.3742491336524132,1.3739165955482362,1.386835238074905,1.0,0.21969327684820467,0.2217053447153912,0.27548066050153414,0.277355831243373,399.32194151796773,399.4334199230951,0.5623755294243984,0.0025042450615126205
MAIN,0.75,0.25,100,dollars,HT,COR-2000,DEF-0.75,0.16901573686928642,0.16900206187309613,0.1702580034609235,0.0,1.0572455074568623,1.0571599661424587,1.0650162677268826,1.0,0.16901573686928642,0.1702580034609235,0.2281353397426581,0.22928458592541376,795.9453954030071,796.6101227336954,0.916560576331735,0.001256367592268931
MAIN,0.75,0.25,100,dollars,HT,COR-2000,RA-EST,0.14801165931509122,0.147947710638818,0.14827342495535104,0.0,0.925858531049911,0.92545851237739,0.9274959557790964,0.0,0.14801165931509122,0.14827342495535104,0.20846603400441904,0.20870307940887178,117783.92347564362,140998.20187922614,2.2919243800894944,8.490123025241058e-06
MAIN,0.75,0.25,100,dollars,HT,COR-500,DEF-0.0,0.99995,0.9999500000000001,0.9999500000000001,0.0,6.254995332174911,6.254995332174911,6.254995332174911,1.0,0.99995,0.9999500000000001,1.0,1.0,200.0,200.0,0.0,0.005
MAIN,0.75,0.25,100,dollars,HT,COR-500,DEF-0.25,0.33580644995112463,0.3353892725845868,0.34325019092377673,0.0,2.100572805598792,2.097963232639761,2.1471356987813093,1.0,0.33580644995112463,0.34325019092377673,0.38365386345024954,0.3905700525048172,266.5160837483423,266.5595817690689,0.3010906545196911,0.0037521187687401844
MAIN,0.75,0.25,100,dollars,HT,COR-500,DEF-0.5,0.22110339917950766,0.22063870926454118,0.22580560852381854,0.0,1.383069883289991,1.3801631047020373,1.4124836514779737,1.0,0.22110339917950766,0.22580560852381854,0.27679120987232353,0.2812040701958798,399.3231413005865,399.5185046728914,0.5614183614696062,0.0025042375374803695
MAIN,0.75,0.25,100,dollars,HT,COR-500,DEF-0.75,0.17036532105596233,0.17000040415944967,0.17324669788737465,0.0,1.0656875723481418,1.0634049047304424,1.0837114721738539,1.0,0.17036532105596233,0.17324669788737465,0.22939077746429518,0.2320851330475809,795.9525457169292,797.1179665638394,0.914622216259142,0.0012563563062205538
MAIN,0.75,0.25,100,dollars,HT,COR-500,RA-EST,0.1495945706458664,0.14902924852624752,0.15078533435042962,0.0,0.9357601291150598,0.932223865082467,0.9432087229585185,0.01,0.1495945706458664,0.15078533435042962,0.2099383098141651,0.21104841829084356,117994.27255692215,165951.45257553272,2.2841623296582827,8.475074960738401e-06
MAIN,0.75,0.25,100,dollars,HT,KS-2000,DEF-0.0,0.99995,0.9999500000000001,0.9999500000000001,0.0,6.254995332174911,6.254995332174911,6.254995332174911,1.0,0.99995,0.9999500000000001,1.0,1.0,200.0,200.0,0.0,0.005
MAIN,0.75,0.25,100,dollars,HT,KS-2000,DEF-0.25,0.3345442148783703,0.33455129460741473,0.3379862192369493,0.0,2.0926771363271426,2.092721422213563,2.114207934063267,1.0,0.3345442148783703,0.3379862192369493,0.38248272037091163,0.38567974302114716,266.5126769388678,266.5395760350024,0.30110314752968625,0.003752166731753025
MAIN,0.75,0.25,100,dollars,HT,KS-2000,DEF-0.5,0.21993029722186286,0.2199156925237522,0.2222546771208335,0.0,1.3757317691150484,1.375640412228694,1.3902714815189312,1.0,0.21993029722186286,0.2222546771208335,0.27570159234139774,0.2778629397856364,399.3078456110028,399.4286367729496,0.5614811488034468,0.0025043334635060496
MAIN,0.75,0.25,100,dollars,HT,KS-2000,DEF-0.75,0.169195251724392,0.16916992613554743,0.17062806022548452,0.0,1.05836842818364,1.0582100088226647,1.0673310868028052,1.0,0.169195251724392,0.17062806022548452,0.2283028585820213,0.2296499114626117,795.8613964487532,796.5815864806874,0.9148781661785359,0.0012565001952590748
MAIN,0.75,0.25,100,dollars,HT,KS-2000,RA-EST,0.1481189215374527,0.14804114835708387,0.14847355473245863,0.0,0.9265294892980133,0.9260429940930776,0.9287478291944044,0.0,0.1481189215374527,0.14847355473245863,0.2085659816944788,0.20887909150159462,115381.30894791259,139816.9390666689,2.278580965000855,8.666927012099443e-06
MAIN,0.75,0.25,100,dollars,HT,MIS-G-10000,DEF-0.0,0.99995,0.9999500000000001,0.9999500000000001,0.0,6.254995332174911,6.254995332174911,6.254995332174911,1.0,0.99995,0.9999500000000001,1.0,1.0,200.0,200.0,0.0,0.005
MAIN,0.75,0.25,100,dollars,HT,MIS-G-10000,DEF-0.25,0.33776870019056787,0.3377434163701027,0.3391863806423507,0.0,2.112847285411059,2.112689127324166,2.121715313420877,1.0,0.33776870019056787,0.3391863806423507,0.3854878914209875,0.3868076620773493,266.49312341521477,266.50654660406104,0.2998979721694107,0.0037524420412227487
MAIN,0.75,0.25,100,dollars,HT,MIS-G-10000,DEF-0.5,0.2227022436867471,0.22268603161413145,0.22361410062744952,0.0,1.3930711482828966,1.3929697367737854,1.3987750943879067,1.0,0.2227022436867471,0.22361410062744952,0.27830079374371514,0.27915415460309867,399.22007050475503,399.2803239775481,0.5593249110995862,0.0025048840824454977
MAIN,0.75,0.25,100,dollars,HT,MIS-G-10000,DEF-0.75,0.17168437490366287,0.17167210277758008,0.17222307083624658,0.0,1.0739386605628067,1.0738618946331464,1.077308369592031,1.0,0.17168437490366287,0.17222307083624658,0.2306508430974139,0.23115793601838422,795.3386008426073,795.6974261614254,0.9105846975855504,0.0012573261236682462
MAIN,0.75,0.25,100,dollars,HT,MIS-G-10000,RA-EST,0.15039341921351393,0.15038245831264457,0.15043208953303086,0.0,0.9407571730290054,0.9406886092170406,0.9409990677918159,0.0,0.15039341921351393,0.15043208953303086,0.21072342141524816,0.21076084226133615,102373.37774154198,110961.13018627823,2.243798114563919,9.768164890994884e-06
MAIN,0.75,0.25,100,dollars,HT,MIS-G-2000,DEF-0.0,0.99995,0.9999500000000001,0.9999500000000001,0.0,6.254995332174911,6.254995332174911,6.254995332174911,1.0,0.99995,0.9999500000000001,1.0,1.0,200.0,200.0,0.0,0.005
MAIN,0.75,0.25,100,dollars,HT,MIS-G-2000,DEF-0.25,0.33815345167210714,0.3381166531959028,0.3417556969154579,0.0,2.115254024469088,2.115023838662908,2.137787178309287,1.0,0.33815345167210714,0.3417556969154579,0.38584574057268894,0.3891986271318347,266.49213200808936,266.5185602726657,0.2996086100062566,0.0037524560011011785
MAIN,0.75,0.25,100,dollars,HT,MIS-G-2000,DEF-0.5,0.22296463383668183,0.22292550129734057,0.22528478877852853,0.0,1.3947124795125083,1.3944676934222882,1.409225763507882,1.0,0.22296463383668183,0.22528478877852853,0.27854583491877444,0.2807165476399186,399.2156207965812,399.3342607329549,0.558887821236713,0.0025049120022023574
MAIN,0.75,0.25,100,dollars,HT,MIS-G-2000,DEF-0.75,0.17186723412892588,0.1718283799272568,0.17325370616742697,0.0,1.0750825013553114,1.074839456352986,1.0837553111248153,1.0,0.17186723412892588,0.17325370616742697,0.23082220354814514,0.23212188787030877,795.3121101959397,796.0188166221678,0.9098174354489033,0.0012573680033035363
MAIN,0.75,0.25,100,dollars,HT,MIS-G-2000,RA-EST,0.15049836814595297,0.15045478950583652,0.15067969766340303,0.0,0.9414136609359237,0.9411410631155217,0.9425479329347594,0.0,0.15049836814595297,0.15067969766340303,0.2108220201897326,0.21099031789553224,101791.48587018644,119967.84124085114,2.238714514076827,9.82400440471484e-06
MAIN,0.75,0.25,100,dollars,HT,MIS-I-2000,DEF-0.0,0.99995,0.9999500000000001,0.9999500000000001,0.0,6.254995332174911,6.254995332174911,6.254995332174911,1.0,0.99995,0.9999500000000001,1.0,1.0,200.0,200.0,0.0,0.005
MAIN,0.75,0.25,100,dollars,HT,MIS-I-2000,DEF-0.25,0.3348769648273062,0.3346639200678042,0.3385547433382406,0.0,2.0947585897771908,2.093425929167931,2.117764227477743,1.0,0.3348769648273062,0.3385547433382406,0.3827918096723384,0.3862079137962819,266.51881805949915,266.5401086797201,0.30139023326295594,0.003752080274409766
MAIN,0.75,0.25,100,dollars,HT,MIS-I-2000,DEF-0.5,0.22024501120876314,0.22008001999776675,0.22271345459101005,0.0,1.3777004020657273,1.376668331207552,1.3931412759431139,1.0,0.22024501120876314,0.22271345459101005,0.2759947430912225,0.27829983141884335,399.3354181990733,399.43102911733575,0.5620635971069777,0.0025041605488195324
MAIN,0.75,0.25,100,dollars,HT,MIS-I-2000,DEF-0.75,0.16950711242714334,0.16941530924619677,0.17093971180007972,0.0,1.0603192129628776,1.059744955781719,1.0692805634209939,1.0,0.16950711242714334,0.17093971180007972,0.2285942886688131,0.22995032049555983,796.0257153828081,796.5958589900168,0.9159316739118881,0.0012562408232292981
MAIN,0.75,0.25,100,dollars,HT,MIS-I-2000,RA-EST,0.1484926915017854,0.14841768878323963,0.14885493196596328,0.0,0.9288675355825358,0.9283983704698758,0.9311334612913785,0.0,0.1484926915017854,0.14885493196596328,0.2089158772627281,0.20924136865768522,120176.47348315948,140404.7408985657,2.290787555270239,8.32109763906407e-06
MAIN,0.75,0.25,100,rate,DIFF,COR-10000,DEF-0.0,0.99995,0.99995,0.9999500000000002,0.0,0.99995,0.99995,0.9999500000000002,0.0,0.8993255338557566,0.8997160319559501,1.0,1.0,200.0,200.0,0.0,0.005
MAIN,0.75,0.25,100,rate,DIFF,COR-10000,DEF-0.25,0.9882957007242692,0.9882891415949202,0.9888759206958755,0.0,0.9882957007242692,0.9882891415949202,0.9888759206958755,0.0,0.8888440088445614,0.8894663581644191,0.9883468601062871,0.9889260610721661,246.7883131865167,250.23133054191803,0.04281670297413319,0.004052055775957093
MAIN,0.75,0.25,100,rate,DIFF,COR-10000,DEF-0.5,0.9796872867034878,0.9796568074809247,0.9805284649738154,0.0,0.9796872867034878,0.9796568074809247,0.9805284649738154,0.0,0.8811018621044142,0.8818772533689252,0.9797393011889064,0.9805849169588258,322.1533925764516,334.1571194307123,0.08743262250578615,0.0031041115519141846
MAIN,0.75,0.25,100,rate,DIFF,COR-10000,DEF-0.75,0.9742600676645239,0.9742018306456957,0.9749497661470816,0.0,0.9742600676645239,0.9742018306456957,0.9749497661470816,0.0,0.8762207873681216,0.8769045671720417,0.9743126193776125,0.9750090806303645,463.78604355469247,502.78894180154117,0.1349173796541951,0.002156167327871277
MAIN,0.75,0.25,100,rate,DIFF,COR-10000,RA-EST,0.9723813488466024,0.9723365086922287,0.9725682293247937,0.0,0.9723813488466024,0.9723365086922287,0.9725682293247937,0.0,0.874531128780405,0.8750805411920739,0.9724340830502891,0.9726220826517733,827.6631823586868,1015.014731756226,0.18689945262951202,0.0012082231038283693
MAIN,0.75,0.25,100,rate,DIFF,COR-10000,SRSWOR,,,,0.0,1.0,1.0,1.0,0.0,0.8993705023808755,0.8997610200069501,0.9998984434850172,0.9999990742351855,,,,
MAIN,0.75,0.25,100,rate,DIFF,COR-2000,DEF-0.0,0.99995,0.99995,0.9999500000000002,0.0,0.99995,0.99995,0.9999500000000002,0.0,0.9011661528038505,0.9030975977852105,1.0,1.0,200.0,200.0,0.0,0.005
MAIN,0.75,0.25,100,rate,DIFF,COR-2000,DEF-0.25,0.988376789401806,0.9883647078873319,0.9895549208821142,0.0,0.988376789401806,0.9883647078873319,0.9895549208821142,0.0,0.8907363114230988,0.8928728719689025,0.9884326633584872,0.9896061955978709,247.21582383914443,254.94139842637983,0.04316211830705338,0.004045048510530124
MAIN,0.75,0.25,100,rate,DIFF,COR-2000,DEF-0.5,0.9799150486209193,0.9798380917189088,0.9816138267640108,0.0,0.9799150486209193,0.9798380917189088,0.9816138267640108,0.0,0.8831106410455208,0.8855617964388645,0.9799752250593753,0.9816647434888754,323.61443449337025,351.50124975804914,0.08836217344880777,0.003090097021060249
MAIN,0.75,0.25,100,rate,DIFF,COR-2000,DEF-0.75,0.9747321544318146,0.9745289319520574,0.9762732295611454,0.0,0.9747321544318146,0.9745289319520574,0.9762732295611454,0.0,0.8784400230450115,0.8807135463426223,0.9747949783361852,0.9763239731145135,468.3521498674756,565.7996291493624,0.1361951769189671,0.002135145531590373
MAIN,0.75,0.25,100,rate,DIFF,COR-2000,RA-EST,0.973283248693833,0.9729817832220968,0.9742371130234749,0.0,0.973283248693833,0.9729817832220968,0.9742371130234749,0.0,0.8771347475478265,0.8796573650504069,0.9733468394722955,0.9742907469689269,847.3182920030022,1449.5271908948548,0.18920474192161305,0.0011801940421204973
MAIN,0.75,0.25,100,rate,DIFF,COR-2000,SRSWOR,,,,0.0,1.0,1.0,1.0,0.0,0.9012112133645186,0.9031427549229566,0.9994839278428548,0.9999962431272272,,,,
MAIN,0.75,0.25,100,rate,DIFF,COR-500,DEF-0.0,0.99995,0.99995,0.9999500000000002,0.0,1.000403789313546,0.99995,1.0018434582728648,0.17,0.9099032516349959,0.9191510791866143,1.0,1.0,200.0,200.0,0.0,0.005
MAIN,0.75,0.25,100,rate,DIFF,COR-500,DEF-0.25,0.9884636996378957,0.9882610475475564,0.9907499497538523,0.0,0.9889125550272031,0.9886102256953573,0.9912654187835925,0.005,0.8994546893415623,0.9091421165173131,0.9885369732267136,0.9908021040973432,249.83828884591628,261.47892431217554,0.04622631451101444,0.004002589069447723
MAIN,0.75,0.25,100,rate,DIFF,COR-500,DEF-0.5,0.980707519910366,0.9803168592508689,0.9840469869959221,0.0,0.9811531242905729,0.9806976631555208,0.9849147139099793,0.0,0.8924014010767268,0.9029480477289131,0.9807965242891512,0.9841535907211598,332.75898553096283,377.52955035271236,0.09462546699789351,0.003005178138895446
MAIN,0.75,0.25,100,rate,DIFF,COR-500,DEF-0.75,0.9771148462684522,0.975807293896948,0.9809302289529276,0.01,0.9775590657864069,0.9764934412664439,0.9826843602546161,0.01,0.8891391063203362,0.901012303948644,0.9772112493777637,0.981021972444677,498.06578233446936,678.7962890373338,0.1478910097368557,0.0020077672083431697
MAIN,0.75,0.25,100,rate,DIFF,COR-500,RA-EST,0.9793530980468023,0.9763513514788442,0.9875033994477017,0.02,0.9797983512550305,0.9766934345200238,0.9880308621356152,0.025,0.891193388553098,0.9037647116125482,0.9794456072106482,0.9875553566228328,989.7508854198859,3360.6727565809224,0.2092487521850358,0.0010103562777908923
MAIN,0.75,0.25,100,rate,DIFF,COR-500,SRSWOR,,,,0.0,1.0004538120041464,1.0,1.0018935529505122,0.175,0.9099487490724495,0.9191970390385663,0.9979375015001488,0.9999748656468098,,,,
MAIN,0.75,0.25,100,rate,DIFF,KS-2000,DEF-0.0,0.99995,0.99995,0.9999500000000002,0.0,0.9999527662787833,0.99995,0.9999500000000002,0.01,0.9018190557760569,0.9038744841804368,1.0,1.0,200.0,200.0,0.0,0.005
MAIN,0.75,0.25,100,rate,DIFF,KS-2000,DEF-0.25,0.988414055901379,0.988379378246792,0.9895543856959057,0.0,0.9884167863551047,0.988379378246792,0.9895543856959057,0.0,0.8914153614781526,0.8937707850104287,0.9884684351551116,0.9896132423934962,247.1910892397554,254.96114005222213,0.04317513524145963,0.0040454538695380154
MAIN,0.75,0.25,100,rate,DIFF,KS-2000,DEF-0.5,0.9800103653382365,0.9799180026522203,0.9816138577955977,0.0,0.9800130711590452,0.9799180026522203,0.9816138577955977,0.0,0.8838366270994679,0.8866444629955873,0.9800679276723047,0.9816795139918132,323.52988242172,351.5763243445658,0.08826911702856488,0.0030909077390760312
MAIN,0.75,0.25,100,rate,DIFF,KS-2000,DEF-0.75,0.9749143598676687,0.9747312345206423,0.9764340488723837,0.0,0.9749170532043796,0.9747312345206423,0.9764340488723837,0.0,0.8792411371927831,0.8818967590892847,0.9749738458030366,0.9764843106937408,468.08779364111547,566.0915690854548,0.13598650945943735,0.0021363616086140466
MAIN,0.75,0.25,100,rate,DIFF,KS-2000,RA-EST,0.9736123680456467,0.9732040419920007,0.9746214796700402,0.0,0.9736150634270331,0.9732040419920007,0.9746214796700402,0.0,0.8780677362979469,0.8809426096563147,0.9736723404009134,0.974683639411906,846.1793370916312,1452.0878000881066,0.18885931090185615,0.0011818154781520621
MAIN,0.75,0.25,100,rate,DIFF,KS-2000,SRSWOR,,,,0.0,1.000002766417104,1.0,1.0,0.01,0.9018641489835061,0.9039196801644451,0.9996135658351837,0.999994884875383,,,,
MAIN,0.75,0.25,100,rate,DIFF,MIS-G-10000,DEF-0.0,0.99995,0.99995,0.9999500000000002,0.0,0.99995,0.99995,0.9999500000000002,0.0,0.9303051862490941,0.9305604383537232,1.0,1.0,200.0,200.0,0.0,0.005
MAIN,0.75,0.25,100,rate,DIFF,MIS-G-10000,DEF-0.25,0.9897935270617251,0.9898001092077784,0.9903086984485895,0.0,0.9897935270617251,0.9898001092077784,0.9903086984485895,0.0,0.9208560966166222,0.9213625309540826,0.9898445070893075,0.990360768487696,237.47885953582744,239.2323030299998,0.039464932162780075,0.004210901148306935
MAIN,0.75,0.25,100,rate,DIFF,MIS-G-10000,DEF-0.5,0.982217662599762,0.9822145924839409,0.9829521729868675,0.0,0.982217662599762,0.9822145924839409,0.9829521729868675,0.0,0.9138078810282263,0.9145278324223176,0.9822693690228068,0.9830023875417192,292.24365622505593,297.6124154493527,0.08049953175174582,0.0034218022966138704
MAIN,0.75,0.25,100,rate,DIFF,MIS-G-10000,DEF-0.75,0.977352818243742,0.9773217354299304,0.9779855558470121,0.0,0.977352818243742,0.9773217354299304,0.9779855558470121,0.0,0.9092818685235419,0.9098952333928307,0.9774049844331917,0.9780365908282991,379.8377121816492,393.68343362676876,0.12383419693670714,0.0026327034449208056
MAIN,0.75,0.25,100,rate,DIFF,MIS-G-10000,RA-EST,0.9755021452613011,0.9754614789161649,0.9756480134387184,0.0,0.9755021452613011,0.9754614789161649,0.9756480134387184,0.0,0.9075600972759186,0.9079361997882553,0.9755544741026101,0.9757043234168408,542.415763749885,581.3451999652054,0.17071170991666773,0.0018436045932277408
MAIN,0.75,0.25,100,rate,DIFF,MIS-G-10000,SRSWOR,,,,0.0,1.0,1.0,1.0,0.0,0.9303517038342857,0.9306069687021582,0.999902725215925,0.9999991167843627,,,,
MAIN,0.75,0.25,100,rate,DIFF,MIS-G-2000,DEF-0.0,0.99995,0.99995,0.9999500000000002,0.0,0.9999590551158422,0.99995,0.9999500000000002,0.01,0.931053022346608,0.9321625501387368,1.0,1.0,200.0,200.0,0.0,0.005
MAIN,0.75,0.25,100,rate,DIFF,MIS-G-2000,DEF-0.25,0.989841615910379,0.9898848613057696,0.9907733323243073,0.0,0.9898505871405787,0.9898963239536945,0.9907733323243073,0.0,0.921641133996997,0.9230174218845766,0.9898966272467681,0.9908259055594549,237.38716949334173,240.67832403029718,0.03911611215911499,0.0042125275857825845
MAIN,0.75,0.25,100,rate,DIFF,MIS-G-2000,DEF-0.5,0.982323472648462,0.9823518350299734,0.9836400821644649,0.0,0.982332380771565,0.9823607970199522,0.9836400821644649,0.0,0.9146410436074354,0.9162511775704453,0.9823822229721005,0.9836946796230794,291.9660997905589,302.1287925188858,0.07979560561923199,0.0034250551715651685
MAIN,0.75,0.25,100,rate,DIFF,MIS-G-2000,DEF-0.75,0.9775351456734523,0.9774816520327154,0.97863199249782,0.0,0.977544012588491,0.9774816520327154,0.9786381673075978,0.0,0.9101827188929135,0.91175072191102,0.9775962928320133,0.9786880430524764,379.13502325178047,405.7173724711372,0.1229857393005298,0.0026375827573477525
MAIN,0.75,0.25,100,rate,DIFF,MIS-G-2000,RA-EST,0.9757995808066079,0.9756978003657448,0.9762996516977369,0.0,0.9758084308701125,0.9756978003657448,0.9762996516977369,0.0,0.9085668759112376,0.9101097287139047,0.9758616230964623,0.9763611654853559,540.5083020272318,617.4009756052504,0.16987996016079415,0.001850110343130337
MAIN,0.75,0.25,100,rate,DIFF,MIS-G-2000,SRSWOR,,,,0.0,1.0000090555686205,1.0,1.0,0.01,0.9310995773254741,0.9322091605967665,0.9994931428400057,0.9999951507789858,,,,
MAIN,0.75,0.25,100,rate,DIFF,MIS-I-2000,DEF-0.0,0.99995,0.99995,0.9999500000000002,0.0,0.9999522766943336,0.99995,0.9999500000000002,0.01,0.9060422794180367,0.9077837780602256,1.0,1.0,200.0,200.0,0.0,0.005
MAIN,0.75,0.25,100,rate,DIFF,MIS-I-2000,DEF-0.25,0.9881550276909971,0.9881990677379153,0.9892659108532005,0.0,0.988157279050284,0.9881990677379153,0.9892659108532005,0.0,0.895355253568146,0.898002345543889,0.9882105448457053,0.9893168333542464,238.2467435861322,241.56080497009853,0.04481287642592832,0.0041973291436429635
MAIN,0.75,0.25,100,rate,DIFF,MIS-I-2000,DEF-0.5,0.9797653978350153,0.9797808415438082,0.9812250538732368,0.0,0.9797676308474607,0.9797808415438082,0.9812250538732368,0.0,0.8877536251581185,0.890617073293104,0.97982485512369,0.9812964227886155,294.58046047364985,304.92556624084443,0.09164065877597088,0.0033946582872859277
MAIN,0.75,0.25,100,rate,DIFF,MIS-I-2000,DEF-0.75,0.9749998720046975,0.9748577842500341,0.9760821721039644,0.0,0.9750020940383303,0.9748577842500341,0.9760821721039644,0.0,0.8834355960313205,0.885968429123492,0.9750615916068323,0.9761672317026079,385.8043420833437,413.35410619353917,0.14165292835500298,0.0025919874309288916
MAIN,0.75,0.25,100,rate,DIFF,MIS-I-2000,RA-EST,0.9743972228750328,0.9741741333633169,0.9755362174819544,0.0,0.9743994422279044,0.9741741333633169,0.9755362174819544,0.0,0.8828893039516913,0.8853856325788491,0.9744592791047029,0.9756061466479514,558.8726079253822,641.4460578368153,0.19650619259410945,0.0017893165745718554
MAIN,0.75,0.25,100,rate,DIFF,MIS-I-2000,SRSWOR,,,,0.0,1.000002276808174,1.0,1.0,0.015,0.9060875837972265,0.9078291695187015,0.9995214264718488,0.9999921247848652,,,,
MAIN,0.75,0.25,100,rate,EXP,COR-2000,ST-NEY-EST,,,,0.0,0.9941638070996399,0.9941750733989297,0.9945954200013891,0.0,0.9811336420576342,0.9815595979566804,1.0881243371056801,1.0902428318445285,,,,
MAIN,0.75,0.25,100,rate,HT,COR-10000,DEF-0.0,0.9999499999999999,0.9999499999999999,0.9999499999999999,0.0,1.0132300598972714,1.0132300598972714,1.0132300598972714,1.0,0.9999499999999999,0.9999499999999999,0.9999999999999999,0.9999999999999999,200.0,200.0,0.0,0.005
MAIN,0.75,0.25,100,rate,HT,COR-10000,DEF-0.25,0.9592838815367404,0.9592251395289508,0.9607038155537175,0.0,0.9720238659412557,0.9719643437970774,0.973462657709916,0.0,0.9592838815367404,0.9607038155537175,0.9694145550428881,0.9704831412836711,249.74291603035692,252.75279381173056,0.06654486561958575,0.00400411757882656
MAIN,0.75,0.25,100,rate,HT,COR-10000,DEF-0.5,0.9319438157320691,0.9318547458195435,0.9338530528643232,0.0,0.9443207042703097,0.9442304514448651,0.9462552974538408,0.0,0.9319438157320691,0.9338530528643232,0.9488350895244486,0.9502721924653589,332.42082133466516,343.304029416978,0.133181657569161,0.003008235157653121
MAIN,0.75,0.25,100,rate,HT,COR-10000,DEF-0.75,0.91577189220868,0.915689721854541,0.9172487608839621,0.0,0.9279340058951333,0.9278507442592054,0.9294304884555777,0.0,0.91577189220868,0.9172487608839621,0.9366431546563626,0.9377564173724907,496.93077724347654,534.9582130373308,0.20239446354650426,0.0020123527364796813
MAIN,0.75,0.25,100,rate,HT,COR-10000,RA-EST,0.9103572602376758,0.9102827226265384,0.9107724211948329,0.0,0.9224474636917208,0.9223719361671474,0.9228681382869378,0.0,0.9103572602376758,0.9107724211948329,0.9325306061311656,0.9328453562831885,983.7966250725835,1211.0357384377207,0.2779694951905587,0.0010164703153062418
MAIN,0.75,0.25,100,rate,HT,COR-2000,DEF-0.0,0.9999499999999999,0.9999499999999999,0.9999499999999999,0.0,1.0132300598972714,1.0132300598972714,1.0132300598972714,1.0,0.9999499999999999,0.9999499999999999,0.9999999999999999,0.9999999999999999,200.0,200.0,0.0,0.005
MAIN,0.75,0.25,100,rate,HT,COR-2000,DEF-0.25,0.9595146033545572,0.9594248543518913,0.9625701290961247,0.0,0.9722576519118404,0.9721667109774467,0.9753537572472533,0.0,0.9595146033545572,0.9625701290961247,0.9695879731837601,0.9718869976812003,250.168385789331,256.7550853561329,0.06689390325519626,0.003997307654207356
MAIN,0.75,0.25,100,rate,HT,COR-2000,DEF-0.5,0.9325220676635445,0.9321812922551933,0.9365632377493782,0.0,0.9449066358060508,0.9445613346535782,0.9490014755561629,0.0,0.9325220676635445,0.9365632377493782,0.9492696717094927,0.952312131557973,333.93271620278017,358.4840496238212,0.13422954927371766,0.002994615308414712
MAIN,0.75,0.25,100,rate,HT,COR-2000,DEF-0.75,0.9168425996529291,0.9166022718667962,0.9202130331304453,0.0,0.929018933109363,0.9287754135962489,0.9324341283834301,0.0,0.9168425996529291,0.9202130331304453,0.9374477347058652,0.9399853526142168,502.0275082986809,593.7231885521212,0.20396049833136026,0.001991922962622068
MAIN,0.75,0.25,100,rate,HT,COR-2000,RA-EST,0.9122087381110157,0.9118768226019606,0.9139639837323069,0.0,0.9243235305315655,0.9239872069442654,0.9261020870853885,0.0,0.9122087381110157,0.9139639837323069,0.9339215606543871,0.9352418671383659,1010.8875118228034,1726.9702992055836,0.2808268553356956,0.0009892306168294244
MAIN,0.75,0.25,100,rate,HT,COR-500,DEF-0.0,0.9999499999999999,0.9999499999999999,0.9999499999999999,0.0,1.0132300598972714,1.0132300598972714,1.0132300598972714,1.0,0.9999499999999999,0.9999499999999999,0.9999999999999999,0.9999999999999999,200.0,200.0,0.0,0.005
MAIN,0.75,0.25,100,rate,HT,COR-500,DEF-0.25,0.9595606126048314,0.9593970073197651,0.9652510364799307,0.0,0.9723042721982658,0.9721384941165745,0.9780702690219147,0.0,0.9595606126048314,0.9652510364799307,0.9696216744641627,0.9739034588558774,252.34199325149135,262.3448980067602,0.07059213174295659,0.003962875885751004
MAIN,0.75,0.25,100,rate,HT,COR-500,DEF-0.5,0.9339996357274365,0.9335499245484508,0.9418946577646033,0.0,0.9464038270434924,0.9459481433744887,0.9544037006887837,0.0,0.9339996357274365,0.9418946577646033,0.9503776253785259,0.9563161020799755,341.79249582191676,381.1627489900426,0.1412087394764355,0.002925751771502008
MAIN,0.75,0.25,100,rate,HT,COR-500,DEF-0.75,0.9211929172863126,0.919748344354371,0.9299099411579299,0.0,0.9334270261102583,0.9319632682040058,0.942259818369436,0.0,0.9211929172863126,0.9299099411579299,0.9407122223777007,0.9472592984340973,529.4849923963275,696.7071217231162,0.21537002276107944,0.0018886276572530124
MAIN,0.75,0.25,100,rate,HT,COR-500,RA-EST,0.9223764646579352,0.9195353482676014,0.9305110758329863,0.01,0.9346262918477855,0.931747443375009,0.9428689365481587,0.01,0.9223764646579352,0.9305110758329863,0.9415524714774263,0.9476752260549122,1174.3932420349997,4047.8244925049407,0.30119908187641076,0.0008515035430040165
MAIN,0.75,0.25,100,rate,HT,KS-2000,DEF-0.0,0.9999499999999999,0.9999499999999999,0.9999499999999999,0.0,1.0132300598972714,1.0132300598972714,1.0132300598972714,1.0,0.9999499999999999,0.9999499999999999,0.9999999999999999,0.9999999999999999,200.0,200.0,0.0,0.005
MAIN,0.75,0.25,100,rate,HT,KS-2000,DEF-0.25,0.9596793295875712,0.9595342427169992,0.9629102332885286,0.0,0.9724245658284797,0.9722775520992331,0.9756983782695451,0.0,0.9596793295875712,0.9629102332885286,0.9697118309591635,0.9721427091279188,250.05704320252505,256.87333298431383,0.0670144309809431,0.003999088133237986
MAIN,0.75,0.25,100,rate,HT,KS-2000,DEF-0.5,0.9328497385937904,0.932603357453448,0.9372876067368173,0.0,0.9452386584434624,0.9449890051832128,0.9497354646881502,0.0,0.9328497385937904,0.9372876067368173,0.949516048930574,0.9528543099028113,333.53645943539993,358.94546118216186,0.1339981935004867,0.002998176266475974
MAIN,0.75,0.25,100,rate,HT,KS-2000,DEF-0.75,0.9173443875676811,0.9170122107747043,0.9211145770953121,0.0,0.9295273851308841,0.9291907967896225,0.9333476455048082,0.0,0.9173443875676811,0.9211145770953121,0.9378250084984698,0.9406519884317724,500.6876208185038,595.6253707091727,0.20401579144793958,0.001997264399713961
MAIN,0.75,0.25,100,rate,HT,KS-2000,RA-EST,0.9129430593731732,0.9124041787049884,0.9152765695256301,0.0,0.9250676041116843,0.924521566718112,0.9274321049682718,0.0,0.9129430593731732,0.9152765695256301,0.9344735414276353,0.9362283437576191,1003.7006885862845,1748.6315105665751,0.28092612641727127,0.000996352532951948
MAIN,0.75,0.25,100,rate,HT,MIS-G-10000,DEF-0.0,0.9999499999999999,0.9999499999999999,0.9999499999999999,0.0,1.0132300598972714,1.0132300598972714,1.0132300598972714,1.0,0.9999499999999999,0.9999499999999999,0.9999999999999999,0.9999999999999999,200.0,200.0,0.0,0.005
MAIN,0.75,0.25,100,rate,HT,MIS-G-10000,DEF-0.25,0.9696364401096534,0.9696563645460788,0.9709298179673849,0.0,0.9825139139865806,0.9825341030339457,0.9838244688385823,0.0,0.9696364401096534,0.9709298179673849,0.9772026917656834,0.9781756702296733,241.20765244498855,242.86701364586327,0.05806581958050672,0.00414580549122353
MAIN,0.75,0.25,100,rate,HT,MIS-G-10000,DEF-0.5,0.9482679427902698,0.9482756477606065,0.9499866895940022,0.0,0.9608616275534252,0.9608694348513458,0.9626032005589696,0.0,0.9482679427902698,0.9499866895940022,0.9611227387645375,0.9624168284288326,303.80262703801475,309.1229260891215,0.11705271047933072,0.003291610982447061
MAIN,0.75,0.25,100,rate,HT,MIS-G-10000,DEF-0.75,0.9351046526767166,0.9351003655535528,0.9365103410960768,0.0,0.9475235194178179,0.9475191753585548,0.9489478763970121,0.0,0.9351046526767166,0.9365103410960768,0.9512052424994063,0.952265936466582,410.2705762434181,425.0909917502919,0.17873411327118677,0.002437416473670592
MAIN,0.75,0.25,100,rate,HT,MIS-G-10000,RA-EST,0.9302955160727359,0.9302384230819367,0.9305802483401483,0.0,0.9426505139982412,0.9425926627711927,0.9429390277162921,0.0,0.9302955160727359,0.9305802483401483,0.9475619108475456,0.9477798521850143,631.6240696243328,680.312045624151,0.24562157072621887,0.0015832219648941226
MAIN,0.75,0.25,100,rate,HT,MIS-G-2000,DEF-0.0,0.9999499999999999,0.9999499999999999,0.9999499999999999,0.0,1.0132300598972714,1.0132300598972714,1.0132300598972714,1.0,0.9999499999999999,0.9999499999999999,0.9999999999999999,0.9999999999999999,200.0,200.0,0.0,0.005
MAIN,0.75,0.25,100,rate,HT,MIS-G-2000,DEF-0.25,0.9697108503396137,0.9698088110419176,0.9721744826367629,0.0,0.9825893124382629,0.9826885741296104,0.9850856635558239,0.0,0.9697108503396137,0.9721744826367629,0.9772586104423138,0.9791118821746642,241.16303013793242,244.33854026530403,0.057910312880463846,0.00414657259707919
MAIN,0.75,0.25,100,rate,HT,MIS-G-2000,DEF-0.5,0.9484806585664289,0.9485818757870006,0.9518196379395932,0.0,0.9610771683490837,0.9611797298076191,0.9644604917855227,0.0,0.9484806585664289,0.9518196379395932,0.961282570930459,0.9637963075790783,303.66109551904714,313.9358203220351,0.1167973989586131,0.0032931451941583807
MAIN,0.75,0.25,100,rate,HT,MIS-G-2000,DEF-0.75,0.9355301428887024,0.9354504589150665,0.9383190650173221,0.0,0.9479546604478454,0.9478739182133537,0.9507806214813271,0.0,0.9355301428887024,0.9383190650173221,0.9515249131675764,0.953628851652387,409.88360241112866,438.9725700104727,0.1784308410179163,0.0024397177912375712
MAIN,0.75,0.25,100,rate,HT,MIS-G-2000,RA-EST,0.9310559135512162,0.9307079323761749,0.9322868413962907,0.0,0.9434210101057129,0.9430684074887519,0.9446682855636799,0.0,0.9310559135512162,0.9322868413962907,0.9481330932103339,0.9490536155405245,630.4024414530334,729.5388667487824,0.24533732280067572,0.0015862903883167613
MAIN,0.75,0.25,100,rate,HT,MIS-I-2000,DEF-0.0,0.9999499999999999,0.9999499999999999,0.9999499999999999,0.0,1.0132300598972714,1.0132300598972714,1.0132300598972714,1.0,0.9999499999999999,0.9999499999999999,0.9999999999999999,0.9999999999999999,200.0,200.0,0.0,0.005
MAIN,0.75,0.25,100,rate,HT,MIS-I-2000,DEF-0.25,0.9604872605558067,0.9605019982259995,0.9635218390307061,0.0,0.9732432267048615,0.9732581601019836,0.9763181065787404,0.0,0.9604872605558067,0.9635218390307061,0.9703204290948462,0.9726034706488432,242.08308473355513,245.23948378171042,0.06707153181728764,0.004130813193899313
MAIN,0.75,0.25,100,rate,HT,MIS-I-2000,DEF-0.5,0.9339608275899757,0.9340866518269436,0.9378815776144991,0.0,0.9463645035058716,0.9464919987797948,0.9503373239290829,0.0,0.9339608275899757,0.9378815776144991,0.9503546736199623,0.9533077710294067,306.5955090828446,316.92771492259976,0.13498745287524655,0.003261626387798626
MAIN,0.75,0.25,100,rate,HT,MIS-I-2000,DEF-0.75,0.9188903029131006,0.9187415989293024,0.9220238020642334,0.0,0.9310938313512306,0.9309431524708757,0.9342689456395352,0.0,0.9188903029131006,0.9220238020642334,0.9389924218829822,0.9413551434021957,417.983392090955,447.83997848481107,0.20651850752609138,0.002392439581697939
MAIN,0.75,0.25,100,rate,HT,MIS-I-2000,RA-EST,0.9154957308944681,0.9151347145336965,0.9175638507663223,0.0,0.9276541769587462,0.9272883660393518,0.9297497629596798,0.0,0.9154957308944681,0.9175638507663223,0.9363987038160901,0.9379514453988205,656.489892856275,763.0167302195396,0.28491288355734645,0.001523252775597252
MAIN,0.75,0.25,400,dollars,DIFF,COR-10000,DEF-0.0,0.9999499999999999,0.9999499999999999,0.9999500000000001,0.0,4.306322645090299,4.30482286227589,4.3103368278632015,1.0,0.587241192224983,0.5878623585935208,1.0,1.0,50.0,50.0,0.0,0.02
MAIN,0.75,0.25,400,dollars,DIFF,COR-10000,DEF-0.25,0.4148234919586324,0.4148314634321192,0.41544946494587204,0.0,1.786452476556712,1.786393297169904,1.7891967644069522,1.0,0.24361350862881342,0.24400649997584425,0.4149023020519062,0.4155261086756134,66.61930213893754,66.6223872563469,0.28868884739540507,0.015010664595592055
MAIN,0.75,0.25,400,dollars,DIFF,COR-10000,DEF-0.5,0.30106118061273457,0.3010737073604818,0.3015435382045018,0.0,1.2965306871696398,1.296362870303466,1.2983999610807653,1.0,0.1768042414584503,0.17710864255490674,0.30114062364025473,0.30160658569099474,99.78716205428242,99.80100699237063,0.5410874810721616,0.010021329191184113
MAIN,0.75,0.25,400,dollars,DIFF,COR-10000,DEF-0.75,0.2496034838280767,0.24963809998364223,0.249941859850558,0.0,1.0749261106661923,1.0748630170227615,1.0761985228140358,1.0,0.146584644266199,0.14679058849853616,0.2496809073723161,0.249996275370285,198.7283852829769,198.81077490412582,0.8795514887986259,0.005031993786776167
MAIN,0.75,0.25,400,dollars,DIFF,COR-10000,RA-EST,0.22821154996010173,0.22828979149510895,0.22834030781944853,0.0,0.9828008101288758,0.9827705922494688,0.9829419297054685,0.0,0.13402177354963368,0.13410307083414974,0.22828626953879272,0.22838924177543724,23442.051584849985,25076.512786788717,2.088680162030035,4.265838236822268e-05
MAIN,0.75,0.25,400,dollars,DIFF,COR-10000,SRSWOR,,,,0.0,4.306537971988899,4.305038114181601,4.310552355480977,1.0,0.5872705557527708,0.5878917531811796,0.9999373636737227,0.9999984255272583,,,,
MAIN,0.75,0.25,400,dollars,DIFF,COR-2000,DEF-0.0,0.9999499999999999,0.9999499999999999,0.9999500000000001,0.0,4.315872862959208,4.309812885645659,4.33171758896271,1.0,0.5898268675760509,0.5931332647659079,1.0,1.0,50.0,50.0,0.0,0.02
MAIN,0.75,0.25,400,dollars,DIFF,COR-2000,DEF-0.25,0.4144536108441269,0.41462351391275576,0.41595917802597654,0.0,1.7888054632019563,1.7884734810446368,1.795358139007161,1.0,0.24446600910494934,0.2456671877437717,0.4146584081519583,0.4161262226542458,66.61972009248086,66.62674365076272,0.2886804751867499,0.015010570422872814
MAIN,0.75,0.25,400,dollars,DIFF,COR-2000,DEF-0.5,0.30067072567545455,0.30091952448679427,0.3019313382702112,0.0,1.2977068675547405,1.2976460953807243,1.3018000357525297,1.0,0.1773502334284209,0.17812578276074462,0.3008935286450924,0.30203426295484814,99.78903753526872,99.82056134058371,0.5409861062607784,0.010021140845745628
MAIN,0.75,0.25,400,dollars,DIFF,COR-2000,DEF-0.75,0.2492266554853156,0.24947276016276387,0.25021691669138396,0.0,1.0756690566580998,1.0757426874712368,1.078454978417833,1.0,0.1470055540849134,0.14756188522489377,0.24945201626331526,0.25029124247721346,198.7395433950086,198.92721801788775,0.8796102638869838,0.005031711268618441
MAIN,0.75,0.25,400,dollars,DIFF,COR-2000,RA-EST,0.2278984459987335,0.2281938985348397,0.22851800291310034,0.0,0.983613767715663,0.9832844246038428,0.9843765067833418,0.0,0.13442491792300965,0.13481700745900527,0.22812039143354784,0.2286080068212396,23650.91099987377,27814.69849633383,2.0924191427959316,4.2281691491254634e-05
MAIN,0.75,0.25,400,dollars,DIFF,COR-2000,SRSWOR,,,,0.0,4.316088667392578,4.310028387065012,4.331934185671995,1.0,0.5898563603940706,0.5931629229120535,0.9997033832933409,0.9999973033686157,,,,
MAIN,0.75,0.25,400,dollars,DIFF,COR-500,DEF-0.0,0.9999499999999999,0.9999499999999999,0.9999500000000001,0.0,4.350233629642554,4.323583613209409,4.431974802715349,1.0,0.600414212446488,0.6143529270149588,1.0,1.0,50.0,50.0,0.0,0.02
MAIN,0.75,0.25,400,dollars,DIFF,COR-500,DEF-0.25,0.4137853835958375,0.41421354195239324,0.4172508098085071,0.0,1.8000270164904728,1.7957219107912339,1.8256529725238415,1.0,0.24843761988722055,0.25336600806623866,0.4144258895172841,0.41730770721782046,66.61981743311429,66.6315968744013,0.28861555745454526,0.015010548490575813
MAIN,0.75,0.25,400,dollars,DIFF,COR-500,DEF-0.5,0.29998036142885226,0.3003845340686784,0.30316934716535493,0.0,1.3049039714991688,1.3021661184793012,1.32058210905694,1.0,0.18010102561141011,0.18321832943531008,0.30069885105117833,0.30339729895085504,99.78947434578961,99.84235179555722,0.5412349474602791,0.010021096981151625
MAIN,0.75,0.25,400,dollars,DIFF,COR-500,DEF-0.75,0.24860186261104616,0.24910855210769575,0.25137638963987957,0.0,1.0813732800134668,1.0794982422064496,1.091273911243959,1.0,0.1492497095669052,0.15153938205088552,0.24933867340033836,0.25177808478134384,198.74214243944925,199.05708375543466,0.8800980460333407,0.00503164547172744
MAIN,0.75,0.25,400,dollars,DIFF,COR-500,RA-EST,0.22755471515449602,0.22819786575778486,0.23028407299971865,0.0,0.9897886533790065,0.9862746840373015,0.9986540998900255,0.07,0.13661057730973827,0.13858033139025788,0.2282855717403108,0.23077345826890164,23700.70057564938,31666.198506467106,2.0923969225994936,4.2193962303253474e-05
MAIN,0.75,0.25,400,dollars,DIFF,COR-500,SRSWOR,,,,0.0,4.350451152200164,4.32379980319957,4.432196412535976,1.0,0.6004442346582209,0.6143836461972688,0.9988978896157596,0.9999751796485062,,,,
MAIN,0.75,0.25,400,dollars,DIFF,KS-2000,DEF-0.0,0.9999499999999999,0.9999499999999999,0.9999500000000001,0.0,4.315845990002812,4.31070005200975,4.334514215432094,1.0,0.590301286179755,0.5939734288487253,1.0,1.0,50.0,50.0,0.0,0.02
MAIN,0.75,0.25,400,dollars,DIFF,KS-2000,DEF-0.25,0.4145049205291846,0.4146274945983722,0.41577780568701594,0.0,1.7890201051721781,1.7880584719657593,1.7964580130313534,1.0,0.24469349945747354,0.2460932013716068,0.41469627830609346,0.4158870413740073,66.61891760532905,66.62641696126921,0.28871307312308786,0.01501075123922492
MAIN,0.75,0.25,400,dollars,DIFF,KS-2000,DEF-0.5,0.3007361663997482,0.30087899025696135,0.30178914393759976,0.0,1.2979855710476038,1.2975038456096109,1.3028607543980433,1.0,0.1775320793368685,0.17838859376946847,0.30094302796311095,0.3018660551274984,99.78543658004727,99.81909476770049,0.5412199915964825,0.01002150247844984
MAIN,0.75,0.25,400,dollars,DIFF,KS-2000,DEF-0.75,0.24929577111737505,0.2494687123125666,0.25011639067269614,0.0,1.075964897467436,1.0756565008462724,1.0790963892127676,1.0,0.14716515140813172,0.14786283882319023,0.24950398736839025,0.250178098554588,198.71812037000086,198.91848166199486,0.8799812461171732,0.005032253717674762
MAIN,0.75,0.25,400,dollars,DIFF,KS-2000,RA-EST,0.22796059022817758,0.22819716628522926,0.22855192055029602,0.0,0.9838799871621506,0.9834922732078577,0.9849480545025002,0.005,0.1345702908765183,0.1350143872961089,0.2281646970486174,0.22866503288298323,23253.134131295606,27588.846434698273,2.0889117814177203,4.3004956899681925e-05
MAIN,0.75,0.25,400,dollars,DIFF,KS-2000,SRSWOR,,,,0.0,4.316061793092467,4.31091559778964,4.334730951979693,1.0,0.590330802719891,0.5940031290051755,0.999726835412523,0.9999976388594453,,,,
MAIN,0.75,0.25,400,dollars,DIFF,MIS-G-10000,DEF-0.0,0.9999499999999999,0.9999499999999999,0.9999500000000001,0.0,4.28664212335899,4.2854314614451035,4.291141838563728,1.0,0.6035662770468145,0.6042761238197129,1.0,1.0,50.0,50.0,0.0,0.02
MAIN,0.75,0.25,400,dollars,DIFF,MIS-G-10000,DEF-0.25,0.4173094681937303,0.41735484428824954,0.4178949616021847,0.0,1.788945137903645,1.7890132159673962,1.7914799756347572,1.0,0.25188641085602115,0.2522765802076654,0.4173864049450738,0.41794897977734885,66.61402934935302,66.61704510049259,0.2882712039251208,0.015011852754854463
MAIN,0.75,0.25,400,dollars,DIFF,MIS-G-10000,DEF-0.5,0.303186491575733,0.30323224894472234,0.3036426675759817,0.0,1.299716292929495,1.299717447737272,1.3014778682117145,1.0,0.18300218134713403,0.1832745209819744,0.3032639771327302,0.30369997606403504,99.76350552515453,99.77703487071778,0.5402684618951685,0.010023705509708925
MAIN,0.75,0.25,400,dollars,DIFF,MIS-G-10000,DEF-0.75,0.2515294711527883,0.25156243050376925,0.2518633600619348,0.0,1.078270071131386,1.078316042178415,1.079499457130196,1.0,0.15182218780378118,0.15200481302734578,0.2516050169751509,0.25190597109329677,198.5877131122798,198.6681483915812,0.8780242774700482,0.005035558264563386
MAIN,0.75,0.25,400,dollars,DIFF,MIS-G-10000,RA-EST,0.23004956285645317,0.2301156375906479,0.23018011590312712,0.0,0.9861888188017826,0.9861585158373364,0.9862904790993516,0.0,0.1388569956992065,0.13891171822312282,0.23012253888819317,0.23022529185141744,21092.14436059281,22375.176206162392,2.073358834200267,4.741101941784836e-05
MAIN,0.75,0.25,400,dollars,DIFF,MIS-G-10000,SRSWOR,,,,0.0,4.286856466182299,4.285645743732291,4.291356406384049,1.0,0.6035964568696581,0.6043063391366699,0.9999409185014647,1.0000009094209907,,,,
MAIN,0.75,0.25,400,dollars,DIFF,MIS-G-2000,DEF-0.0,0.9999499999999999,0.9999499999999999,0.9999500000000001,0.0,4.297815728562083,4.2905410831217985,4.319584591439414,1.0,0.6056762996798503,0.6094514721666014,1.0,1.0,50.0,50.0,0.0,0.02
MAIN,0.75,0.25,400,dollars,DIFF,MIS-G-2000,DEF-0.25,0.41705113433267094,0.41705950024362104,0.4184771698161036,0.0,1.7924848187334192,1.7919387802010829,1.7995414320626795,1.0,0.252608303493785,0.2538604348313915,0.417278637981135,0.4186025851553399,66.61362700736412,66.6202498513181,0.28804678048051996,0.015011943425471594
MAIN,0.75,0.25,400,dollars,DIFF,MIS-G-2000,DEF-0.5,0.3028204696403666,0.30292643392379065,0.3039820568877791,0.0,1.3015159812767398,1.3011275364999357,1.3065112996718802,1.0,0.18341773012556814,0.1842479030038178,0.3030692090341174,0.304087911351816,99.76170071253912,99.79141478730295,0.539912920872579,0.010023886850943188
MAIN,0.75,0.25,400,dollars,DIFF,MIS-G-2000,DEF-0.75,0.2510943895460035,0.2513358175788283,0.2520211798820288,0.0,1.0791949645078853,1.0790521393423145,1.0823252553745564,1.0,0.1520867921532512,0.1526472857335591,0.2513463988947981,0.2521039310251955,198.57698633824577,198.7536879784572,0.8772167270045979,0.005035830276414783
MAIN,0.75,0.25,400,dollars,DIFF,MIS-G-2000,RA-EST,0.22950784462910284,0.22989813203675172,0.2301800805763992,0.0,0.9864146814546166,0.986300964674057,0.9868332299842236,0.0,0.13901159159896287,0.13925603065949482,0.22975606228821932,0.2302839142241653,20932.018810315167,23921.062572776467,2.0683992048425877,4.77737018863771e-05
MAIN,0.75,0.25,400,dollars,DIFF,MIS-G-2000,SRSWOR,,,,0.0,4.298030630093589,4.290755620902845,4.319800581468488,1.0,0.6057065850091008,0.6094819462639147,0.9996593049289385,0.9999959702461626,,,,
MAIN,0.75,0.25,400,dollars,DIFF,MIS-I-2000,DEF-0.0,0.9999499999999999,0.9999499999999999,0.9999500000000001,0.0,4.317471841211902,4.310703572948633,4.339151572249534,1.0,0.5930082540747158,0.5966667403059671,1.0,1.0,50.0,50.0,0.0,0.02
MAIN,0.75,0.25,400,dollars,DIFF,MIS-I-2000,DEF-0.25,0.4150454991035859,0.4151614405334867,0.4164546864557333,0.0,1.79202209892983,1.7911516275350159,1.7993331454352035,1.0,0.2461351587944889,0.24735685652072192,0.41525507119653204,0.4166109100806234,66.62055841249094,66.62694289133579,0.2884967630706906,0.015010381537308198
MAIN,0.75,0.25,400,dollars,DIFF,MIS-I-2000,DEF-0.5,0.3010773781990775,0.30125671573362245,0.30225615918457877,0.0,1.2999422236750773,1.2995602642422233,1.3049822098717618,1.0,0.17854756896432025,0.17940485457103136,0.3013055509604546,0.30235044258959737,99.79279946586564,99.82145578484955,0.5409888091106059,0.010020763074616395
MAIN,0.75,0.25,400,dollars,DIFF,MIS-I-2000,DEF-0.75,0.24954193744155956,0.24972601997712332,0.2505284779994551,0.0,1.0774278724357214,1.0771753252987626,1.0807986727049126,1.0,0.14798505705586107,0.14855145198584738,0.24977269703750934,0.25057681158336714,198.76192738152304,198.93254646803982,0.8796037147049681,0.005031144611924593
MAIN,0.75,0.25,400,dollars,DIFF,MIS-I-2000,RA-EST,0.2281659909921343,0.22851556886262644,0.22884335067440445,0.0,0.985132293964886,0.984875222169848,0.986197656419245,0.0,0.13530823835980504,0.13570372106036294,0.22839311123455563,0.22896743234632444,24081.21273744753,27954.311220057083,2.0943056590645686,4.152614923279076e-05
MAIN,0.75,0.25,400,dollars,DIFF,MIS-I-2000,SRSWOR,,,,0.0,4.317687725598183,4.310919118904578,4.339368540676568,1.0,0.5930379059700143,0.596696575134724,0.9996938663324701,0.9999965061112225,,,,
MAIN,0.75,0.25,400,dollars,EXP,COR-2000,ST-NEY-EST,,,,0.0,1.2442001500939746,1.2278608379499143,1.27164709696621,1.0,0.18923731131048746,0.1934118699049317,0.3207315422314166,0.3286159370659819,,,,
MAIN,0.75,0.25,400,dollars,HT,COR-10000,DEF-0.0,0.99995,0.9999500000000001,0.9999500000000001,0.0,6.5744853986282585,6.5744853986282585,6.5744853986282585,1.0,0.99995,0.9999500000000001,1.0,1.0,50.0,50.0,0.0,0.02
MAIN,0.75,0.25,400,dollars,HT,COR-10000,DEF-0.25,0.3265063913949791,0.32642754261297763,0.3279454877827975,0.0,2.1467188387270295,2.1462004226402565,2.1561806300055237,1.0,0.3265063913949791,0.3279454877827975,0.3728808071279817,0.3742379530278483,66.62849473493081,66.63108573534065,0.30116868576941297,0.015008593605158257
MAIN,0.75,0.25,400,dollars,HT,COR-10000,DEF-0.5,0.21182639094054564,0.21178049755277967,0.21274452602632257,0.0,1.3927191502402505,1.3924174097454647,1.3987557177840362,1.0,0.21182639094054564,0.21274452602632257,0.26441037647581617,0.26529359776431344,99.82842279019687,99.84005653718275,0.5617167104086384,0.010017187210316518
MAIN,0.75,0.25,400,dollars,HT,COR-10000,DEF-0.75,0.16149069682374098,0.16145084920374292,0.16204135210690454,0.0,1.06177131684783,1.0615093261524482,1.0653917729894735,1.0,0.16149069682374098,0.16204135210690454,0.21624555656859928,0.21677739541051957,198.97405730890404,199.04339926429518,0.9152012743230749,0.005025780815474775
MAIN,0.75,0.25,400,dollars,HT,COR-10000,RA-EST,0.14066005258505906,0.1406493243785682,0.14072278233060517,0.0,0.9248137025758824,0.9247431666121566,0.925226138993856,0.0,0.14066005258505906,0.14072278233060517,0.19609603893476496,0.1961441234138661,29091.39970320955,31211.051601528874,2.2802204221295312,3.437442063303388e-05
MAIN,0.75,0.25,400,dollars,HT,COR-2000,DEF-0.0,0.99995,0.9999500000000001,0.9999500000000001,0.0,6.5744853986282585,6.5744853986282585,6.5744853986282585,1.0,0.99995,0.9999500000000001,1.0,1.0,50.0,50.0,0.0,0.02
MAIN,0.75,0.25,400,dollars,HT,COR-2000,DEF-0.25,0.32641294539816473,0.3262941280878918,0.329510462611683,0.0,2.1461044486659095,2.1453232469343297,2.166470048638184,1.0,0.32641294539816473,0.329510462611683,0.37279319738383065,0.3757147164624132,66.62895132886919,66.63515434756675,0.30151311175867196,0.015008490754479546
MAIN,0.75,0.25,400,dollars,HT,COR-2000,DEF-0.5,0.21183064545555552,0.2117682318326996,0.2138241849070933,0.0,1.3927471228856934,1.3923367649156528,1.4058542742589863,1.0,0.21183064545555552,0.2138241849070933,0.26441503303531094,0.2663026397497862,99.83047279318791,99.85832849612537,0.5623348546952933,0.010016981508959091
MAIN,0.75,0.25,400,dollars,HT,COR-2000,DEF-0.75,0.1615773725324656,0.16155626906100318,0.16278784698929952,0.0,1.0623411935230898,1.0622024421205296,1.0702998380971853,1.0,0.1615773725324656,0.16278784698929952,0.21633104414391924,0.2175000068272448,198.98627384241507,199.15237267212382,0.9165165652357616,0.005025472263438637
MAIN,0.75,0.25,400,dollars,HT,COR-2000,RA-EST,0.14092173859544788,0.14086298051789325,0.14122112257862596,0.0,0.9265342394570532,0.9261479160179469,0.9285026335027429,0.0,0.14092173859544788,0.14122112257862596,0.19635132395792376,0.1965918156764987,29443.79103260409,35242.95108421874,2.291769221054464,3.396301791818272e-05
MAIN,0.75,0.25,400,dollars,HT,COR-500,DEF-0.0,0.99995,0.9999500000000001,0.9999500000000001,0.0,6.5744853986282585,6.5744853986282585,6.5744853986282585,1.0,0.99995,0.9999500000000001,1.0,1.0,50.0,50.0,0.0,0.02
MAIN,0.75,0.25,400,dollars,HT,COR-500,DEF-0.25,0.328016510622559,0.32756817380710695,0.3354933399676415,0.0,2.1566475919766037,2.153699860743185,2.2058063552720486,1.0,0.328016510622559,0.3354933399676415,0.3742880012243188,0.38128130310299435,66.62901752584241,66.63989022084073,0.3010590936911589,0.015008475843357386
MAIN,0.75,0.25,400,dollars,HT,COR-500,DEF-0.5,0.21325264950591286,0.21279155799475952,0.21783215432303207,0.0,1.4020965352221746,1.3990649442351162,1.4322059282449238,1.0,0.21325264950591286,0.21783215432303207,0.26574765633673875,0.27020354501316113,99.83077000914219,99.87960270949023,0.5613662341680818,0.010016951686714773
MAIN,0.75,0.25,400,dollars,HT,COR-500,DEF-0.75,0.16293291616824773,0.16256553564438014,0.16577548681324114,0.0,1.071253640986116,1.0688381823232749,1.0899430146548779,1.0,0.16293291616824773,0.16577548681324114,0.2176061911224862,0.22033832651062552,198.98804515162885,199.27935156366917,0.9145812026630735,0.00502542753007216
MAIN,0.75,0.25,400,dollars,HT,COR-500,RA-EST,0.14251098288295688,0.1419272511484042,0.1437840146604087,0.0,0.936983225269425,0.9331452976075094,0.9453531725996381,0.01,0.14251098288295688,0.1437840146604087,0.19784540151936406,0.19897267790901957,29495.889758228237,41479.76370361205,2.2839993877835942,3.390337342954574e-05
MAIN,0.75,0.25,400,dollars,HT,KS-2000,DEF-0.0,0.99995,0.9999500000000001,0.9999500000000001,0.0,6.5744853986282585,6.5744853986282585,6.5744853986282585,1.0,0.99995,0.9999500000000001,1.0,1.0,50.0,50.0,0.0,0.02
MAIN,0.75,0.25,400,dollars,HT,KS-2000,DEF-0.25,0.32672937661798085,0.32672604240794445,0.33019724462837197,0.0,2.148184925124084,2.148163003312793,2.170985512752152,1.0,0.32672937661798085,0.33019724462837197,0.37308973131766704,0.37632965851384426,66.62816657397947,66.6348880389448,0.3010863130089506,0.015008667526370048
MAIN,0.75,0.25,400,dollars,HT,KS-2000,DEF-0.5,0.21206634443732963,0.21204405292362594,0.21435276379792936,0.0,1.3942967998836886,1.3941502373242023,1.4093295822242096,1.0,0.21206634443732963,0.21435276379792936,0.26463812525161123,0.26683028869163306,99.82694945704093,99.85713238024657,0.5614544440942009,0.0100173350527401
MAIN,0.75,0.25,400,dollars,HT,KS-2000,DEF-0.75,0.16175572520098985,0.16171403233392043,0.16314399175824246,0.0,1.0635138291698911,1.0632397063179737,1.0726414237596817,1.0,0.16175572520098985,0.16314399175824246,0.21650060846531224,0.21786423391092774,198.96527793146623,199.14523665742647,0.9148440187896065,0.0050260025791101495
MAIN,0.75,0.25,400,dollars,HT,KS-2000,RA-EST,0.14102906061019985,0.14095568513358392,0.14136007620619426,0.0,0.9272398617571063,0.9267574316359714,0.9294162277779907,0.0,0.14102906061019985,0.14136007620619426,0.19645275303353021,0.19677020002723036,28843.33247305006,34947.66286109432,2.278416570358523,3.4670105480199206e-05
MAIN,0.75,0.25,400,dollars,HT,MIS-G-10000,DEF-0.0,0.99995,0.9999500000000001,0.9999500000000001,0.0,6.5744853986282585,6.5744853986282585,6.5744853986282585,1.0,0.99995,0.9999500000000001,1.0,1.0,50.0,50.0,0.0,0.02
MAIN,0.75,0.25,400,dollars,HT,MIS-G-10000,DEF-0.25,0.3298930432699691,0.3298649055909719,0.33131292494178444,0.0,2.1689854453597195,2.168800445350001,2.1783209034517537,1.0,0.3298930432699691,0.33131292494178444,0.37608332281269646,0.3774220650683291,66.62328085380369,66.62663659989809,0.2998979721694107,0.015009768164890995
MAIN,0.75,0.25,400,dollars,HT,MIS-G-10000,DEF-0.5,0.21476784779717076,0.21474866868879222,0.21566686128416473,0.0,1.4120586823714336,1.4119325832984868,1.4179695289571745,1.0,0.21476784779717076,0.21566686128416473,0.2672548637412789,0.26812079982661546,99.80501762618876,99.82008076491121,0.5593249110995862,0.01001953632978199
MAIN,0.75,0.25,400,dollars,HT,MIS-G-10000,DEF-0.75,0.1641490091691398,0.16413063822795654,0.16467004587424514,0.0,1.0792492264431275,1.0791284409192832,1.0826749459389668,1.0,0.1641490091691398,0.16467004587424514,0.218875302301736,0.21938994524315542,198.83465021065183,198.92435517335673,0.9105846975855504,0.005029304494672985
MAIN,0.75,0.25,400,dollars,HT,MIS-G-10000,RA-EST,0.14318377784220215,0.1431714980882553,0.1432294859709808,0.0,0.9414067270803443,0.9413259899804669,0.9417072495317209,0.0,0.14318377784220215,0.1432294859709808,0.1986426861746907,0.1986807593466123,25593.344435385494,27740.24709853522,2.243798114563919,3.907265956397954e-05
MAIN,0.75,0.25,400,dollars,HT,MIS-G-2000,DEF-0.0,0.99995,0.9999500000000001,0.9999500000000001,0.0,6.5744853986282585,6.5744853986282585,6.5744853986282585,1.0,0.99995,0.9999500000000001,1.0,1.0,50.0,50.0,0.0,0.02
MAIN,0.75,0.25,400,dollars,HT,MIS-G-2000,DEF-0.25,0.33028401643819977,0.330244794160108,0.3338914044592428,0.0,2.171556021274303,2.1712981420857282,2.195273927041126,1.0,0.33028401643819977,0.3338914044592428,0.3764508352471404,0.37984962652670967,66.62303300202234,66.62963856450747,0.2996086100062566,0.015009824004404714
MAIN,0.75,0.25,400,dollars,HT,MIS-G-2000,DEF-0.5,0.2150296595673289,0.21498566257080032,0.21734190190846533,0.0,1.4137800460997139,1.4134907740248495,1.4289826097377871,1.0,0.2150296595673289,0.21734190190846533,0.26750530225824837,0.2697071070425704,99.8039051991453,99.83355843177972,0.558887821236713,0.01001964800880943
MAIN,0.75,0.25,400,dollars,HT,MIS-G-2000,DEF-0.75,0.16432875873358938,0.16429479883702197,0.16568621354402926,0.0,1.0804310464210103,1.0802077664128884,1.0893560595021992,1.0,0.16432875873358938,0.16568621354402926,0.21904999149141438,0.2203686514601604,198.82802754898492,199.00466391511034,0.9098174354489033,0.005029472013214145
MAIN,0.75,0.25,400,dollars,HT,MIS-G-2000,RA-EST,0.14328546570971315,0.143234216415485,0.1434621675223575,0.0,0.9420753059094545,0.9417383513251323,0.9432370874856746,0.0,0.14328546570971315,0.1434621675223575,0.19874286490768675,0.19891371043165232,25447.87146754661,29990.741457004486,2.238714514076827,3.929601761885936e-05
MAIN,0.75,0.25,400,dollars,HT,MIS-I-2000,DEF-0.0,0.99995,0.9999500000000001,0.9999500000000001,0.0,6.5744853986282585,6.5744853986282585,6.5744853986282585,1.0,0.99995,0.9999500000000001,1.0,1.0,50.0,50.0,0.0,0.02
MAIN,0.75,0.25,400,dollars,HT,MIS-I-2000,DEF-0.25,0.3270665523750894,0.32686482823819646,0.3307407477095016,0.0,2.1504017930593626,2.149075494351874,2.1745589444947355,1.0,0.3270665523750894,0.3307407477095016,0.37340493169534156,0.37685449936647003,66.62969936106009,66.63502122901936,0.30135417424690447,0.015008322258534365
MAIN,0.75,0.25,400,dollars,HT,MIS-I-2000,DEF-0.5,0.21238179994213247,0.2122031748150744,0.21482182350587803,0.0,1.3963708611969974,1.3951964341859755,1.4124135626242227,1.0,0.21238179994213247,0.21482182350587803,0.2649363122938838,0.2672631398810526,99.83383140895344,99.85773059591949,0.5620309479405626,0.01001664451706873
MAIN,0.75,0.25,400,dollars,HT,MIS-I-2000,DEF-0.75,0.16206499664993124,0.1619713338250512,0.1634708461569762,0.0,1.0655472314652836,1.0649314157999323,1.0747904306819804,1.0,0.16206499664993124,0.1634708461569762,0.2167967407173082,0.21816547523013358,199.0062909190221,199.14880555415016,0.9158989345935786,0.005024966775603095
MAIN,0.75,0.25,400,dollars,HT,MIS-I-2000,RA-EST,0.1413974084338846,0.14131818715128708,0.14176281246808656,0.0,0.929661680236462,0.9291408150275036,0.9320641438471032,0.0,0.1413974084338846,0.14176281246808656,0.19680804055702786,0.19713827951804597,30039.927309069317,35094.59235459437,2.2906718914725035,3.3289034137460165e-05
MAIN,0.75,0.25,400,rate,DIFF,COR-10000,DEF-0.0,0.9999499999999999,0.9999499999999999,0.9999500000000001,0.0,1.0000916861591045,1.000044280454632,1.000211495985746,1.0,0.8993255338557564,0.8997160319559498,1.0,1.0,50.0,50.0,0.0,0.02
MAIN,0.75,0.25,400,rate,DIFF,COR-10000,DEF-0.25,0.9881173794797036,0.9881107627899186,0.9887064803612248,0.0,0.9882573922028115,0.9882102749674111,0.9888309709278449,0.0,0.8886836321165635,0.8893186264036714,0.988168495720159,0.9887565620069445,61.69707829662917,62.55783263547951,0.04281670297413319,0.01620822310382837
MAIN,0.75,0.25,400,rate,DIFF,COR-10000,DEF-0.5,0.9793772565126995,0.9793463479424491,0.9802312229100161,0.0,0.9795160330938644,0.9794425545019044,0.9803878091528646,0.0,0.8808230303576111,0.8816085855473275,0.9794291884520018,0.9802877473204407,80.5383481441129,83.53927985767808,0.08743262250578615,0.012416446207656738
MAIN,0.75,0.25,400,rate,DIFF,COR-10000,DEF-0.75,0.9738670119039751,0.9738084552231367,0.9745670884986164,0.0,0.974005009083676,0.9739083315467352,0.9747479216807333,0.0,0.8758672849806628,0.8765499654697303,0.9739194451844128,0.9746265665583805,115.94651088867312,125.69723545038529,0.1349173796541951,0.008624669311485108
MAIN,0.75,0.25,400,rate,DIFF,COR-10000,RA-EST,0.9719595729180146,0.9719139278820206,0.9721487681954379,0.0,0.9720973002255348,0.9720518964348589,0.9723002728555151,0.0,0.8741517964240322,0.8747036556379018,0.9720121557500383,0.9722030328964435,206.9157955896717,253.7536829390565,0.18689945262951202,0.004832892415313477
MAIN,0.75,0.25,400,rate,DIFF,COR-10000,SRSWOR,,,,0.0,1.0001416932437668,1.0000942851688905,1.0002615090611993,1.0,0.8993705023808757,0.8997610200069504,0.9998984434850172,0.9999990742351855,,,,
MAIN,0.75,0.25,400,rate,DIFF,COR-2000,DEF-0.0,0.9999499999999999,0.9999499999999999,0.9999500000000001,0.0,1.0003779784573386,1.0001760040321188,1.0008912354523996,1.0,0.9011661528038505,0.9030975977852104,1.0,1.0,50.0,50.0,0.0,0.02
MAIN,0.75,0.25,400,rate,DIFF,COR-2000,DEF-0.25,0.9881998419360027,0.9881877077732275,0.9893956324557664,0.0,0.9886227730166582,0.9884940344261259,0.9900386034643347,0.0,0.8905768455957128,0.8927069500481623,0.9882556122874437,0.9894471067549812,61.80395595978611,63.73534960659496,0.04316211830705338,0.016180194042120497
MAIN,0.75,0.25,400,rate,DIFF,COR-2000,DEF-0.5,0.979608746628628,0.979531307503184,0.9813329987610848,0.0,0.9800280067039776,0.9798821841747813,0.9820378362810971,0.0,0.8828346018917095,0.8853137152418338,0.9796687234021207,0.9813841018075828,80.90360862334256,87.87531243951229,0.08836217344880777,0.012360388084240996
MAIN,0.75,0.25,400,rate,DIFF,COR-2000,DEF-0.75,0.9743466527710655,0.9741402183867239,0.9759108405896877,0.0,0.9747636922532311,0.9746080123606021,0.9766645953072097,0.0,0.8780926125009847,0.8803641121214305,0.9744091871882697,0.9759615849478988,117.0880374668689,141.4499072873406,0.1361951769189671,0.008540582126361492
MAIN,0.75,0.25,400,rate,DIFF,COR-2000,RA-EST,0.9728756686911681,0.9725690519128416,0.973842486345335,0.0,0.973292138571553,0.9729976394501438,0.974833857444849,0.0,0.8767674475111004,0.8792972933960886,0.9729388829336062,0.9738972379939614,211.82957300075054,362.3817977237137,0.18920474192161305,0.004720776168481989
MAIN,0.75,0.25,400,rate,DIFF,COR-2000,SRSWOR,,,,0.0,1.0004279998573316,1.0002260153328857,1.0009412825165251,1.0,0.9012112133645188,0.9031427549229566,0.9994839278428548,0.9999962431272273,,,,
MAIN,0.75,0.25,400,rate,DIFF,COR-500,DEF-0.0,0.9999499999999999,0.9999499999999999,0.9999500000000001,0.0,1.0016163925266164,1.0007352221744426,1.0048403911471742,1.0,0.9099032516349959,0.9191510791866143,1.0,1.0,50.0,50.0,0.0,0.02
MAIN,0.75,0.25,400,rate,DIFF,COR-500,DEF-0.25,0.9882883972404517,0.9880822709602438,0.9906098247412871,0.0,0.9899358880785997,0.9897105494905494,0.9936880178629474,0.015,0.8992952255186023,0.9090233231049445,0.9883615187352858,0.990661319976384,62.45957221147907,65.36973107804388,0.04622631451101444,0.01601035627779089
MAIN,0.75,0.25,400,rate,DIFF,COR-500,DEF-0.5,0.9804138717185816,0.9800184930330893,0.9838121707059372,0.0,0.9820486994340689,0.9816449993742171,0.9864566132858558,0.0,0.8921343172741315,0.9026837276407654,0.9805025935384749,0.9839110436403612,83.18974638274071,94.38238758817809,0.09462546699789351,0.012020712555581785
MAIN,0.75,0.25,400,rate,DIFF,COR-500,DEF-0.75,0.9767664423069238,0.9754386457159742,0.9806266263773057,0.01,0.9783955395986246,0.977459629187856,0.9840987484599365,0.01,0.8888223032859963,0.900691862097403,0.9768624419702805,0.980731492431075,124.51644558361734,169.69907225933346,0.1478910097368557,0.008031068833372679
MAIN,0.75,0.25,400,rate,DIFF,COR-500,RA-EST,0.9790390499338548,0.9759897660639434,0.9873132031858576,0.02,0.9806717550621069,0.9774820126177698,0.9906515329362762,0.025,0.8909081176839315,0.9035868832184806,0.9791309991577499,0.9873648773874679,247.43772135497147,840.1681891452306,0.2092487521850358,0.004041425111163569
MAIN,0.75,0.25,400,rate,DIFF,COR-500,SRSWOR,,,,0.0,1.001666475850409,1.0007852614375146,1.0048906356789582,1.0,0.9099487490724495,0.9191970390385665,0.9979375015001488,0.9999748656468099,,,,
MAIN,0.75,0.25,400,rate,DIFF,KS-2000,DEF-0.0,0.9999499999999999,0.9999499999999999,0.9999500000000001,0.0,1.0003908286663978,1.0001934856259802,1.00090980062859,1.0,0.9018190557760569,0.9038744841804368,1.0,1.0,50.0,50.0,0.0,0.02
MAIN,0.75,0.25,400,rate,DIFF,KS-2000,DEF-0.25,0.9882376696010705,0.9882023716562434,0.9893952772037112,0.0,0.9886733585336016,0.988510077737961,0.9901039423060015,0.0,0.8912562876087802,0.893604948317682,0.9882919316115674,0.9894542614097235,61.79777230993885,63.740285013055534,0.04317513524145963,0.016181815478152062
MAIN,0.75,0.25,400,rate,DIFF,KS-2000,DEF-0.5,0.9797055105643375,0.9796115616215473,0.9813331762488539,0.0,0.9801374677625758,0.9799353810864364,0.9820279979980252,0.0,0.8835616961466505,0.8863973635339195,0.979762844932595,0.9813990983896471,80.88247060543,87.89408108614145,0.08826911702856488,0.012363630956304125
MAIN,0.75,0.25,400,rate,DIFF,KS-2000,DEF-0.75,0.9745316396560328,0.9743465896895558,0.9760742972076644,0.0,0.9749613584762886,0.974631906247755,0.9769219323178017,0.0,0.8788959886943168,0.8815514963199272,0.9745907924224708,0.9761243766737472,117.02194841027887,141.5228922713637,0.13598650945943735,0.008545446434456186
MAIN,0.75,0.25,400,rate,DIFF,KS-2000,RA-EST,0.9732098292545908,0.9727945086228648,0.9742313338591699,0.0,0.973639037934922,0.9731211339841317,0.9751963814316683,0.0,0.8777047268161995,0.8805654934302749,0.9732693660192947,0.9742961440967822,211.5448342729078,363.02195002202666,0.18885931090185615,0.0047272619126082485
MAIN,0.75,0.25,400,rate,DIFF,KS-2000,SRSWOR,,,,0.0,1.0004408507089333,1.0002434978008703,1.000959848621021,1.0,0.9018641489835062,0.9039196801644452,0.9996135658351837,0.999994884875383,,,,
MAIN,0.75,0.25,400,rate,DIFF,MIS-G-10000,DEF-0.0,0.9999499999999999,0.9999499999999999,0.9999500000000001,0.0,1.0000760180778032,1.000035672000617,1.0002079156391905,1.0,0.9303051862490939,0.9305604383537229,1.0,1.0,50.0,50.0,0.0,0.02
MAIN,0.75,0.25,400,rate,DIFF,MIS-G-10000,DEF-0.25,0.9896381183997481,0.9896447849756322,0.9901610457767798,0.0,0.9897628321547853,0.9897497963949982,0.9902843021758599,0.0,0.9207115119420096,0.9212256008869254,0.9896890658712867,0.9902132292298549,59.36971488395686,59.80807575749995,0.039464932162780075,0.01684360459322774
MAIN,0.75,0.25,400,rate,DIFF,MIS-G-10000,DEF-0.5,0.9819463373115171,0.9819433057092131,0.9826921227012141,0.0,0.9820700804446987,0.9820371421733005,0.9828339040704404,0.0,0.9135554531700307,0.9142870632915154,0.9819979818139722,0.9827422200040925,73.06091405626398,74.40310386233817,0.08049953175174582,0.013687209186455482
MAIN,0.75,0.25,400,rate,DIFF,MIS-G-10000,DEF-0.75,0.9770070644681091,0.9769759245331753,0.9776491786299221,0.0,0.9771301878849203,0.9770916135358195,0.9777819436370769,0.0,0.9089601960562568,0.9095791188017339,0.9770591423581895,0.9777004161981199,94.9594280454123,98.42085840669219,0.12383419693670714,0.010530813779683222
MAIN,0.75,0.25,400,rate,DIFF,MIS-G-10000,RA-EST,0.9751280912110383,0.9750867360423332,0.9752756592774317,0.0,0.9752509857698773,0.9751963927926934,0.9754833740236357,0.0,0.9072120956880689,0.9075896718182896,0.975180307889895,0.9753324508160782,135.60394093747124,145.33629999130136,0.17071170991666773,0.007374418372910963
MAIN,0.75,0.25,400,rate,DIFF,MIS-G-10000,SRSWOR,,,,0.0,1.0001260243790222,1.0000856762844315,1.0002579285356172,1.0,0.9303517038342858,0.9306069687021582,0.999902725215925,0.9999991167843626,,,,
MAIN,0.75,0.25,400,rate,DIFF,MIS-G-2000,DEF-0.0,0.9999499999999999,0.9999499999999999,0.9999500000000001,0.0,1.00043184638084,1.0001929610938807,1.0011253975199388,1.0,0.9310530223466078,0.9321625501387368,1.0,1.0,50.0,50.0,0.0,0.02
MAIN,0.75,0.25,400,rate,DIFF,MIS-G-2000,DEF-0.25,0.9896870624842049,0.9897309259315362,0.9906325984470167,0.0,0.9901639604486667,0.9901265830060566,0.9911939798421788,0.0,0.921497229830435,0.922882822362249,0.9897419837862594,0.9906854857465893,59.34679237333543,60.169581007574294,0.03911611215911499,0.016850110343130338
MAIN,0.75,0.25,400,rate,DIFF,MIS-G-2000,DEF-0.5,0.9820539864846242,0.9820831424533549,0.9833898789949627,0.0,0.9825272240598089,0.9825170768681459,0.9839623495504718,0.0,0.9143901264734964,0.9160195581743941,0.9821125631196328,0.9834451083928206,72.99152494763973,75.53219812972145,0.07979560561923199,0.013700220686260674
MAIN,0.75,0.25,400,rate,DIFF,MIS-G-2000,DEF-0.75,0.9771924838417305,0.9771382406337723,0.9783048357326353,0.0,0.9776634235236544,0.9775256695374009,0.9789242792872721,0.0,0.9098636693132367,0.9114411261539928,0.977253378946789,0.9783618396298102,94.78375581294512,101.4293431177843,0.1229857393005298,0.01055033102939101
MAIN,0.75,0.25,400,rate,DIFF,MIS-G-2000,RA-EST,0.9754304434350403,0.9753267468488449,0.9759396069156778,0.0,0.9759006185607764,0.975639644189525,0.9769896460196966,0.0,0.9082231772135748,0.9097717637831646,0.9754921581438571,0.9759993465897236,135.12707550680796,154.3502439013126,0.16987996016079415,0.007400441372521348
MAIN,0.75,0.25,400,rate,DIFF,MIS-G-2000,SRSWOR,,,,0.0,1.0004818704743639,1.0002429732425426,1.0011754562927533,1.0,0.9310995773254741,0.9322091605967666,0.9994931428400057,0.9999951507789857,,,,
MAIN,0.75,0.25,400,rate,DIFF,MIS-I-2000,DEF-0.0,0.9999499999999999,0.9999499999999999,0.9999500000000001,0.0,1.0004063823782678,1.0001497266912303,1.0010314226105386,1.0,0.9060422794180367,0.9077837780602256,1.0,1.0,50.0,50.0,0.0,0.02
MAIN,0.75,0.25,400,rate,DIFF,MIS-I-2000,DEF-0.25,0.9879746745443586,0.9880196757415769,0.9891023369872904,0.0,0.9884256361052728,0.9883167291045811,0.9898675095867195,0.0,0.895191841828005,0.8978418582065762,0.988030094001507,0.9891533154974237,59.56168589653305,60.39020124252463,0.04481287642592832,0.016789316574571854
MAIN,0.75,0.25,400,rate,DIFF,MIS-I-2000,DEF-0.5,0.9794567819640436,0.9794722429252398,0.980939802724711,0.0,0.9799038888735018,0.979805980033505,0.9816870533532177,0.0,0.8874739979997244,0.8903662019729908,0.9795160518857873,0.9810101435455839,73.64511511841246,76.23139156021111,0.09164065877597088,0.013578633149143711
MAIN,0.75,0.25,400,rate,DIFF,MIS-I-2000,DEF-0.75,0.9746184322432089,0.9744753426573887,0.9757174881969223,0.0,0.9750633484355281,0.9748191367659531,0.9765636270775239,0.0,0.8830899834964999,0.8856443056891974,0.9746798812742838,0.9758024444327498,96.45108552083593,103.33852654838479,0.14165292835500298,0.010367949723715566
MAIN,0.75,0.25,400,rate,DIFF,MIS-I-2000,RA-EST,0.974006644577677,0.9737795004944407,0.9751611212583627,0.0,0.9744512756718615,0.9740697854928817,0.9761220694820748,0.0,0.8825354075789754,0.8850416922124457,0.9740683497032443,0.9752327713415426,139.71815198134556,160.36151445920382,0.19650619259410945,0.0071572662982874215
MAIN,0.75,0.25,400,rate,DIFF,MIS-I-2000,SRSWOR,,,,0.0,1.0004564051985279,1.0001997366780642,1.001081476684373,1.0,0.9060875837972265,0.9078291695187016,0.9995214264718488,0.9999921247848651,,,,
MAIN,0.75,0.25,400,rate,EXP,COR-2000,ST-NEY-EST,,,,0.0,0.9962039984840035,0.9961429968404325,0.9964893313359289,0.0,0.9802255853345472,0.9805063416477313,1.0871173528754015,1.0891118242745077,,,,
MAIN,0.75,0.25,400,rate,HT,COR-10000,DEF-0.0,0.99995,0.99995,0.99995,0.0,1.0162499359207156,1.0162499359207156,1.0162499359207156,1.0,0.99995,0.99995,1.0,1.0,50.0,50.0,0.0,0.02
MAIN,0.75,0.25,400,rate,HT,COR-10000,DEF-0.25,0.9590093877386893,0.958950593404355,0.9604363201839021,0.0,0.9746419609348542,0.9745822082087182,0.9760921534504908,0.0,0.9590093877386893,0.9604363201839021,0.9689464104772182,0.9700313526298497,62.43572900758923,63.18819845293264,0.06654486561958575,0.01601647031530624
MAIN,0.75,0.25,400,rate,HT,COR-10000,DEF-0.5,0.9315524432734026,0.9314623547947574,0.9334699309127051,0.0,0.9467374476557641,0.9466458906672643,0.9486861917835405,0.0,0.9315524432734026,0.9334699309127051,0.9480519531396189,0.9495110525541145,83.10520533366629,85.8260073542445,0.133181657569161,0.012032940630612485
MAIN,0.75,0.25,400,rate,HT,COR-10000,DEF-0.75,0.9153883883769021,0.9153038730727174,0.9168651088991016,0.0,0.93030990652592,0.9302240135588098,0.931810698701587,0.0,0.9153883883769021,0.9168651088991016,0.935673407023552,0.936803709475131,124.23269431086914,133.7395532593327,0.20239446354650426,0.008049410945918725
MAIN,0.75,0.25,400,rate,HT,COR-10000,RA-EST,0.9101001809109743,0.9100268624776968,0.9104766579168262,0.0,0.9249354973070746,0.9248609837282756,0.9253181111708403,0.0,0.9101001809109743,0.9104766579168262,0.931497911327051,0.9318174790834416,245.94915626814588,302.7589346094302,0.2779694951905587,0.004065881261224967
MAIN,0.75,0.25,400,rate,HT,COR-2000,DEF-0.0,0.99995,0.99995,0.99995,0.0,1.0162499359207156,1.0162499359207156,1.0162499359207156,1.0,0.99995,0.99995,1.0,1.0,50.0,50.0,0.0,0.02
MAIN,0.75,0.25,400,rate,HT,COR-2000,DEF-0.25,0.9592421152858374,0.9591517600210766,0.9623145001709674,0.0,0.9748784821157896,0.9747866539923602,0.97800094918178,0.0,0.9592421152858374,0.9623145001709674,0.9691224829773892,0.9714566966253004,62.54209644733275,64.18877133903322,0.06689390325519626,0.015989230616829424
MAIN,0.75,0.25,400,rate,HT,COR-2000,DEF-0.5,0.9321359320719367,0.9317855630974232,0.9361920147716117,0.0,0.9473304477598902,0.9469743675079796,0.9514526476535187,0.0,0.9321359320719367,0.9361920147716117,0.9484931870928014,0.9515822152042687,83.48317905069504,89.6210124059553,0.13422954927371766,0.011978461233658848
MAIN,0.75,0.25,400,rate,HT,COR-2000,DEF-0.75,0.9164692199548832,0.9162252599045757,0.9198434284128437,0.0,0.9314083564702816,0.9311604196879504,0.9348375670599967,0.0,0.9164692199548832,0.9198434284128437,0.9364903020738123,0.9390667610725978,125.50687707467023,148.4307971380303,0.20396049833136026,0.007967691850488273
MAIN,0.75,0.25,400,rate,HT,COR-2000,RA-EST,0.9119705188438415,0.9116277872624892,0.9137488806036751,0.0,0.9268363231527933,0.9264880047892878,0.9286436735447875,0.0,0.9119705188438415,0.9137488806036751,0.932910155970526,0.9342506712272185,252.72187795570085,431.7425748013959,0.2808268553356956,0.003956922467317697
MAIN,0.75,0.25,400,rate,HT,COR-500,DEF-0.0,0.99995,0.99995,0.99995,0.0,1.0162499359207156,1.0162499359207156,1.0162499359207156,1.0,0.99995,0.99995,1.0,1.0,50.0,50.0,0.0,0.02
MAIN,0.75,0.25,400,rate,HT,COR-500,DEF-0.25,0.959292099933136,0.9591252526342144,0.9650130197787093,0.0,0.9749292815503757,0.9747597145151863,0.9807434566856038,0.0,0.959292099933136,0.9650130197787093,0.9691567000937164,0.9735040220016307,63.085498312872836,65.58622450169005,0.07059213174295659,0.015851503543004016
MAIN,0.75,0.25,400,rate,HT,COR-500,DEF-0.5,0.9336370508016232,0.9331786259428655,0.9415832025402396,0.0,0.948856035852148,0.9483901383239346,0.9569317158313321,0.0,0.9336370508016232,0.9415832025402396,0.9496180992363605,0.955647470989363,85.44812395547919,95.29068724751065,0.1412087394764355,0.011703007086008032
MAIN,0.75,0.25,400,rate,HT,COR-500,DEF-0.75,0.9208791274356426,0.9194800856944001,0.9296919716613261,0.0,0.9358901487546339,0.9344683015823871,0.9448466489592743,0.0,0.9208791274356426,0.9296919716613261,0.9398047563936861,0.9464520427978846,132.37124809908187,174.17678043077905,0.21537002276107944,0.0075545106290120494
MAIN,0.75,0.25,400,rate,HT,COR-500,RA-EST,0.9222733425534755,0.9194089152605387,0.9304360214921962,0.01,0.9373070906258849,0.9343959710170078,0.9456028273611379,0.01,0.9222733425534755,0.9304360214921962,0.9406578664490196,0.9468743366577936,293.59831050874993,1011.9561231262352,0.30119908187641076,0.003406014172016066
MAIN,0.75,0.25,400,rate,HT,KS-2000,DEF-0.0,0.99995,0.99995,0.99995,0.0,1.0162499359207156,1.0162499359207156,1.0162499359207156,1.0,0.99995,0.99995,1.0,1.0,50.0,50.0,0.0,0.02
MAIN,0.75,0.25,400,rate,HT,KS-2000,DEF-0.25,0.9594080945671354,0.9592604169335115,0.9626572451170635,0.0,0.9750471669840164,0.9748970820940646,0.9783492811278849,0.0,0.9594080945671354,0.9626572451170635,0.9692482365350691,0.9717163220227341,62.51426080063126,64.21833324607846,0.0670144309809431,0.015996352532951945
MAIN,0.75,0.25,400,rate,HT,KS-2000,DEF-0.5,0.9324660917996208,0.9322171956445444,0.9369263350397171,0.0,0.9476659893390716,0.9474130359897569,0.9521989378934381,0.0,0.9324660917996208,0.9369263350397171,0.9487433353937971,0.9521326921972422,83.38411485884998,89.73636529554047,0.1339981935004867,0.011992705065903896
MAIN,0.75,0.25,400,rate,HT,KS-2000,DEF-0.75,0.9169749125831756,0.9166314456768734,0.9207539852749578,0.0,0.9319222922681695,0.9315732265933652,0.9357629666827534,0.0,0.9169749125831756,0.9207539852749578,0.9368733504652832,0.9397436004996058,125.17190520462594,148.90634267729317,0.20401579144793958,0.007989057598855844
MAIN,0.75,0.25,400,rate,HT,KS-2000,RA-EST,0.9127110630485269,0.9121891684741417,0.9150376455226991,0.0,0.9275889387841328,0.927058536936264,0.9299534462998003,0.0,0.9127110630485269,0.9150376455226991,0.9334705854290788,0.9352522469783991,250.92517214657113,437.1578776416438,0.28092612641727127,0.003985410131807792
MAIN,0.75,0.25,400,rate,HT,MIS-G-10000,DEF-0.0,0.99995,0.99995,0.99995,0.0,1.0162499359207156,1.0162499359207156,1.0162499359207156,1.0,0.99995,0.99995,1.0,1.0,50.0,50.0,0.0,0.02
MAIN,0.75,0.25,400,rate,HT,MIS-G-10000,DEF-0.25,0.9694242912892912,0.9694443163198376,0.9707255299062968,0.0,0.985226635234489,0.9852469866880713,0.9865490850181277,0.0,0.9694242912892912,0.9707255299062968,0.976853753374342,0.977841624365842,60.30191311124714,60.71675341146582,0.05806581958050672,0.01658322196489412
MAIN,0.75,0.25,400,rate,HT,MIS-G-10000,DEF-0.5,0.9479458897957135,0.9479541214578051,0.949670555103691,0.0,0.9633981196671827,0.9634064855115481,0.9651508983148321,0.0,0.9479458897957135,0.949670555103691,0.9605276786435866,0.9618415758027433,75.95065675950369,77.28073152228038,0.11705271047933072,0.013166443929788245
MAIN,0.75,0.25,400,rate,HT,MIS-G-10000,DEF-0.75,0.9347637018324558,0.9347587303603485,0.936164833594638,0.0,0.9500010521408511,0.9499959996300151,0.9514250234029483,0.0,0.9347637018324558,0.936164833594638,0.950458383966234,0.9515353130451519,102.56764406085452,106.27274793757297,0.17873411327118677,0.009749665894682367
MAIN,0.75,0.25,400,rate,HT,MIS-G-10000,RA-EST,0.9300290033661902,0.9299670977176238,0.9303132177935054,0.0,0.9451891745340244,0.9451262597768979,0.945478021869938,0.0,0.9300290033661902,0.9303132177935054,0.9467592870339877,0.9469805642082544,157.9060174060832,170.07801140603775,0.24562157072621887,0.00633288785957649
MAIN,0.75,0.25,400,rate,HT,MIS-G-2000,DEF-0.0,0.99995,0.99995,0.99995,0.0,1.0162499359207156,1.0162499359207156,1.0162499359207156,1.0,0.99995,0.99995,1.0,1.0,50.0,50.0,0.0,0.02
MAIN,0.75,0.25,400,rate,HT,MIS-G-2000,DEF-0.25,0.9694993908773428,0.969598168244612,0.9719782491540083,0.0,0.9853029590022224,0.9854033465147557,0.9878222245303167,0.0,0.9694993908773428,0.9719782491540083,0.9769105279490841,0.978792166085501,60.290757534483106,61.08463506632601,0.057910312880463846,0.01658629038831676
MAIN,0.75,0.25,400,rate,HT,MIS-G-2000,DEF-0.5,0.9481606663924876,0.9482620095218761,0.9515122343280823,0.0,0.9636163972837726,0.9637193923822747,0.9670225982936052,0.0,0.9481606663924876,0.9515122343280823,0.960689957220211,0.9632421694297786,75.91527387976178,78.48395508050878,0.1167973989586131,0.013172580776633523
MAIN,0.75,0.25,400,rate,HT,MIS-G-2000,DEF-0.75,0.9351934686829899,0.9351077978795507,0.9379754043382749,0.0,0.9504378245137859,0.9503507572119153,0.9532651078093696,0.0,0.9351934686829899,0.9379754043382749,0.9507829475527945,0.9529190891776786,102.47090060278217,109.74314250261817,0.1784308410179163,0.009758871164950285
MAIN,0.75,0.25,400,rate,HT,MIS-G-2000,RA-EST,0.9307974663242229,0.9304159025917988,0.932089798396222,0.0,0.9459701640153565,0.9455823805075556,0.9472835620706168,0.0,0.9307974663242229,0.932089798396222,0.9473392119839614,0.9482738239416552,157.60061036325834,182.3847166871956,0.24533732280067572,0.006345161553267045
MAIN,0.75,0.25,400,rate,HT,MIS-I-2000,DEF-0.0,0.99995,0.99995,0.99995,0.0,1.0162499359207156,1.0162499359207156,1.0162499359207156,1.0,0.99995,0.99995,1.0,1.0,50.0,50.0,0.0,0.02
MAIN,0.75,0.25,400,rate,HT,MIS-I-2000,DEF-0.25,0.9602176493206911,0.9602327416414387,0.9632698714355854,0.0,0.9758699180879966,0.9758852564249063,0.9789718937154553,0.0,0.9602176493206911,0.9632698714355854,0.9698661499483388,0.9721841360159174,60.52077118338878,61.309870945427605,0.06707153181728764,0.016523252775597252
MAIN,0.75,0.25,400,rate,HT,MIS-I-2000,DEF-0.5,0.9335726712643256,0.9336999506338967,0.9375026221480323,0.0,0.9487906068800461,0.9489199609989227,0.9527846189143864,0.0,0.9335726712643256,0.9375026221480323,0.9495947961753699,0.952593094055367,76.64887727071115,79.23192873064994,0.13498745287524655,0.013046505551194503
MAIN,0.75,0.25,400,rate,HT,MIS-I-2000,DEF-0.75,0.918512161917414,0.9183462214407505,0.9216425399733182,0.0,0.9334845999209659,0.9333159544899186,0.9366660054899647,0.0,0.918512161917414,0.9216425399733182,0.9380586324220076,0.940457518046107,104.49584802273876,111.95999462120277,0.20651850752609138,0.009569758326791756
MAIN,0.75,0.25,400,rate,HT,MIS-I-2000,RA-EST,0.915259619997733,0.9148419250191819,0.9174246811619183,0.0,0.9301790391254708,0.9297545354050978,0.932379392412503,0.0,0.915259619997733,0.9174246811619183,0.9354252145887856,0.9370017226243128,164.12247321406875,190.7541825548849,0.28491288355734645,0.006093011102389008
MAIN,0.75,0.7,100,dollars,DIFF,COR-10000,DEF-0.0,0.99995,0.99995,0.9999500000000002,0.0,3.1636250229691467,3.163004899043862,3.1658155168207007,1.0,0.2051850780931052,0.20535830780306144,1.0,1.0,200.0,200.0,0.0,0.005
MAIN,0.75,0.7,100,dollars,DIFF,COR-10000,DEF-0.25,0.49539134147665026,0.4953809659683023,0.4973773856927567,0.0,1.5673106459060904,1.566857192147212,1.5739708856413055,1.0,0.10165197530900334,0.10208240549519136,0.49546803985975385,0.49744355831617804,266.42175293408945,266.4453985496101,0.26211741388795673,0.003753447265424335
MAIN,0.75,0.7,100,dollars,DIFF,COR-10000,DEF-0.5,0.37959188061704,0.37964291622828833,0.3808331921039091,0.0,1.200946239494577,1.2007323358264497,1.20527134107124,1.0,0.07789046734806518,0.07817216738882815,0.3796738294126126,0.38094319198682214,398.89990890905415,399.00594312415456,0.49380593436177483,0.0025068945308486705
MAIN,0.75,0.7,100,dollars,DIFF,COR-10000,DEF-0.75,0.3258285527786465,0.32588434313938497,0.32649632666332806,0.0,1.0308507174730281,1.03070096721257,1.0332877020315265,1.0,0.06685848464672647,0.06701839099552251,0.32591246682913616,0.3265838362606202,793.4355608600639,794.0651566522602,0.7934958402209809,0.0012603417962730053
MAIN,0.75,0.7,100,dollars,DIFF,COR-10000,RA-EST,0.30421373980252037,0.3042390058719152,0.3043670631308435,0.0,0.962466127887076,0.962396781821892,0.9627743309515657,0.0,0.06242322805000532,0.06246087796371585,0.30429799090241233,0.30443221520814956,72521.25202936959,80278.42494899067,1.6309393542247193,1.3789061697340626e-05
MAIN,0.75,0.7,100,dollars,DIFF,COR-10000,SRSWOR,,,,0.0,3.1637832121297533,3.163163057196722,3.165973815511477,1.0,0.2051953378599982,0.20536857623187302,0.9999444434579117,0.9999990007014311,,,,
MAIN,0.75,0.7,100,dollars,DIFF,COR-2000,DEF-0.0,0.99995,0.99995,0.9999500000000002,0.0,3.1676318426568537,3.1647026465616332,3.1763775548352027,1.0,0.20577905245833977,0.20650962815045207,1.0,1.0,200.0,200.0,0.0,0.005
MAIN,0.75,0.7,100,dollars,DIFF,COR-2000,DEF-0.25,0.49566965609500785,0.4961288194000826,0.49960861694565634,0.0,1.5701750742620093,1.569168904192225,1.5828055537237282,1.0,0.10200338801862488,0.10288570941980726,0.495855711095227,0.49983435119039676,266.41309404838967,266.48892381347105,0.261777239113274,0.003753569258943691
MAIN,0.75,0.7,100,dollars,DIFF,COR-2000,DEF-0.5,0.3797466979585403,0.38019030443164303,0.3822909647724369,0.0,1.2029541387167764,1.2024667207650737,1.2111491795992935,1.0,0.07814756310543333,0.07873099561049829,0.379962239927796,0.3825056339899762,398.8610891924819,399.20122198896945,0.49323943892358235,0.002507138517887383
MAIN,0.75,0.7,100,dollars,DIFF,COR-2000,DEF-0.75,0.3259080708180817,0.32629440029095347,0.3273220758616698,0.0,1.0324037447884982,1.0320848971688812,1.0376866058501186,1.0,0.06706806728670635,0.06744839085326629,0.32613637764916226,0.3275739634787391,793.205228353859,795.2263971827142,0.7925673855501502,0.0012607077768310747
MAIN,0.75,0.7,100,dollars,DIFF,COR-2000,RA-EST,0.30427072242115094,0.3043228688889733,0.30508983458515565,0.0,0.9638601637654848,0.963379316541583,0.9658015297832626,0.0,0.06261525206270156,0.06280125893018756,0.3045033743512755,0.30521580152369854,70042.55907626892,99953.00383560274,1.627628930214526,1.4277035774766293e-05
MAIN,0.75,0.7,100,dollars,DIFF,COR-2000,SRSWOR,,,,0.0,3.1677902321684623,3.1648608896061132,3.1765363816542855,1.0,0.20578934192543608,0.20651995414815943,0.9997237191960547,0.99999466766298,,,,
MAIN,0.75,0.7,100,dollars,DIFF,COR-500,DEF-0.0,0.99995,0.99995,0.9999500000000002,0.0,3.183816543391435,3.1696362012449724,3.224262232384063,1.0,0.2082740373203947,0.2118404674183006,1.0,1.0,200.0,200.0,0.0,0.005
MAIN,0.75,0.7,100,dollars,DIFF,COR-500,DEF-0.25,0.4957686777426247,0.49613552705106556,0.5047807248744188,0.0,1.5784446730996209,1.5700823207556445,1.6122672022895723,1.0,0.10325477202213287,0.10552830547675701,0.4964367614277506,0.5055775630408536,266.4283105545186,266.54018264844086,0.2623570324205748,0.003753354881598376
MAIN,0.75,0.7,100,dollars,DIFF,COR-500,DEF-0.5,0.37985791557371706,0.38077180493212365,0.38600613226204517,0.0,1.209373529130231,1.2046496573304162,1.2303733989545202,1.0,0.0791119606531046,0.0808280605870801,0.3806637168847859,0.3868151302277487,398.9293115715591,399.4313614155703,0.49423686846594483,0.002506709763196752
MAIN,0.75,0.7,100,dollars,DIFF,COR-500,DEF-0.75,0.3262482408091567,0.3268795768690087,0.33019159650861735,0.0,1.0386742525671502,1.0347319665268588,1.0508549455956164,1.0,0.06794612323008085,0.06927869229959262,0.32711525361479543,0.3312161332267154,793.610078175878,796.5978427315296,0.7949503218020736,0.001260064644795128
MAIN,0.75,0.7,100,dollars,DIFF,COR-500,RA-EST,0.30792257742978396,0.30483323518748223,0.3090676729670976,0.0,0.9803619874246153,0.9672556318882086,0.9834848144635495,0.05,0.06413923301783216,0.06479107718300732,0.3088086027188011,0.3096422274877354,74519.75280175981,140505.6835728286,1.6448859673198655,1.3419526393503991e-05
MAIN,0.75,0.7,100,dollars,DIFF,COR-500,SRSWOR,,,,0.0,3.183975742178544,3.169794690979522,3.2244234535567413,1.0,0.20828445154297184,0.21185105997129913,0.9987520393807692,0.9999884854249407,,,,
MAIN,0.75,0.7,100,dollars,DIFF,KS-2000,DEF-0.0,0.99995,0.99995,0.9999500000000002,0.0,3.1683841846444727,3.1649608565399605,3.178335000891229,1.0,0.20593643706428344,0.20670146486118812,1.0,1.0,200.0,200.0,0.0,0.005
MAIN,0.75,0.7,100,dollars,DIFF,KS-2000,DEF-0.25,0.4952534595180116,0.49505982991973385,0.4995728407777689,0.0,1.5692196304202455,1.5659329762858638,1.5834675645611924,1.0,0.1019948675888878,0.10300112985075886,0.49546286078280327,0.49986567229849826,266.4222240457167,266.48501700492164,0.26266003086603673,0.0037534406282475966
MAIN,0.75,0.7,100,dollars,DIFF,KS-2000,DEF-0.5,0.3794562767378074,0.3795777704102571,0.38220286424311045,0.0,1.2023112011515007,1.2005143670975804,1.2118973583466184,1.0,0.07814683540425815,0.07879366751114525,0.3796999736074783,0.3825725335456678,398.90202115497243,399.18368867566323,0.4946138131247403,0.002506881256495194
MAIN,0.75,0.7,100,dollars,DIFF,KS-2000,DEF-0.75,0.3257210623488124,0.32603360489264765,0.3272762180403855,0.0,1.032049000866586,1.0313522961661636,1.0375211898793852,1.0,0.06708027851714232,0.06749102095498281,0.32597955035603576,0.32757378441436535,793.448096242498,795.1220423100646,0.7947169675441687,0.0012603218847427908
MAIN,0.75,0.7,100,dollars,DIFF,KS-2000,RA-EST,0.3042087192604281,0.30434142309263895,0.3050344693848855,0.0,0.9638863358600274,0.963511215083935,0.9653187424858726,0.0,0.0626499335798808,0.06285396016820602,0.304472146783735,0.30522000127408033,72661.25890499863,97804.81269710882,1.633228791152296,1.3762512990387563e-05
MAIN,0.75,0.7,100,dollars,DIFF,KS-2000,SRSWOR,,,,0.0,3.1685426117750612,3.165119112495585,3.178493925587509,1.0,0.2059467344010035,0.20671180045121068,0.9996774385386246,0.9999898666509336,,,,
MAIN,0.75,0.7,100,dollars,DIFF,MIS-G-10000,DEF-0.0,0.99995,0.99995,0.9999500000000002,0.0,3.154785983133268,3.154308327689001,3.1564876969188407,1.0,0.2073854974615209,0.20753994308186816,1.0,1.0,200.0,200.0,0.0,0.005
MAIN,0.75,0.7,100,dollars,DIFF,MIS-G-10000,DEF-0.25,0.5001585625890022,0.5002646637979384,0.501923405358989,0.0,1.5779717535294,1.577890986506721,1.583690312665538,1.0,0.10373079688967671,0.10411073623389899,0.5002314304560981,0.5019959559323921,266.30823498723197,266.3146913055291,0.260817583527161,0.003755047229568191
MAIN,0.75,0.7,100,dollars,DIFF,MIS-G-10000,DEF-0.5,0.38415649682415093,0.3842658945680172,0.38529600177576817,0.0,1.211991842491493,1.2119913802450537,1.2157617297147494,1.0,0.07967245158883482,0.07991779108150603,0.3842338475828237,0.3853818043733517,398.39138179049235,398.4202810410598,0.49159571988748313,0.0025100944591363826
MAIN,0.75,0.7,100,dollars,DIFF,MIS-G-10000,DEF-0.75,0.330237287762035,0.3303301625173817,0.33086700176341227,0.0,1.041879840296118,1.0418786492054406,1.0439943514577128,1.0,0.06848983401348795,0.06863191818427436,0.3303162746424755,0.3309657774449881,790.4253009194223,790.5959649097834,0.7895922559662639,0.0012651416887045738
MAIN,0.75,0.7,100,dollars,DIFF,MIS-G-10000,RA-EST,0.3086639898017586,0.30869692998619913,0.3087468087750078,0.0,0.9738173917032046,0.9737781276504206,0.9739472940901748,0.0,0.06401562629026758,0.06403571579994657,0.30874319614876694,0.30880801898246074,49532.123842467496,50441.91983560939,1.612414266586065,2.0188918272765204e-05
MAIN,0.75,0.7,100,dollars,DIFF,MIS-G-10000,SRSWOR,,,,0.0,3.154943730319784,3.1544660509915508,3.1566455291953006,1.0,0.20739586725488365,0.20755032059789805,0.9999517612139521,0.999999988674017,,,,
MAIN,0.75,0.7,100,dollars,DIFF,MIS-G-2000,DEF-0.0,0.99995,0.99995,0.9999500000000002,0.0,3.159386671955028,3.156697599069933,3.1675241815380395,1.0,0.20783164281333297,0.20850217474930333,1.0,1.0,200.0,200.0,0.0,0.005
MAIN,0.75,0.7,100,dollars,DIFF,MIS-G-2000,DEF-0.25,0.5002428031566685,0.5009421300017476,0.5046748359095814,0.0,1.5805291173391092,1.5799998397948076,1.5959370153756636,1.0,0.1039706931405385,0.10500376648179453,0.5004406155689457,0.5048732571835614,266.3074693704258,266.32642852404075,0.2603222838800913,0.003755058025090698
MAIN,0.75,0.7,100,dollars,DIFF,MIS-G-2000,DEF-0.5,0.38408124910959285,0.3846519965962528,0.3869684560142665,0.0,1.2135134984819955,1.213190798153192,1.2236464149134023,1.0,0.07982758898299265,0.08049275015137812,0.38431115531453947,0.3872280478518129,398.3879549859058,398.4728253811832,0.4909215670606557,0.002510116050181396
MAIN,0.75,0.7,100,dollars,DIFF,MIS-G-2000,DEF-0.75,0.3300478625231392,0.3305839997809097,0.33164812187932013,0.0,1.0427943630083345,1.0426314911716292,1.0485644197148218,1.0,0.06859731355108703,0.06896586017018096,0.33029164399415556,0.33190654271270587,790.4050672752118,790.9063899409172,0.7885842106669967,0.0012651740752720943
MAIN,0.75,0.7,100,dollars,DIFF,MIS-G-2000,RA-EST,0.3083548767014308,0.30855693287590213,0.30884609934957064,0.0,0.9742567726101795,0.9740660220641972,0.9749698784812967,0.0,0.0640887812349673,0.06420116667499402,0.3086032476565526,0.3090028711508863,49426.43325468735,52184.318522973575,1.609961905122034,2.0232100362792365e-05
MAIN,0.75,0.7,100,dollars,DIFF,MIS-G-2000,SRSWOR,,,,0.0,3.1595446491874877,3.156855441842025,3.1676825656663223,1.0,0.20784203491507872,0.2085126003793223,0.9996985156964672,0.9999966035877269,,,,
MAIN,0.75,0.7,100,dollars,DIFF,MIS-I-2000,DEF-0.0,0.99995,0.99995,0.9999500000000002,0.0,3.1690605981145556,3.165125287832862,3.182377237204725,1.0,0.2064388006699291,0.20752976942029752,1.0,1.0,200.0,200.0,0.0,0.005
MAIN,0.75,0.7,100,dollars,DIFF,MIS-I-2000,DEF-0.25,0.4965938994877506,0.4969237608664323,0.5014663985621686,0.0,1.5737984314908127,1.5718861796592716,1.5902935409928904,1.0,0.10252006929263985,0.1036722015480291,0.49681846843416144,0.5016797896025734,266.327243520666,266.3591159865664,0.261164019794188,0.003754779221159261
MAIN,0.75,0.7,100,dollars,DIFF,MIS-I-2000,DEF-0.5,0.3805816990708386,0.3810099409449799,0.38360450301111915,0.0,1.2061326052613013,1.2049893467348276,1.2167430389127165,1.0,0.07856964754007335,0.07931271933303473,0.38084399154907284,0.3840255730241444,398.47647424233514,398.6192069208864,0.492070503547841,0.0025095584423185215
MAIN,0.75,0.7,100,dollars,DIFF,MIS-I-2000,DEF-0.75,0.32665770147640827,0.3271109053832228,0.32834827732062,0.0,1.0352377269045496,1.0347693474478736,1.0412851711812827,1.0,0.0674372613860595,0.06787527350581962,0.3269363515549129,0.32875029473658285,790.9279529416544,791.7720470710649,0.7903092265836786,0.0012643376634777822
MAIN,0.75,0.7,100,dollars,DIFF,MIS-I-2000,RA-EST,0.30486144964935186,0.3050678502063522,0.3058101049078915,0.0,0.9661634549912764,0.965863452252945,0.9678432556975484,0.0,0.06293767949494786,0.06311349565346774,0.30514565931870513,0.3059504719507249,52309.77906600549,57737.762699646766,1.612888253050314,1.9116884637043054e-05
MAIN,0.75,0.7,100,dollars,DIFF,MIS-I-2000,SRSWOR,,,,0.0,3.169219059067509,3.1652835520104627,3.1825363640229263,1.0,0.2064491231260854,0.20754014642761887,0.9996466194964689,0.9999957702413269,,,,
MAIN,0.75,0.7,100,dollars,EXP,COR-2000,ST-NEY-EST,,,,0.0,1.6230138377147478,1.6005589213010059,1.6544250784041308,1.0,0.11372830953111564,0.11592936735383173,0.5524977678816311,0.5636977819007212,,,,
MAIN,0.75,0.7,100,dollars,HT,COR-10000,DEF-0.0,0.99995,0.9999500000000001,0.9999500000000001,0.0,14.27026123674892,14.27026123674892,14.27026123674892,1.0,0.99995,0.9999500000000001,1.0,1.0,200.0,200.0,0.0,0.005
MAIN,0.75,0.7,100,dollars,HT,COR-10000,DEF-0.25,0.2946077651992467,0.2946115325053711,0.2951268507927118,0.0,4.204339988767476,4.204393751898186,4.211747846183326,1.0,0.2946077651992467,0.2951268507927118,0.43160195781014815,0.43202192367525316,266.41643274913554,266.42758796366377,0.284267733895054,0.003753522219635927
MAIN,0.75,0.7,100,dollars,HT,COR-10000,DEF-0.5,0.15625498405329175,0.15626307479751578,0.15661061360663445,0.0,2.229910937531386,2.230026400338203,2.2349861179201143,1.0,0.15625498405329175,0.15661061360663445,0.31939438386849983,0.31968383881429896,398.8760567366036,398.9260714909057,0.5323134434146037,0.0025070444392718554
MAIN,0.75,0.7,100,dollars,HT,COR-10000,DEF-0.75,0.09388460905063292,0.09388791399954882,0.09411842063679966,0.0,1.339824888506999,1.3398720533496453,1.3431616077577395,1.0,0.09388460905063292,0.09411842063679966,0.26863590060313103,0.26882612549083434,793.2940260915,793.5908438876457,0.8617765328066354,0.0012605666589077828
MAIN,0.75,0.7,100,dollars,HT,COR-10000,RA-EST,0.0682759967778231,0.06827272736897555,0.06828756844051487,0.0,0.9743650284703869,0.9743183708191598,0.9745301673768869,0.0,0.0682759967778231,0.06828756844051487,0.247797235560685,0.24780687160909343,70977.97178121438,74292.99602678254,1.9537753469191992,1.4088878543710516e-05
MAIN,0.75,0.7,100,dollars,HT,COR-2000,DEF-0.0,0.99995,0.9999500000000001,0.9999500000000001,0.0,14.27026123674892,14.27026123674892,14.27026123674892,1.0,0.99995,0.9999500000000001,1.0,1.0,200.0,200.0,0.0,0.005
MAIN,0.75,0.7,100,dollars,HT,COR-2000,DEF-0.25,0.29460979543211396,0.2945481749198844,0.295842081161014,0.0,4.204368962169533,4.203489577393236,4.221954880735183,1.0,0.29460979543211396,0.295842081161014,0.4316035859146175,0.43260098146610537,266.41861853598266,266.4420054656421,0.28434848712573857,0.0037534914244942204
MAIN,0.75,0.7,100,dollars,HT,COR-2000,DEF-0.5,0.15626031922954028,0.15621766027033965,0.1571280132352156,0.0,2.229987075697105,2.229378290765978,2.2423699149736174,1.0,0.15626031922954028,0.1571280132352156,0.3193987629608564,0.3201052680467057,398.8858561226906,398.99072518248875,0.5324782741343558,0.0025069828489884417
MAIN,0.75,0.7,100,dollars,HT,COR-2000,DEF-0.75,0.09389907150341437,0.09386882804748409,0.09444765437473134,0.0,1.3400312818059794,1.3395996782089723,1.3478600941302945,1.0,0.09389907150341437,0.09444765437473134,0.2686478104081709,0.26909549695451385,793.3521699491478,793.9747567336045,0.8621069888081754,0.0012604742734826624
MAIN,0.75,0.7,100,dollars,HT,COR-2000,RA-EST,0.06832786947156803,0.06831269401110134,0.06838822568861938,0.0,0.9751053023748759,0.9748887337611976,0.9759666444265631,0.0,0.06832786947156803,0.06838822568861938,0.24783951613449143,0.24788757795117775,71604.04535272178,79064.85197670836,1.9573413792234047,1.396569797688322e-05
MAIN,0.75,0.7,100,dollars,HT,COR-500,DEF-0.0,0.99995,0.9999500000000001,0.9999500000000001,0.0,14.27026123674892,14.27026123674892,14.27026123674892,1.0,0.99995,0.9999500000000001,1.0,1.0,200.0,200.0,0.0,0.005
MAIN,0.75,0.7,100,dollars,HT,COR-500,DEF-0.25,0.2947630764716889,0.2944659940658082,0.2971225204790755,0.0,4.206556432020402,4.202316776496865,4.240227997957586,1.0,0.2947630764716889,0.2971225204790755,0.43172719124305436,0.4336366655380743,266.4230909316632,266.4753600681294,0.2845698633057716,0.0037534284153199118
MAIN,0.75,0.7,100,dollars,HT,COR-500,DEF-0.5,0.15641267095873312,0.15621358214228087,0.15802564566390492,0.0,2.232161283382942,2.229320091903279,2.2551800047300787,1.0,0.15641267095873312,0.15802564566390492,0.3195220468509644,0.32083562394269477,398.9059079002727,399.14035372773156,0.532880923118434,0.0025068568306398243
MAIN,0.75,0.7,100,dollars,HT,COR-500,DEF-0.75,0.09407432817922917,0.09391717475066767,0.09517224516017182,0.0,1.3425323654075207,1.340289632791067,1.3582007109591128,1.0,0.09407432817922917,0.09517224516017182,0.268789985734383,0.269684346109953,793.4711631569237,794.8641972546948,0.8627867080046171,0.0012602852459597364
MAIN,0.75,0.7,100,dollars,HT,COR-500,RA-EST,0.068635810399568,0.06848164212853368,0.06911492219400164,0.0,0.9794999195937831,0.9772997880851301,0.9863373119315758,0.02,0.068635810399568,0.06911492219400164,0.24808889528809275,0.24847157069941803,72920.01002788515,92861.61745551821,1.962532813694415,1.3713661279648477e-05
MAIN,0.75,0.7,100,dollars,HT,KS-2000,DEF-0.0,0.99995,0.9999500000000001,0.9999500000000001,0.0,14.27026123674892,14.27026123674892,14.27026123674892,1.0,0.99995,0.9999500000000001,1.0,1.0,200.0,200.0,0.0,0.005
MAIN,0.75,0.7,100,dollars,HT,KS-2000,DEF-0.25,0.2947345196502285,0.29464730594801214,0.29594881284720154,0.0,4.206148898341386,4.204904273796107,4.223478045937578,1.0,0.2947345196502285,0.29594881284720154,0.43170452290129063,0.4326885712545819,266.4159001215376,266.43935103518567,0.28429476020040356,0.003753529723805415
MAIN,0.75,0.7,100,dollars,HT,KS-2000,DEF-0.5,0.15635297203835993,0.15629089061953466,0.15721108746247917,0.0,2.231309321595575,2.2304233592328724,2.243555465176219,1.0,0.15635297203835993,0.15721108746247917,0.319474170989386,0.3201743675148265,398.87366889447054,398.97882063565265,0.5323578024450487,0.0025070594476108306
MAIN,0.75,0.7,100,dollars,HT,KS-2000,DEF-0.75,0.0939628710364062,0.09391988497285272,0.09450522965296236,0.0,1.340941763332632,1.3403283103035326,1.348681749474197,1.0,0.0939628710364062,0.09450522965296236,0.26869986530829004,0.2691445499998857,793.2798589104964,793.9040491468777,0.8618445608801926,0.0012605891714162459
MAIN,0.75,0.7,100,dollars,HT,KS-2000,RA-EST,0.06833852437773905,0.06832546405673959,0.06840538283904987,0.0,0.9752573582721841,0.9750709747605105,0.9762114936877475,0.0,0.06833852437773905,0.06840538283904987,0.24784826917428823,0.24790092959023702,70827.11675157928,78140.8853854466,1.9533894134112357,1.4118895221661185e-05
MAIN,0.75,0.7,100,dollars,HT,MIS-G-10000,DEF-0.0,0.99995,0.9999500000000001,0.9999500000000001,0.0,14.27026123674892,14.27026123674892,14.27026123674892,1.0,0.99995,0.9999500000000001,1.0,1.0,200.0,200.0,0.0,0.005
MAIN,0.75,0.7,100,dollars,HT,MIS-G-10000,DEF-0.25,0.29507076150302647,0.2950522215842628,0.2955761152344412,0.0,4.210947397344491,4.210682814631289,4.218159287703263,1.0,0.29507076150302647,0.2955761152344412,0.4319772475055303,0.43238632270675936,266.41917833599405,266.42574582194914,0.2840205673354038,0.003753483537656031
MAIN,0.75,0.7,100,dollars,HT,MIS-G-10000,DEF-0.5,0.15666693467741952,0.15665568238571478,0.15701090595558417,0.0,2.23578987450118,2.235629293329983,2.2406986799387996,1.0,0.15666693467741952,0.15701090595558417,0.31973083192390955,0.32001111699942486,398.88836588550794,398.9178116118437,0.5317940351234302,0.002506967075312063
MAIN,0.75,0.7,100,dollars,HT,MIS-G-10000,DEF-0.75,0.09425210119493442,0.09424565201399503,0.09446490944340094,0.0,1.345069359632191,1.3449773235336178,1.3481063407802005,1.0,0.09425210119493442,0.09446490944340094,0.2689379398288169,0.26911185334884347,793.3670623121143,793.5418145379567,0.8606972731515596,0.0012604506129680944
MAIN,0.75,0.7,100,dollars,HT,MIS-G-10000,RA-EST,0.06858095805859434,0.06857938574065056,0.06858633236122998,0.0,0.9787171232188231,0.9786946847090929,0.9787938197562258,0.0,0.06858095805859434,0.06858633236122998,0.24804946527659522,0.24805452971127798,71766.12532673724,73724.28305855447,1.944094138645061,1.3934150624125918e-05
MAIN,0.75,0.7,100,dollars,HT,MIS-G-2000,DEF-0.0,0.99995,0.9999500000000001,0.9999500000000001,0.0,14.27026123674892,14.27026123674892,14.27026123674892,1.0,0.99995,0.9999500000000001,1.0,1.0,200.0,200.0,0.0,0.005
MAIN,0.75,0.7,100,dollars,HT,MIS-G-2000,DEF-0.25,0.2949950006762375,0.29490963830118583,0.29631085831498316,0.0,4.209866216495659,4.208648012193667,4.22864478767949,1.0,0.2949950006762375,0.29631085831498316,0.4319159096172412,0.43298095785267016,266.42159275941196,266.43913667222506,0.28416985357320246,0.0037534495220263816
MAIN,0.75,0.7,100,dollars,HT,MIS-G-2000,DEF-0.5,0.15661156784452676,0.15654159037331186,0.15753425468538002,0.0,2.2349997358250153,2.234001089097755,2.2481673764657333,1.0,0.15661156784452676,0.15753425468538002,0.31968576185902475,0.3204369731108544,398.89919076527553,398.97785928283383,0.5321120915257851,0.002506899044052763
MAIN,0.75,0.7,100,dollars,HT,MIS-G-2000,DEF-0.75,0.09421878308997292,0.09416716738768499,0.09480671358113904,0.0,1.3445938777963846,1.3438572714104988,1.3529842190114363,1.0,0.09421878308997292,0.09480671358113904,0.2689107711026964,0.2693934186851987,793.4312990386907,793.8983394803362,0.8613512917268616,0.0012603485660791448
MAIN,0.75,0.7,100,dollars,HT,MIS-G-2000,RA-EST,0.06860071428478756,0.06859237118432095,0.06863414582035078,0.0,0.978999063824683,0.9788799996482911,0.979476164425746,0.0,0.06860071428478756,0.06863414582035078,0.24806545094168886,0.2480931214057772,72473.83651654328,78067.1227703614,1.950808119004655,1.3798088105526424e-05
MAIN,0.75,0.7,100,dollars,HT,MIS-I-2000,DEF-0.0,0.99995,0.9999500000000001,0.9999500000000001,0.0,14.27026123674892,14.27026123674892,14.27026123674892,1.0,0.99995,0.9999500000000001,1.0,1.0,200.0,200.0,0.0,0.005
MAIN,0.75,0.7,100,dollars,HT,MIS-I-2000,DEF-0.25,0.2947559780905718,0.2946800652464198,0.2959588371045376,0.0,4.206455131202461,4.205371780917673,4.223621101861265,1.0,0.2947559780905718,0.2959588371045376,0.4317219508938574,0.4326958529045592,266.4173266187813,266.44424382685355,0.28425263273535933,0.003753509626021858
MAIN,0.75,0.7,100,dollars,HT,MIS-I-2000,DEF-0.5,0.15638326295995808,0.1563418992364755,0.15723692780008475,0.0,2.2317416025739316,2.231151301919078,2.243924231982637,1.0,0.15638326295995808,0.15723692780008475,0.31949891213994414,0.3201956197276373,398.8800641272138,399.00076411757425,0.5322956352506938,0.002507019252043716
MAIN,0.75,0.7,100,dollars,HT,MIS-I-2000,DEF-0.75,0.09400027004291976,0.09397389123324873,0.09453261393435322,0.0,1.3414754836115892,1.3410990322839025,1.3490725498634446,1.0,0.09400027004291976,0.09453261393435322,0.26873057022142666,0.2691669184376018,793.3178030339882,794.0343899655021,0.8616998257541015,0.0012605288780655737
MAIN,0.75,0.7,100,dollars,HT,MIS-I-2000,RA-EST,0.06839477438450131,0.06838543852009409,0.06844592932287555,0.0,0.976060100700372,0.9759268688148157,0.9767901315360641,0.0,0.06839477438450131,0.06844592932287555,0.24789441746575464,0.2479325227732097,71232.87305666144,79861.18161175105,1.9551448670384701,1.4038504087431698e-05
MAIN,0.75,0.7,100,rate,DIFF,COR-10000,DEF-0.0,0.99995,0.99995,0.9999500000000001,0.0,1.001551223818991,1.0015218416574427,1.0016564092460707,1.0,0.9107039862415265,0.9110910970946683,1.0,1.0,200.0,200.0,0.0,0.005
MAIN,0.75,0.7,100,rate,DIFF,COR-10000,DEF-0.25,0.9902078057655724,0.9902113370250907,0.9906543628448833,0.0,0.9917934290310252,0.9917962994331586,0.9922279446076151,0.0,0.9018312777959303,0.90234106431828,0.9902587594041607,0.9907061604032137,256.2415600261219,258.1824393291525,0.041189684202431756,0.003902567561675839
MAIN,0.75,0.7,100,rate,DIFF,COR-10000,DEF-0.5,0.9826477221757276,0.9826498947162058,0.9833118029384452,0.0,0.9842212395281226,0.9842105937658974,0.984868259660426,0.0,0.8949459342282406,0.8955804092523989,0.9826994156025559,0.9833649984624736,356.4890662613533,364.1050580720619,0.08628302408240854,0.0028051351233516785
MAIN,0.75,0.7,100,rate,DIFF,COR-10000,DEF-0.75,0.9775769800805952,0.9775502298682625,0.9781342761360527,0.0,0.9791423779425656,0.9791046946649502,0.9797029752915023,0.0,0.8903277679075753,0.8909223878802752,0.9776291683062032,0.9781897155530546,585.582030169641,617.4023008683383,0.13790749826953924,0.0017077026850275177
MAIN,0.75,0.7,100,rate,DIFF,COR-10000,RA-EST,0.975739294810912,0.9756740867822028,0.9759983866078255,0.0,0.9773017497327363,0.9772424243431918,0.9775505680593143,0.0,0.8886541232524163,0.8891348421361726,0.9757916567231385,0.9760503605599341,1638.6184286894375,2028.7491674211958,0.2043835343309131,0.000610270246703357
MAIN,0.75,0.7,100,rate,DIFF,COR-10000,SRSWOR,,,,0.0,1.0016013038841853,1.0015719202534554,1.0017064945707994,1.0,0.9107495237177123,0.9111366539273648,0.9998999896219939,0.9999983861612312,,,,
MAIN,0.75,0.7,100,rate,DIFF,COR-2000,DEF-0.0,0.99995,0.99995,0.9999500000000001,0.0,1.0017912366921187,1.0016330763857555,1.002219133218334,1.0,0.912378617116239,0.9140144335630199,1.0,1.0,200.0,200.0,0.0,0.005
MAIN,0.75,0.7,100,rate,DIFF,COR-2000,DEF-0.25,0.9902332316699719,0.9902694355554285,0.991275041571994,0.0,0.9920565830768326,0.9920500995788091,0.9931781547281896,0.0,0.9035127542400457,0.9054222355013682,0.9902878471612765,0.991329622508711,256.00019645926545,260.63338091712944,0.041142636623667336,0.003906247002315841
MAIN,0.75,0.7,100,rate,DIFF,COR-2000,DEF-0.5,0.982804349417545,0.9828254239270773,0.9843204350953657,0.0,0.9846140359157013,0.9846108591488363,0.9862542164041649,0.0,0.8967345328768107,0.8989339151686105,0.9828624663631637,0.984371184192001,355.5563135210785,374.0255518187144,0.08595167787531816,0.0028124940046316826
MAIN,0.75,0.7,100,rate,DIFF,COR-2000,DEF-0.75,0.9780285508235607,0.9778667145949034,0.9792755720189746,0.0,0.979829462503318,0.979677347734935,0.9812145953804533,0.0,0.892377209035765,0.894654803275037,0.9780888650494015,0.9793328160584075,581.8212263987416,662.0670175238434,0.13646905274459675,0.0017187410069475235
MAIN,0.75,0.7,100,rate,DIFF,COR-2000,RA-EST,0.9768995662632678,0.9764029489890835,0.9788079315611716,0.0,0.9786984095445854,0.9781974057428164,0.9807260114201114,0.0,0.8913476530835376,0.89402326937344,0.9769602316100798,0.9789080407340928,1600.0307081474143,2879.9579467145286,0.20198145794329572,0.0006249880092633645
MAIN,0.75,0.7,100,rate,DIFF,COR-2000,SRSWOR,,,,0.0,1.0018413287585566,1.0016831605437826,1.002269246680668,1.0,0.9124242383281554,0.9140601365698483,0.999525683752665,0.9999869034906593,,,,
MAIN,0.75,0.7,100,rate,DIFF,COR-500,DEF-0.0,0.99995,0.99995,0.9999500000000001,0.0,1.0026027645749875,1.0020168977609525,1.0044011649887625,1.0,0.9194583610408306,0.9286655504976405,1.0,1.0,200.0,200.0,0.0,0.005
MAIN,0.75,0.7,100,rate,DIFF,COR-500,DEF-0.25,0.9902280981236485,0.9901617111561463,0.9922484209451382,0.0,0.9928550597260127,0.9925835390794527,0.9955720088779186,0.005,0.9105199473050231,0.9192764893879379,0.9902988739099622,0.9923323835628121,257.47062297319826,264.09697793282305,0.04411104632214423,0.0038839382641141533
MAIN,0.75,0.7,100,rate,DIFF,COR-500,DEF-0.5,0.9833689003432408,0.9831254289248522,0.9861743626041838,0.0,0.9859778798273214,0.9854792516807176,0.9897444648816633,0.005,0.9042163321149659,0.913101837327272,0.9834539047357286,0.9862601208772462,361.2878048775997,388.6553971700978,0.09275168280907062,0.002767876528228307
MAIN,0.75,0.7,100,rate,DIFF,COR-500,DEF-0.75,0.9802371335706473,0.9793973774722187,0.9832587982026714,0.005,0.982838234104061,0.9817031317496434,0.9872164343703483,0.005,0.9013449218177036,0.9111485593081533,0.9803278436110427,0.9833965256212148,605.3948821049424,735.591395883656,0.14930048752713082,0.0016518147923424602
MAIN,0.75,0.7,100,rate,DIFF,COR-500,RA-EST,0.9930081607342651,0.9793937678978104,0.9943404900650877,0.07,0.9956474575368387,0.9817525654182715,0.9967028935744265,0.085,0.9132047945258306,0.921752293196166,0.9930824639780619,0.9944109654876487,1866.5385678296393,6864.460891728166,0.2274041738615587,0.0005357530564566136
MAIN,0.75,0.7,100,rate,DIFF,COR-500,SRSWOR,,,,0.0,1.0026528972198485,1.0020670011110082,1.0044513875581407,1.0,0.9195043362576435,0.9287119860969454,0.9978539171789703,0.9999716756134744,,,,
MAIN,0.75,0.7,100,rate,DIFF,KS-2000,DEF-0.0,0.99995,0.99995,0.9999500000000001,0.0,1.0018073196330284,1.0016233038593951,1.0022974963538964,1.0,0.912909749930562,0.9150004603782959,1.0,1.0,200.0,200.0,0.0,0.005
MAIN,0.75,0.7,100,rate,DIFF,KS-2000,DEF-0.25,0.9902923285550611,0.990242999690985,0.9912368940152162,0.0,0.9921317433022413,0.9919599403982865,0.9932794759505736,0.0,0.9040928695675511,0.9066764389974182,0.9903467325516524,0.9912885697407553,256.3349051180295,259.98338715322404,0.04158632587604176,0.003901146430298499
MAIN,0.75,0.7,100,rate,DIFF,KS-2000,DEF-0.5,0.9828963926103998,0.9827974328686915,0.9843553187470651,0.0,0.9847220990414058,0.9845041686421556,0.9863949602778844,0.0,0.8973409050423125,0.9000612938322473,0.9829541658040126,0.9844078533217038,356.85063989650416,371.3607843096074,0.0871556285466499,0.0028022928605969987
MAIN,0.75,0.7,100,rate,DIFF,KS-2000,DEF-0.75,0.9781156776222025,0.9778678215514087,0.9796768381355629,0.0,0.9799325218567081,0.9796467871855825,0.9816048919585199,0.0,0.8929766023855268,0.8958799785368474,0.9781756247448218,0.9797342093389304,587.0476325609952,649.6888374004454,0.13921543112889984,0.0017034392908954975
MAIN,0.75,0.7,100,rate,DIFF,KS-2000,RA-EST,0.9768758061472187,0.9764366903259363,0.9781724228905178,0.0,0.9786903235405484,0.9782341455936483,0.9805293937937645,0.0,0.8918451038653774,0.8948589657840442,0.9769363035617757,0.9782249056746916,1654.025237973058,2593.396863555546,0.20649109182612513,0.0006045857211939968
MAIN,0.75,0.7,100,rate,DIFF,KS-2000,SRSWOR,,,,0.0,1.0018574125036537,1.0016733875287716,1.0023476137345828,1.0,0.912955397700447,0.9150462126889303,0.9995368724273113,0.9999893911832081,,,,
MAIN,0.75,0.7,100,rate,DIFF,MIS-G-10000,DEF-0.0,0.99995,0.99995,0.9999500000000002,0.0,1.00158449628654,1.0015556562639134,1.0016631308676303,1.0,0.9258222021931499,0.92606976357724,1.0,1.0,200.0,200.0,0.0,0.005
MAIN,0.75,0.7,100,rate,DIFF,MIS-G-10000,DEF-0.25,0.9935256768782385,0.9935337950429187,0.9937971206780911,0.0,0.9951496742785744,0.9951483392405953,0.995466779640112,0.0,0.9198741349660176,0.9202261518921443,0.9935762204000471,0.9938472271076891,234.93039130538534,236.34894103401376,0.03161445042514853,0.004256579978700048
MAIN,0.75,0.7,100,rate,DIFF,MIS-G-10000,DEF-0.5,0.9887326799331037,0.9887355419716517,0.9891167344998427,0.0,0.9903488439926906,0.9903483977109667,0.9907733924830172,0.0,0.9154364557224774,0.9158554952630172,0.9887836278798777,0.9891669565315678,284.6440276661023,288.8450080639509,0.06454860833658851,0.003513159957400095
MAIN,0.75,0.7,100,rate,DIFF,MIS-G-10000,DEF-0.75,0.9856966749412766,0.9856862906418276,0.9860229066188058,0.0,0.9873078764050495,0.9872864967477402,0.987663855999785,0.0,0.9126255134679137,0.9129990238154208,0.9857478776578794,0.9860736936893003,361.0447274717409,371.31985744618964,0.09928988679443483,0.0027697399361001425
MAIN,0.75,0.7,100,rate,DIFF,MIS-G-10000,RA-EST,0.9846350353416934,0.9846181919938535,0.984711891299557,0.0,0.9862444999105676,0.9862122559313853,0.9863783805916515,0.0,0.9116425657285496,0.9119251270223234,0.9846863249097979,0.9847625305736366,493.5054894413537,519.7163298955145,0.13657890245721288,0.00202631991480019
MAIN,0.75,0.7,100,rate,DIFF,MIS-G-10000,SRSWOR,,,,0.0,1.0016345780154408,1.001605736550741,1.0017132165284564,1.0,0.9258684956179308,0.9261160693807091,0.9999131515528892,0.9999992055313566,,,,
MAIN,0.75,0.7,100,rate,DIFF,MIS-G-2000,DEF-0.0,0.99995,0.99995,0.9999500000000002,0.0,1.001851020707455,1.0017254342042867,1.002233685959786,1.0,0.9266215308913442,0.9279053487397679,1.0,1.0,200.0,200.0,0.0,0.005
MAIN,0.75,0.7,100,rate,DIFF,MIS-G-2000,DEF-0.25,0.9935209881088031,0.9934760802906928,0.9941592578144809,0.0,0.9954098062067958,0.9953265818826853,0.9963492830647266,0.0,0.9206640650805573,0.9223688753573397,0.9935741481519267,0.9942092871524055,235.1324442224514,238.7530092684113,0.0320035085940094,0.0042529222395499755
MAIN,0.75,0.7,100,rate,DIFF,MIS-G-2000,DEF-0.5,0.9887608360317273,0.988660507703444,0.9896621269805492,0.0,0.9906406170915136,0.9904905182569446,0.9919169448469818,0.0,0.9162530502356812,0.9181652732769974,0.9888163461093973,0.9897121803892599,285.23798287610066,296.1332995824621,0.0653315600548244,0.0035058444790999517
MAIN,0.75,0.7,100,rate,DIFF,MIS-G-2000,DEF-0.75,0.9858058308898715,0.985638449847504,0.9865390738421641,0.0,0.987679999840283,0.9875114860798071,0.9888602750815475,0.0,0.9135147797450536,0.9153117403369985,0.9858628160969312,0.9865970816396079,362.4808217659314,389.8200498894148,0.10042192443183245,0.002758766718649928
MAIN,0.75,0.7,100,rate,DIFF,MIS-G-2000,RA-EST,0.9848949883429161,0.984778767566576,0.9853714778132683,0.0,0.9867674246258388,0.9865994095356363,0.9874798822656536,0.0,0.9126707433800799,0.9142070453783834,0.984952460213042,0.985457957198811,497.09478544713045,570.2183215108336,0.13838833403723827,0.0020116889581999037
MAIN,0.75,0.7,100,rate,DIFF,MIS-G-2000,SRSWOR,,,,0.0,1.001901115763243,1.0017755229804357,1.0022838001497936,1.0,0.9266678642845584,0.9279517463270842,0.999496891559513,0.9999915103055659,,,,
MAIN,0.75,0.7,100,rate,DIFF,MIS-I-2000,DEF-0.0,0.99995,0.99995,0.9999500000000002,0.0,1.0018250831031634,1.0016587958362377,1.0023770244043357,1.0,0.9151323581678226,0.9171465010546599,1.0,1.0,200.0,200.0,0.0,0.005
MAIN,0.75,0.7,100,rate,DIFF,MIS-I-2000,DEF-0.25,0.9913805137479811,0.9913671774816093,0.9923805088729993,0.0,0.9932395379025641,0.9931495063321575,0.9943134054743851,0.0,0.9072895136967201,0.9090355129118898,0.9914350439646447,0.9924308986862515,241.7791801002213,245.56733154890279,0.03671723529888788,0.004136005426413649
MAIN,0.75,0.7,100,rate,DIFF,MIS-I-2000,DEF-0.5,0.9848649989906926,0.9848552332773912,0.9864184234468198,0.0,0.9867118209661334,0.9866230349739377,0.9882493722135379,0.0,0.901326589327818,0.9033572629489697,0.98492294332225,0.9864795861996094,305.62245990526696,318.02511206627753,0.07543952889192833,0.003272010852827298
MAIN,0.75,0.7,100,rate,DIFF,MIS-I-2000,DEF-0.75,0.9805764599188502,0.9804963870715768,0.9822448993898085,0.0,0.9824152633926935,0.9821886634304413,0.9840876706458904,0.0,0.8974019513219301,0.8995417223962007,0.9806366087702171,0.9823139537212273,415.27959433159947,451.1396373597017,0.11686841506314544,0.002408016279240947
MAIN,0.75,0.7,100,rate,DIFF,MIS-I-2000,RA-EST,0.9788443666020065,0.9786358838944405,0.9802081566701382,0.0,0.9806799583499799,0.980435404752121,0.9822587289217698,0.0,0.895817205066209,0.8982283290030311,0.9789053293652225,0.980258988869599,647.6593550007331,775.9088088405186,0.1625135307837116,0.001544021705654596
MAIN,0.75,0.7,100,rate,DIFF,MIS-I-2000,SRSWOR,,,,0.0,1.0018751768620064,1.0017088812803019,1.002427145761624,1.0,0.9151781170736762,0.9171923606726934,0.9994719277263276,0.9999918522056044,,,,
MAIN,0.75,0.7,100,rate,EXP,COR-2000,ST-NEY-EST,,,,0.0,0.9988295075952499,0.9987238404006075,0.9996683543706272,0.075,0.9815443450159786,0.9823686751969009,1.0752463759939657,1.077451003803325,,,,
MAIN,0.75,0.7,100,rate,HT,COR-10000,DEF-0.0,0.99995,0.99995,0.99995,0.0,1.0175592892887697,1.0175592892887697,1.0175592892887697,1.0,0.99995,0.99995,1.0,1.0,200.0,200.0,0.0,0.005
MAIN,0.75,0.7,100,rate,HT,COR-10000,DEF-0.25,0.9850926216191987,0.9851264459731699,0.98566912974997,0.0,1.0024402699519406,1.0024746899585284,1.003026930488784,1.0,0.9850926216191987,0.98566912974997,0.9955095804708531,0.9956838765590236,240.88790986981894,244.3105243066941,0.02615538931042395,0.004151308449537755
MAIN,0.75,0.7,100,rate,HT,COR-10000,DEF-0.5,0.9742169731358981,0.9742427181161618,0.9750358445038072,0.0,0.9913730994521934,0.9913992978059312,0.9922063912839336,0.0,0.9742169731358981,0.9750358445038072,0.9922184155189465,0.9924663555116711,302.7902204117154,313.84333913802953,0.05305371968653751,0.0033026168990755106
MAIN,0.75,0.7,100,rate,HT,COR-10000,DEF-0.75,0.9675216664009408,0.967523870237947,0.9681786099240056,0.0,0.984559887228789,0.984562129875739,0.9852283996388421,0.0,0.9675216664009408,0.9681786099240056,0.9901860885332914,0.9903862284881818,407.5105231896757,438.7014296536451,0.08095895156182194,0.002453925348613266
MAIN,0.75,0.7,100,rate,HT,COR-10000,RA-EST,0.9653645434422394,0.9653340857769552,0.965557773835773,0.0,0.9823647769685112,0.9823337829385697,0.982561410182085,0.0,0.9653645434422394,0.965557773835773,0.9895199523630507,0.9895802886873418,622.9632556416689,728.5411167942334,0.11046872611828785,0.0016052337981510212
MAIN,0.75,0.7,100,rate,HT,COR-2000,DEF-0.0,0.99995,0.99995,0.99995,0.0,1.0175592892887697,1.0175592892887697,1.0175592892887697,1.0,0.99995,0.99995,1.0,1.0,200.0,200.0,0.0,0.005
MAIN,0.75,0.7,100,rate,HT,COR-2000,DEF-0.25,0.985115223185004,0.9851559618452623,0.9863299112832291,0.0,1.0024632695351572,1.00250472561014,1.003699348497043,0.995,0.985115223185004,0.9863299112832291,0.9955163718694956,0.9958837008058454,240.6183902816797,250.2953773279232,0.026443978705553678,0.004155958371245726
MAIN,0.75,0.7,100,rate,HT,COR-2000,DEF-0.5,0.9743663781145794,0.9743699456768862,0.9760577761046682,0.0,0.9915251354779181,0.9915287658656028,0.9932463192738069,0.0,0.9743663781145794,0.9760577761046682,0.9922633738585699,0.9927750888765915,301.939982778638,334.38620549803727,0.053659993424573234,0.003311916742491452
MAIN,0.75,0.7,100,rate,HT,COR-2000,DEF-0.75,0.9679388472989274,0.9678387375286577,0.9693887792781175,0.0,0.9849844147532252,0.9848825420329026,0.9864598802807635,0.0,0.9679388472989274,0.9693887792781175,0.9903116205982759,0.9907523621391138,405.2070283461078,503.57145931393063,0.08205213757346888,0.002467875113737178
MAIN,0.75,0.7,100,rate,HT,COR-2000,RA-EST,0.966272294398554,0.966028753692878,0.967281642921526,0.0,0.9832885135733,0.9830406840744447,0.9843156368951463,0.0,0.966272294398554,0.967281642921526,0.9897930115450915,0.9900885956245508,615.8275526097725,1019.3442242243639,0.11203090709627997,0.001623833484982904
MAIN,0.75,0.7,100,rate,HT,COR-500,DEF-0.0,0.99995,0.99995,0.99995,0.0,1.0175592892887697,1.0175592892887697,1.0175592892887697,1.0,0.99995,0.99995,1.0,1.0,200.0,200.0,0.0,0.005
MAIN,0.75,0.7,100,rate,HT,COR-500,DEF-0.25,0.9851179752447509,0.9851402556302896,0.9877573973891707,0.0,1.0024660700591435,1.0024887428060547,1.005151972875693,0.87,0.9851179752447509,0.9877573973891707,0.9955169817741243,0.9963149822254028,241.44799618922377,259.2036442848868,0.027541297157696154,0.0041416791910642075
MAIN,0.75,0.7,100,rate,HT,COR-500,DEF-0.5,0.9749304649506361,0.9749156179560403,0.9787129611285009,0.0,0.9920991559789382,0.9920840475262465,0.9959482625567525,0.015,0.9749304649506361,0.9787129611285009,0.9924327532385162,0.9935792882031372,304.5664787331157,368.1986781914798,0.056207521892994564,0.003283358382128416
MAIN,0.75,0.7,100,rate,HT,COR-500,DEF-0.75,0.969838378592615,0.9694344824833787,0.9733425340112767,0.0,0.9869173971155298,0.9865063883272295,0.9904832613061102,0.0,0.969838378592615,0.9733425340112767,0.9908825873766396,0.9919515537544551,412.3662770301272,635.3934276889702,0.0863550089543001,0.002425037573192624
MAIN,0.75,0.7,100,rate,HT,COR-500,RA-EST,0.9710802171373213,0.9691747959523511,0.97738225631867,0.01,0.9881811046478691,0.9862421286722964,0.9945941238092706,0.035,0.9710802171373213,0.97738225631867,0.9912380359565789,0.9931260211760772,638.2875636355594,2318.996541617382,0.11815954887654764,0.0015667167642568315
MAIN,0.75,0.7,100,rate,HT,KS-2000,DEF-0.0,0.99995,0.99995,0.99995,0.0,1.0175592892887697,1.0175592892887697,1.0175592892887697,1.0,0.99995,0.99995,1.0,1.0,200.0,200.0,0.0,0.005
MAIN,0.75,0.7,100,rate,HT,KS-2000,DEF-0.25,0.9852547230188946,0.9851845650634932,0.9865609701919114,0.0,1.0026052259848093,1.0025338325359008,1.0039344763923401,1.0,0.9852547230188946,0.9865609701919114,0.9955585316702339,0.995953515471669,240.04509894894824,248.51516257319412,0.026464788069120653,0.004165883846655894
MAIN,0.75,0.7,100,rate,HT,KS-2000,DEF-0.5,0.9745944115596202,0.9744727657270114,0.9764424128002207,0.0,0.9917571846306455,0.9916333965942691,0.9936377294868785,0.0,0.9745944115596202,0.9764424128002207,0.9923323368506992,0.9928913723493125,300.1409741546994,328.105723187634,0.05368035948908767,0.0033317676933117884
MAIN,0.75,0.7,100,rate,HT,KS-2000,DEF-0.75,0.9681903636195942,0.96807654995662,0.9697831289617643,0.0,0.9852403603190057,0.9851245423781014,0.9868611745292988,0.0,0.9681903636195942,0.9697831289617643,0.9903878048083652,0.9908727431503365,400.3761087217979,482.69643628490525,0.08200243057748742,0.002497651539967683
MAIN,0.75,0.7,100,rate,HT,KS-2000,RA-EST,0.9664492435502662,0.9662376160894969,0.967685846156759,0.0,0.9834685788296195,0.9832532245733323,0.9847269582179844,0.0,0.9664492435502662,0.967685846156759,0.9898469351658485,0.990220204459461,601.1293935410339,912.7523180727597,0.11186206879690416,0.0016635353866235776
MAIN,0.75,0.7,100,rate,HT,MIS-G-10000,DEF-0.0,0.99995,0.99995,0.99995,0.0,1.0175592892887697,1.0175592892887697,1.0175592892887697,1.0,0.99995,0.99995,1.0,1.0,200.0,200.0,0.0,0.005
MAIN,0.75,0.7,100,rate,HT,MIS-G-10000,DEF-0.25,0.9877814339040912,0.9877750176075666,0.9883606809863348,0.0,1.005176432677723,1.005169903389127,1.0057658803994391,1.0,0.9877814339040912,0.9883606809863348,0.99632228206378,0.9964974404782265,228.41513449104076,229.88541601745737,0.02343708049375874,0.004377993613403269
MAIN,0.75,0.7,100,rate,HT,MIS-G-10000,DEF-0.5,0.978797502502972,0.9787828017926031,0.9796063277102464,0.0,0.996034292719183,0.9960193331268083,0.9968573614756937,0.0,0.978797502502972,0.9796063277102464,0.9936037449751273,0.9938486580484884,266.24158700485,270.2712648033969,0.0474958854428693,0.0037559872268065385
MAIN,0.75,0.7,100,rate,HT,MIS-G-10000,DEF-0.75,0.9731622561776606,0.9731445286545494,0.9738174342958161,0.0,0.9902998087492335,0.9902817690414301,0.9909665246652972,0.0,0.9731622561776606,0.9738174342958161,0.9918936037820445,0.9920930570032844,319.08299734401083,327.87105844186317,0.07237111357471585,0.0031339808402098077
MAIN,0.75,0.7,100,rate,HT,MIS-G-10000,RA-EST,0.9711367618678101,0.971099314467623,0.9712609847946546,0.0,0.9882386451406631,0.9882005382854002,0.9883650556543421,0.0,0.9711367618678101,0.9712609847946546,0.9912701787542515,0.9913084763289514,398.0932206033895,416.67145208568064,0.09831318981276767,0.002511974453613077
MAIN,0.75,0.7,100,rate,HT,MIS-G-2000,DEF-0.0,0.99995,0.99995,0.99995,0.0,1.0175592892887697,1.0175592892887697,1.0175592892887697,1.0,0.99995,0.99995,1.0,1.0,200.0,200.0,0.0,0.005
MAIN,0.75,0.7,100,rate,HT,MIS-G-2000,DEF-0.25,0.9876922849674711,0.9876862498114735,0.9889496630206197,0.0,1.0050857138131915,1.0050795723770722,1.0063652345073555,1.0,0.9876922849674711,0.9889496630206197,0.9962953017002159,0.9966755014264248,228.63724732229255,232.263954626433,0.023767150444887475,0.00437374055390235
MAIN,0.75,0.7,100,rate,HT,MIS-G-2000,DEF-0.5,0.9787312716323648,0.9786859035965134,0.9804814287722916,0.0,0.9959668955116986,0.9959207285370324,0.9977478732160313,0.0,0.9787312716323648,0.9804814287722916,0.9935835311739127,0.9941136633904873,266.8459093716674,276.9398271588064,0.048170130064123226,0.0037474811078047014
MAIN,0.75,0.7,100,rate,HT,MIS-G-2000,DEF-0.75,0.9732492831112125,0.9731276032672982,0.9746566508911589,0.0,0.9903883682418622,0.9902645455952355,0.9918205200073805,0.0,0.9732492831112125,0.9746566508911589,0.9919193853048447,0.9923478246137084,320.38737442274305,342.89566889905643,0.07341299497149978,0.0031212216617070515
MAIN,0.75,0.7,100,rate,HT,MIS-G-2000,RA-EST,0.9715396475538113,0.9713868826264374,0.9722168943441624,0.0,0.9886486257120036,0.9884931705683195,0.9893377989333274,0.0,0.9715396475538113,0.9722168943441624,0.9913908627714513,0.991604490995493,400.8076877596796,450.08853394362524,0.09975676503055203,0.002494962215609402
MAIN,0.75,0.7,100,rate,HT,MIS-I-2000,DEF-0.0,0.99995,0.99995,0.99995,0.0,1.0175592892887697,1.0175592892887697,1.0175592892887697,1.0,0.99995,0.99995,1.0,1.0,200.0,200.0,0.0,0.005
MAIN,0.75,0.7,100,rate,HT,MIS-I-2000,DEF-0.25,0.9854595567194059,0.9853987644085183,0.9869436517006108,0.0,1.0028136668415668,1.002751803967762,1.004323896987386,0.995,0.9854595567194059,0.9869436517006108,0.9956204418683013,0.9960692034606164,228.61837253893736,231.39260150090212,0.026497685142747668,0.004374101741524601
MAIN,0.75,0.7,100,rate,HT,MIS-I-2000,DEF-0.5,0.9750091605095822,0.9749142980350578,0.9770847636166163,0.0,0.9921792373800394,0.9920827043612315,0.9942913922102202,0.0,0.9750091605095822,0.9770847636166163,0.9924576918310168,0.993086499374851,266.794511414009,274.4750322540775,0.053820302090996086,0.003748203483049203
MAIN,0.75,0.7,100,rate,HT,MIS-I-2000,DEF-0.75,0.9688568903903328,0.9687157975278683,0.9704529042432514,0.0,0.9859186247393515,0.9857750472076219,0.9875427446672187,0.0,0.9688568903903328,0.9704529042432514,0.9905891735202829,0.9910758263957399,320.2763046057486,337.2706524678103,0.08227703485800356,0.003122305224573804
MAIN,0.75,0.7,100,rate,HT,MIS-I-2000,RA-EST,0.9674324097660235,0.9672270915467006,0.9683546884822842,0.0,0.9844690587693752,0.9842601248613475,0.9854075789704296,0.0,0.9674324097660235,0.9683546884822842,0.9901437863162583,0.9904279832381603,400.57613524775377,437.32350201169004,0.11219710557053672,0.0024964069660984058
MAIN,0.75,0.7,400,dollars,DIFF,COR-10000,DEF-0.0,0.9999499999999999,0.9999499999999999,0.9999500000000001,0.0,3.2718556960046086,3.271207979330921,3.2741582593374865,1.0,0.2051850780931052,0.20535830780306144,1.0,1.0,50.0,50.0,0.0,0.02
MAIN,0.75,0.7,400,dollars,DIFF,COR-10000,DEF-0.25,0.48767248599455804,0.4876609501524097,0.48968873961990134,0.0,1.5956736125080002,1.5952045121439613,1.6026552378800825,1.0,0.10006810207702627,0.1005042818618939,0.4877456118984235,0.4897513678822419,66.60543823352236,66.61134963740253,0.26211741388795673,0.01501378906169734
MAIN,0.75,0.7,400,dollars,DIFF,COR-10000,DEF-0.5,0.37010385769660376,0.3701532880013969,0.3713633819841855,0.0,1.2109867776626226,1.2107671460821305,1.2155207877883492,1.0,0.0759435694058324,0.07622908960385989,0.37017904108729544,0.3714678326804979,99.72497722726354,99.75148578103864,0.49380593436177483,0.010027578123394682
MAIN,0.75,0.7,400,dollars,DIFF,COR-10000,DEF-0.75,0.31552023900842274,0.315574165064038,0.31619747752813093,0.0,1.0323881179235357,1.032233392379314,1.0349433777118793,1.0,0.06474326701774298,0.06490528134831534,0.3155948005050923,0.31627644599930316,198.35889021501598,198.51628916306504,0.7934958402209809,0.005041367185092021
MAIN,0.75,0.7,400,dollars,DIFF,COR-10000,RA-EST,0.2935765744394638,0.29359873680559795,0.2937306388152364,0.0,0.9605880185052247,0.9605154945292718,0.9609097393990533,0.0,0.060240531763222284,0.0602774271472498,0.29364949076316355,0.29378576952255997,18130.313007342396,20069.606237247666,1.6309393542247193,5.5156246789362504e-05
MAIN,0.75,0.7,400,dollars,DIFF,COR-10000,SRSWOR,,,,0.0,3.2720192969694573,3.2713715479083167,3.2743219754362585,1.0,0.20519533785999822,0.20536857623187305,0.9999444434579117,0.9999990007014313,,,,
MAIN,0.75,0.7,400,dollars,DIFF,COR-2000,DEF-0.0,0.9999499999999999,0.9999499999999999,0.9999500000000001,0.0,3.2760358518724177,3.2729484294241757,3.285173128330952,1.0,0.20577905245833983,0.20650962815045204,1.0,1.0,50.0,50.0,0.0,0.02
MAIN,0.75,0.7,400,dollars,DIFF,COR-2000,DEF-0.25,0.4879605118023258,0.4884254731258756,0.49195824535804017,0.0,1.5986534781177713,1.5976304562940622,1.6118951446957384,1.0,0.10041693323953936,0.10131158905442256,0.48813921687729683,0.49217875452494364,66.60327351209742,66.62223095336776,0.261777239113274,0.015014277035774765
MAIN,0.75,0.7,400,dollars,DIFF,COR-2000,DEF-0.5,0.3702709596477653,0.3707089436829758,0.3728465045806294,0.0,1.213077723017224,1.2125907550707566,1.2216918388209754,1.0,0.0761975664193704,0.07678601377068611,0.37047186604913984,0.37305418961227177,99.71527229812048,99.80030549724236,0.49323943892358235,0.010028554071549532
MAIN,0.75,0.7,400,dollars,DIFF,COR-2000,DEF-0.75,0.3156144308645535,0.31599276150479194,0.317044684281124,0.0,1.0340111457529744,1.0336912591192142,1.0395487080810566,1.0,0.06494975903235158,0.06533531383694693,0.3158221385315474,0.31728172822586265,198.30130708846474,198.80659929567855,0.7925673855501502,0.005042831107324299
MAIN,0.75,0.7,400,dollars,DIFF,COR-2000,RA-EST,0.2936505335276504,0.2936881479171524,0.29446149879732175,0.0,0.9620520640804351,0.961545453949963,0.9641006793570066,0.0,0.06042974647187159,0.06061880949726367,0.293858017836244,0.2945813495062042,17510.63976906723,24988.250958900684,1.627628930214526,5.710814309906517e-05
MAIN,0.75,0.7,400,dollars,DIFF,COR-2000,SRSWOR,,,,0.0,3.2761996618555105,3.2731120850284277,3.285337395200712,1.0,0.2057893419254361,0.20651995414815946,0.9997237191960547,0.99999466766298,,,,
MAIN,0.75,0.7,400,dollars,DIFF,COR-500,DEF-0.0,0.9999499999999999,0.9999499999999999,0.9999500000000001,0.0,3.292908974889546,3.2782973163784925,3.3351112348722536,1.0,0.2082740373203947,0.2118404674183006,1.0,1.0,50.0,50.0,0.0,0.02
MAIN,0.75,0.7,400,dollars,DIFF,COR-500,DEF-0.25,0.4880839414994126,0.4884356495825481,0.4972584994705631,0.0,1.6072212864213282,1.5985880338819922,1.642587206249248,1.0,0.10165421276009402,0.1039540922790894,0.48872916083735907,0.4980098726792338,66.60707763862965,66.63504566211022,0.2623570324205748,0.015013419526393504
MAIN,0.75,0.7,400,dollars,DIFF,COR-500,DEF-0.5,0.37042541934759876,0.3713220551071058,0.376639811381366,0.0,1.2197504161279842,1.2148981583864327,1.2416683791211556,1.0,0.0771474853734085,0.07883022470166291,0.3711840798983285,0.377429647527153,99.73232789288977,99.85784035389257,0.49423686846594483,0.010026839052787008
MAIN,0.75,0.7,400,dollars,DIFF,COR-500,DEF-0.75,0.31601601957210224,0.3165843576801465,0.3200162212420081,0.0,1.0405702878290393,1.0364705290237763,1.0533045529733198,1.0,0.06581518008282637,0.0671478340147863,0.316815997292573,0.32097964546998137,198.4025195439695,199.1494606828824,0.7949503218020736,0.005040258579180512
MAIN,0.75,0.7,400,dollars,DIFF,COR-500,RA-EST,0.297425298493784,0.2942361764419862,0.29851900595226494,0.0,0.97939041372974,0.9655977095334829,0.9826664884265117,0.05,0.06195331408594102,0.06261888151093867,0.29822914255633376,0.29907552688805783,18629.938200439952,35126.42089320715,1.6448859673198655,5.3678105574015964e-05
MAIN,0.75,0.7,400,dollars,DIFF,COR-500,SRSWOR,,,,0.0,3.2930736285709745,3.278461239440465,3.3352779987721926,1.0,0.2082844515429719,0.21185105997129913,0.9987520393807692,0.9999884854249406,,,,
MAIN,0.75,0.7,400,dollars,DIFF,KS-2000,DEF-0.0,0.9999499999999999,0.9999499999999999,0.9999500000000001,0.0,3.276807606216246,3.2732143949802786,3.2872147990960925,1.0,0.20593643706428344,0.20670146486118812,1.0,1.0,50.0,50.0,0.0,0.02
MAIN,0.75,0.7,400,dollars,DIFF,KS-2000,DEF-0.25,0.4875395153471825,0.48733429191913596,0.4919286969549403,0.0,1.5976403406540773,1.5942188245771147,1.6126013434923017,1.0,0.10040620408208353,0.10142248249257407,0.487740353549887,0.4922105550377609,66.60555601142917,66.62125425123041,0.26266003086603673,0.015013762512990386
MAIN,0.75,0.7,400,dollars,DIFF,KS-2000,DEF-0.5,0.36997900077436824,0.37008772908942544,0.3727738349131673,0.0,1.2123979395952602,1.2105252533129036,1.2224683805422298,1.0,0.07619503071709693,0.07684957655037482,0.3702055854484091,0.37312211314075455,99.72550528874311,99.79592216891581,0.4946138131247403,0.010027525025980775
MAIN,0.75,0.7,400,dollars,DIFF,KS-2000,DEF-0.75,0.3154285950627824,0.3157264463434103,0.31699063884020934,0.0,1.0336380883649527,1.0329151717703675,1.0393795353614435,1.0,0.06496059758398962,0.06537684549216048,0.31566291082066894,0.31728154642070766,198.3620240606245,198.78051057751614,0.7947169675441687,0.005041287538971163
MAIN,0.75,0.7,400,dollars,DIFF,KS-2000,RA-EST,0.2935925487324602,0.2937060029025307,0.2944093374524127,0.0,0.9620822363545547,0.9616843746143189,0.9635828631154603,0.0,0.06046359540444838,0.060670489766163224,0.2938263122957309,0.2945856135384795,18165.314726249657,24451.203174277205,1.633228791152296,5.505005196155025e-05
MAIN,0.75,0.7,400,dollars,DIFF,KS-2000,SRSWOR,,,,0.0,3.2769714547889857,3.273378063883473,3.2873791680544957,1.0,0.20594673440100356,0.20671180045121068,0.9996774385386246,0.9999898666509336,,,,
MAIN,0.75,0.7,400,dollars,DIFF,MIS-G-10000,DEF-0.0,0.9999499999999999,0.9999499999999999,0.9999500000000001,0.0,3.262262733052604,3.26176521025201,3.264027683447317,1.0,0.2073854974615209,0.20753994308186816,1.0,1.0,50.0,50.0,0.0,0.02
MAIN,0.75,0.7,400,dollars,DIFF,MIS-G-10000,DEF-0.25,0.4925124201130086,0.49261896122664417,0.4943044286564628,0.0,1.6067848699955383,1.6067068034450065,1.6127835039007123,1.0,0.10214501836624493,0.10253049680402287,0.49258191153450775,0.49437344505380626,66.57705874680799,66.57867282638227,0.260817583527161,0.015020188918272764
MAIN,0.75,0.7,400,dollars,DIFF,MIS-G-10000,DEF-0.5,0.37473788781168643,0.3748468461985988,0.3758958045000851,0.0,1.2225542750494187,1.2225567949915974,1.2265106337058984,1.0,0.0777190710258121,0.07796800962107334,0.37480885545398934,0.3759743830117193,99.59784544762309,99.60507026026495,0.49159571988748313,0.01004037783654553
MAIN,0.75,0.7,400,dollars,DIFF,MIS-G-10000,DEF-0.75,0.31999585703788,0.32008721082950836,0.3206376384361882,0.0,1.0439625312849095,1.0439633650468942,1.0461797560395234,1.0,0.06636580379742404,0.06650997134691797,0.3200660135400644,0.3207254577120032,197.60632522985557,197.64899122744586,0.7895922559662639,0.005060566754818295
MAIN,0.75,0.7,400,dollars,DIFF,MIS-G-10000,RA-EST,0.29809425005609247,0.29812504512602367,0.2981750414239193,0.0,0.9725102600025504,0.972468855693458,0.9726472608376859,0.0,0.06182350631202225,0.061843709363056935,0.29816273486532974,0.29822854988525366,12383.030960616874,12610.479958902348,1.612414266586065,8.075567309106082e-05
MAIN,0.75,0.7,400,dollars,DIFF,MIS-G-10000,SRSWOR,,,,0.0,3.2624258543453215,3.2619283066673432,3.2641908929919667,1.0,0.20739586725488368,0.20755032059789807,0.9999517612139521,0.9999999886740167,,,,
MAIN,0.75,0.7,400,dollars,DIFF,MIS-G-2000,DEF-0.0,0.9999499999999999,0.9999499999999999,0.9999500000000001,0.0,3.267059709353789,3.2642381062400903,3.275546331645418,1.0,0.20783164281333297,0.20850217474930333,1.0,1.0,50.0,50.0,0.0,0.02
MAIN,0.75,0.7,400,dollars,DIFF,MIS-G-2000,DEF-0.25,0.4926042286558349,0.4933082977540979,0.49711073191155286,0.0,1.609437037374582,1.6089278140752512,1.625625297356681,1.0,0.10238306945912072,0.10343036136095939,0.4927942984603071,0.49729478663024845,66.57686734260645,66.58160713101019,0.2603222838800913,0.015020232100362792
MAIN,0.75,0.7,400,dollars,DIFF,MIS-G-2000,DEF-0.5,0.37467290031101796,0.37523916143034863,0.37759787591167276,0.0,1.224131248139629,1.2238245214689245,1.2347480301042049,1.0,0.0778721385491525,0.07854630988975068,0.3748873464673131,0.37784888531893246,99.59698874647646,99.6182063452958,0.4909215670606557,0.010040464200725584
MAIN,0.75,0.7,400,dollars,DIFF,MIS-G-2000,DEF-0.75,0.31981900877396546,0.3203500408465365,0.32143894799846845,0.0,1.0449132562483485,1.044755237135532,1.0509593901417373,1.0,0.06647133345261826,0.06684470724118247,0.3200410058920253,0.3216806224481044,197.60126681880294,197.7265974852293,0.7885842106669967,0.005060696301088377
MAIN,0.75,0.7,400,dollars,DIFF,MIS-G-2000,RA-EST,0.297798909065686,0.29800225298202626,0.29827989855570036,0.0,0.9729712139217223,0.9727682790818222,0.9737149071207489,0.0,0.061894818919539726,0.062002783605117295,0.29802064430435704,0.2984263844848285,12356.608313671837,13046.079630743394,1.609961905122034,8.092840145116946e-05
MAIN,0.75,0.7,400,dollars,DIFF,MIS-G-2000,SRSWOR,,,,0.0,3.267223070507315,3.2644013263064053,3.2757101171512764,1.0,0.20784203491507874,0.20851260037932232,0.9996985156964672,0.9999966035877268,,,,
MAIN,0.75,0.7,400,dollars,DIFF,MIS-I-2000,DEF-0.0,0.9999499999999999,0.9999499999999999,0.9999500000000001,0.0,3.2775245724703415,3.273485625989413,3.2914235847366573,1.0,0.2064388006699291,0.2075297694202975,1.0,1.0,50.0,50.0,0.0,0.02
MAIN,0.75,0.7,400,dollars,DIFF,MIS-I-2000,DEF-0.25,0.48890094609951407,0.48922769426369106,0.4938496082306575,0.0,1.602447547550684,1.6004827430968556,1.619736943612921,1.0,0.1009318562433275,0.1020976716689262,0.4891167102979497,0.4940524394434292,66.5818108801665,66.5897789966416,0.261164019794188,0.015019116884637043
MAIN,0.75,0.7,400,dollars,DIFF,MIS-I-2000,DEF-0.5,0.3711224656790867,0.3715427265694441,0.37419487781569993,0.0,1.2164089441705814,1.2152428046404118,1.2275173787798495,1.0,0.07661679932642575,0.07736427256673718,0.37136711386870147,0.37459739301941186,99.61911856058379,99.6548017302216,0.492070503547841,0.010038233769274086
MAIN,0.75,0.7,400,dollars,DIFF,MIS-I-2000,DEF-0.75,0.31638060199101165,0.3168197940092083,0.3180977819510825,0.0,1.036984522173742,1.0365080379818068,1.0433354586738988,1.0,0.06531557546632862,0.06575655574024972,0.31663435693585545,0.3184760645539796,197.7319882354136,197.94301176776622,0.7903092265836786,0.005057350653911129
MAIN,0.75,0.7,400,dollars,DIFF,MIS-I-2000,RA-EST,0.29425638546384114,0.2944416577756963,0.29519539739513095,0.0,0.9644713645375144,0.964141700213407,0.966235529583148,0.0,0.060748295113572305,0.06091704350820939,0.29451013369603224,0.2953272648887463,13077.444766501372,14434.440674911692,1.612888253050314,7.646753854817222e-05
MAIN,0.75,0.7,400,dollars,DIFF,MIS-I-2000,SRSWOR,,,,0.0,3.2776884568931863,3.2736493084548366,3.291588164144865,1.0,0.20644912312608543,0.20754014642761887,0.9996466194964689,0.9999957702413268,,,,
MAIN,0.75,0.7,400,dollars,EXP,COR-2000,ST-NEY-EST,,,,0.0,1.6212587190775434,1.5982966018495461,1.657533850102274,1.0,0.10983350097434448,0.1122909894626816,0.5335769349873871,0.5457612376967279,,,,
MAIN,0.75,0.7,400,dollars,HT,COR-10000,DEF-0.0,0.9999500000000002,0.9999500000000002,0.9999500000000002,0.0,14.760320319027924,14.760320319027924,14.760320319027924,1.0,0.9999500000000002,0.9999500000000002,1.0,1.0,50.0,50.0,0.0,0.02
MAIN,0.75,0.7,400,dollars,HT,COR-10000,DEF-0.25,0.28888832323310104,0.2888914409112523,0.28940538061921606,0.0,4.264297402217558,4.264343422446733,4.271929716475648,1.0,0.28888832323310104,0.28940538061921606,0.4229019877766301,0.42332838169069076,66.60410818728388,66.60689699091594,0.284267733895054,0.015014088878543708
MAIN,0.75,0.7,400,dollars,HT,COR-10000,DEF-0.5,0.15210868121099475,0.1521171697106241,0.15245778645483804,0.0,2.245285122235298,2.2454104214738173,2.2504382851176215,1.0,0.15210868121099475,0.15245778645483804,0.30897695096852795,0.3092708363471709,99.7190141841509,99.73151787272643,0.5323134434146037,0.010028177757087421
MAIN,0.75,0.7,400,dollars,HT,COR-10000,DEF-0.75,0.09113638735797441,0.09113977194775374,0.09136424779548998,0.0,1.345269533599389,1.3453194937266868,1.3486329948182134,1.0,0.09113638735797441,0.09136424779548998,0.25744155214297487,0.2576346886361022,198.323506522875,198.39771097191144,0.8617765328066354,0.005042266635631131
MAIN,0.75,0.7,400,dollars,HT,COR-10000,RA-EST,0.06611953785623016,0.0661158453881889,0.0661353315720298,0.0,0.9759943578219409,0.9759398530856473,0.9762274897827693,0.0,0.06611953785623016,0.0661353315720298,0.23628392794171593,0.2362937114806612,17744.492945303595,18573.249006695634,1.9537753469191992,5.6355514174842065e-05
MAIN,0.75,0.7,400,dollars,HT,COR-2000,DEF-0.0,0.9999500000000002,0.9999500000000002,0.9999500000000002,0.0,14.760320319027924,14.760320319027924,14.760320319027924,1.0,0.9999500000000002,0.9999500000000002,1.0,1.0,50.0,50.0,0.0,0.02
MAIN,0.75,0.7,400,dollars,HT,COR-2000,DEF-0.25,0.2888904018520111,0.28883055094865473,0.290116316024557,0.0,4.264328084832622,4.263444622154566,4.282423875492568,1.0,0.2888904018520111,0.290116316024557,0.4229036408010658,0.4239163026109949,66.60465463399566,66.61050136641053,0.28434848712573857,0.015013965697976882
MAIN,0.75,0.7,400,dollars,HT,COR-2000,DEF-0.5,0.15211377550580862,0.15206967351993872,0.1529609111855766,0.0,2.2453603194184093,2.244709327430665,2.2578649386364225,1.0,0.15211377550580862,0.1529609111855766,0.3089813970878083,0.30969871602701243,99.72146403067265,99.74768129562219,0.5324782741343558,0.010027931395953767
MAIN,0.75,0.7,400,dollars,HT,COR-2000,DEF-0.75,0.0911500362950274,0.0911188638629936,0.09168107100273146,0.0,1.3454710063559432,1.3450108682670967,1.3533096406738923,1.0,0.0911500362950274,0.09168107100273146,0.257453644240949,0.2579081831323891,198.33804248728694,198.49368918340113,0.8621069888081754,0.00504189709393065
MAIN,0.75,0.7,400,dollars,HT,COR-2000,RA-EST,0.06617001684653841,0.06615433263484566,0.06623564044056653,0.0,0.9767394811444378,0.9765079655801231,0.9777081548464639,0.0,0.06617001684653841,0.06623564044056653,0.23632685566716227,0.2363756531238999,17901.011338180444,19766.21299417709,1.9573413792234047,5.586279190753288e-05
MAIN,0.75,0.7,400,dollars,HT,COR-500,DEF-0.0,0.9999500000000002,0.9999500000000002,0.9999500000000002,0.0,14.760320319027924,14.760320319027924,14.760320319027924,1.0,0.9999500000000002,0.9999500000000002,1.0,1.0,50.0,50.0,0.0,0.02
MAIN,0.75,0.7,400,dollars,HT,COR-500,DEF-0.25,0.28904461871676845,0.28875196399741065,0.2913927129166753,0.0,4.266604488975244,4.262284595579978,4.3012648445228985,1.0,0.28904461871676845,0.2913927129166753,0.4230291380477951,0.4249678389901877,66.6057727329158,66.61884001703235,0.2845698633057716,0.015013713661279647
MAIN,0.75,0.7,400,dollars,HT,COR-500,DEF-0.5,0.1522654761993182,0.15208367414537316,0.15383925449556238,0.0,2.2475995822103694,2.244915991479947,2.2708302155057316,1.0,0.1522654761993182,0.15383925449556238,0.3091065679762343,0.31044025083977694,99.72647697506818,99.78508843193289,0.532880923118434,0.010027427322559297
MAIN,0.75,0.7,400,dollars,HT,COR-500,DEF-0.75,0.09132320203652775,0.09117153564640058,0.09239191186973118,0.0,1.348027115974251,1.3457883595365217,1.3638024042048402,1.0,0.09132320203652775,0.09239191186973118,0.25759799572011344,0.2585060452851054,198.36779078923092,198.7160493136737,0.8627867080046171,0.005041140983838946
MAIN,0.75,0.7,400,dollars,HT,COR-500,RA-EST,0.06647578498371483,0.06632268183071643,0.06696122030741516,0.0,0.9812529424655804,0.9789929778872422,0.9884184816145256,0.02,0.06647578498371483,0.06696122030741516,0.23658005184862482,0.23696858453665404,18230.002506971286,23215.404363879552,1.962532813694415,5.485464511859391e-05
MAIN,0.75,0.7,400,dollars,HT,KS-2000,DEF-0.0,0.9999500000000002,0.9999500000000002,0.9999500000000002,0.0,14.760320319027924,14.760320319027924,14.760320319027924,1.0,0.9999500000000002,0.9999500000000002,1.0,1.0,50.0,50.0,0.0,0.02
MAIN,0.75,0.7,400,dollars,HT,KS-2000,DEF-0.25,0.2890145312904569,0.28892882306025547,0.2902179997908936,0.0,4.266160366719197,4.264895222530238,4.283924835502942,1.0,0.2890145312904569,0.2902179997908936,0.4230061227416166,0.424005233059499,66.6039750303844,66.60983775879642,0.28429476020040356,0.01501411889522166
MAIN,0.75,0.7,400,dollars,HT,KS-2000,DEF-0.5,0.1522043643881825,0.15214329277964958,0.1530366011617894,0.0,2.2466975071989794,2.2457960256205567,2.2589822027934714,1.0,0.1522043643881825,0.1530366011617894,0.3090579593208562,0.30976887314005347,99.71841722361764,99.74470515891316,0.5323578024450487,0.010028237790443323
MAIN,0.75,0.7,400,dollars,HT,KS-2000,DEF-0.75,0.09121186065701752,0.09117305698527056,0.09172910825723576,0.0,1.3463835993720874,1.345810816108385,1.3540187213916584,1.0,0.09121186065701752,0.09172910825723576,0.2575064958997435,0.2579579869896799,198.3199647276241,198.47601228671942,0.8618445608801926,0.0050423566856649836
MAIN,0.75,0.7,400,dollars,HT,KS-2000,RA-EST,0.06618009147544653,0.06616468595524952,0.06624806790771345,0.0,0.9768881933298263,0.976660791546948,0.977891597414435,0.0,0.06618009147544653,0.06624806790771345,0.23633574268205798,0.2363892091247815,17706.77918789482,19535.22134636165,1.9533894134112357,5.647558088664474e-05
MAIN,0.75,0.7,400,dollars,HT,MIS-G-10000,DEF-0.0,0.9999500000000002,0.9999500000000002,0.9999500000000002,0.0,14.760320319027924,14.760320319027924,14.760320319027924,1.0,0.9999500000000002,0.9999500000000002,1.0,1.0,50.0,50.0,0.0,0.02
MAIN,0.75,0.7,400,dollars,HT,MIS-G-10000,DEF-0.25,0.2893468979765823,0.28932791402255786,0.2898494560294297,0.0,4.2710664507739855,4.2707862275204995,4.278484739527357,1.0,0.2893468979765823,0.2898494560294297,0.42328302170204357,0.4236983582583934,66.60479458399851,66.60643645548728,0.2840205673354038,0.015013934150624124
MAIN,0.75,0.7,400,dollars,HT,MIS-G-10000,DEF-0.5,0.152507215368642,0.15249729027251785,0.1528422351902348,0.0,2.2511679081995437,2.2510214032763076,2.2561131553418337,1.0,0.152507215368642,0.1528422351902348,0.3093185487390715,0.30960312389227324,99.72209147137698,99.72945290296093,0.5317940351234302,0.010027868301248253
MAIN,0.75,0.7,400,dollars,HT,MIS-G-10000,DEF-0.75,0.09148464839378194,0.09147866677890862,0.09168970406566203,0.0,1.3504102350776181,1.3503219401113147,1.353437073819739,1.0,0.09148464839378194,0.09168970406566203,0.2577482144180335,0.25792478987969314,198.34176557802857,198.38545363448918,0.8606972731515596,0.005041802451872378
MAIN,0.75,0.7,400,dollars,HT,MIS-G-10000,RA-EST,0.06640241636228074,0.06640126000484334,0.06640956423781239,0.0,0.9801699439619226,0.9801528749022901,0.9802754541698806,0.0,0.06640241636228074,0.06640956423781239,0.23654001831654312,0.2365451602680833,17941.53133168431,18431.070764638618,1.944094138645061,5.573660249650367e-05
MAIN,0.75,0.7,400,dollars,HT,MIS-G-2000,DEF-0.0,0.9999500000000002,0.9999500000000002,0.9999500000000002,0.0,14.760320319027924,14.760320319027924,14.760320319027924,1.0,0.9999500000000002,0.9999500000000002,1.0,1.0,50.0,50.0,0.0,0.02
MAIN,0.75,0.7,400,dollars,HT,MIS-G-2000,DEF-0.25,0.28927159700103205,0.2891859955414874,0.2905806100401269,0.0,4.269954928678423,4.26869136053736,4.2892773465581415,1.0,0.28927159700103205,0.2905806100401269,0.4232207449685255,0.42430209496265997,66.60539818985299,66.60978416805627,0.28416985357320246,0.015013798088105526
MAIN,0.75,0.7,400,dollars,HT,MIS-G-2000,DEF-0.5,0.15245311988179022,0.15238447853328396,0.15335421717615905,0.0,2.250369401560466,2.249356182608435,2.2636705513214466,1.0,0.15245311988179022,0.15335421717615905,0.3092727888262548,0.31003549820949,99.72479769131888,99.74446482070846,0.5321120915257851,0.010027596176211052
MAIN,0.75,0.7,400,dollars,HT,MIS-G-2000,DEF-0.75,0.0914523213938474,0.09140186429053784,0.09202138456553108,0.0,1.3499330543445947,1.349188254097363,1.3583330290391424,1.0,0.0914523213938474,0.09202138456553108,0.2577206298440642,0.25821066488956407,198.35782475967267,198.47458487008404,0.8613512917268616,0.005041394264316579
MAIN,0.75,0.7,400,dollars,HT,MIS-G-2000,RA-EST,0.06642209936758785,0.06641305460662086,0.06645528187271538,0.0,0.980460485952196,0.9803269757076021,0.9809502948473109,0.0,0.06642209936758785,0.06645528187271538,0.2365562486601841,0.23658434265178402,18118.45912913582,19516.78069259035,1.950808119004655,5.5192352422105695e-05
MAIN,0.75,0.7,400,dollars,HT,MIS-I-2000,DEF-0.0,0.9999500000000002,0.9999500000000002,0.9999500000000002,0.0,14.760320319027924,14.760320319027924,14.760320319027924,1.0,0.9999500000000002,0.9999500000000002,1.0,1.0,50.0,50.0,0.0,0.02
MAIN,0.75,0.7,400,dollars,HT,MIS-I-2000,DEF-0.25,0.28903565760379274,0.2889614257579126,0.29023109009367537,0.0,4.2664722134635324,4.265376472853438,4.28411806222641,1.0,0.28903565760379274,0.29023109009367537,0.42302381748917156,0.4240126261633025,66.60433165469533,66.61106095671339,0.28425263273535933,0.015014038504087432
MAIN,0.75,0.7,400,dollars,HT,MIS-I-2000,DEF-0.5,0.1522336746212332,0.15219267018832522,0.15306102901461932,0.0,2.247130157259936,2.2465248884322735,2.2593427837549953,1.0,0.1522336746212332,0.15306102901461932,0.30908307916249433,0.3097904506418359,99.72001603180345,99.75019102939356,0.5322956352506938,0.010028077008174863
MAIN,0.75,0.7,400,dollars,HT,MIS-I-2000,DEF-0.75,0.09124745680271941,0.09122074789060791,0.0917556393841546,0.0,1.3469090361566094,1.3465147843458807,1.3544103489047807,1.0,0.09124745680271941,0.0917556393841546,0.25753767078604034,0.2579806978014427,198.32945075849705,198.50859749137553,0.8616998257541015,0.005042115512262295
MAIN,0.75,0.7,400,dollars,HT,MIS-I-2000,RA-EST,0.06623370572263011,0.06622649456214061,0.06629237146926252,0.0,0.9776795963620712,0.9775731520011559,0.978545564872546,0.0,0.06623370572263011,0.06629237146926252,0.23638259732492437,0.23642128587688133,17808.21826416536,19965.29540293776,1.9551448670384701,5.6154016349726794e-05
MAIN,0.75,0.7,400,rate,DIFF,COR-10000,DEF-0.0,0.9999499999999999,0.9999499999999999,0.9999500000000001,0.0,0.9999544388654867,0.9999499999999999,0.9999500000000001,0.04,0.9107039862415265,0.9110910970946684,1.0,1.0,50.0,50.0,0.0,0.02
MAIN,0.75,0.7,400,rate,DIFF,COR-10000,DEF-0.25,0.9900587452818997,0.9900623273244545,0.9905121041529177,0.0,0.9900631398191664,0.9900634829204437,0.9905121041529177,0.0,0.9016955208862787,0.9022110999896523,0.9901096587827958,0.9905639077563241,64.06039000653047,64.54560983228812,0.041189684202431756,0.015610270246703356
MAIN,0.75,0.7,400,rate,DIFF,COR-10000,DEF-0.5,0.9823829935138917,0.9823852464158043,0.9830571899732128,0.0,0.9823873538025416,0.9823941140778762,0.9830571899732128,0.0,0.8947048325675949,0.8953423205466552,0.9824346107393298,0.9831103810920011,89.12226656533832,91.02626451801548,0.08628302408240854,0.011220540493406714
MAIN,0.75,0.7,400,rate,DIFF,COR-10000,DEF-0.75,0.9772346780678638,0.9772077608215368,0.9778001276341678,0.0,0.9772390156328504,0.9772084969310344,0.977818638338731,0.0,0.8900160165049441,0.8906193814908602,0.9772867576170124,0.9778558846686625,146.39550754241026,154.35057521708458,0.13790749826953924,0.006830810740110071
MAIN,0.75,0.7,400,rate,DIFF,COR-10000,RA-EST,0.97536889767766,0.9753026310271995,0.9756313557568465,0.0,0.9753732275395984,0.9753087665042861,0.9756338686371677,0.0,0.8883167846381429,0.8887977203386187,0.9754211208566559,0.9756837844460556,409.65460717235936,507.18729185529895,0.2043835343309131,0.002441080986813428
MAIN,0.75,0.7,400,rate,DIFF,COR-10000,SRSWOR,,,,0.0,1.0000044390874412,1.0,1.0,0.085,0.9107495237177125,0.9111366539273649,0.9998999896219939,0.9999983861612312,,,,
MAIN,0.75,0.7,400,rate,DIFF,COR-2000,DEF-0.0,0.9999499999999999,0.9999499999999999,0.99995,0.0,1.0001344118882356,0.99995,1.0004970488295544,0.365,0.912378617116239,0.9140144335630198,1.0,1.0,50.0,50.0,0.0,0.02
MAIN,0.75,0.7,400,rate,DIFF,COR-2000,DEF-0.25,0.9900846184414401,0.9901213076370208,0.9911420537198672,0.0,0.9902672187162045,0.9902550187008767,0.991370320308413,0.0,0.9033771552416073,0.9053063209173229,0.9901391917606839,0.9911969126491504,64.00004911481636,65.15834522928236,0.041142636623667336,0.015624988009263364
MAIN,0.75,0.7,400,rate,DIFF,COR-2000,DEF-0.5,0.982542114349881,0.9825642049003893,0.9840810771486294,0.0,0.9827233377953317,0.9827511810909597,0.9843752032522856,0.0,0.8964952636804859,0.8987158225193435,0.9826001571748446,0.9841319676235111,88.88907838026962,93.5063879546786,0.08595167787531816,0.01124997601852673
MAIN,0.75,0.7,400,rate,DIFF,COR-2000,DEF-0.75,0.9776932750714417,0.9775294281545444,0.9789584861830553,0.0,0.9778736219820416,0.9776924573660847,0.9792423954159089,0.0,0.8920712993052223,0.894363004416855,0.9777534905348514,0.9790164816103218,145.4553065996854,165.51675438096086,0.13646905274459675,0.006874964027790094
MAIN,0.75,0.7,400,rate,DIFF,COR-2000,RA-EST,0.9765470411318562,0.976042970188197,0.9784911375911512,0.0,0.976727184029317,0.9761919343516847,0.9787999729725996,0.0,0.8910260131437292,0.8937306078886064,0.9766075820939075,0.9785852046228799,400.0076770368536,719.9894866786321,0.20198145794329572,0.002499952037053458
MAIN,0.75,0.7,400,rate,DIFF,COR-2000,SRSWOR,,,,0.0,1.000184421109291,1.0,1.0005470761833632,0.455,0.9124242383281556,0.9140601365698483,0.999525683752665,0.9999869034906593,,,,
MAIN,0.75,0.7,400,rate,DIFF,COR-500,DEF-0.0,0.9999499999999999,0.9999499999999999,0.99995,0.0,1.0009145997712088,1.000299327440223,1.0026576365387905,0.62,0.9194583610408306,0.9286655504976405,1.0,1.0,50.0,50.0,0.0,0.02
MAIN,0.75,0.7,400,rate,DIFF,COR-500,DEF-0.25,0.9900798334580562,0.990012979130976,0.9921303170906588,0.0,0.9910349085314369,0.9907748867154532,0.9937846862937393,0.005,0.9103836322233988,0.9191430275581375,0.9901503872861351,0.9922150220867326,64.36765574329957,66.02424448320576,0.04411104632214423,0.015535753056456613
MAIN,0.75,0.7,400,rate,DIFF,COR-500,DEF-0.5,0.9831160488230306,0.9828688292671683,0.9859632387101429,0.0,0.9840646208229294,0.9835644645016306,0.9878162011272613,0.0,0.9039839023100105,0.9128737406510591,0.9832006481755612,0.986049816604959,90.32195121939992,97.16384929252445,0.09275168280907062,0.011071506112913227
MAIN,0.75,0.7,400,rate,DIFF,COR-500,DEF-0.75,0.9799366085840313,0.9790840330114982,0.9830101127791362,0.005,0.9808825303390107,0.9797285769801058,0.9852417830772425,0.005,0.9010687828106423,0.9109756496749755,0.980026739176518,0.9831423908092947,151.3487205262356,183.897848970914,0.14930048752713082,0.006607259169369841
MAIN,0.75,0.7,400,rate,DIFF,COR-500,RA-EST,0.9929032331250398,0.9790745718666374,0.9942276802022204,0.07,0.9938658036003869,0.9797340278736002,0.9948894024991604,0.08,0.9131102967811441,0.9217506401866825,0.9929765833246649,0.9943254190410309,466.6346419574098,1716.1152229320414,0.2274041738615587,0.0021430122258264545
MAIN,0.75,0.7,400,rate,DIFF,COR-500,SRSWOR,,,,0.0,1.000964648003609,1.0003493449074685,1.002707771927387,0.655,0.9195043362576436,0.9287119860969455,0.9978539171789703,0.9999716756134744,,,,
MAIN,0.75,0.7,400,rate,DIFF,KS-2000,DEF-0.0,0.9999499999999999,0.9999499999999999,0.9999500000000001,0.0,1.0001550340746217,0.9999500000000001,1.0005774280479318,0.375,0.912909749930562,0.9150004603782959,1.0,1.0,50.0,50.0,0.0,0.02
MAIN,0.75,0.7,400,rate,DIFF,KS-2000,DEF-0.25,0.9901446555753682,0.9900949309241349,0.9911034670712674,0.0,0.9903477076306169,0.9902499046888751,0.9914502530827224,0.0,0.90395805292891,0.9065608463742417,0.9901989784580553,0.9911552315225014,64.08372627950737,64.99584678830601,0.04158632587604176,0.015604585721193996
MAIN,0.75,0.7,400,rate,DIFF,KS-2000,DEF-0.5,0.9826356395107073,0.9825365795399181,0.9841171813287822,0.0,0.9828371770925268,0.9826756581944098,0.9844998055623165,0.0,0.8971028543010263,0.8998417342431114,0.9826932601785638,0.9841691980154034,89.21265997412604,92.84019607740186,0.0871556285466499,0.011209171442387995
MAIN,0.75,0.7,400,rate,DIFF,KS-2000,DEF-0.75,0.9777818477699803,0.9775315959765164,0.9793671667635968,0.0,0.9779824060224342,0.9777129538584756,0.9796911913772125,0.0,0.8926718400825545,0.8955957548321813,0.9778415781847934,0.9794240186655467,146.7619081402488,162.42220935011136,0.13921543112889984,0.00681375716358199
MAIN,0.75,0.7,400,rate,DIFF,KS-2000,RA-EST,0.9765230706051935,0.9760763617442559,0.977838786276065,0.0,0.9767233509386373,0.9762275441515988,0.9785613334453979,0.0,0.891523088395514,0.8945710953380865,0.9765832877999663,0.9778916134146104,413.5063094932645,648.3492158888865,0.20649109182612513,0.0024183428847759873
MAIN,0.75,0.7,400,rate,DIFF,KS-2000,SRSWOR,,,,0.0,1.000205044326838,1.0,1.0006274594209028,0.44,0.912955397700447,0.9150462126889303,0.9995368724273113,0.9999893911832082,,,,
MAIN,0.75,0.7,400,rate,DIFF,MIS-G-10000,DEF-0.0,0.9999499999999999,0.9999499999999999,0.9999500000000001,0.0,0.9999579179909667,0.9999499999999999,0.9999500000000002,0.055,0.9258222021931499,0.9260697635772399,1.0,1.0,50.0,50.0,0.0,0.02
MAIN,0.75,0.7,400,rate,DIFF,MIS-G-10000,DEF-0.25,0.9934273832572953,0.9934357124390398,0.993702931773436,0.0,0.9934352503027697,0.9934432128156375,0.9937209205663394,0.0,0.9197831281751165,0.9201369179089881,0.993477897242905,0.9937530520123987,58.732597826346336,59.08723525850344,0.03161445042514853,0.017026319914800192
MAIN,0.75,0.7,400,rate,DIFF,MIS-G-10000,DEF-0.5,0.9885610578439576,0.9885639496947332,0.9889508915603986,0.0,0.9885688867646301,0.9885779569246673,0.9889602331167227,0.0,0.9152775565044,0.9157016837024231,0.9886119487147738,0.9890011446417448,71.16100691652558,72.21125201598772,0.06454860833658851,0.01405263982960038
MAIN,0.75,0.7,400,rate,DIFF,MIS-G-10000,DEF-0.75,0.9854786129964999,0.9854681731334616,0.9858096778777061,0.0,0.9854864175597708,0.9854729179058934,0.9858166474961928,0.0,0.9124236170422728,0.9127999776125739,0.985529732928153,0.985860535939647,90.26118186793522,92.82996436154741,0.09928988679443483,0.01107895974440057
MAIN,0.75,0.7,400,rate,DIFF,MIS-G-10000,RA-EST,0.9844007493011736,0.984383690017451,0.9844785770010402,0.0,0.9844085449180795,0.984383690017451,0.9845228019551572,0.0,0.9114256477899311,0.9117091361076216,0.9844519319237233,0.9845293040007841,123.37637236033842,129.92908247387862,0.13657890245721288,0.00810527965920076
MAIN,0.75,0.7,400,rate,DIFF,MIS-G-10000,SRSWOR,,,,0.0,1.000007918386886,1.0,1.0,0.075,0.9258684956179308,0.9261160693807093,0.9999131515528892,0.9999992055313568,,,,
MAIN,0.75,0.7,400,rate,DIFF,MIS-G-2000,DEF-0.0,0.9999499999999999,0.9999499999999999,0.9999500000000001,0.0,1.000154510035307,0.9999720376075557,1.0004787692802752,0.45,0.9266215308913442,0.9279053487397677,1.0,1.0,50.0,50.0,0.0,0.02
MAIN,0.75,0.7,400,rate,DIFF,MIS-G-2000,DEF-0.25,0.9934226945228437,0.9933773088631812,0.9940706132141199,0.0,0.9936258850959784,0.9935629659099217,0.9945229159229994,0.0,0.9205729810708609,0.9222796818035144,0.993475793276701,0.9941206537924934,58.78311105561285,59.68825231710282,0.0320035085940094,0.017011688958199902
MAIN,0.75,0.7,400,rate,DIFF,MIS-G-2000,DEF-0.5,0.9885897759630374,0.9884890718276443,0.9895046363249179,0.0,0.9887919885432094,0.9886827644093005,0.990012885702282,0.0,0.9160945369353106,0.9180164746917886,0.9886451677335206,0.9895547137625649,71.30949571902516,74.03332489561552,0.0653315600548244,0.014023377916399807
MAIN,0.75,0.7,400,rate,DIFF,MIS-G-2000,DEF-0.75,0.9855896174798573,0.9854206816808666,0.9863338306806066,0.0,0.9857912222720815,0.9856410733439713,0.986966372766584,0.0,0.9133144249451323,0.9151293131763181,0.985646430629027,0.98639193493001,90.62020544148285,97.4550124723537,0.10042192443183245,0.011035066874599712
MAIN,0.75,0.7,400,rate,DIFF,MIS-G-2000,RA-EST,0.9846648931416145,0.9845463457203274,0.985146323472639,0.0,0.9848663104677908,0.9846879303300902,0.9855349505181084,0.0,0.9124575250265667,0.9139998924737845,0.9847221407265069,0.9852353749110375,124.27369636178261,142.5545803777084,0.13838833403723827,0.008046755832799615
MAIN,0.75,0.7,400,rate,DIFF,MIS-G-2000,SRSWOR,,,,0.0,1.0002045202613201,1.0000220387094911,1.0005287957200613,0.53,0.9266678642845585,0.9279517463270843,0.999496891559513,0.9999915103055659,,,,
MAIN,0.75,0.7,400,rate,DIFF,MIS-I-2000,DEF-0.0,0.9999499999999999,0.9999499999999999,0.9999500000000001,0.0,1.0001631254330514,0.9999500000000001,1.0006581419086074,0.38,0.9151323581678226,0.9171465010546599,1.0,1.0,50.0,50.0,0.0,0.02
MAIN,0.75,0.7,400,rate,DIFF,MIS-I-2000,DEF-0.25,0.9912494699896505,0.9912366549585641,0.9922647284764674,0.0,0.9914607562337843,0.9913887127809157,0.9925433279140712,0.0,0.9071695817706339,0.9089266741958455,0.9913039476987975,0.9923150450947146,60.44479502505533,61.391832887225696,0.03671723529888788,0.016544021705654596
MAIN,0.75,0.7,400,rate,DIFF,MIS-I-2000,DEF-0.5,0.9846343255109925,0.9846242458711503,0.9862105513256978,0.0,0.9848442177939861,0.9847688164561836,0.9863751998565966,0.0,0.9011154775184012,0.9031477076202645,0.9846921720465701,0.9862726410904195,76.40561497631674,79.50627801656938,0.07543952889192833,0.013088043411309192
MAIN,0.75,0.7,400,rate,DIFF,MIS-I-2000,DEF-0.75,0.9802802187876373,0.9801993973964047,0.9819763054290492,0.0,0.9804892014965086,0.9803212280455902,0.9821552780054634,0.0,0.8971308356540991,0.8992738744870418,0.9803402303330264,0.9820432489312462,103.81989858289987,112.78490933992542,0.11686841506314544,0.009632065116963788
MAIN,0.75,0.7,400,rate,DIFF,MIS-I-2000,RA-EST,0.9785216627974083,0.9783097926927212,0.9799059288364516,0.0,0.9787302952010549,0.9784861024579502,0.9803125931596702,0.0,0.8955218779730133,0.8979425727924494,0.9785824517534657,0.9799568305359704,161.91483875018326,193.97720221012966,0.1625135307837116,0.006176086822618384
MAIN,0.75,0.7,400,rate,DIFF,MIS-I-2000,SRSWOR,,,,0.0,1.0002131360898558,1.0,1.0007081773174733,0.47,0.9151781170736765,0.9171923606726937,0.9994719277263276,0.9999918522056044,,,,
MAIN,0.75,0.7,400,rate,EXP,COR-2000,ST-NEY-EST,,,,0.0,0.996801602114037,0.996504612883288,0.9982331363008015,0.025,0.9814099784348226,0.9828194082876452,1.07509919985937,1.0774098633583085,,,,
MAIN,0.75,0.7,400,rate,HT,COR-10000,DEF-0.0,0.9999500000000008,0.9999500000000008,0.9999500000000008,0.0,1.0156323900675812,1.0156323900675812,1.0156323900675812,1.0,0.9999500000000008,0.9999500000000008,1.0,1.0,50.0,50.0,0.0,0.02
MAIN,0.75,0.7,400,rate,HT,COR-10000,DEF-0.25,0.985202136964233,0.9852356006977708,0.9857738360161071,0.0,1.000653233726358,1.0006872222774592,1.0012338988340677,0.895,0.985202136964233,0.9857738360161071,0.9954408495596927,0.995617813445131,60.221977467454735,61.077631076673526,0.02615538931042395,0.01660523379815102
MAIN,0.75,0.7,400,rate,HT,COR-10000,DEF-0.5,0.9744489101476609,0.9744743883703307,0.9752571941896497,0.0,0.9897313621801267,0.9897572399822017,0.9905523226815703,0.0,0.9744489101476609,0.9752571941896497,0.9920993096340325,0.9923510446266457,75.69755510292885,78.46083478450738,0.05305371968653751,0.013210467596302043
MAIN,0.75,0.7,400,rate,HT,COR-10000,DEF-0.75,0.9678919937377901,0.9678946908281059,0.9685279666057662,0.0,0.9830716125078127,0.9830743518970659,0.9837175594490806,0.0,0.9678919937377901,0.9685279666057662,0.9900358756026785,0.9902390789242254,101.87763079741893,109.67535741341128,0.08095895156182194,0.009815701394453064
MAIN,0.75,0.7,400,rate,HT,COR-10000,RA-EST,0.965894719349231,0.9658580244838751,0.9660768786039124,0.0,0.9810430145170401,0.9810057441597178,0.9812280306070498,0.0,0.965894719349231,0.9660768786039124,0.9893595434706484,0.9894208033101072,155.74081391041722,182.13527919855835,0.11046872611828785,0.006420935192604085
MAIN,0.75,0.7,400,rate,HT,COR-2000,DEF-0.0,0.9999500000000008,0.9999500000000008,0.9999500000000008,0.0,1.0156323900675812,1.0156323900675812,1.0156323900675812,1.0,0.9999500000000008,0.9999500000000008,1.0,1.0,50.0,50.0,0.0,0.02
MAIN,0.75,0.7,400,rate,HT,COR-2000,DEF-0.25,0.9852249738436809,0.985264953077557,0.9864286006284853,0.0,1.0006764287605652,1.0007170349957315,1.0018989322339389,0.77,0.9852249738436809,0.9864286006284853,0.9954477449083144,0.9958206962263431,60.154597570419924,62.5738443319808,0.026443978705553678,0.016623833484982906
MAIN,0.75,0.7,400,rate,HT,COR-2000,DEF-0.5,0.9745992150812377,0.9746027342710896,0.9762729018367851,0.0,0.9898840243721639,0.9898875987540834,0.9915839598486987,0.0,0.9745992150812377,0.9762729018367851,0.9921449561115072,0.9926645035022535,75.4849956946595,83.59655137450932,0.053659993424573234,0.013247666969965807
MAIN,0.75,0.7,400,rate,HT,COR-2000,DEF-0.75,0.9683117316455183,0.968208682675269,0.9697253793851707,0.0,0.9834979332382772,0.9833932681330737,0.9849337514617251,0.0,0.9683117316455183,0.9697253793851707,0.9901633290768208,0.9906108166616511,101.30175708652695,125.89286482848266,0.08205213757346888,0.009871500454948712
MAIN,0.75,0.7,400,rate,HT,COR-2000,RA-EST,0.9668089287702349,0.966556942354779,0.9678575045547839,0.0,0.9819715616436732,0.9817156232813609,0.9830365824249406,0.0,0.9668089287702349,0.9678575045547839,0.9896367821299653,0.989936890455539,153.95688815244313,254.83605605609097,0.11203090709627997,0.006495333939931616
MAIN,0.75,0.7,400,rate,HT,COR-500,DEF-0.0,0.9999500000000008,0.9999500000000008,0.9999500000000008,0.0,1.0156323900675812,1.0156323900675812,1.0156323900675812,1.0,0.9999500000000008,0.9999500000000008,1.0,1.0,50.0,50.0,0.0,0.02
MAIN,0.75,0.7,400,rate,HT,COR-500,DEF-0.25,0.9852299580554537,0.9852536751326291,0.9878471374638581,0.0,1.0006814911405995,1.0007055801768283,1.0033397162296473,0.615,0.9852299580554537,0.9878471374638581,0.995448364148218,0.9962585788921183,60.36199904730594,64.8009110712217,0.027541297157696154,0.01656671676425683
MAIN,0.75,0.7,400,rate,HT,COR-500,DEF-0.5,0.9751703884915633,0.975145169848737,0.9789075773509562,0.0,0.9904641555945972,0.9904385414434016,0.9942599554379884,0.005,0.9751703884915633,0.9789075773509562,0.9923169280329833,0.9934810120021649,76.14161968327892,92.04966954786995,0.056207521892994564,0.013133433528513663
MAIN,0.75,0.7,400,rate,HT,COR-500,DEF-0.75,0.9702291264779747,0.9697949477456868,0.9736025759658871,0.0,0.9854453989079515,0.9850044108749598,0.9888717547919266,0.0,0.9702291264779747,0.9736025759658871,0.9907430351426086,0.9918283632506967,103.0915692575318,158.84835692224254,0.0863550089543001,0.009700150292770496
MAIN,0.75,0.7,400,rate,HT,COR-500,RA-EST,0.9716636393239189,0.9695843651679816,0.9780499365950732,0.01,0.9869024094687886,0.9847905256939996,0.9933888641527074,0.035,0.9716636393239189,0.9780499365950732,0.9911039242620368,0.9930208072144865,159.57189090888986,579.7491354043455,0.11815954887654764,0.006266867057027326
MAIN,0.75,0.7,400,rate,HT,KS-2000,DEF-0.0,0.9999500000000008,0.9999500000000008,0.9999500000000008,0.0,1.0156323900675812,1.0156323900675812,1.0156323900675812,1.0,0.9999500000000008,0.9999500000000008,1.0,1.0,50.0,50.0,0.0,0.02
MAIN,0.75,0.7,400,rate,HT,KS-2000,DEF-0.25,0.9853634651118388,0.9852935734633075,0.9866581536978553,0.0,1.0008170920114103,1.0007461042399783,1.00213208542409,0.815,0.9853634651118388,0.9866581536978553,0.9954905500121253,0.9958915794839905,60.01127473723706,62.12879064329853,0.026464788069120653,0.016663535386623577
MAIN,0.75,0.7,400,rate,HT,KS-2000,DEF-0.5,0.9748251283787487,0.9747037323292727,0.9766532363521041,0.0,0.9901134807072799,0.9899901807824094,0.9919702592164859,0.0,0.9748251283787487,0.9766532363521041,0.9922149746596385,0.9927825668240466,75.03524353867485,82.0264307969085,0.05368035948908767,0.013327070773247154
MAIN,0.75,0.7,400,rate,HT,KS-2000,DEF-0.75,0.9685596971928331,0.9684420904811675,0.9701046928264235,0.0,0.9837497876724727,0.9836303365142578,0.9853190137417636,0.0,0.9685596971928331,0.9701046928264235,0.9902406793717585,0.9907330402393721,100.09402718044947,120.67410907122631,0.08200243057748742,0.009990606159870732
MAIN,0.75,0.7,400,rate,HT,KS-2000,RA-EST,0.9669800722198372,0.9667516127360045,0.9682547943165415,0.0,0.9821453891658131,0.981913346712092,0.9834401029512502,0.0,0.9669800722198372,0.9682547943165415,0.9896915311122645,0.9900705137113917,150.28234838525847,228.18807951818994,0.11186206879690416,0.0066541415464943104
MAIN,0.75,0.7,400,rate,HT,MIS-G-10000,DEF-0.0,0.9999500000000008,0.9999500000000008,0.9999500000000008,0.0,1.0156323900675812,1.0156323900675812,1.0156323900675812,1.0,0.9999500000000008,0.9999500000000008,1.0,1.0,50.0,50.0,0.0,0.02
MAIN,0.75,0.7,400,rate,HT,MIS-G-10000,DEF-0.25,0.9878706398680379,0.9878642478174902,0.9884447070436996,0.0,1.0033635872261266,1.0033570949279365,1.0039466575973217,1.0,0.9878706398680379,0.9884447070436996,0.9962659904627154,0.9964438298733014,57.10378362276019,57.47135400436434,0.02343708049375874,0.017511974453613077
MAIN,0.75,0.7,400,rate,HT,MIS-G-10000,DEF-0.5,0.9789862095389538,0.9789713428399154,0.9797844258731464,0.0,0.9943398208282901,0.9943247209722206,0.9951505557283223,0.0,0.9789862095389538,0.9797844258731464,0.9935058431125018,0.993754504855353,66.5603967512125,67.56781620084922,0.0474958854428693,0.015023948907226154
MAIN,0.75,0.7,400,rate,HT,MIS-G-10000,DEF-0.75,0.9734632851741339,0.9734463869381423,0.9740990605660408,0.0,0.9887302794784182,0.9887131162244474,0.9893760258465651,0.0,0.9734632851741339,0.9740990605660408,0.9917695262889126,0.9919720323655798,79.77074933600271,81.96776461046579,0.07237111357471585,0.012535923360839231
MAIN,0.75,0.7,400,rate,HT,MIS-G-10000,RA-EST,0.9715669380641796,0.9715318620891777,0.9716778978012247,0.0,0.9868041916263449,0.986768565548716,0.9869168915642783,0.0,0.9715669380641796,0.9716778978012247,0.9911365590413065,0.9911754428033739,99.52330515084738,104.16786302142016,0.09831318981276767,0.010047897814452308
MAIN,0.75,0.7,400,rate,HT,MIS-G-2000,DEF-0.0,0.9999500000000008,0.9999500000000008,0.9999500000000008,0.0,1.0156323900675812,1.0156323900675812,1.0156323900675812,1.0,0.9999500000000008,0.9999500000000008,1.0,1.0,50.0,50.0,0.0,0.02
MAIN,0.75,0.7,400,rate,HT,MIS-G-2000,DEF-0.25,0.9877825179043043,0.9877763592118578,0.9890288405280987,0.0,1.0032740832302827,1.0032678279499896,1.004539952148928,1.0,0.9877825179043043,0.9890288405280987,0.9962385971344028,0.9966246162441762,57.15931183057314,58.06598865660825,0.023767150444887475,0.0174949622156094
MAIN,0.75,0.7,400,rate,HT,MIS-G-2000,DEF-0.5,0.9789224619561128,0.9788767082994817,0.9806478064120686,0.0,0.994275073481001,0.9942286022618014,0.9960274768146599,0.0,0.9789224619561128,0.9806478064120686,0.9934853199163705,0.9940235664015663,66.71147734291685,69.2349567897016,0.048170130064123226,0.014989924431218805
MAIN,0.75,0.7,400,rate,HT,MIS-G-2000,DEF-0.75,0.9735549612262793,0.973429843278503,0.9749205012487169,0.0,0.9888233933020616,0.9886963131077117,0.9902103493265842,0.0,0.9735549612262793,0.9749205012487169,0.9917957024268576,0.9922306994802447,80.09684360568576,85.72391722476411,0.07341299497149978,0.012484886646828206
MAIN,0.75,0.7,400,rate,HT,MIS-G-2000,RA-EST,0.9719778418921101,0.9718290106814362,0.9726568437228033,0.0,0.9872215397305992,0.987070374374118,0.9879111904653031,0.0,0.9719778418921101,0.9726568437228033,0.991259090262851,0.9914759883066484,100.2019219399199,112.52213348590631,0.09975676503055203,0.009979848862437609
MAIN,0.75,0.7,400,rate,HT,MIS-I-2000,DEF-0.0,0.9999500000000008,0.9999500000000008,0.9999500000000008,0.0,1.0156323900675812,1.0156323900675812,1.0156323900675812,1.0,0.9999500000000008,0.9999500000000008,1.0,1.0,50.0,50.0,0.0,0.02
MAIN,0.75,0.7,400,rate,HT,MIS-I-2000,DEF-0.25,0.9855667659487739,0.9855062404429931,0.9870377279284203,0.0,1.0010235812507913,1.0009621065129581,1.0025176125834447,0.84,0.9855667659487739,0.9870377279284203,0.9955534078152651,0.9960090382074627,57.15459313473434,57.84815037522553,0.026497685142747668,0.017496406966098405
MAIN,0.75,0.7,400,rate,HT,MIS-I-2000,DEF-0.5,0.9752367873129552,0.9751406422989367,0.9772819901021885,0.0,0.9905315957602733,0.9904339428872491,0.9926088738211784,0.0,0.9752367873129552,0.9772819901021885,0.9923422483386345,0.9929806804877315,66.69862785350224,68.61875806351938,0.053820302090996086,0.014992813932196812
MAIN,0.75,0.7,400,rate,HT,MIS-I-2000,DEF-0.75,0.9692221150188911,0.9690826014021561,0.970762895677662,0.0,0.9844225943127074,0.9842808926796142,0.9859875393029943,0.0,0.9692221150188911,0.970762895677662,0.9904451302578383,0.9909392319017971,80.06907615143714,84.31766311695257,0.08227703485800356,0.012489220898295217
MAIN,0.75,0.7,400,rate,HT,MIS-I-2000,RA-EST,0.9679590002579925,0.967767508706425,0.9689427476652561,0.0,0.9831396699029458,0.9829451751560121,0.9841388455921921,0.0,0.9679590002579925,0.9689427476652561,0.9899929259027317,0.99028147277752,100.14403381193844,109.33087550292251,0.11219710557053672,0.009985627864393623
MAIN,1.5,0.05,100,dollars,DIFF,COR-10000,DEF-0.0,0.99995,0.99995,0.9999500000000002,0.0,5.467131423463817,5.463064007926386,5.479036300505446,1.0,0.6542286158538075,0.6565831450873589,1.0,1.0,200.0,200.0,0.0,0.005
MAIN,1.5,0.05,100,dollars,DIFF,COR-10000,DEF-0.25,0.2918652888289373,0.29233436751197234,0.2942697459807391,0.0,1.5957336024682403,1.5967371473684397,1.6087662194905858,1.0,0.19095391844262014,0.19242634844828327,0.2919587442818841,0.2943391219383986,266.6329904931456,266.63977307089556,0.33708645977317764,0.003750473631002945
MAIN,1.5,0.05,100,dollars,DIFF,COR-10000,DEF-0.5,0.1991161759529899,0.19943515310154714,0.20057720473976734,0.0,1.0886399766388646,1.0896276382151342,1.0964668369907322,1.0,0.13027240808784232,0.13115524873249387,0.19921214182841399,0.20063866423325147,399.84849548485147,399.8790032244448,0.6252187826456479,0.002500947262005891
MAIN,1.5,0.05,100,dollars,DIFF,COR-10000,DEF-0.75,0.15925014246850724,0.1594652904837567,0.1600900189999117,0.0,0.8706784725373015,0.8712120063229769,0.8750370439566414,0.0,0.10419004298235159,0.10474521863849423,0.15934558359391812,0.16018198751796608,799.0916609964779,799.2744582899879,1.0355165193764213,0.0012514208930088358
MAIN,1.5,0.05,100,dollars,DIFF,COR-10000,RA-EST,0.14187660197361665,0.14192072640992115,0.14219207839044087,0.0,0.7756934455858244,0.7753766715771802,0.7769633529330618,0.0,0.09282384173798261,0.09308405100866889,0.1419705014339511,0.14226188844149862,527837.119854331,660978.1042699094,3.50913434387746,1.8945240117811026e-06
MAIN,1.5,0.05,100,dollars,DIFF,COR-10000,SRSWOR,,,,0.0,5.467404793703503,5.463337174785125,5.4793102660187465,1.0,0.6542613289202535,0.6566159758861533,0.9999326636302132,0.9999988177722319,,,,
MAIN,1.5,0.05,100,dollars,DIFF,COR-2000,DEF-0.0,0.99995,0.99995,0.9999500000000002,0.0,5.504269571296729,5.484357892464471,5.578701284855672,1.0,0.6641745011493135,0.6777402613674259,1.0,1.0,200.0,200.0,0.0,0.005
MAIN,1.5,0.05,100,dollars,DIFF,COR-2000,DEF-0.25,0.2915658276608175,0.2921987596843193,0.2978964940472614,0.0,1.6047805732367686,1.6025753384309347,1.6424742066230391,1.0,0.19363114155718741,0.19886778403170213,0.2918524437464643,0.2981392105226874,266.63441073395165,266.6471581994092,0.33785560136142556,0.0037504536539292033
MAIN,1.5,0.05,100,dollars,DIFF,COR-2000,DEF-0.5,0.19893791986822598,0.19958846055175128,0.2031607957575467,0.0,1.0949375766873075,1.0940088065159022,1.1181387387187367,1.0,0.13211334090570165,0.13538175357748325,0.1992464501296105,0.20330054569673878,399.8548834102952,399.9122247400542,0.6269402164193991,0.0025009073078584064
MAIN,1.5,0.05,100,dollars,DIFF,COR-2000,DEF-0.75,0.1591833357663463,0.15952670503768296,0.16212751771684436,0.0,0.8761275435178966,0.875039697944292,0.8906667798364281,0.0,0.10571236189939144,0.10792884944159031,0.15949681498080115,0.16222411468955433,799.1299317860487,799.4735794739436,1.0395495579130092,0.0012513609617876092
MAIN,1.5,0.05,100,dollars,DIFF,COR-2000,RA-EST,0.14212708810326485,0.14211168517074213,0.1443896174420935,0.0,0.7822664440892236,0.7798385852050285,0.792456662035243,0.0,0.09438949325204928,0.09619043970826993,0.14243907596320163,0.14460781913749335,551096.2669877564,911219.0453879659,3.571734343825947,1.814615716812298e-06
MAIN,1.5,0.05,100,dollars,DIFF,COR-2000,SRSWOR,,,,0.0,5.504544798536656,5.484632124070675,5.578980233867366,1.0,0.6642077115348903,0.6777741500749296,0.9996494495999945,0.9999935636182309,,,,
MAIN,1.5,0.05,100,dollars,DIFF,COR-500,DEF-0.0,0.99995,0.99995,0.9999500000000002,0.0,5.64946176478355,5.554799079367109,6.0208610286656565,1.0,0.7074649577103989,0.7781927704878253,1.0,1.0,200.0,200.0,0.0,0.005
MAIN,1.5,0.05,100,dollars,DIFF,COR-500,DEF-0.25,0.2906027391951508,0.2913017102868555,0.30779337505895427,0.0,1.6398501630085942,1.6231061409538663,1.7190328484661903,1.0,0.2053274986943033,0.22022606587262436,0.2915800817735877,0.30871884951356754,266.64345008784085,266.66061325647644,0.3414194639051438,0.0037503265115665565
MAIN,1.5,0.05,100,dollars,DIFF,COR-500,DEF-0.5,0.19954328239536956,0.2002157748170674,0.2111829668677604,0.0,1.12575410560842,1.1080700836637614,1.1899924900632937,1.0,0.14099171975876382,0.14967058207603576,0.20061012778168774,0.2119419397551606,399.8955435836964,399.9727608908164,0.633681229219186,0.0025006530231331133
MAIN,1.5,0.05,100,dollars,DIFF,COR-500,DEF-0.75,0.16159386343782448,0.1606281527787125,0.17081607999914533,0.0,0.9116355755449524,0.8900016263212083,0.9602652604509612,0.045,0.11425773370473635,0.12160251826855348,0.1626831705469108,0.17120425166475786,799.3735886657383,799.8365876009665,1.0531523633694284,0.0012509795346996701
MAIN,1.5,0.05,100,dollars,DIFF,COR-500,RA-EST,0.21576388338235922,0.14390301863321658,0.15635432338859842,0.005,1.2209755083895801,0.7985861336317632,0.8860337756860437,0.035,0.15909727860790077,0.11531698614782578,0.21673276395361946,0.1568103015587604,765669.9978019267,2936757.1724315505,3.8420645122780455,1.3060462662267964e-06
MAIN,1.5,0.05,100,dollars,DIFF,COR-500,SRSWOR,,,,0.0,5.64974425199615,5.55507683320877,6.021162086769996,1.0,0.7075003327270353,0.778231682071929,0.9986444305350871,0.999983214187016,,,,
MAIN,1.5,0.05,100,dollars,DIFF,KS-2000,DEF-0.0,0.99995,0.99995,0.9999500000000002,0.0,5.505669108996243,5.478404598181603,5.586844330218753,1.0,0.6655738613145604,0.6810719367712686,1.0,1.0,200.0,200.0,0.0,0.005
MAIN,1.5,0.05,100,dollars,DIFF,KS-2000,DEF-0.25,0.2913906329545986,0.2917952818726877,0.2976242951183767,0.0,1.6042434041661864,1.603200477768699,1.642201169555293,1.0,0.19393023665251272,0.19898206094448193,0.29169781379988136,0.29788485104542256,266.6351669542627,266.6474581613818,0.3382855500323435,0.003750443017037779
MAIN,1.5,0.05,100,dollars,DIFF,KS-2000,DEF-0.5,0.19890816090791508,0.19911963974109093,0.20299143960865518,0.0,1.0950517968782185,1.094515401638545,1.1189471283781733,1.0,0.1323750599047426,0.13563092863279763,0.19923948790581786,0.20314373881919306,399.8582847748577,399.91357417705854,0.6276343399790414,0.0025008860340755583
MAIN,1.5,0.05,100,dollars,DIFF,KS-2000,DEF-0.75,0.15925995936612775,0.15973008464572047,0.16201760221624828,0.0,0.8767594296491826,0.8757856812183866,0.8919365067407267,0.0,0.10598636847497495,0.10830811319168478,0.15959709249087456,0.16220979879543931,799.1503107323219,799.4816690484082,1.0402826298359467,0.0012513290511133378
MAIN,1.5,0.05,100,dollars,DIFF,KS-2000,RA-EST,0.14239346664897948,0.14263539067267594,0.14426149553768508,0.0,0.7839001750428747,0.7813924815126564,0.7941051521587796,0.0,0.09476162938368793,0.09679650642640888,0.14272941267139472,0.1445299363196033,564325.1914925753,925449.9410350489,3.588635576036715,1.7720681511167827e-06
MAIN,1.5,0.05,100,dollars,DIFF,KS-2000,SRSWOR,,,,0.0,5.505944406216554,5.4786785321082085,5.587123686403071,1.0,0.6656071416716439,0.6811059920708721,0.9996206967785045,0.9999963479085344,,,,
MAIN,1.5,0.05,100,dollars,DIFF,MIS-G-10000,DEF-0.0,0.99995,0.99995,0.9999500000000002,0.0,5.314199159621462,5.309391302955616,5.328286495634475,1.0,0.7459660179478768,0.7485110645411623,1.0,1.0,200.0,200.0,0.0,0.005
MAIN,1.5,0.05,100,dollars,DIFF,MIS-G-10000,DEF-0.25,0.3098394654966565,0.31000723588265466,0.3119709819120315,0.0,1.6466396267784382,1.6458191353302758,1.6619560949146936,1.0,0.23114272015075774,0.23343094943373008,0.3099472012483575,0.31214957970818896,266.61461449770707,266.6234436513311,0.32923004040365156,0.0037507321265339215
MAIN,1.5,0.05,100,dollars,DIFF,MIS-G-10000,DEF-0.5,0.21315139946370595,0.213279879637969,0.21437674432386353,0.0,1.1327897498580852,1.1323562208179743,1.1423530628291512,1.0,0.1590122930914138,0.16040676116819794,0.21326400793400524,0.21454565454876495,399.7658566472177,399.8055594633263,0.6110773107266225,0.002501464253067843
MAIN,1.5,0.05,100,dollars,DIFF,MIS-G-10000,DEF-0.75,0.17110721458417888,0.17118189563273548,0.17184328766337328,0.0,0.9093440874534454,0.9092754196383995,0.9153748895027428,0.0,0.12764659852332466,0.1285207914174932,0.17122028727912472,0.17190621882043017,798.5967826536578,798.8344898927128,1.007896095985299,0.0012521963796017646
MAIN,1.5,0.05,100,dollars,DIFF,MIS-G-10000,RA-EST,0.15200432612966103,0.15208185722139086,0.15233068727378274,0.0,0.8078172458990689,0.8076856603817377,0.808955120096395,0.0,0.11339485385180001,0.11360748405730163,0.15211630872873572,0.15239059714759437,341471.0863206146,411237.0955218521,3.131536795282358,2.9285061356861025e-06
MAIN,1.5,0.05,100,dollars,DIFF,MIS-G-10000,SRSWOR,,,,0.0,5.314464882865606,5.309656785794905,5.328552923280639,1.0,0.7460033181137824,0.7485484919657607,0.9999098942701924,1.0000045266958049,,,,
MAIN,1.5,0.05,100,dollars,DIFF,MIS-G-2000,DEF-0.0,0.99995,0.99995,0.9999500000000002,0.0,5.339326414685795,5.317100783099992,5.409943135138701,1.0,0.7520539839619178,0.7668573202868191,1.0,1.0,200.0,200.0,0.0,0.005
MAIN,1.5,0.05,100,dollars,DIFF,MIS-G-2000,DEF-0.25,0.30893663681875816,0.30942212423986665,0.31339486148147,0.0,1.6495488019238085,1.647007821544948,1.6848768545348976,1.0,0.23233725493691093,0.23811987695690698,0.3092245457362239,0.3137390221782775,266.6150721096741,266.63075167357437,0.32960929662745486,0.0037507256888636912
MAIN,1.5,0.05,100,dollars,DIFF,MIS-G-2000,DEF-0.5,0.21238390704500887,0.2127013200370732,0.21534066541054045,0.0,1.1339883556579007,1.132787108082241,1.154995064273789,1.0,0.15971948433381952,0.1633050311193649,0.21269717241680866,0.21554397915856158,399.7679143012249,399.8384260559915,0.6116335994529818,0.0025014513777273824
MAIN,1.5,0.05,100,dollars,DIFF,MIS-G-2000,DEF-0.75,0.17045106558043396,0.1707409220936089,0.17245006524377013,0.0,0.9100789656688529,0.9093924786172765,0.9224216047385813,0.0,0.12818142232755877,0.13037465399346207,0.1707714750384552,0.17251299535870562,798.6090998475239,799.0313389409432,1.0081902718794897,0.001252177066591074
MAIN,1.5,0.05,100,dollars,DIFF,MIS-G-2000,RA-EST,0.15152435121948649,0.1520274670321444,0.15284564205654483,0.0,0.8090077449188289,0.8085374274428323,0.813574840678122,0.0,0.11394530098798454,0.11492448227750869,0.15184504656572317,0.15295459876899478,344500.25814495486,494963.6906946522,3.1434145880563413,2.9027554547652273e-06
MAIN,1.5,0.05,100,dollars,DIFF,MIS-G-2000,SRSWOR,,,,0.0,5.339593394355513,5.317366651432564,5.410213645820993,1.0,0.7520915885413451,0.7668956650700728,0.9996409900236429,1.0000035825475357,,,,
MAIN,1.5,0.05,100,dollars,DIFF,MIS-I-2000,DEF-0.0,0.99995,0.99995,0.9999500000000002,0.0,5.506675175190413,5.492242779247135,5.564312611351303,1.0,0.6759057122379966,0.6891254821064314,1.0,1.0,200.0,200.0,0.0,0.005
MAIN,1.5,0.05,100,dollars,DIFF,MIS-I-2000,DEF-0.25,0.2924845300495418,0.2935067580865619,0.29933031039081326,0.0,1.6105786724156996,1.6058325480672493,1.6508327465490154,1.0,0.19766732033999676,0.20269303017092308,0.29275129172926756,0.2996683754954471,266.6399259981018,266.6501947409409,0.34002904721926563,0.003750376078364269
MAIN,1.5,0.05,100,dollars,DIFF,MIS-I-2000,DEF-0.5,0.20016688866269586,0.201202438732612,0.20467269261902923,0.0,1.102214962169092,1.1010277483752597,1.1286413463245955,1.0,0.13527336619653899,0.13867652493690372,0.20045360589218827,0.20488724062338506,399.8796911202468,399.9258854903075,0.6312867326603883,0.002500752156728539
MAIN,1.5,0.05,100,dollars,DIFF,MIS-I-2000,DEF-0.75,0.16075516743138996,0.1615035897605052,0.16388343125972038,0.0,0.885193114836951,0.8849170083757394,0.9058395816529542,0.0,0.10863836715190761,0.1109378479094242,0.16104631321459273,0.1641715196932887,799.2785806915331,799.5554776697666,1.047748828755644,0.0012511282350928085
MAIN,1.5,0.05,100,dollars,DIFF,MIS-I-2000,RA-EST,0.1447294840508276,0.14464119730584135,0.1476614304653877,0.0,0.7969622109887676,0.794673871154267,0.8137849170769482,0.0,0.09781261201676601,0.09973404680708538,0.14501899931679743,0.14785786786229468,664761.6790015132,1079211.7483601777,3.7026034794084266,1.504313457078031e-06
MAIN,1.5,0.05,100,dollars,DIFF,MIS-I-2000,SRSWOR,,,,0.0,5.50695052271655,5.4925174051173915,5.564590840893347,1.0,0.6759395092134572,0.6891599401034366,0.9996780117051621,0.9999979514249299,,,,
MAIN,1.5,0.05,100,dollars,EXP,COR-2000,ST-NEY-EST,,,,0.0,1.1861369452402877,1.1657059427014227,1.2489608978980473,1.0,0.1899467274782436,0.2000072894247161,0.2859269946065637,0.29869431106372174,,,,
MAIN,1.5,0.05,100,dollars,HT,COR-10000,DEF-0.0,0.99995,0.99995,0.99995,0.0,6.244264663779892,6.244264663779892,6.244264663779892,1.0,0.99995,0.99995,1.0,1.0,200.0,200.0,0.0,0.005
MAIN,1.5,0.05,100,dollars,HT,COR-10000,DEF-0.25,0.23486631011584191,0.23525397547173046,0.23739270890219016,0.0,1.4666407330053715,1.4690615391288242,1.4824170244881565,1.0,0.23486631011584191,0.23739270890219016,0.24664790130213238,0.2491415100047235,266.6367905094595,266.6429173916186,0.349567563402181,0.0037504201805358996
MAIN,1.5,0.05,100,dollars,HT,COR-10000,DEF-0.5,0.1518007660387185,0.15200753767912795,0.15321116692230993,0.0,0.9479315558880832,0.9492227572958338,0.9567389126550953,0.0,0.1518007660387185,0.15321116692230993,0.16455142835367786,0.16596344809309288,399.8655874105551,399.8931472950818,0.6436430003499947,0.0025008403610718
MAIN,1.5,0.05,100,dollars,HT,COR-10000,DEF-0.75,0.11704971836254112,0.11713083348568341,0.11786903313193405,0.0,0.7309259665749326,0.7314324961985494,0.7360422406516697,0.0,0.11704971836254112,0.11786903313193405,0.13007431035688247,0.13090198187311422,799.1940661016423,799.3592261169397,1.065367595940411,0.0012512605416076998
MAIN,1.5,0.05,100,dollars,HT,COR-10000,RA-EST,0.10204569262205788,0.101992026170993,0.10229259606515316,0.0,0.6372321741395675,0.6368970498593385,0.6387739816750296,0.0,0.10204569262205788,0.10229259606515316,0.11510166134253381,0.11534816551237868,594982.3440938881,748503.774114568,3.7354273062721246,1.6807221435996591e-06
MAIN,1.5,0.05,100,dollars,HT,COR-2000,DEF-0.0,0.99995,0.99995,0.99995,0.0,6.244264663779892,6.244264663779892,6.244264663779892,1.0,0.99995,0.99995,1.0,1.0,200.0,200.0,0.0,0.005
MAIN,1.5,0.05,100,dollars,HT,COR-2000,DEF-0.25,0.23614587984538862,0.23580483441710615,0.24350179851816386,0.0,1.4746311045710008,1.4725014201702127,1.5205657043390384,1.0,0.23614587984538862,0.24350179851816386,0.24790767668339891,0.2551678048326312,266.6381054487509,266.64960307340834,0.35106062831931073,0.0037504016851493327
MAIN,1.5,0.05,100,dollars,HT,COR-2000,DEF-0.5,0.1529648114008224,0.15266939380048644,0.15736649968847177,0.0,0.9552005266582438,0.9533557687375113,0.982687207627835,0.01,0.1529648114008224,0.15736649968847177,0.16569863257344725,0.17004008350684352,399.87150204486466,399.9232236559599,0.6459934048418744,0.002500803370298666
MAIN,1.5,0.05,100,dollars,HT,COR-2000,DEF-0.75,0.1181895340993673,0.11789451599264439,0.12080434680305045,0.0,0.738043633586967,0.7362013703348194,0.754372032574928,0.0,0.1181895340993673,0.12080434680305045,0.13119936325899467,0.13377915998587206,799.2295073037658,799.5395187064705,1.0695115972132,0.0012512050554479986
MAIN,1.5,0.05,100,dollars,HT,COR-2000,RA-EST,0.10345522163609366,0.10294919374141592,0.10513763307471717,0.0,0.6460340864500992,0.642874156351971,0.6565400340436147,0.0,0.10345522163609366,0.10513763307471717,0.11649446128689281,0.11815334022265175,622379.1307849535,1041789.7515195708,3.7987356167286883,1.6067405973316265e-06
MAIN,1.5,0.05,100,dollars,HT,COR-500,DEF-0.0,0.99995,0.99995,0.99995,0.0,6.244264663779892,6.244264663779892,6.244264663779892,1.0,0.99995,0.99995,1.0,1.0,200.0,200.0,0.0,0.005
MAIN,1.5,0.05,100,dollars,HT,COR-500,DEF-0.25,0.2404421929394263,0.2372339326606423,0.2563324893455927,0.0,1.5014597620415089,1.481425534039089,1.6006879397964098,1.0,0.2404421929394263,0.2563324893455927,0.2521315647756018,0.26782026265118264,266.6463697789602,266.66139054841,0.35506654593572173,0.003750285446709682
MAIN,1.5,0.05,100,dollars,HT,COR-500,DEF-0.5,0.15820298145952644,0.15476028611230658,0.16796032789398355,0.0,0.9879106823664646,0.9664125065528695,1.0488411824444077,0.29,0.15820298145952644,0.16796032789398355,0.170851157423094,0.18046789567770058,399.90867790698417,399.97625840746696,0.6538983143850338,0.0025005708934193642
MAIN,1.5,0.05,100,dollars,HT,COR-500,DEF-0.75,0.12474634549795194,0.12086163759588206,0.13294003674588759,0.0,0.7789881465358658,0.7547297893360044,0.8301542815680246,0.02,0.12474634549795194,0.13294003674588759,0.137657103097792,0.14558453902833748,799.452317519573,799.8575673553198,1.0857591079666764,0.0012508563401290463
MAIN,1.5,0.05,100,dollars,HT,COR-500,RA-EST,0.17797225731372493,0.10787240089501213,0.12348907022321615,0.005,1.1113614455495122,0.6736175019809216,0.7711369944075827,0.025,0.17797225731372493,0.12348907022321615,0.18984606515583927,0.13619484321442268,875820.6254577792,3369956.029175796,4.146421901339792,1.141786838728188e-06
MAIN,1.5,0.05,100,dollars,HT,KS-2000,DEF-0.0,0.99995,0.99995,0.99995,0.0,6.244264663779892,6.244264663779892,6.244264663779892,1.0,0.99995,0.99995,1.0,1.0,200.0,200.0,0.0,0.005
MAIN,1.5,0.05,100,dollars,HT,KS-2000,DEF-0.25,0.23594708887874355,0.23567674284905887,0.24271609138670985,0.0,1.4733897390942265,1.4717015425242448,1.5156592957415902,1.0,0.23594708887874355,0.24271609138670985,0.2477098085021398,0.25438368786740334,266.6388686553464,266.6500104273018,0.35143391381384115,0.0037503909502899567
MAIN,1.5,0.05,100,dollars,HT,KS-2000,DEF-0.5,0.15297583199291714,0.15270438515437493,0.1573380628984585,0.0,0.9552693455929816,0.953574274937445,0.9825096319060178,0.02,0.15297583199291714,0.1573380628984585,0.16570577158210326,0.17005302599054153,399.87493502459296,399.9250562849657,0.6468287272517157,0.0025007819005799137
MAIN,1.5,0.05,100,dollars,HT,KS-2000,DEF-0.75,0.11833633085893265,0.11807277385413875,0.1210629452555395,0.0,0.7389603172396612,0.7373145152576358,0.7559868704958096,0.0,0.11833633085893265,0.1210629452555395,0.13133937528515127,0.13409574664904186,799.2500791160373,799.5505061435666,1.0712804755572376,0.0012511728508698707
MAIN,1.5,0.05,100,dollars,HT,KS-2000,RA-EST,0.10381917838087996,0.10337249416896027,0.10574579809480988,0.0,0.6483068423285065,0.6455174884204526,0.6603377672749882,0.0,0.10381917838087996,0.10574579809480988,0.11684815885874343,0.11881519712140574,639500.6613249996,1067268.2424333554,3.8328239904575208,1.563801159827593e-06
MAIN,1.5,0.05,100,dollars,HT,MIS-G-10000,DEF-0.0,0.99995,0.99995,0.99995,0.0,6.244264663779892,6.244264663779892,6.244264663779892,1.0,0.99995,0.99995,1.0,1.0,200.0,200.0,0.0,0.005
MAIN,1.5,0.05,100,dollars,HT,MIS-G-10000,DEF-0.25,0.2621752327522782,0.2620128918142787,0.2655138132269616,0.0,1.6371734002633327,1.636159649793174,1.6580214227497077,1.0,0.2621752327522782,0.2655138132269616,0.27360407692053884,0.27689833003872644,266.6186688205677,266.6269667874054,0.3373793896158962,0.003750675091221979
MAIN,1.5,0.05,100,dollars,HT,MIS-G-10000,DEF-0.5,0.17279235092060638,0.17273737806576484,0.17471215127395268,0.0,1.0790151217810864,1.0786718395620212,1.091003462706045,1.0,0.17279235092060638,0.17471215127395268,0.18535936740378914,0.18726238144351004,399.78408741775286,399.8214037202537,0.6228774974613387,0.0025013501824439587
MAIN,1.5,0.05,100,dollars,HT,MIS-G-10000,DEF-0.75,0.1347114195345984,0.1346723995710458,0.13580883304668995,0.0,0.8412158175984008,0.8409721544356493,0.8480687006576616,0.0,0.1347114195345984,0.13580883304668995,0.14766260198483885,0.1487640491526763,798.705921548429,798.9293783676048,1.0267133829959882,0.0012520252736659375
MAIN,1.5,0.05,100,dollars,HT,MIS-G-10000,RA-EST,0.11754769774991304,0.11750873991702476,0.11774998922673421,0.0,0.7340356371503186,0.7337923619672777,0.7352988618320508,0.0,0.11754769774991304,0.11774998922673421,0.13061109026288334,0.13081672698992095,370321.07072701084,447738.07553868525,3.25722821725809,2.700364887916777e-06
MAIN,1.5,0.05,100,dollars,HT,MIS-G-2000,DEF-0.0,0.99995,0.99995,0.99995,0.0,6.244264663779892,6.244264663779892,6.244264663779892,1.0,0.99995,0.99995,1.0,1.0,200.0,200.0,0.0,0.005
MAIN,1.5,0.05,100,dollars,HT,MIS-G-2000,DEF-0.25,0.26234561619312935,0.2619643662582181,0.26906536467520253,0.0,1.6382373727609574,1.635856628227096,1.68019935885636,1.0,0.26234561619312935,0.26906536467520253,0.2737719317203568,0.28040309376480865,266.618983122885,266.6336701606104,0.3376885172260807,0.0037506706697593246
MAIN,1.5,0.05,100,dollars,HT,MIS-G-2000,DEF-0.5,0.17301335203577306,0.17272404796834728,0.17709806146498228,0.0,1.0803951802381004,1.078588598743711,1.105902462352826,1.0,0.17301335203577306,0.17709806146498228,0.18557764622113596,0.18960276972809306,399.7855007637576,399.85155246517087,0.6234422281255594,0.00250134133951865
MAIN,1.5,0.05,100,dollars,HT,MIS-G-2000,DEF-0.75,0.1349868145065209,0.13480402554007292,0.1376138486943063,0.0,0.8429355426764131,0.8417941029203054,0.8593402596615923,0.0,0.1349868145065209,0.1376138486943063,0.14793545031392558,0.15053096221805617,798.7143834040753,799.109975500436,1.0277656106879864,0.001252012009277975
MAIN,1.5,0.05,100,dollars,HT,MIS-G-2000,RA-EST,0.11800120511436431,0.11782070177134177,0.11888028073345994,0.0,0.7368675987590061,0.735740431754126,0.7423570540568801,0.0,0.11800120511436431,0.11888028073345994,0.13106071789669324,0.1319653102804252,372762.41578116163,538795.0953927794,3.2686090394137546,2.682679037299714e-06
MAIN,1.5,0.05,100,dollars,HT,MIS-I-2000,DEF-0.0,0.99995,0.99995,0.99995,0.0,6.244264663779892,6.244264663779892,6.244264663779892,1.0,0.99995,0.99995,1.0,1.0,200.0,200.0,0.0,0.005
MAIN,1.5,0.05,100,dollars,HT,MIS-I-2000,DEF-0.25,0.23732268897050568,0.23698875622461768,0.24491307518968708,0.0,1.4819797796407366,1.4798945109320738,1.5293785300311322,1.0,0.23732268897050568,0.24491307518968708,0.24905895633067351,0.25655927266610584,266.6428787583153,266.6522654644988,0.35305038928663995,0.0037503345473044614
MAIN,1.5,0.05,100,dollars,HT,MIS-I-2000,DEF-0.5,0.1546333376276381,0.15437550288277252,0.15908164020184418,0.0,0.9656197669789549,0.9640096980890517,0.9933975344452444,0.06,0.1546333376276381,0.15908164020184418,0.1673298570094048,0.1717610755103715,399.89297350700156,399.9352015890597,0.6497686493154144,0.0025006690946089228
MAIN,1.5,0.05,100,dollars,HT,MIS-I-2000,DEF-0.75,0.1202310450579636,0.12003146272708937,0.12304803638050185,0.0,0.7507920057450573,0.7495456985335041,0.7683829246645034,0.0,0.1202310450579636,0.12304803638050185,0.13319642786620045,0.13588958916596597,799.3581844993905,799.6113354586287,1.0772023031542628,0.0012510036419133837
MAIN,1.5,0.05,100,dollars,HT,MIS-I-2000,RA-EST,0.106495648189583,0.10622005307261195,0.1088805425965253,0.0,0.6650202638497406,0.6632992889505831,0.679912920354682,0.0,0.106495648189583,0.1088805425965253,0.11947612157414891,0.12179418572585618,747280.8080498318,1234398.6401643704,3.933513474284811,1.338189217845052e-06
MAIN,1.5,0.05,100,rate,DIFF,COR-10000,DEF-0.0,0.99995,0.99995,0.9999500000000002,0.0,0.99995,0.99995,0.9999500000000002,0.0,0.7613492149909861,0.7624513470030564,1.0,1.0,200.0,200.0,0.0,0.005
MAIN,1.5,0.05,100,rate,DIFF,COR-10000,DEF-0.25,0.8479836871045844,0.8481499718826456,0.8532478904671885,0.0,0.8479836871045844,0.8481499718826456,0.8532478904671885,0.0,0.6456436163232765,0.6495532552741714,0.848050548719485,0.8533281522648759,264.2944139626064,265.058070658602,0.15215293583244646,0.003783659235915441
MAIN,1.5,0.05,100,rate,DIFF,COR-10000,DEF-0.5,0.7653321085384884,0.7654184075101409,0.7711078246570443,0.0,0.7653321085384884,0.7654184075101409,0.7711078246570443,0.0,0.582713741356381,0.5870906893667706,0.7654080665113612,0.7712145899386905,389.5114744682733,392.84760800929666,0.3010201593671168,0.002567318471830883
MAIN,1.5,0.05,100,rate,DIFF,COR-10000,DEF-0.75,0.7193878663374689,0.7193946556043912,0.7234655244752252,0.0,0.7193878663374689,0.7193946556043912,0.7234655244752252,0.0,0.5477325845074826,0.5510960054784858,0.7194688139769506,0.7235347515828124,740.2046842308803,758.5673640358094,0.4707689960546587,0.001350977707746324
MAIN,1.5,0.05,100,rate,DIFF,COR-10000,RA-EST,0.7030614138584903,0.7027147117977544,0.7044204972671857,0.0,0.7030614138584903,0.7027147117977544,0.7044204972671857,0.0,0.5353024178316459,0.5368119121057875,0.7031440421604013,0.7045356554577928,7427.418559370564,10985.098432527962,0.7194842322296088,0.0001346369436617652
MAIN,1.5,0.05,100,rate,DIFF,COR-10000,SRSWOR,,,,0.0,1.0,1.0,1.0,0.0,0.7613872843552039,0.76248947147663,0.9998865752833637,0.9999989294197881,,,,
MAIN,1.5,0.05,100,rate,DIFF,COR-2000,DEF-0.0,0.99995,0.99995,0.9999500000000002,0.0,0.99995,0.99995,0.9999500000000002,0.0,0.7665098710185049,0.7718566800661162,1.0,1.0,200.0,200.0,0.0,0.005
MAIN,1.5,0.05,100,rate,DIFF,COR-2000,DEF-0.25,0.8484827731096317,0.84791560358927,0.8622371688745106,0.0,0.8484827731096317,0.84791560358927,0.8622371688745106,0.0,0.6504009996440482,0.6622676708053603,0.8486130230819832,0.8623097064361777,264.3779197321546,265.9871945314184,0.15323938827742273,0.003782464137246036
MAIN,1.5,0.05,100,rate,DIFF,COR-2000,DEF-0.5,0.766993978826066,0.7660032201501207,0.7822752674179901,0.0,0.766993978826066,0.7660032201501207,0.7822752674179901,0.0,0.58793745474437,0.6007462125110399,0.7671672561992893,0.7823669303427238,389.8744501061131,396.9578781690568,0.3026552098782344,0.0025649282744920725
MAIN,1.5,0.05,100,rate,DIFF,COR-2000,DEF-0.75,0.7226954847570031,0.7212171197844988,0.7356084827460682,0.0,0.7226954847570031,0.7212171197844988,0.7356084827460682,0.0,0.5539847606978683,0.5648693476659473,0.7228919630150308,0.735687046915741,742.174288656327,782.020744444404,0.4734721393175432,0.0013473924117381082
MAIN,1.5,0.05,100,rate,DIFF,COR-2000,RA-EST,0.7100039433357253,0.707472700404636,0.7199856124032202,0.0,0.7100039433357253,0.707472700404636,0.7199856124032202,0.0,0.5442689023838322,0.5554238577256866,0.7102064877342551,0.7200734261596071,7700.812255779103,26097.43472397814,0.7338909026815932,0.0001298565489841441
MAIN,1.5,0.05,100,rate,DIFF,COR-2000,SRSWOR,,,,0.0,1.0,1.0,1.0,0.0,0.7665481984284263,0.7718952748298576,0.9994619847037245,0.9999931641826338,,,,
MAIN,1.5,0.05,100,rate,DIFF,COR-500,DEF-0.0,0.99995,0.99995,0.9999500000000002,0.0,1.0003322921553213,0.99995,0.9999500000000003,0.08,0.7883776700874647,0.809013120015295,1.0,1.0,200.0,200.0,0.0,0.005
MAIN,1.5,0.05,100,rate,DIFF,COR-500,DEF-0.25,0.8481120613920996,0.8491738091527188,0.8754651571228906,0.0,0.8484402905941273,0.8491738091527188,0.8756712673495536,0.005,0.6688029899240113,0.697627882221933,0.8484655741397634,0.8757861840375931,265.22101267491735,266.5503814441011,0.15922335488446404,0.003770440512272933
MAIN,1.5,0.05,100,rate,DIFF,COR-500,DEF-0.5,0.7732502397504792,0.7703278708353605,0.8042247174138794,0.0,0.7735509786011758,0.7703278708353605,0.8042247174138794,0.005,0.6099677749832576,0.6426149327800513,0.7737515703287905,0.805185457887276,393.5644521038405,399.4771725395385,0.31683528254832766,0.002540881024545866
MAIN,1.5,0.05,100,rate,DIFF,COR-500,DEF-0.75,0.7407983034078829,0.7309769468263836,0.7694677836198892,0.005,0.7410864405632875,0.7313197770673707,0.7694677836198892,0.01,0.5846714508618845,0.6217209141988912,0.7413617989466763,0.769735952281198,762.5923611216754,796.8712154319363,0.5004830072991118,0.0013113215368187989
MAIN,1.5,0.05,100,rate,DIFF,COR-500,RA-EST,1.013168053759625,0.7290996233616351,0.8217360792879631,0.025,1.0134600359601165,0.7291149373041359,0.8217360792879631,0.03,0.8222746512930845,0.6617517158041275,1.0132475751231693,0.822028431828321,12251.83011666159,152835.8819920625,0.8283417316161026,8.176204909173169e-05
MAIN,1.5,0.05,100,rate,DIFF,COR-500,SRSWOR,,,,0.0,1.000382311270885,1.0,1.0,0.08,0.7884170909420117,0.8090535726939296,0.9979774350606395,0.9999768630572823,,,,
MAIN,1.5,0.05,100,rate,DIFF,KS-2000,DEF-0.0,0.99995,0.99995,0.9999500000000002,0.0,0.99995,0.99995,0.9999500000000002,0.0,0.7678481958670115,0.7739203988585089,1.0,1.0,200.0,200.0,0.0,0.005
MAIN,1.5,0.05,100,rate,DIFF,KS-2000,DEF-0.25,0.8469964478700421,0.8471955545025638,0.8585159077248058,0.0,0.8469964478700421,0.8471955545025638,0.8585159077248058,0.0,0.6504022895890544,0.6627399191778642,0.8471298856364211,0.8590489683819421,264.335645116636,265.8451647509843,0.15496623668699888,0.003783069059022261
MAIN,1.5,0.05,100,rate,DIFF,KS-2000,DEF-0.5,0.7656638200692882,0.7650824916795373,0.77888595922859,0.0,0.7656638200692882,0.7650824916795373,0.77888595922859,0.0,0.5879512254226011,0.6005370221096424,0.7658408992985971,0.7789413921036363,389.69063864190525,396.3258786126551,0.30664730657069883,0.002566138118044523
MAIN,1.5,0.05,100,rate,DIFF,KS-2000,DEF-0.75,0.722285667469873,0.7217761783483934,0.733328777558737,0.0,0.722285667469873,0.7217761783483934,0.733328777558737,0.0,0.5546452329306851,0.5648367116111208,0.7224854144416006,0.7334128481814186,741.1760282615355,778.352941283632,0.48245123203600754,0.0013492071770667838
MAIN,1.5,0.05,100,rate,DIFF,KS-2000,RA-EST,0.7114859494564265,0.7089417104544044,0.7217774427635912,0.0,0.7114859494564265,0.7089417104544044,0.7217774427635912,0.0,0.5463607340664489,0.5575844691027744,0.7116899613641315,0.7219682293898705,7559.960404944009,21573.91319083181,0.7498984242172377,0.00013227623608904522
MAIN,1.5,0.05,100,rate,DIFF,KS-2000,SRSWOR,,,,0.0,1.0,1.0,1.0,0.0,0.7678865901965213,0.7739590968133496,0.9994539347935977,0.9999927342453024,,,,
MAIN,1.5,0.05,100,rate,DIFF,MIS-G-10000,DEF-0.0,0.99995,0.99995,0.9999500000000002,0.0,0.99995,0.99995,0.9999500000000002,0.0,0.9130666529585912,0.9138583292016133,1.0,1.0,200.0,200.0,0.0,0.005
MAIN,1.5,0.05,100,rate,DIFF,MIS-G-10000,DEF-0.25,0.8859064126001723,0.885837292867993,0.8903597941396973,0.0,0.8859064126001723,0.885837292867993,0.8903597941396973,0.0,0.8089305863018403,0.813039077677774,0.8859694338460882,0.8904226660859379,259.8356964070665,260.6879325821707,0.13015560820809938,0.0038485859098092907
MAIN,1.5,0.05,100,rate,DIFF,MIS-G-10000,DEF-0.5,0.8146189728311723,0.8145831960872945,0.8201329830538087,0.0,0.8146189728311723,0.8145831960872945,0.8201329830538087,0.0,0.7438368070944048,0.749106483658773,0.8146900468378722,0.8202234879551854,370.75873075505456,374.2503251184578,0.26086497531380837,0.0026971718196185813
MAIN,1.5,0.05,100,rate,DIFF,MIS-G-10000,DEF-0.75,0.7696094819355124,0.7695605350882907,0.7747372520290879,0.0,0.7696094819355124,0.7695605350882907,0.7747372520290879,0.0,0.7027383412226711,0.7073827017863734,0.7696855795585694,0.7748080162329548,646.9319118917905,663.1244553230576,0.4091776569448591,0.001545757729427872
MAIN,1.5,0.05,100,rate,DIFF,MIS-G-10000,RA-EST,0.746494688076245,0.7462001840579833,0.7491054144789324,0.0,0.746494688076245,0.7462001840579833,0.7491054144789324,0.0,0.6816328862456956,0.6839422237313165,0.7465732913293311,0.7491894528619791,2535.8595612154068,2906.83549041386,0.6150771220923623,0.0003943436392371629
MAIN,1.5,0.05,100,rate,DIFF,MIS-G-10000,SRSWOR,,,,0.0,1.0,1.0,1.0,0.0,0.9131123085740198,0.9139040244028334,0.9998843807216256,1.0000045430502142,,,,
MAIN,1.5,0.05,100,rate,DIFF,MIS-G-2000,DEF-0.0,0.99995,0.99995,0.9999500000000002,0.0,0.99995,0.99995,0.9999500000000002,0.0,0.9150897548304477,0.9192631681761935,1.0,1.0,200.0,200.0,0.0,0.005
MAIN,1.5,0.05,100,rate,DIFF,MIS-G-2000,DEF-0.25,0.8861700611333891,0.8863789762173054,0.8957223835700729,0.0,0.8861700611333891,0.8863789762173054,0.8957223835700729,0.0,0.8109563290876551,0.8194991018873424,0.8862781746241103,0.8958781284446875,259.8588576705947,261.852363922042,0.12970435494762889,0.003848242899294185
MAIN,1.5,0.05,100,rate,DIFF,MIS-G-2000,DEF-0.5,0.8153034094162251,0.8153174976490551,0.8272816359252079,0.0,0.8153034094162251,0.8153174976490551,0.8272816359252079,0.0,0.7461018791837948,0.7573540406284627,0.8154470106641845,0.8273862489620375,370.85306805074106,379.0906199173669,0.2604209373463838,0.00269648579858837
MAIN,1.5,0.05,100,rate,DIFF,MIS-G-2000,DEF-0.75,0.7707911768596618,0.7705501311647024,0.7814464553757096,0.0,0.7707911768596618,0.7705501311647024,0.7814464553757096,0.0,0.7053693962910489,0.7153541724093918,0.7709565469658256,0.7817885394458752,647.3630071019659,686.4183511615307,0.4087127755528696,0.0015447286978825556
MAIN,1.5,0.05,100,rate,DIFF,MIS-G-2000,RA-EST,0.7485339506993018,0.74766037971369,0.7546882354538756,0.0,0.7485339506993018,0.74766037971369,0.7546882354538756,0.0,0.6850088681417883,0.6919355505413697,0.7487093834148538,0.7547407074093362,2544.7282037017003,3626.042016162443,0.6141539799196003,0.00039297159717674066
MAIN,1.5,0.05,100,rate,DIFF,MIS-G-2000,SRSWOR,,,,0.0,1.0,1.0,1.0,0.0,0.915135511606028,0.9193091336328753,0.9994935246839602,0.9999977773198588,,,,
MAIN,1.5,0.05,100,rate,DIFF,MIS-I-2000,DEF-0.0,0.99995,0.99995,0.9999500000000002,0.0,0.99995,0.99995,0.9999500000000002,0.0,0.782947023869058,0.790369356005644,1.0,1.0,200.0,200.0,0.0,0.005
MAIN,1.5,0.05,100,rate,DIFF,MIS-I-2000,DEF-0.25,0.837635105681094,0.8373417256468343,0.8497319381005692,0.0,0.837635105681094,0.8373417256468343,0.8497319381005692,0.0,0.6558600991519224,0.6668618385103671,0.8377711416479698,0.8498690980716339,262.38019754777906,263.79229834630934,0.1696227272376164,0.003811263239646684
MAIN,1.5,0.05,100,rate,DIFF,MIS-I-2000,DEF-0.5,0.7559711242481297,0.7551402472758266,0.7689099414862035,0.0,0.7559711242481297,0.7551402472758266,0.7689099414862035,0.0,0.5919117220904133,0.6024451168924548,0.7561494590801352,0.7691969997845605,381.3116940741469,387.33830055560657,0.33759512301762606,0.002622526479293368
MAIN,1.5,0.05,100,rate,DIFF,MIS-I-2000,DEF-0.75,0.7174268628068023,0.7166328446109294,0.7280943722091862,0.0,0.7174268628068023,0.7166328446109294,0.7280943722091862,0.0,0.5617211199841272,0.5701290482780788,0.717624494735664,0.7283985178760509,697.4524203191145,728.5530064818776,0.5362059264044035,0.001433789718940052
MAIN,1.5,0.05,100,rate,DIFF,MIS-I-2000,RA-EST,0.7204266457451538,0.7188286095290547,0.7374004675373039,0.0,0.7204266457451538,0.7188286095290547,0.7374004675373039,0.0,0.5640508546682067,0.5747402769491066,0.7206213573262397,0.7374642217121365,4080.777813526736,6118.2691958999785,0.8633033473404298,0.00024505295858673587
MAIN,1.5,0.05,100,rate,DIFF,MIS-I-2000,SRSWOR,,,,0.0,1.0,1.0,1.0,0.0,0.7829861731777169,0.7904088764494664,0.9994689817707268,0.9999939103431805,,,,
MAIN,1.5,0.05,100,rate,EXP,COR-2000,ST-NEY-EST,,,,0.0,0.9530229865143586,0.9507364096492982,0.9619483165835219,0.0,0.9495576518550408,0.9584505280840846,1.2381175740438417,1.252013149683992,,,,
MAIN,1.5,0.05,100,rate,HT,COR-10000,DEF-0.0,0.9999499999999999,0.9999499999999999,0.9999499999999999,0.0,1.0035992375010778,1.0035992375010778,1.0035992375010778,1.0,0.9999499999999999,0.9999499999999999,1.0,1.0,200.0,200.0,0.0,0.005
MAIN,1.5,0.05,100,rate,HT,COR-10000,DEF-0.25,0.7515763853838969,0.7522933017288029,0.7585883588361232,0.0,0.7543192032552579,0.7550387359289914,0.7613567663434444,0.0,0.7515763853838969,0.7585883588361232,0.7638480889224577,0.7705192393825446,264.4868697159236,265.1821985962697,0.17658811150452983,0.0037809060387240826
MAIN,1.5,0.05,100,rate,HT,COR-10000,DEF-0.5,0.6475994911130517,0.6480707562179002,0.653812231961071,0.0,0.6499628536298262,0.6504358385789604,0.6561982673783776,0.0,0.6475994911130517,0.653812231961071,0.6648963171522159,0.6708148322039902,390.3487042736865,393.3934489239204,0.3383000631004362,0.002561812077448165
MAIN,1.5,0.05,100,rate,HT,COR-10000,DEF-0.75,0.5954317248426555,0.5956821991760347,0.5996737477065841,0.0,0.5976047052713042,0.5978560936907181,0.6018622090581943,0.0,0.5954317248426555,0.5996737477065841,0.6151852361976305,0.6192192726044006,744.7581088822303,761.6282373228522,0.5210101444347212,0.0013427181161722477
MAIN,1.5,0.05,100,rate,HT,COR-10000,RA-EST,0.5777938839740451,0.5774403178665763,0.57931478146625,0.0,0.5799024965139636,0.5795476400952807,0.5814289443998522,0.0,0.5777938839740451,0.57931478146625,0.5982992809873254,0.5997575687222431,8089.381783412724,11909.379416089396,0.7950694623019385,0.00012362415489633005
MAIN,1.5,0.05,100,rate,HT,COR-2000,DEF-0.0,0.9999499999999999,0.9999499999999999,0.9999499999999999,0.0,1.0035992375010778,1.0035992375010778,1.0035992375010778,1.0,0.9999499999999999,0.9999499999999999,1.0,1.0,200.0,200.0,0.0,0.005
MAIN,1.5,0.05,100,rate,HT,COR-2000,DEF-0.25,0.7530414798496746,0.7525467860200079,0.7704430989110205,0.0,0.75578964446604,0.7552931452908311,0.7732547693435348,0.0,0.7530414798496746,0.7704430989110205,0.7652402913141478,0.7817892558648307,264.569349815427,266.0390277590442,0.17759519585515535,0.003779727327095276
MAIN,1.5,0.05,100,rate,HT,COR-2000,DEF-0.5,0.6505703907573951,0.648943183301024,0.6683426172929542,0.0,0.6529445953346666,0.6513114495149057,0.6707816801886929,0.0,0.6505703907573951,0.6683426172929542,0.6677198525201004,0.6846428461221417,390.70823570002767,397.1888582714095,0.34008860304600086,0.0025594546541905525
MAIN,1.5,0.05,100,rate,HT,COR-2000,DEF-0.75,0.6001344483444947,0.5980925759690483,0.6127959847593173,0.0,0.6023245909862142,0.6002752669609405,0.6150323346649061,0.0,0.6001344483444947,0.6127959847593173,0.6196552765876804,0.6317144646455334,746.7245788890514,783.3669474901958,0.5243216984963268,0.0013391819812858283
MAIN,1.5,0.05,100,rate,HT,COR-2000,RA-EST,0.5861147039479169,0.5832829190781461,0.5964791110296591,0.0,0.588253682654432,0.5854115634124011,0.5986559138103772,0.0,0.5861147039479169,0.5964791110296591,0.6062082593404486,0.6160184619514641,8409.962143374476,28259.25710648151,0.809316309480093,0.00011890930838110435
MAIN,1.5,0.05,100,rate,HT,COR-500,DEF-0.0,0.9999499999999999,0.9999499999999999,0.9999499999999999,0.0,1.0035992375010778,1.0035992375010778,1.0035992375010778,1.0,0.9999499999999999,0.9999499999999999,1.0,1.0,200.0,200.0,0.0,0.005
MAIN,1.5,0.05,100,rate,HT,COR-500,DEF-0.25,0.7537138320748461,0.7541289454339442,0.7854929805086661,0.0,0.7564644503868503,0.7568810786689317,0.7883595742796603,0.005,0.7537138320748461,0.7854929805086661,0.7658712542105944,0.7960986479837049,265.37170514616435,266.5635023783268,0.1858471540942438,0.003768299295689029
MAIN,1.5,0.05,100,rate,HT,COR-500,DEF-0.5,0.660153463628346,0.6553172157279057,0.6931615423675752,0.0,0.6625626408631469,0.6577087434630287,0.6956911799441667,0.005,0.660153463628346,0.6931615423675752,0.6768129869807263,0.7082867924133244,394.2287471608664,399.53612044501637,0.3573104329580298,0.0025365985913780587
MAIN,1.5,0.05,100,rate,HT,COR-500,DEF-0.75,0.6227044853411937,0.612129183947153,0.6540282826227084,0.0,0.6249769955266994,0.6143631004165405,0.6564151064996147,0.005,0.6227044853411937,0.6540282826227084,0.6410876871212541,0.6709088288455509,766.3440413974608,797.223177971625,0.5559240448796935,0.0013048978870670877
MAIN,1.5,0.05,100,rate,HT,COR-500,RA-EST,0.8752506372378788,0.6115442052606386,0.7047655001065645,0.025,0.8784447943939874,0.6137759868971244,0.7073374853982839,0.03,0.8752506372378788,0.7047655001065645,0.8808874545342844,0.7188989047674866,13667.290729240602,172713.36388326084,0.90532520492719,7.319718275611685e-05
MAIN,1.5,0.05,100,rate,HT,KS-2000,DEF-0.0,0.9999499999999999,0.9999499999999999,0.9999499999999999,0.0,1.0035992375010778,1.0035992375010778,1.0035992375010778,1.0,0.9999499999999999,0.9999499999999999,1.0,1.0,200.0,200.0,0.0,0.005
MAIN,1.5,0.05,100,rate,HT,KS-2000,DEF-0.25,0.7511772238145324,0.7519035207407723,0.7656489298290373,0.0,0.7539185849776903,0.7546475324664383,0.7684431043251545,0.0,0.7511772238145324,0.7656489298290373,0.7634666972374256,0.7772365697128311,264.5507005871797,265.9167249956271,0.17974840974792256,0.0037799937723986873
MAIN,1.5,0.05,100,rate,HT,KS-2000,DEF-0.5,0.6492160501854519,0.64925168639335,0.6633459196071385,0.0,0.6515853122051913,0.6516210784645782,0.6657667474545482,0.0,0.6492160501854519,0.6633459196071385,0.6664289251752633,0.6798909753951509,390.62690291807144,396.6441377847665,0.3448646498037662,0.002559987544797375
MAIN,1.5,0.05,100,rate,HT,KS-2000,DEF-0.75,0.5999818649817692,0.5991278715813992,0.6120595992279384,0.0,0.6021714507827174,0.601314340801776,0.614293261753462,0.0,0.5999818649817692,0.6120595992279384,0.6195050368783571,0.6309995871778175,746.2790992178786,780.1971064388284,0.5318898214773533,0.0013399813171960625
MAIN,1.5,0.05,100,rate,HT,KS-2000,RA-EST,0.5881557846380666,0.5855328791456018,0.5993264857520681,0.0,0.590302212105217,0.5876697345290631,0.6015136797989662,0.0,0.5881557846380666,0.5993264857520681,0.6081417902174607,0.618777908126418,8335.156680294112,23638.940989690418,0.8247708846525361,0.00011997508959474977
MAIN,1.5,0.05,100,rate,HT,MIS-G-10000,DEF-0.0,0.9999499999999999,0.9999499999999999,0.9999499999999999,0.0,1.0035992375010778,1.0035992375010778,1.0035992375010778,1.0,0.9999499999999999,0.9999499999999999,1.0,1.0,200.0,200.0,0.0,0.005
MAIN,1.5,0.05,100,rate,HT,MIS-G-10000,DEF-0.25,0.8551556524156857,0.855135083972189,0.860887621300552,0.0,0.8582764745328454,0.8582558310264604,0.8640293617794397,0.0,0.8551556524156857,0.860887621300552,0.8623544397150052,0.8678046079238728,260.1450687977539,260.9576935494102,0.1409296812605405,0.0038440090547366295
MAIN,1.5,0.05,100,rate,HT,MIS-G-10000,DEF-0.5,0.772344281936019,0.7721954348075859,0.7790555260420566,0.0,0.7751628905838354,0.7750135002497189,0.7818986268381511,0.0,0.772344281936019,0.7790555260420566,0.7836049027384397,0.7899886705151483,372.02130316964656,375.36444913173034,0.2786596923026823,0.002688018109473259
MAIN,1.5,0.05,100,rate,HT,MIS-G-10000,DEF-0.75,0.7222798111150535,0.7221042329587579,0.7280054294947944,0.0,0.7249157134831643,0.7247394945684386,0.7306622270489729,0.0,0.7222798111150535,0.7280054294947944,0.735976740606972,0.7414280311725331,652.729940805257,668.3972336232868,0.43395460072941594,0.0015320271642098888
MAIN,1.5,0.05,100,rate,HT,MIS-G-10000,RA-EST,0.6974629443753153,0.6970386309247177,0.6998593994167575,0.0,0.7000082795743019,0.6995824176257233,0.7024134802866344,0.0,0.6974629443753153,0.6998593994167575,0.7123455111322359,0.714630549131075,2659.3183201952297,3047.3408670631898,0.6509602818237894,0.0003760362189465184
MAIN,1.5,0.05,100,rate,HT,MIS-G-2000,DEF-0.0,0.9999499999999999,0.9999499999999999,0.9999499999999999,0.0,1.0035992375010778,1.0035992375010778,1.0035992375010778,1.0,0.9999499999999999,0.9999499999999999,1.0,1.0,200.0,200.0,0.0,0.005
MAIN,1.5,0.05,100,rate,HT,MIS-G-2000,DEF-0.25,0.8558459194868594,0.8559523049601805,0.8685206046763758,0.0,0.8589692606784548,0.859076034397047,0.8716902011172417,0.0,0.8558459194868594,0.8685206046763758,0.8630104290055258,0.875062112263484,260.1647735899302,262.0812816789906,0.14082436945627835,0.003843717920729706
MAIN,1.5,0.05,100,rate,HT,MIS-G-2000,DEF-0.5,0.7737311408286989,0.7732060380749914,0.7885718763166732,0.0,0.7765548107070568,0.7760277916328724,0.7914497062715211,0.0,0.7737311408286989,0.7885718763166732,0.7849230095956856,0.799040998414428,372.10191431074696,380.0517940969651,0.2784454111624164,0.0026874358414594127
MAIN,1.5,0.05,100,rate,HT,MIS-G-2000,DEF-0.75,0.7243476668624801,0.7234074927576946,0.7366063919490518,0.0,0.726991115704655,0.7260475105097142,0.7392945780273898,0.0,0.7243476668624801,0.7366063919490518,0.7379422689071647,0.7496125838579459,653.1023673787943,691.1659817782206,0.4339194711249605,0.001531153762189119
MAIN,1.5,0.05,100,rate,HT,MIS-G-2000,RA-EST,0.7005868898106496,0.6990879941315533,0.7072800243290274,0.0,0.7031436255984995,0.701639259819576,0.7098611861756644,0.0,0.7005868898106496,0.7072800243290274,0.715314923058625,0.721652893736302,2667.591078818343,3810.385785526047,0.6513252795565581,0.0003748716829188252
MAIN,1.5,0.05,100,rate,HT,MIS-I-2000,DEF-0.0,0.9999499999999999,0.9999499999999999,0.9999499999999999,0.0,1.0035992375010778,1.0035992375010778,1.0035992375010778,1.0,0.9999499999999999,0.9999499999999999,1.0,1.0,200.0,200.0,0.0,0.005
MAIN,1.5,0.05,100,rate,HT,MIS-I-2000,DEF-0.25,0.752684509346575,0.7527961311284994,0.7683884861202237,0.0,0.755431371227657,0.7555434003643415,0.7711926584077845,0.0,0.752684509346575,0.7683884861202237,0.7649072002901467,0.7798447283996259,262.69252893979956,264.0122493515526,0.18850327441744436,0.003806731789070864
MAIN,1.5,0.05,100,rate,HT,MIS-I-2000,DEF-0.5,0.6499197493878356,0.6493694090216497,0.664814751208848,0.0,0.6522915795014985,0.651739230712189,0.6672409394396407,0.0,0.6499197493878356,0.664814751208848,0.6671154133546665,0.6812941876198547,382.6339934562161,388.2882817415543,0.36630792045802363,0.002613463578141729
MAIN,1.5,0.05,100,rate,HT,MIS-I-2000,DEF-0.75,0.603527993250508,0.6017834717541537,0.6134983597071088,0.0,0.6057305203627836,0.6039796323748389,0.61573727287386,0.0,0.603527993250508,0.6134983597071088,0.6229021111124992,0.6324178106921485,704.1285066740617,733.6170044884168,0.5765635327872428,0.0014201953672125928
MAIN,1.5,0.05,100,rate,HT,MIS-I-2000,RA-EST,0.602699018916073,0.6008516668859585,0.6143942659915312,0.0,0.6048985207528562,0.6030444269593476,0.61663644869657,0.0,0.602699018916073,0.6143942659915312,0.6219973438943298,0.6330406799634222,4406.713667622779,6630.801589035657,0.9309431890805271,0.00022692715628345718
MAIN,1.5,0.05,400,dollars,DIFF,COR-10000,DEF-0.0,0.9999499999999999,0.9999499999999999,0.9999500000000001,0.0,5.867641669149952,5.8630976222713835,5.881553466919375,1.0,0.6542286158538073,0.6565831450873587,1.0,1.0,50.0,50.0,0.0,0.02
MAIN,1.5,0.05,400,dollars,DIFF,COR-10000,DEF-0.25,0.28259838883273647,0.28306903873223865,0.2849117973281478,0.0,1.6582555726218606,1.6594244813016963,1.6717033137376853,1.0,0.18489099632040062,0.18632203297427388,0.28268132586839917,0.28497467101834173,66.65822620352867,66.65992447335128,0.3365646290875902,0.015001899344676304
MAIN,1.5,0.05,400,dollars,DIFF,COR-10000,DEF-0.5,0.18755921819188157,0.18787484560298867,0.1889901289085785,0.0,1.1005755941551336,1.1015484384270176,1.1088398718437995,1.0,0.12271117322774568,0.12358672985882675,0.18763624475662904,0.18904410161322321,99.96202753103671,99.9696662655887,0.6246198846496135,0.010003798689352611
MAIN,1.5,0.05,400,dollars,DIFF,COR-10000,DEF-0.75,0.14677717626021883,0.14698040201111962,0.14761935336409346,0.0,0.8612717994848483,0.8618261625100154,0.8659431747669606,0.0,0.09602950255144614,0.09657590745744424,0.14684741453508232,0.1476863668860769,199.77233808393865,199.8181079433941,1.0346954804609176,0.005005698034028915
MAIN,1.5,0.05,400,dollars,DIFF,COR-10000,RA-EST,0.12895229178171402,0.1289807098553685,0.12926116181311018,0.0,0.7566801824108934,0.7563390789774718,0.7580395616472543,0.0,0.08436801273255524,0.08462023265637057,0.12901683925018065,0.129311250357048,131624.358909918,164783.8201495878,3.504241446880988,7.597378705220198e-06
MAIN,1.5,0.05,400,dollars,DIFF,COR-10000,SRSWOR,,,,0.0,5.867935065903248,5.863390791810975,5.8818475592973405,1.0,0.6542613289202533,0.6566159758861531,0.9999326636302132,0.999998817772232,,,,
MAIN,1.5,0.05,400,dollars,DIFF,COR-2000,DEF-0.0,0.9999499999999999,0.9999499999999999,0.9999500000000001,0.0,5.90959581848599,5.887225587576678,5.992608854612245,1.0,0.6641745011493133,0.6777402613674256,1.0,1.0,50.0,50.0,0.0,0.02
MAIN,1.5,0.05,400,dollars,DIFF,COR-2000,DEF-0.25,0.2823018803845648,0.28301164104107635,0.2884535006678623,0.0,1.668196875106486,1.6656061685845784,1.7082307844716818,1.0,0.18747842596128483,0.19272241569804738,0.28255847879375684,0.2886324001116606,66.65857807381626,66.6617747979537,0.33728359322473445,0.01500182015423385
MAIN,1.5,0.05,400,dollars,DIFF,COR-2000,DEF-0.5,0.18741401109648584,0.18803921432965526,0.19158248884495843,0.0,1.1074570179808243,1.106468097740946,1.1322744157357811,1.0,0.1244596648445428,0.12752106082083386,0.1876665782990878,0.19169937335021905,99.96361016265877,99.97798982092047,0.6262726631461135,0.0100036403084677
MAIN,1.5,0.05,400,dollars,DIFF,COR-2000,DEF-0.75,0.14676297788995205,0.1471070437478631,0.14960240167624692,0.0,0.8672391299233096,0.866034729240501,0.8828905540189451,0.0,0.09746346694866949,0.09960171687325173,0.14699955665131278,0.14972252628794347,199.78181977055527,199.86799703372978,1.0387673884592168,0.005005460462701552
MAIN,1.5,0.05,400,dollars,DIFF,COR-2000,RA-EST,0.12927219120445368,0.12922887859443138,0.13147861016034007,0.0,0.7639015787430646,0.7612659218907677,0.7748037161600333,0.0,0.08585219989517537,0.08763878562373138,0.12949111460429055,0.131693601355314,137354.2388275955,227117.73177193353,3.566230666577397,7.2806169354026154e-06
MAIN,1.5,0.05,400,dollars,DIFF,COR-2000,SRSWOR,,,,0.0,5.909891313051642,5.8875199635748565,5.992908500037248,1.0,0.6642077115348901,0.6777741500749295,0.9996494495999945,0.9999935636182308,,,,
MAIN,1.5,0.05,400,dollars,DIFF,COR-500,DEF-0.0,0.9999499999999999,0.9999499999999999,0.9999500000000001,0.0,6.074307823992471,5.967673169163625,6.490540146645461,1.0,0.7074649577103987,0.7781927704878252,1.0,1.0,50.0,50.0,0.0,0.02
MAIN,1.5,0.05,400,dollars,DIFF,COR-500,DEF-0.25,0.281468859665052,0.28213975850190043,0.2985935011313743,0.0,1.7075561110640964,1.6892519588507215,1.7934130531752503,1.0,0.19887057189630736,0.21360314017441304,0.2823470761513083,0.299440090383975,66.66084840700881,66.66514634283067,0.34094008758500494,0.015001309222684021
MAIN,1.5,0.05,400,dollars,DIFF,COR-500,DEF-0.5,0.1881824278680502,0.188818165243937,0.19969535522246432,0.0,1.1413375355611581,1.1221009203646997,1.210769728310354,1.0,0.13296481042121547,0.14159956438226837,0.189062523719087,0.20025676968633774,99.97382240078335,99.99315885476084,0.6330425889513323,0.010002618445368046
MAIN,1.5,0.05,400,dollars,DIFF,COR-500,DEF-0.75,0.1493918266364673,0.14817151650960353,0.15832211210031033,0.0,0.9060593877573428,0.8828999151921989,0.9572631730208642,0.045,0.10564146271032128,0.11293137209628917,0.15022246895011754,0.15876891693016046,199.84301659370345,199.95895874395157,1.0521621120977065,0.005003927668052067
MAIN,1.5,0.05,400,dollars,DIFF,COR-500,RA-EST,0.2039115639123409,0.1310927792591755,0.14369865772642917,0.005,1.2409274266298214,0.7814588737535431,0.8765858829019857,0.035,0.15080188651904483,0.10531633887900753,0.204563597227501,0.14403824558968364,190953.06910490524,730822.1274583036,3.835175923508322,5.236890736089161e-06
MAIN,1.5,0.05,400,dollars,DIFF,COR-500,SRSWOR,,,,0.0,6.0746115545701995,5.967971567742011,6.490864689879955,1.0,0.7075003327270352,0.7782316820719287,0.9986444305350871,0.9999832141870162,,,,
MAIN,1.5,0.05,400,dollars,DIFF,KS-2000,DEF-0.0,0.9999499999999999,0.9999499999999999,0.9999500000000001,0.0,5.911067395639621,5.880755119847976,6.00487645505407,1.0,0.6655738613145601,0.6810719367712684,1.0,1.0,50.0,50.0,0.0,0.02
MAIN,1.5,0.05,400,dollars,DIFF,KS-2000,DEF-0.25,0.28213440931356365,0.28253913020075383,0.2881208441693974,0.0,1.6676454224068558,1.6662081774821518,1.707081062994896,1.0,0.18776940662895408,0.19279971998564915,0.2824105453226514,0.2883250812751358,66.65877255098047,66.66184786635017,0.3377939336532748,0.015001776386379506
MAIN,1.5,0.05,400,dollars,DIFF,KS-2000,DEF-0.5,0.1873878807385504,0.18766451097441816,0.19136664279754298,0.0,1.1075812051014582,1.1067357472695514,1.1332658918152336,1.0,0.12470780740966911,0.1279537145924218,0.18766125035738682,0.19154921512970002,99.96448489042822,99.97831853293852,0.6270219990307659,0.010003552772759015
MAIN,1.5,0.05,400,dollars,DIFF,KS-2000,DEF-0.75,0.1468429944586886,0.14725696937017707,0.14959133735377558,0.0,0.8679179048554154,0.8667594829706287,0.8843602547632978,0.0,0.09772268762690148,0.09996514317310452,0.14710044812606854,0.14972456254640118,199.78706059756962,199.86996758355514,1.039401170917143,0.005005329159138523
MAIN,1.5,0.05,400,dollars,DIFF,KS-2000,RA-EST,0.12954297148059932,0.12971297703099843,0.13140284979127234,0.0,0.7656612125804911,0.7628349123432984,0.7767083683698867,0.0,0.08620974514280184,0.088174570413129,0.1297824941062135,0.13161297999022525,140738.57343112427,230561.91801771012,3.583716274180591,7.105545518031069e-06
MAIN,1.5,0.05,400,dollars,DIFF,KS-2000,SRSWOR,,,,0.0,5.91136296378781,5.881049172306592,6.005176713889764,1.0,0.6656071416716438,0.681105992070872,0.9996206967785045,0.9999963479085345,,,,
MAIN,1.5,0.05,400,dollars,DIFF,MIS-G-10000,DEF-0.0,0.9999499999999999,0.9999499999999999,0.9999500000000001,0.0,5.689117525753883,5.683723622794658,5.704853072086898,1.0,0.7459660179478766,0.7485110645411621,1.0,1.0,50.0,50.0,0.0,0.02
MAIN,1.5,0.05,400,dollars,DIFF,MIS-G-10000,DEF-0.25,0.3001543351665419,0.30032267315006217,0.3022231384637973,0.0,1.7077081987464617,1.7068012005648394,1.7239066078055478,1.0,0.22391753252292224,0.2261474814236328,0.3002507958870644,0.3023923670715257,66.65363511022193,66.65584261738799,0.3289285841623667,0.01500293267345968
MAIN,1.5,0.05,400,dollars,DIFF,MIS-G-10000,DEF-0.5,0.20150398121262636,0.20162596473018307,0.20272519802753627,0.0,1.1464419452965056,1.145948570818978,1.1566535840098626,1.0,0.15032329684828505,0.15170374790468877,0.20159586794598738,0.20286822717284758,99.94138091294178,99.9513075897279,0.6107232556852311,0.010005865346919364
MAIN,1.5,0.05,400,dollars,DIFF,MIS-G-10000,DEF-0.75,0.1586480565458076,0.15873596438221715,0.15938558656970434,0.0,0.9026137827006019,0.9025246177050944,0.9090625340506682,0.0,0.11835206882596949,0.11922318316861284,0.1587330508601295,0.15942131682997146,199.6486973385633,199.70812977585095,1.0074086045919735,0.005008798020379046
MAIN,1.5,0.05,400,dollars,DIFF,MIS-G-10000,RA-EST,0.1391520523835316,0.13921959068068215,0.13946088698196757,0.0,0.7916873865725748,0.7915439514245425,0.7928985920542481,0.0,0.10380707235734002,0.10400889991070565,0.13923060373319396,0.13950607674498894,85246.46748997166,102635.47635665494,3.129059971366053,1.173069383872732e-05
MAIN,1.5,0.05,400,dollars,DIFF,MIS-G-10000,SRSWOR,,,,0.0,5.689401995853675,5.6840078231858175,5.705138329003347,1.0,0.7460033181137823,0.7485484919657606,0.9999098942701924,1.0000045266958049,,,,
MAIN,1.5,0.05,400,dollars,DIFF,MIS-G-2000,DEF-0.0,0.9999499999999999,0.9999499999999999,0.9999500000000001,0.0,5.717135285067795,5.692613819780474,5.795461883687376,1.0,0.7520539839619177,0.766857320286819,1.0,1.0,50.0,50.0,0.0,0.02
MAIN,1.5,0.05,400,dollars,DIFF,MIS-G-2000,DEF-0.25,0.299259727423426,0.2997423954396198,0.30362318314677844,0.0,1.710941220505518,1.7084228230354768,1.7481994588245449,1.0,0.22505922180076646,0.23063930919870307,0.2995203599963926,0.3038920502757588,66.65374894359078,66.65766820080204,0.329297550961583,0.015002907050979269
MAIN,1.5,0.05,400,dollars,DIFF,MIS-G-2000,DEF-0.5,0.20076024763530387,0.20109826382871782,0.2036766618156089,0.0,1.147771827336576,1.1463997705272728,1.1701788303595786,1.0,0.15097783033367926,0.15444937499324646,0.2010219086586221,0.2038401380303736,99.94189276455378,99.9595178326913,0.6112538717537722,0.010005814101958537
MAIN,1.5,0.05,400,dollars,DIFF,MIS-G-2000,DEF-0.75,0.15802919637481425,0.15828048330891084,0.1599780971463619,0.0,0.9034564246610048,0.9028866236126184,0.9167664999600421,0.0,0.11883977543699766,0.12097924517110614,0.15827811794958738,0.16002728311254225,199.6517612910959,199.7573035074018,1.007688515093709,0.0050087211529378055
MAIN,1.5,0.05,400,dollars,DIFF,MIS-G-2000,RA-EST,0.1387211094448003,0.1391658570589513,0.13999556883731074,0.0,0.793053661762898,0.7925012377234499,0.7978988133640503,0.0,0.10431708246084512,0.10528226111343386,0.1389546453080093,0.14007758203002568,85997.80392311573,123469.95863713189,3.14096487999669,1.1628203917073586e-05
MAIN,1.5,0.05,400,dollars,DIFF,MIS-G-2000,SRSWOR,,,,0.0,5.717421156125601,5.6928984647037115,5.79575167127094,1.0,0.7520915885413448,0.7668956650700726,0.9996409900236428,1.0000035825475355,,,,
MAIN,1.5,0.05,400,dollars,DIFF,MIS-I-2000,DEF-0.0,0.9999499999999999,0.9999499999999999,0.9999500000000001,0.0,5.91261079751195,5.897525916741018,5.977847417016541,1.0,0.6759057122379964,0.6891254821064312,1.0,1.0,50.0,50.0,0.0,0.02
MAIN,1.5,0.05,400,dollars,DIFF,MIS-I-2000,DEF-0.25,0.2830793359659902,0.28411372510172345,0.28961674282362787,0.0,1.6736855008790128,1.6686612345216978,1.7150955849123828,1.0,0.19131041016230138,0.19613837200273782,0.28331788552390974,0.28992148247438604,66.65996672951837,66.66253529300309,0.33959121123672453,0.015001507637375951
MAIN,1.5,0.05,400,dollars,DIFF,MIS-I-2000,DEF-0.5,0.18859135273858907,0.189619177318544,0.19301342706074706,0.0,1.115016831939914,1.1139464219164514,1.1434944740441482,1.0,0.12744941924003636,0.1307155392961837,0.18882571857591926,0.19332814284086405,99.96985634170903,99.98141112244393,0.6307440100499113,0.010003015274751906
MAIN,1.5,0.05,400,dollars,DIFF,MIS-I-2000,DEF-0.75,0.1483164595924889,0.14909321293212138,0.1514631367890511,0.0,0.8768956038466262,0.8765227461112834,0.8987448481577871,0.0,0.10023111851685636,0.1024987919861388,0.1485361180988341,0.15166789117458548,199.81924702241517,199.88850818485378,1.047042921174261,0.0050045229121278584
MAIN,1.5,0.05,400,dollars,DIFF,MIS-I-2000,RA-EST,0.13188486596456728,0.1317977616904898,0.13480294728444336,0.0,0.7797637742711296,0.7772153793520782,0.7978098744867811,0.0,0.08913116510538359,0.09102459882908844,0.13208857899832785,0.1349541657654657,165823.9543449575,268928.28375834035,3.6983903236089457,6.030549503811353e-06
MAIN,1.5,0.05,400,dollars,DIFF,MIS-I-2000,SRSWOR,,,,0.0,5.9129064428340925,5.897820807781407,5.978146324332759,1.0,0.6759395092134571,0.6891599401034365,0.9996780117051621,0.9999979514249301,,,,
MAIN,1.5,0.05,400,dollars,EXP,COR-2000,ST-NEY-EST,,,,0.0,1.202584734113788,1.1811166375583775,1.2711743463386886,1.0,0.1790583814374154,0.1892710047977653,0.269532160190567,0.2821483154257683,,,,
MAIN,1.5,0.05,400,dollars,HT,COR-10000,DEF-0.0,0.99995,0.99995,0.99995,0.0,6.715824164295764,6.715824164295764,6.715824164295764,1.0,0.99995,0.99995,1.0,1.0,50.0,50.0,0.0,0.02
MAIN,1.5,0.05,400,dollars,HT,COR-10000,DEF-0.25,0.22706982558163857,0.22741980322116379,0.22938514892366826,0.0,1.525037273487267,1.5273877793010446,1.5405873554399259,1.0,0.22706982558163857,0.22938514892366826,0.23779677778214375,0.2400911063732528,66.65915866219879,66.66069053870602,0.3484623700771936,0.01500168949127589
MAIN,1.5,0.05,400,dollars,HT,COR-10000,DEF-0.5,0.1421587200731395,0.14233975215956024,0.14347901614247335,0.0,0.954760705467821,0.9559765459203409,0.9636280250802587,0.0,0.1421587200731395,0.14347901614247335,0.15293349467346845,0.15425815050966088,99.96622158814861,99.97311224477774,0.6423935103780025,0.010003378982551783
MAIN,1.5,0.05,400,dollars,HT,COR-10000,DEF-0.75,0.10710725594575717,0.10718085489769923,0.10786686754011605,0.0,0.7193494651251835,0.7198437674602195,0.7244511381097073,0.0,0.10710725594575717,0.10786686754011605,0.11739364858369887,0.11819501605991163,199.7974663541898,199.83876017729528,1.0636507211104045,0.005005068473827675
MAIN,1.5,0.05,400,dollars,HT,COR-10000,RA-EST,0.09215412346270904,0.09210689889368898,0.09239729794552518,0.0,0.6189218352821207,0.6186046675219594,0.6205550340098938,0.0,0.09215412346270904,0.09239729794552518,0.10186437212751576,0.10211265049315603,147973.53723722114,185910.61723989688,3.724859024567321,6.757965103566029e-06
MAIN,1.5,0.05,400,dollars,HT,COR-2000,DEF-0.0,0.99995,0.99995,0.99995,0.0,6.715824164295764,6.715824164295764,6.715824164295764,1.0,0.99995,0.99995,1.0,1.0,50.0,50.0,0.0,0.02
MAIN,1.5,0.05,400,dollars,HT,COR-2000,DEF-0.25,0.22833351666925197,0.227967930167871,0.23523303231832124,0.0,1.5335244249872415,1.5310690875602555,1.5798626758177392,1.0,0.22833351666925197,0.23523303231832124,0.23904385723456134,0.24589149800677976,66.65948495319492,66.6623674490277,0.3498635772467442,0.015001616059623073
MAIN,1.5,0.05,400,dollars,HT,COR-2000,DEF-0.5,0.1433072078199989,0.14310371997872592,0.14757597359185812,0.0,0.9624741329019484,0.9611074760075424,0.9911438467100099,0.04,0.1433072078199989,0.14757597359185812,0.15407168482110223,0.1583592721715387,99.9676892508043,99.98065601555028,0.6446275425885781,0.010003232119246145
MAIN,1.5,0.05,400,dollars,HT,COR-2000,DEF-0.75,0.10822834185265982,0.10797071700506698,0.11070246842978161,0.0,0.7268788574186263,0.7251486077293549,0.7434954873022814,0.0,0.10822834185265982,0.11070246842978161,0.11851042248510459,0.12106193868748907,199.80626070261746,199.8839809788062,1.0676713631423507,0.005004848178869219
MAIN,1.5,0.05,400,dollars,HT,COR-2000,RA-EST,0.09353703777568198,0.09304122168284651,0.09515784745509143,0.0,0.6282097090360225,0.6248797288397014,0.6390953261275796,0.0,0.09353703777568198,0.09515784745509143,0.10324590936504316,0.10491122223738313,154697.94903430186,258428.87646880353,3.786643573700232,6.4642384922912465e-06
MAIN,1.5,0.05,400,dollars,HT,COR-500,DEF-0.0,0.99995,0.99995,0.99995,0.0,6.715824164295764,6.715824164295764,6.715824164295764,1.0,0.99995,0.99995,1.0,1.0,50.0,50.0,0.0,0.02
MAIN,1.5,0.05,400,dollars,HT,COR-500,DEF-0.25,0.23274647723736294,0.22963909068116445,0.24791024311993773,0.0,1.5631625741141015,1.5422928689069155,1.6650048515638936,1.0,0.23274647723736294,0.24791024311993773,0.24338476179821755,0.2583806509189651,66.66155631276456,66.66534086794694,0.35403670764518047,0.015001149917775326
MAIN,1.5,0.05,400,dollars,HT,COR-500,DEF-0.5,0.148558751021643,0.14515808075876335,0.15797140421090108,0.0,0.9977443371456054,0.974904891647081,1.0609612217283897,0.335,0.148558751021643,0.15797140421090108,0.1592499733249094,0.1687859330074987,99.97700693252378,99.99403414305814,0.6524461072653196,0.010002299835550656
MAIN,1.5,0.05,400,dollars,HT,COR-500,DEF-0.75,0.11475174917758584,0.11091881728460132,0.12288810415387212,0.0,0.7706911045772664,0.7449485208210733,0.8253361661893784,0.02,0.11475174917758584,0.12288810415387212,0.12496536114949285,0.13282045140466847,199.86210500775493,199.96420912901414,1.0839010207410966,0.005003449753325983
MAIN,1.5,0.05,400,dollars,HT,COR-500,RA-EST,0.1680610307965944,0.09775310655939129,0.11354356772907821,0.005,1.1287247679386203,0.6565255014416109,0.7625767646935309,0.025,0.1680610307965944,0.11354356772907821,0.17666150169332948,0.12287983513658406,217406.96927304025,838092.7559111086,4.130695895330259,4.599671101311392e-06
MAIN,1.5,0.05,400,dollars,HT,KS-2000,DEF-0.0,0.99995,0.99995,0.99995,0.0,6.715824164295764,6.715824164295764,6.715824164295764,1.0,0.99995,0.99995,1.0,1.0,50.0,50.0,0.0,0.02
MAIN,1.5,0.05,400,dollars,HT,KS-2000,DEF-0.25,0.22816824199009125,0.22784872580665427,0.2348608338705595,0.0,1.5324144138026283,1.5302684920009284,1.5773629315011317,1.0,0.22816824199009125,0.2348608338705595,0.23887443524546265,0.24549994731664881,66.65967598823892,66.66246792303563,0.35037885166899907,0.015001573067604457
MAIN,1.5,0.05,400,dollars,HT,KS-2000,DEF-0.5,0.1433357223937713,0.14306567333599385,0.14763856718911073,0.0,0.9626656413409458,0.960851948668545,0.9915642353223996,0.055,0.1433357223937713,0.14763856718911073,0.15408871214581377,0.1583777314989905,99.96854854332835,99.98110803333863,0.6455797181273926,0.010003146135208918
MAIN,1.5,0.05,400,dollars,HT,KS-2000,DEF-0.75,0.10838818972041275,0.10811837816247769,0.11102721326065929,0.0,0.7279524212696852,0.7261403236842192,0.7456765255366314,0.0,0.10838818972041275,0.11102721326065929,0.11865444019085379,0.1212754370160938,199.8114098930016,199.88669101267007,1.0693895035610588,0.005004719202813377
MAIN,1.5,0.05,400,dollars,HT,KS-2000,RA-EST,0.09391112358454082,0.09348769296370704,0.09574153402385302,0.0,0.6307221291716837,0.6278783013849961,0.6430154584970621,0.0,0.09391112358454082,0.09574153402385302,0.10360039369419535,0.10557703422275715,158930.99529704906,264613.0436820376,3.820640368763394,6.2922704178361575e-06
MAIN,1.5,0.05,400,dollars,HT,MIS-G-10000,DEF-0.0,0.99995,0.99995,0.99995,0.0,6.715824164295764,6.715824164295764,6.715824164295764,1.0,0.99995,0.99995,1.0,1.0,50.0,50.0,0.0,0.02
MAIN,1.5,0.05,400,dollars,HT,MIS-G-10000,DEF-0.25,0.2534176213022988,0.25326416470058566,0.256569339408413,0.0,1.7019932844645544,1.700962645378644,1.723160727452794,1.0,0.2534176213022988,0.256569339408413,0.26399285584523435,0.267130280648776,66.65463070121166,66.65670346124365,0.33674869074775327,0.015002708581234312
MAIN,1.5,0.05,400,dollars,HT,MIS-G-10000,DEF-0.5,0.16259933468305526,0.1625473120380283,0.1644369830842205,0.0,1.0920431431200328,1.09169375071385,1.1043850837550895,1.0,0.16259933468305526,0.1644369830842205,0.1735374373926275,0.1753862804813481,99.94585770513933,99.95517897244237,0.6221328948777369,0.010005417162468624
MAIN,1.5,0.05,400,dollars,HT,MIS-G-10000,DEF-0.75,0.12426611032715745,0.12424081576042045,0.12532060930644487,0.0,0.834591076091972,0.8344211937353364,0.8416732599274873,0.0,0.12426611032715745,0.12532060930644487,0.1349573726044203,0.13604198803241857,199.67549761768464,199.73131468991727,1.0256763198177419,0.005008125743702938
MAIN,1.5,0.05,400,dollars,HT,MIS-G-10000,RA-EST,0.10714183552503301,0.10710502790324194,0.10732614372089988,0.0,0.7195817071113746,0.7193345012352261,0.7208195504390215,0.0,0.10714183552503301,0.10732614372089988,0.11745834963343887,0.11766652856305884,92299.44800569536,111504.88952107537,3.251939174303014,1.083432493724998e-05
MAIN,1.5,0.05,400,dollars,HT,MIS-G-2000,DEF-0.0,0.99995,0.99995,0.99995,0.0,6.715824164295764,6.715824164295764,6.715824164295764,1.0,0.99995,0.99995,1.0,1.0,50.0,50.0,0.0,0.02
MAIN,1.5,0.05,400,dollars,HT,MIS-G-2000,DEF-0.25,0.2536170511761112,0.2532142900241805,0.2599924871550223,0.0,1.703332687400333,1.7006276790733408,1.7461511353278214,1.0,0.2536170511761112,0.2599924871550223,0.2641915002606694,0.2705220576092154,66.65470671330164,66.65837269356025,0.33705725515093166,0.015002691472356802
MAIN,1.5,0.05,400,dollars,HT,MIS-G-2000,DEF-0.5,0.1628261296249762,0.16253393441757263,0.16680720475814598,0.0,1.0935663342308812,1.091603904474821,1.1203038716869724,1.0,0.1628261296249762,0.16680720475814598,0.17376618843406536,0.1776901846449424,99.94619951345304,99.96268640679692,0.6226585332686065,0.010005382944713604
MAIN,1.5,0.05,400,dollars,HT,MIS-G-2000,DEF-0.75,0.12453709239281052,0.12433751197122636,0.12710233919910438,0.0,0.8364110349945207,0.8350706209558236,0.8536396429140076,0.0,0.12453709239281052,0.12710233919910438,0.13523361589533706,0.13778164132773482,199.67754404747325,199.77628541850666,1.0266799147837449,0.0050080744170704055
MAIN,1.5,0.05,400,dollars,HT,MIS-G-2000,RA-EST,0.1075820837017885,0.10739753773125812,0.10837876179511834,0.0,0.7225384842939753,0.7212990440336511,0.7278891018152011,0.0,0.1075820837017885,0.10837876179511834,0.11790632550542435,0.11883597973101255,92886.23391178282,133970.8840343391,3.263102574857605,1.07658894272068e-05
MAIN,1.5,0.05,400,dollars,HT,MIS-I-2000,DEF-0.0,0.99995,0.99995,0.99995,0.0,6.715824164295764,6.715824164295764,6.715824164295764,1.0,0.99995,0.99995,1.0,1.0,50.0,50.0,0.0,0.02
MAIN,1.5,0.05,400,dollars,HT,MIS-I-2000,DEF-0.25,0.22952799503132504,0.22922474551860939,0.23643685431664072,0.0,1.5415467327503682,1.5395100605114498,1.5879477369366197,1.0,0.22952799503132504,0.23643685431664072,0.24019629385468902,0.24707198266882105,66.66068439226439,66.66303439806975,0.3519485247538556,0.015001346132535079
MAIN,1.5,0.05,400,dollars,HT,MIS-I-2000,DEF-0.5,0.14499578636383137,0.1447358484728586,0.14925235188666564,0.0,0.9738148965281114,0.9720691120694775,1.0024026715120191,0.13,0.14499578636383137,0.14925235188666564,0.1556976507562589,0.15994228316170758,99.97308459567193,99.98365657222605,0.6485150650427792,0.01000269226507016
MAIN,1.5,0.05,400,dollars,HT,MIS-I-2000,DEF-0.75,0.1102913963933993,0.11014892170840553,0.11320519052201367,0.0,0.7407346617458009,0.7397777789693805,0.7603041692399072,0.0,0.1102913963933993,0.11320519052201367,0.12050068957600964,0.12320951351231645,199.83859446033722,199.9019714758095,1.0754388371755976,0.005004038397605241
MAIN,1.5,0.05,400,dollars,HT,MIS-I-2000,RA-EST,0.0965938886940718,0.0962793727116099,0.09908080397836398,0.0,0.6487400088153836,0.6466276691633261,0.6654425297022338,0.0,0.0965938886940718,0.09908080397836398,0.10621844071125378,0.10853732405322687,185718.07827143013,305883.47965321207,3.9217509044040666,5.384530140321727e-06
MAIN,1.5,0.05,400,rate,DIFF,COR-10000,DEF-0.0,0.9999499999999999,0.9999499999999999,0.9999500000000001,0.0,1.0007888392840234,1.0007077736690735,1.0010101923567087,1.0,0.7613492149909861,0.7624513470030563,1.0,1.0,50.0,50.0,0.0,0.02
MAIN,1.5,0.05,400,rate,DIFF,COR-10000,DEF-0.25,0.8456586812903433,0.8458278701545204,0.8510042311963142,0.0,0.8463679764869498,0.846573027044318,0.8517384449575353,0.0,0.6438733811026176,0.6478326550430127,0.8457247918121301,0.851083175003624,66.0736034906516,66.2645176646505,0.15215293583244646,0.015134636943661763
MAIN,1.5,0.05,400,rate,DIFF,COR-10000,DEF-0.5,0.7617428966374051,0.7618310263364856,0.7676089235143243,0.0,0.7623817872815376,0.7623953653021749,0.768289353750934,0.0,0.5799809559085106,0.584429837702334,0.7618173736518412,0.7677127724377519,97.37786861706833,98.21190200232417,0.3010201593671168,0.010269273887323531
MAIN,1.5,0.05,400,rate,DIFF,COR-10000,DEF-0.75,0.7150961579448246,0.7151011294244529,0.7192347331354343,0.0,0.715695968807538,0.7156312204925308,0.7197709086615218,0.0,0.5444649306909773,0.5478844992037999,0.7151749692929245,0.7193031406376513,185.05117105772007,189.64184100895235,0.4707689960546587,0.005403910830985296
MAIN,1.5,0.05,400,rate,DIFF,COR-10000,RA-EST,0.6985204066858504,0.6981706956640907,0.6999007156391681,0.0,0.6991064610082546,0.6987573701134302,0.7004870161797062,0.0,0.5318449604285055,0.5333733537157482,0.6986003285199993,0.7000132420209222,1856.854639842641,2746.2746081319906,0.7194842322296088,0.0005385477746470608
MAIN,1.5,0.05,400,rate,DIFF,COR-10000,SRSWOR,,,,0.0,1.0008388812280848,1.0007578115596516,1.0010602453689772,1.0,0.7613872843552038,0.7624894714766302,0.9998865752833637,0.9999989294197883,,,,
MAIN,1.5,0.05,400,rate,DIFF,COR-2000,DEF-0.0,0.9999499999999999,0.9999499999999999,0.9999500000000001,0.0,1.001414170447696,1.0010872384019267,1.0027114376785504,1.0,0.7665098710185049,0.7718566800661163,1.0,1.0,50.0,50.0,0.0,0.02
MAIN,1.5,0.05,400,rate,DIFF,COR-2000,DEF-0.25,0.8461676521199112,0.8455894333266595,0.8601289397416311,0.0,0.8474060844957879,0.8471672542666151,0.8617021056253804,0.0,0.6486263236768386,0.6606982767694198,0.8462958754760951,0.8602022019428538,66.09447993303866,66.4967986328546,0.15323938827742273,0.015129856548984143
MAIN,1.5,0.05,400,rate,DIFF,COR-2000,DEF-0.5,0.7634343211370832,0.7624296213890255,0.7789436074002716,0.0,0.7645517243199167,0.763573016443179,0.7804994615785493,0.0,0.585208810102808,0.5982145811371626,0.7636034897125437,0.7790358119296023,97.46861252652828,99.2394695422642,0.3026552098782344,0.01025971309796829
MAIN,1.5,0.05,400,rate,DIFF,COR-2000,DEF-0.75,0.7184600227612199,0.7169695050494298,0.7315668287271434,0.0,0.719512104850555,0.7179126784900516,0.7327555569751525,0.0,0.5507381489048396,0.5616890572706595,0.7186505134693425,0.731641440490982,185.54357216408175,195.505186111101,0.4734721393175432,0.005389569646952433
MAIN,1.5,0.05,400,rate,DIFF,COR-2000,RA-EST,0.7055759528446742,0.7030009111113686,0.7156920807867292,0.0,0.7066106077309665,0.703880075241655,0.7168995117540254,0.0,0.540874908538932,0.5521200372196501,0.7057708727505957,0.7157888357436829,1925.2030639447757,6524.358680994535,0.7338909026815932,0.0005194261959365764
MAIN,1.5,0.05,400,rate,DIFF,COR-2000,SRSWOR,,,,0.0,1.001464243659879,1.0011372952666902,1.0027615757573385,1.0,0.7665481984284263,0.7718952748298575,0.9994619847037245,0.9999931641826338,,,,
MAIN,1.5,0.05,400,rate,DIFF,COR-500,DEF-0.0,0.9999499999999999,0.9999499999999999,0.9999500000000001,0.0,1.0039399101918804,1.0020575589176013,1.009569163666028,1.0,0.7883776700874645,0.8090131200152951,1.0,1.0,50.0,50.0,0.0,0.02
MAIN,1.5,0.05,400,rate,DIFF,COR-500,DEF-0.25,0.8457999804668108,0.8468728074497232,0.8735926634841057,0.0,0.8491853713428671,0.849443173255936,0.8770695969989463,0.005,0.6669823225339674,0.6960649279952665,0.8461461696623108,0.8738849521606177,66.30525316872934,66.63759536102528,0.15922335488446404,0.015081762049091733
MAIN,1.5,0.05,400,rate,DIFF,COR-500,DEF-0.5,0.7698019360262979,0.7668156744471049,0.80122845970176,0.0,0.7728930438265611,0.7700617280287048,0.803752235238908,0.005,0.6072542581809621,0.6401874208227186,0.7702885841603536,0.8022036026508567,98.39111302596012,99.86929313488463,0.31683528254832766,0.010163524098183463
MAIN,1.5,0.05,400,rate,DIFF,COR-500,DEF-0.75,0.736860563251755,0.7269243912870027,0.7659537208167904,0.005,0.7398307129908391,0.7289642320340125,0.767983396225036,0.01,0.5815765703834811,0.6191655036017598,0.7374030509713704,0.7662115025712164,190.64809028041884,199.21780385798408,0.5004830072991118,0.0052452861472751956
MAIN,1.5,0.05,400,rate,DIFF,COR-500,RA-EST,1.0134041373473972,0.7249551780577297,0.8190785444981206,0.025,1.0173624211484555,0.7279393493767771,0.8204325480015523,0.035,0.8228204885381426,0.6597704252299726,1.0134503441301566,0.8193043772134482,3062.9575291653973,38208.970498015624,0.8283417316161026,0.00032704819636692676
MAIN,1.5,0.05,400,rate,DIFF,COR-500,SRSWOR,,,,0.0,1.0039901096973654,1.0021076643008162,1.0096196446482604,1.0,0.7884170909420117,0.8090535726939297,0.9979774350606395,0.9999768630572823,,,,
MAIN,1.5,0.05,400,rate,DIFF,KS-2000,DEF-0.0,0.9999499999999999,0.9999499999999999,0.9999500000000001,0.0,1.0014620126059197,1.0009244952003025,1.0028085039547705,1.0,0.7678481958670114,0.7739203988585088,1.0,1.0,50.0,50.0,0.0,0.02
MAIN,1.5,0.05,400,rate,DIFF,KS-2000,DEF-0.25,0.8446587631407253,0.8448583220808562,0.8563726083269704,0.0,0.8459376252039383,0.846105090154599,0.8585977111268872,0.0,0.648607301669627,0.6610997297289364,0.8447900369471827,0.8568915546326862,66.083911279159,66.46129118774607,0.15496623668699888,0.015132276236089044
MAIN,1.5,0.05,400,rate,DIFF,KS-2000,DEF-0.5,0.7620841270076012,0.761488906850547,0.7755020602208843,0.0,0.7632385428207631,0.7623763827890264,0.777246459964734,0.0,0.5852025748755597,0.5978934777154015,0.7622568314307184,0.7755578419827734,97.42265966047631,99.08146965316378,0.30664730657069883,0.010264552472178091
MAIN,1.5,0.05,400,rate,DIFF,KS-2000,DEF-0.75,0.718044347869333,0.7175169310941434,0.7292523400471428,0.0,0.7191322591796964,0.7182552838054109,0.7305217526228174,0.0,0.5513885916274949,0.5617189554712785,0.7182377422136661,0.7293324325923587,185.29400706538388,194.588235320908,0.48245123203600754,0.005396828708267135
MAIN,1.5,0.05,400,rate,DIFF,KS-2000,RA-EST,0.7070811017759918,0.7044947084665598,0.7175164986462417,0.0,0.7081525712416338,0.7056044185087705,0.7191893166545872,0.0,0.5429786602307608,0.5543040103369123,0.7072770526095009,0.7177126410642053,1889.9901012360021,5393.478297707952,0.7498984242172377,0.0005291049443561809
MAIN,1.5,0.05,400,rate,DIFF,KS-2000,SRSWOR,,,,0.0,1.0015120882103303,1.0009745439274988,1.0028586468871146,1.0,0.7678865901965213,0.7739590968133496,0.9994539347935977,0.9999927342453026,,,,
MAIN,1.5,0.05,400,rate,DIFF,MIS-G-10000,DEF-0.0,0.9999499999999999,0.9999499999999999,0.9999500000000001,0.0,1.0007620592763096,1.0006925987956876,1.0009915126956854,1.0,0.913066652958591,0.9138583292016131,1.0,1.0,50.0,50.0,0.0,0.02
MAIN,1.5,0.05,400,rate,DIFF,MIS-G-10000,DEF-0.25,0.884161547711941,0.8840919729129035,0.8886835029841226,0.0,0.8848797156942473,0.884910649729178,0.8897294022780032,0.0,0.8073373063989615,0.8115214063361682,0.8842240680376101,0.8887454619954165,64.95892410176663,65.17198314554267,0.13015560820809938,0.015394343639237163
MAIN,1.5,0.05,400,rate,DIFF,MIS-G-10000,DEF-0.5,0.8117835769247832,0.8117484087151274,0.8173847582409397,0.0,0.812443012615384,0.8124745954680415,0.8184621422845371,0.0,0.7412477447692472,0.7465970851866576,0.811853670003758,0.8174718066483769,92.68968268876364,93.56258127961445,0.26086497531380837,0.010788687278474325
MAIN,1.5,0.05,400,rate,DIFF,MIS-G-10000,DEF-0.75,0.7660856728266492,0.7660356332343883,0.7712933951746417,0.0,0.7667079915216454,0.7665780247493759,0.7721019618389429,0.0,0.699520684290622,0.7042427843582805,0.766160358837527,0.7713612001548878,161.73297797294762,165.7811138307644,0.4091776569448591,0.006183030917711488
MAIN,1.5,0.05,400,rate,DIFF,MIS-G-10000,RA-EST,0.7426174937258877,0.7423191639188288,0.7452694462605436,0.0,0.7432206914647103,0.7429049427057478,0.7460210894753767,0.0,0.6780925634617896,0.6804383445010715,0.742694311094576,0.745350515915989,633.9648903038517,726.708872603465,0.6150771220923623,0.0015773745569486516
MAIN,1.5,0.05,400,rate,DIFF,MIS-G-10000,SRSWOR,,,,0.0,1.000812099881304,1.000742635927484,1.0010415647739241,1.0,0.9131123085740199,0.9139040244028335,0.9998843807216256,1.0000045430502142,,,,
MAIN,1.5,0.05,400,rate,DIFF,MIS-G-2000,DEF-0.0,0.9999499999999999,0.9999499999999999,0.9999500000000001,0.0,1.0012870546960153,1.000891414475302,1.0027526542306493,1.0,0.9150897548304476,0.9192631681761934,1.0,1.0,50.0,50.0,0.0,0.02
MAIN,1.5,0.05,400,rate,DIFF,MIS-G-2000,DEF-0.25,0.8844309756274541,0.8846542244704627,0.8941276303692216,0.0,0.8856133072032957,0.8857559269718964,0.895696984736258,0.0,0.8093646931367486,0.8180418063291559,0.8845375344397854,0.894284426329045,64.96471441764868,65.4630909805105,0.12970435494762889,0.01539297159717674
MAIN,1.5,0.05,400,rate,DIFF,MIS-G-2000,DEF-0.5,0.8124817315526262,0.8124975455976633,0.824645260496594,0.0,0.8135679331378851,0.8134566196679949,0.8258935792773273,0.0,0.7435195017059034,0.7549583249226168,0.8126222200110853,0.8247442017522728,92.71326701268526,94.77265497934172,0.2604209373463838,0.01078594319435348
MAIN,1.5,0.05,400,rate,DIFF,MIS-G-2000,DEF-0.75,0.7672899520222323,0.767039370665219,0.7781323889620502,0.0,0.7683160356124251,0.767886175746628,0.779530737689594,0.0,0.702165180622809,0.7123181320838259,0.7674507798275474,0.7784485681108632,161.84075177549147,171.60458779038268,0.4087127755528696,0.006178914791530222
MAIN,1.5,0.05,400,rate,DIFF,MIS-G-2000,RA-EST,0.7446934803854299,0.7438029279374292,0.7509338888609924,0.0,0.7456900398617585,0.7449182477439023,0.7520180155268095,0.0,0.6814943215209172,0.688484947198959,0.7448630984671221,0.7509867386451935,636.1820509254251,906.5105040406107,0.6141539799196003,0.0015718863887069627
MAIN,1.5,0.05,400,rate,DIFF,MIS-G-2000,SRSWOR,,,,0.0,1.0013371215520928,1.0009414615483796,1.0028027943703681,1.0,0.915135511606028,0.9193091336328751,0.9994935246839602,0.9999977773198587,,,,
MAIN,1.5,0.05,400,rate,DIFF,MIS-I-2000,DEF-0.0,0.9999499999999999,0.9999499999999999,0.9999500000000001,0.0,1.0013899473811865,1.000969856069125,1.0024586961885387,1.0,0.7829470238690578,0.7903693560056438,1.0,1.0,50.0,50.0,0.0,0.02
MAIN,1.5,0.05,400,rate,DIFF,MIS-I-2000,DEF-0.25,0.8351545268666244,0.8348571071494699,0.8474375199385418,0.0,0.8363565159235216,0.8360621278188396,0.8490678305843368,0.0,0.6539179040693343,0.6650859758881015,0.8352880468772755,0.8475711761033425,65.59504938694477,65.94807458657733,0.1696227272376164,0.015245052958586736
MAIN,1.5,0.05,400,rate,DIFF,MIS-I-2000,DEF-0.5,0.7522437725855409,0.7513984571343859,0.7653836029773812,0.0,0.753326416619567,0.7522668726559707,0.7664242066122047,0.0,0.5889932310366871,0.5996727217720142,0.7524170528415658,0.7656643008016709,95.32792351853672,96.83457513890164,0.33759512301762606,0.010490105917173472
MAIN,1.5,0.05,400,rate,DIFF,MIS-I-2000,DEF-0.75,0.7131120980822814,0.7123058932867565,0.7239545490205718,0.0,0.7141388273535303,0.7131357094983526,0.7250849426932503,0.0,0.5583425349154515,0.5668153305366976,0.7133024206754957,0.7242413523333375,174.36310507977862,182.1382516204694,0.5362059264044035,0.005735158875760208
MAIN,1.5,0.05,400,rate,DIFF,MIS-I-2000,RA-EST,0.7161597141936065,0.7145585228665858,0.7333780682884729,0.0,0.7171920574761214,0.7152876169261024,0.7340139056415894,0.0,0.5607094402853455,0.5712164301510527,0.7163451536118454,0.7334458169424244,1020.194453381684,1529.5672989749946,0.8633033473404298,0.0009802118343469435
MAIN,1.5,0.05,400,rate,DIFF,MIS-I-2000,SRSWOR,,,,0.0,1.0014400193821558,1.0010199070644785,1.0025088216296203,1.0,0.7829861731777169,0.7904088764494664,0.9994689817707268,0.9999939103431806,,,,
MAIN,1.5,0.05,400,rate,EXP,COR-2000,ST-NEY-EST,,,,0.0,0.9626522849066665,0.9606105585296691,0.9703874142149991,0.0,0.9483767468464223,0.9559971689706828,1.2365777210606066,1.2487423426361566,,,,
MAIN,1.5,0.05,400,rate,HT,COR-10000,DEF-0.0,0.99995,0.9999500000000001,0.9999500000000001,0.0,1.0150018497325126,1.0150018497325126,1.0150018497325126,1.0,0.99995,0.9999500000000001,1.0,1.0,50.0,50.0,0.0,0.02
MAIN,1.5,0.05,400,rate,HT,COR-10000,DEF-0.25,0.7483950090157387,0.749119656887243,0.7554834301188591,0.0,0.75966030149663,0.760395857204397,0.7668554217839945,0.0,0.7483950090157387,0.7554834301188591,0.7602335188549444,0.7670067787608489,66.1217174289809,66.29554964906742,0.17658811150452983,0.01512362415489633
MAIN,1.5,0.05,400,rate,HT,COR-10000,DEF-0.5,0.6433751083467472,0.6438609714527412,0.6496310769633739,0.0,0.6530595780227051,0.6535527546328364,0.6594097152473111,0.0,0.6433751083467472,0.6496310769633739,0.6597671791494437,0.6657762837173167,97.58717606842163,98.3483622309801,0.3383000631004362,0.01024724830979266
MAIN,1.5,0.05,400,rate,HT,COR-10000,DEF-0.75,0.590888465451446,0.5911459881894074,0.5951823368725523,0.0,0.5997828745625516,0.6000442736878868,0.6041413799227561,0.0,0.590888465451446,0.5951823368725523,0.6092952143026964,0.6133909961646721,186.18952722055758,190.40705933071305,0.5210101444347212,0.005370872464688991
MAIN,1.5,0.05,400,rate,HT,COR-10000,RA-EST,0.5733934433815037,0.5730390229381422,0.5749076654508322,0.0,0.582024506882065,0.5816647514887006,0.5835615219340919,0.0,0.5733934433815037,0.5749076654508322,0.5921508005942743,0.5936314090598285,2022.345445853181,2977.344854022349,0.7950694623019385,0.0004944966195853202
MAIN,1.5,0.05,400,rate,HT,COR-2000,DEF-0.0,0.99995,0.9999500000000001,0.9999500000000001,0.0,1.0150018497325126,1.0150018497325126,1.0150018497325126,1.0,0.99995,0.9999500000000001,1.0,1.0,50.0,50.0,0.0,0.02
MAIN,1.5,0.05,400,rate,HT,COR-2000,DEF-0.25,0.7498814207861078,0.7493815942672404,0.76749451529308,0.0,0.7611690876323255,0.7606617374236193,0.7790473050472866,0.0,0.7498814207861078,0.76749451529308,0.7616470304669153,0.778449295495415,66.14233745385675,66.50975693976105,0.17759519585515535,0.015118909308381103
MAIN,1.5,0.05,400,rate,HT,COR-2000,DEF-0.5,0.6463878638643277,0.6447573946807893,0.6643077075314611,0.0,0.6561176833511077,0.654462671363285,0.6743072672993627,0.0,0.6463878638643277,0.6643077075314611,0.6626339318954081,0.6798159509097256,97.67705892500692,99.29721456785238,0.34008860304600086,0.01023781861676221
MAIN,1.5,0.05,400,rate,HT,COR-2000,DEF-0.75,0.5956556939825355,0.5935276357742977,0.608413637613985,0.0,0.6046218622890914,0.6024617712668404,0.6175718461729901,0.0,0.5956556939825355,0.608413637613985,0.6138336736783081,0.6260774411452098,186.68114472226284,195.84173687254895,0.5243216984963268,0.005356727925143313
MAIN,1.5,0.05,400,rate,HT,COR-2000,RA-EST,0.5818289313488159,0.5789095003356765,0.5924670970553234,0.0,0.5905869708954838,0.5876235948481785,0.6013852686802393,0.0,0.5818289313488159,0.5924670970553234,0.6001808347385167,0.6101411935119457,2102.490535843619,7064.814276620377,0.809316309480093,0.0004756372335244174
MAIN,1.5,0.05,400,rate,HT,COR-500,DEF-0.0,0.99995,0.9999500000000001,0.9999500000000001,0.0,1.0150018497325126,1.0150018497325126,1.0150018497325126,1.0,0.99995,0.9999500000000001,1.0,1.0,50.0,50.0,0.0,0.02
MAIN,1.5,0.05,400,rate,HT,COR-500,DEF-0.25,0.7505887956028748,0.7510386465271015,0.7827370458119555,0.0,0.7618871102809307,0.7623437326322423,0.7945192753170629,0.005,0.7505887956028748,0.7827370458119555,0.7622876509587156,0.7929777089222311,66.34292628654109,66.6408755945817,0.1858471540942438,0.015073197182756116
MAIN,1.5,0.05,400,rate,HT,COR-500,DEF-0.5,0.6561523193998896,0.651143648055235,0.6892980013716481,0.0,0.666029119353134,0.6609450544703631,0.6996737300956516,0.005,0.6561523193998896,0.6892980013716481,0.6718662469855334,0.7038217943380182,98.5571867902166,99.88403011125409,0.3573104329580298,0.010146394365512235
MAIN,1.5,0.05,400,rate,HT,COR-500,DEF-0.75,0.6186017302850721,0.6079060606265507,0.6502039201531677,0.0,0.6279132961518886,0.6170566288309954,0.6599911812178569,0.005,0.6186017302850721,0.6502039201531677,0.6355941313118856,0.6658717190829826,191.5860103493652,199.30579449290624,0.5559240448796935,0.005219591548268351
MAIN,1.5,0.05,400,rate,HT,COR-500,RA-EST,0.8754025754560658,0.6072716398788669,0.7023903335400858,0.025,0.8885796623316286,0.6164126584000662,0.7129631359342202,0.03,0.8754025754560658,0.7023903335400858,0.8790643033281765,0.7145963369833154,3416.8226823101504,43178.34097081521,0.90532520492719,0.0002927887310244674
MAIN,1.5,0.05,400,rate,HT,KS-2000,DEF-0.0,0.99995,0.9999500000000001,0.9999500000000001,0.0,1.0150018497325126,1.0150018497325126,1.0150018497325126,1.0,0.99995,0.9999500000000001,1.0,1.0,50.0,50.0,0.0,0.02
MAIN,1.5,0.05,400,rate,HT,KS-2000,DEF-0.25,0.7479966868330064,0.7487335151670071,0.7626211482805306,0.0,0.7592559835284688,0.7600039030463909,0.7741005811789303,0.0,0.7479966868330064,0.7626211482805306,0.7598462895420801,0.7738269253717008,66.13767514679492,66.47918124890677,0.17974840974792256,0.015119975089594749
MAIN,1.5,0.05,400,rate,HT,KS-2000,DEF-0.5,0.6450264201472783,0.6450704432954124,0.6592503404560888,0.0,0.6547357463631464,0.6547804321742241,0.669173773688403,0.0,0.6450264201472783,0.6592503404560888,0.6613232454585583,0.6749913474675255,97.65672572951786,99.16103444619162,0.3448646498037662,0.0102399501791895
MAIN,1.5,0.05,400,rate,HT,KS-2000,DEF-0.75,0.5955176060582152,0.5946261251525545,0.6076975145460071,0.0,0.6044816957821554,0.6035767957689078,0.616844943589227,0.0,0.5955176060582152,0.6076975145460071,0.6136811343815973,0.625351621675437,186.56977480446966,195.0492766097071,0.5318898214773533,0.00535992526878425
MAIN,1.5,0.05,400,rate,HT,KS-2000,RA-EST,0.583918976975848,0.5812852757368003,0.5951518195737481,0.0,0.5927084771482596,0.5900351318517185,0.6041104032591877,0.0,0.583918976975848,0.5951518195737481,0.6021439604758911,0.6129428761079447,2083.789170073528,5909.7352474226045,0.8247708846525361,0.00047990035837899907
MAIN,1.5,0.05,400,rate,HT,MIS-G-10000,DEF-0.0,0.99995,0.9999500000000001,0.9999500000000001,0.0,1.0150018497325126,1.0150018497325126,1.0150018497325126,1.0,0.99995,0.9999500000000001,1.0,1.0,50.0,50.0,0.0,0.02
MAIN,1.5,0.05,400,rate,HT,MIS-G-10000,DEF-0.25,0.8532252028645244,0.8532038480189807,0.8590297777404111,0.0,0.866068462569019,0.8660467862774769,0.8719604114023964,0.0,0.8532252028645244,0.8590297777404111,0.8602476199147248,0.8657812090655647,65.03626719943847,65.23942338735255,0.1409296812605405,0.015376036218946518
MAIN,1.5,0.05,400,rate,HT,MIS-G-10000,DEF-0.5,0.7693948162882508,0.7692435510833222,0.776183216317047,0.0,0.780976210517707,0.7808226683777975,0.7878667936328153,0.0,0.7693948162882508,0.776183216317047,0.7802927328823955,0.7867742113903802,93.00532579241164,93.84111228293258,0.2786596923026823,0.010752072437893036
MAIN,1.5,0.05,400,rate,HT,MIS-G-10000,DEF-0.75,0.7187759492448267,0.7186025679467153,0.7245512337243105,0.0,0.7295953977966314,0.7294194066587825,0.735457615336916,0.0,0.7187759492448267,0.7245512337243105,0.7319355682693235,0.737470296955786,163.18248520131425,167.0993084058217,0.43395460072941594,0.006128108656839555
MAIN,1.5,0.05,400,rate,HT,MIS-G-10000,RA-EST,0.6937549443648333,0.6933179534459424,0.6961612698735372,0.0,0.7041977616794662,0.703754192910037,0.7066403086492076,0.0,0.6937549443648333,0.6961612698735372,0.7079426363026272,0.710262649372877,664.8295800488074,761.8352167657974,0.6509602818237894,0.0015041448757860737
MAIN,1.5,0.05,400,rate,HT,MIS-G-2000,DEF-0.0,0.99995,0.9999500000000001,0.9999500000000001,0.0,1.0150018497325126,1.0150018497325126,1.0150018497325126,1.0,0.99995,0.9999500000000001,1.0,1.0,50.0,50.0,0.0,0.02
MAIN,1.5,0.05,400,rate,HT,MIS-G-2000,DEF-0.25,0.8539253050836005,0.854031536177262,0.8667601428419379,0.0,0.8667791031484121,0.8668869332964849,0.8798071386159145,0.0,0.8539253050836005,0.8667601428419379,0.8609136498576514,0.873149797655272,65.04119339748254,65.52032041974765,0.14082436945627835,0.015374871682918824
MAIN,1.5,0.05,400,rate,HT,MIS-G-2000,DEF-0.5,0.7708010676167959,0.7702653059387127,0.7858079023683158,0.0,0.7824036295883227,0.7818598033027382,0.797636356256079,0.0,0.7708010676167959,0.7858079023683158,0.7816310148445993,0.7959650953289344,93.02547857768674,95.01294852424128,0.2784454111624164,0.010749743365837651
MAIN,1.5,0.05,400,rate,HT,MIS-G-2000,DEF-0.75,0.7208721482593831,0.7199251201552517,0.7332406099514951,0.0,0.7317231500614269,0.7307618667198177,0.7442777892892277,0.0,0.7208721482593831,0.7332406099514951,0.733931181186356,0.745780123406792,163.27559184469857,172.79149544455515,0.4339194711249605,0.006124615048756476
MAIN,1.5,0.05,400,rate,HT,MIS-G-2000,RA-EST,0.6969215504279629,0.6953846598992822,0.7036931494387108,0.0,0.707412033404503,0.7058520086738193,0.714285562602519,0.0,0.6969215504279629,0.7036931494387108,0.7109574984115632,0.7173924788445106,666.8977697045857,952.5964463815118,0.6513252795565581,0.0014994867316753008
MAIN,1.5,0.05,400,rate,HT,MIS-I-2000,DEF-0.0,0.99995,0.9999500000000001,0.9999500000000001,0.0,1.0150018497325126,1.0150018497325126,1.0150018497325126,1.0,0.99995,0.9999500000000001,1.0,1.0,50.0,50.0,0.0,0.02
MAIN,1.5,0.05,400,rate,HT,MIS-I-2000,DEF-0.25,0.7494997993106103,0.7496132864297658,0.7653849732464821,0.0,0.7607817217605043,0.7608969171561377,0.7769060089030941,0.0,0.7494997993106103,0.7653849732464821,0.7613088411109142,0.7764750048547222,65.67313223494989,66.00306233788815,0.18850327441744436,0.015226927156283456
MAIN,1.5,0.05,400,rate,HT,MIS-I-2000,DEF-0.5,0.6456841130967008,0.6451409134341092,0.6607170262130525,0.0,0.6554033393030133,0.6548519630718972,0.6706625368828574,0.0,0.6456841130967008,0.6607170262130525,0.662020241110095,0.6764160374303627,95.65849836405403,97.07207043538857,0.36630792045802363,0.010453854312566915
MAIN,1.5,0.05,400,rate,HT,MIS-I-2000,DEF-0.75,0.599029285105201,0.5971965076861823,0.6090131992607354,0.0,0.6080462347374606,0.6061858692487341,0.6181804327828009,0.0,0.599029285105201,0.6090131992607354,0.6171302046499354,0.6267915526925386,176.03212666851542,183.4042511221042,0.5765635327872428,0.005680781468850371
MAIN,1.5,0.05,400,rate,HT,MIS-I-2000,RA-EST,0.5985615206291116,0.5966681875853344,0.6106501350575189,0.0,0.6075714291887132,0.6056495965554879,0.6198420087232264,0.0,0.5985615206291116,0.6106501350575189,0.616211588953937,0.627423955677148,1101.6784169056948,1657.7003972589143,0.9309431890805271,0.0009077086251338287
MAIN,1.5,0.25,100,dollars,DIFF,COR-10000,DEF-0.0,0.99995,0.99995,0.9999500000000002,0.0,4.071512594830534,4.070091559361272,4.076025611437704,1.0,0.4063210735761893,0.40692922815729565,1.0,1.0,200.0,200.0,0.0,0.005
MAIN,1.5,0.25,100,dollars,DIFF,COR-10000,DEF-0.25,0.41831264301918497,0.41831996167031693,0.4190746881259987,0.0,1.7032500762779768,1.7031521758237007,1.7067429479654612,1.0,0.16997771412917717,0.1703676918406669,0.41840101783862166,0.419160785466422,266.604228145904,266.60874555190514,0.29679852336266876,0.0037508782473349832
MAIN,1.5,0.25,100,dollars,DIFF,COR-10000,DEF-0.5,0.3048942113519731,0.3048895989053084,0.3053967551234164,0.0,1.2414422315064875,1.2414985786115427,1.243577773147797,1.0,0.12389108537333372,0.1241168050032577,0.3049886292622383,0.30548339414849307,399.719158171691,399.7394681608013,0.5591723203628005,0.0025017564946699673
MAIN,1.5,0.25,100,dollars,DIFF,COR-10000,DEF-0.75,0.25327083705918396,0.25327660096195903,0.253647873163068,0.0,1.031246405211275,1.0312955820029277,1.0325150515441597,1.0,0.10291435844471156,0.10305248903208265,0.2533672551843752,0.25370540695607385,798.3173118763821,798.4388426211658,0.9201329287799155,0.001252634742004951
MAIN,1.5,0.25,100,dollars,DIFF,COR-10000,RA-EST,0.2310756079566564,0.23114121035372148,0.23123900216123272,0.0,0.9408736442979699,0.9408184822749039,0.9411131686077427,0.0,0.09389550896829825,0.0939605393017913,0.23117223444640778,0.23129182038250432,284657.8751387219,306864.24873461656,2.608853212518595,3.512989339934659e-06
MAIN,1.5,0.25,100,dollars,DIFF,COR-10000,SRSWOR,,,,0.0,4.071716180639566,4.070295074114977,4.07622942290885,1.0,0.40634139064572156,0.4069495756360774,0.9999303582911093,0.9999993635458995,,,,
MAIN,1.5,0.25,100,dollars,DIFF,COR-2000,DEF-0.0,0.99995,0.99995,0.9999500000000002,0.0,4.08295249158721,4.075208318498891,4.103612727540133,1.0,0.4084814378532943,0.4109603149856976,1.0,1.0,200.0,200.0,0.0,0.005
MAIN,1.5,0.25,100,dollars,DIFF,COR-2000,DEF-0.25,0.41799761159272353,0.41804980450205587,0.41982788452827813,0.0,1.7067346721980439,1.7058775160129525,1.7147232108420551,1.0,0.17075104293061183,0.17179022201147207,0.41824475437553477,0.42001979168601417,266.60431431186896,266.6171930915127,0.29692752851975646,0.00375087703505885
MAIN,1.5,0.25,100,dollars,DIFF,COR-2000,DEF-0.5,0.30451570380573295,0.30462257722430136,0.3059577829293128,0.0,1.2433658764777622,1.2431802584098002,1.2480164534214921,1.0,0.12439290753968697,0.12502463625414312,0.30479750489348534,0.3061206888344903,399.71954555587456,399.77745148924254,0.5595279564335733,0.0025017540701177
MAIN,1.5,0.25,100,dollars,DIFF,COR-2000,DEF-0.75,0.2528871727718346,0.2530308543428479,0.2540243724058103,0.0,1.0325562840073426,1.0322797536706685,1.0354485133718225,1.0,0.10330227916805138,0.10378065818177466,0.25318286433748083,0.25416957727275735,798.3196296719116,798.6661931264227,0.9205286496641915,0.0012526311051765503
MAIN,1.5,0.25,100,dollars,DIFF,COR-2000,RA-EST,0.23077653348472482,0.23115238890350193,0.23160324925039896,0.0,0.9422730197211112,0.9419128022956513,0.9439178896844956,0.0,0.09426982096543064,0.09460406217921072,0.23107665313797401,0.2317120364931284,285051.3225496263,359273.96827773907,2.613635364071911,3.5081402354003216e-06
MAIN,1.5,0.25,100,dollars,DIFF,COR-2000,SRSWOR,,,,0.0,4.083156649419681,4.075412089103347,4.1038179184360555,1.0,0.4085018629464417,0.4109808640288991,0.9996517880341881,0.9999953754253735,,,,
MAIN,1.5,0.25,100,dollars,DIFF,COR-500,DEF-0.0,0.99995,0.99995,0.9999500000000002,0.0,4.119475396504631,4.096695640166695,4.202287677247361,1.0,0.4164967234495874,0.4286950149714779,1.0,1.0,200.0,200.0,0.0,0.005
MAIN,1.5,0.25,100,dollars,DIFF,COR-500,DEF-0.25,0.41713465706166064,0.4176534883044691,0.42149182018993075,0.0,1.7182952483978473,1.7146795567119566,1.7433531116348393,1.0,0.1737269779735357,0.1775899862807694,0.41787264453966944,0.4218846459826668,266.6074239235236,266.6321959510716,0.29707609334062063,0.0037508332861985673
MAIN,1.5,0.25,100,dollars,DIFF,COR-500,DEF-0.5,0.3038230787570359,0.3041008038515213,0.307445476671817,0.0,1.2514729736422512,1.249154831922221,1.2678759145679381,1.0,0.1265304568294051,0.1290027082066145,0.3046837868693956,0.30780319132685197,399.73352605572245,399.8449218964809,0.5599604751535173,0.002501666572397135
MAIN,1.5,0.25,100,dollars,DIFF,COR-500,DEF-0.75,0.25252469502160246,0.2527484928787894,0.25562809762088434,0.0,1.0401339929653404,1.0373655543630953,1.0478537516240296,1.0,0.10516516336840033,0.1071060155976866,0.25343598044946414,0.25618008333292025,798.4032837509101,799.0702527319042,0.9223817015493819,0.0012524998585957024
MAIN,1.5,0.25,100,dollars,DIFF,COR-500,RA-EST,0.23255950890123261,0.2312221753013689,0.23476332177518627,0.0,0.9578699270782555,0.9464723408939928,0.9643206859306381,0.045,0.09686257770468196,0.0983309141482244,0.23348795064775765,0.23503140941866357,300016.9965350893,516003.2855243167,2.6574295001761667,3.33314479426983e-06
MAIN,1.5,0.25,100,dollars,DIFF,COR-500,SRSWOR,,,,0.0,4.1196813805736605,4.096900485190954,4.202497802137469,1.0,0.41651754932705365,0.4287164507940175,0.9987969968315946,0.9999834132568225,,,,
MAIN,1.5,0.25,100,dollars,DIFF,KS-2000,DEF-0.0,0.9999499999999999,0.99995,0.9999500000000001,0.0,4.079516967617671,4.074244217360684,4.096701904282391,1.0,0.4084915076925425,0.41149614851520594,1.0,1.0,200.0,200.0,0.0,0.005
MAIN,1.5,0.25,100,dollars,DIFF,KS-2000,DEF-0.25,0.41811295480001265,0.4181672063441083,0.4197809370743055,0.0,1.7057790357348395,1.7049021893817327,1.7165059582960709,1.0,0.1708034928879837,0.17199236437940998,0.41832067453555494,0.41995322601581025,266.6037300480475,266.61548209549636,0.2969083170132414,0.003750885255132521
MAIN,1.5,0.25,100,dollars,DIFF,KS-2000,DEF-0.5,0.3046989244724446,0.304780438011646,0.3059685871100056,0.0,1.2430792967833657,1.2427463700051757,1.2494632692422971,1.0,0.12447226678704569,0.12524130616823353,0.3049342826814336,0.3060944292549053,399.71691883882045,399.76975781609275,0.5593458715168684,0.0025017705102650424
MAIN,1.5,0.25,100,dollars,DIFF,KS-2000,DEF-0.75,0.25310908886050093,0.2532515570979177,0.2539801692653989,0.0,1.0326057887089488,1.032497568525201,1.0364864067195096,1.0,0.10339706855100264,0.10396253199556625,0.25335548987851836,0.2541793706075945,798.3039137070467,798.6201354117965,0.9208661662782391,0.0012526557653975633
MAIN,1.5,0.25,100,dollars,DIFF,KS-2000,RA-EST,0.23104279378540954,0.23120688137893006,0.2318491172763016,0.0,0.9425795092195248,0.9420964021030533,0.944628464595814,0.0,0.09438258913648064,0.0949028475020417,0.23129268474096487,0.23199765523069046,282407.262990068,347260.2333695478,2.612701210703784,3.5410205300844045e-06
MAIN,1.5,0.25,100,dollars,DIFF,KS-2000,SRSWOR,,,,0.0,4.079720953665355,4.074447939757673,4.096906749619872,1.0,0.408511933289207,0.41151672435142356,0.9997207936723411,0.9999950022310272,,,,
MAIN,1.5,0.25,100,dollars,DIFF,MIS-G-10000,DEF-0.0,0.99995,0.99995,0.9999500000000002,0.0,3.993557242128944,3.992228078693484,3.999405389970844,1.0,0.4354924326320919,0.4362310373668074,1.0,1.0,200.0,200.0,0.0,0.005
MAIN,1.5,0.25,100,dollars,DIFF,MIS-G-10000,DEF-0.25,0.430876890417977,0.4309122730897235,0.4316246339294715,0.0,1.720816415876097,1.720628155395783,1.7234633298890047,1.0,0.18765284119356448,0.18795291281791576,0.4309714010460956,0.4316802780741435,266.57820284165194,266.5850385683055,0.292833616349139,0.0037512444353674478
MAIN,1.5,0.25,100,dollars,DIFF,MIS-G-10000,DEF-0.5,0.316130748397382,0.3161061041461992,0.31665742589554025,0.0,1.2625484530551756,1.2624157377711898,1.2642187410215806,1.0,0.13767930283270025,0.13787959579070105,0.3162327406734904,0.316739829461044,399.6021767346952,399.6328983010057,0.5518866332521057,0.0025024888707348954
MAIN,1.5,0.25,100,dollars,DIFF,MIS-G-10000,DEF-0.75,0.2635562075239759,0.26357062520334085,0.2639219187425374,0.0,1.05257863483819,1.0525440607450598,1.0537457714555247,1.0,0.11478236224774233,0.11493123884614748,0.2636608603986039,0.2640000784832468,797.6177988833695,797.8014253090786,0.9061327294512348,0.0012537333061023426
MAIN,1.5,0.25,100,dollars,DIFF,MIS-G-10000,RA-EST,0.24073237612109394,0.2408151350951533,0.24091191516695748,0.0,0.961425712797439,0.961393266660207,0.96168465846618,0.0,0.10484225102784298,0.10489774811829998,0.24083752253170151,0.24096663333948806,200894.32519090534,217723.29101191336,2.445590517050399,4.97774146979013e-06
MAIN,1.5,0.25,100,dollars,DIFF,MIS-G-10000,SRSWOR,,,,0.0,3.9937569299754427,3.9924277000784874,3.999605370239355,1.0,0.43551420834250903,0.4362528500093078,0.9999179764851774,1.0000024534353413,,,,
MAIN,1.5,0.25,100,dollars,DIFF,MIS-G-2000,DEF-0.0,0.99995,0.99995,0.9999500000000002,0.0,4.001673155028841,3.995339877859691,4.021683842812913,1.0,0.43677784392931096,0.4394818377554117,1.0,1.0,200.0,200.0,0.0,0.005
MAIN,1.5,0.25,100,dollars,DIFF,MIS-G-2000,DEF-0.25,0.43054836255142426,0.43074110222570905,0.4319491768867587,0.0,1.7229895604450827,1.7219123389825999,1.7307134130790378,1.0,0.18806193488690087,0.18894201183449078,0.4307678916980361,0.432177425686039,266.57857904861567,266.5926860455789,0.29266168307861173,0.003751239141452799
MAIN,1.5,0.25,100,dollars,DIFF,MIS-G-2000,DEF-0.5,0.31575729479136416,0.3158463021590817,0.31676881713763994,0.0,1.263609786891256,1.2635108311662744,1.2683057596930458,1.0,0.1379211867272211,0.1385376424073518,0.3160077071671423,0.31692705765241896,399.6038674266679,399.6672718209129,0.5516905888516683,0.002502478282905598
MAIN,1.5,0.25,100,dollars,DIFF,MIS-G-2000,DEF-0.75,0.2631650242085503,0.26330080956754454,0.264027015291797,0.0,1.0531417718209575,1.0532029301595784,1.0561423968545431,1.0,0.11494885336773324,0.11538503385556394,0.26342799900828556,0.26412454888500964,797.6279028862225,798.0069466510364,0.9057902918466412,0.001253717424358397
MAIN,1.5,0.25,100,dollars,DIFF,MIS-G-2000,RA-EST,0.24033717196095364,0.24070285129161945,0.24097346395964309,0.0,0.9617857647188385,0.9616281894257894,0.96263456464059,0.0,0.10497741894337675,0.1051991715969761,0.24060432060370382,0.24110675869434556,201752.65868596116,240236.53992947715,2.44712403042879,4.956565811196113e-06
MAIN,1.5,0.25,100,dollars,DIFF,MIS-G-2000,SRSWOR,,,,0.0,4.001873248691275,3.9955396548424327,4.021884937059766,1.0,0.43679968391350665,0.4395038129460589,0.9996940235595754,0.9999979559041539,,,,
MAIN,1.5,0.25,100,dollars,DIFF,MIS-I-2000,DEF-0.0,0.99995,0.99995,0.9999500000000002,0.0,4.093012524727027,4.086430338447081,4.112274572301349,1.0,0.4141342580251017,0.4170764603403471,1.0,1.0,200.0,200.0,0.0,0.005
MAIN,1.5,0.25,100,dollars,DIFF,MIS-I-2000,DEF-0.25,0.42009962383791416,0.4201084961589341,0.4220512497407948,0.0,1.7195345087593639,1.7188294395703967,1.7263061588961104,1.0,0.17398339100041332,0.1754286177479221,0.4203390250425532,0.4222562033639971,266.60885996590554,266.61907390073844,0.2949901905427746,0.0037508130829865902
MAIN,1.5,0.25,100,dollars,DIFF,MIS-I-2000,DEF-0.5,0.3061841652236582,0.3061824384985586,0.30772990265857986,0.0,1.253255383805122,1.2529114585664582,1.258076722802239,1.0,0.12680479333582168,0.1276670092361586,0.3064570677182993,0.3078025779034977,399.7399825778141,399.7859089726199,0.556402281138644,0.0025016261659731812
MAIN,1.5,0.25,100,dollars,DIFF,MIS-I-2000,DEF-0.75,0.25425414761141474,0.2542931249778111,0.2555870843074915,0.0,1.0406956567846501,1.0404833500098205,1.0439744454363329,1.0,0.10529777860634089,0.10586536145311204,0.25454052616687156,0.2557340084402458,798.4419211162686,798.7168274218592,0.915681869769058,0.001252439248959772
MAIN,1.5,0.25,100,dollars,DIFF,MIS-I-2000,RA-EST,0.2318658888178456,0.23201837229924405,0.2328152534483667,0.0,0.9490552244905693,0.9487402766533612,0.951086390100588,0.0,0.09602547753043034,0.0964389565689369,0.232156631229827,0.23300347126991905,307473.3806787366,373474.8746016557,2.6073864535769045,3.2523319463626485e-06
MAIN,1.5,0.25,100,dollars,DIFF,MIS-I-2000,SRSWOR,,,,0.0,4.093217185586306,4.08663467018059,4.112480196311164,1.0,0.41415496577339034,0.41709731520610743,0.999664377941938,0.999993931942237,,,,
MAIN,1.5,0.25,100,dollars,EXP,COR-2000,ST-NEY-EST,,,,0.0,1.2222746422951352,1.210999978796713,1.2451910838721412,1.0,0.16732615242597426,0.17046335241662017,0.40948985199935817,0.41703640107000123,,,,
MAIN,1.5,0.25,100,dollars,HT,COR-10000,DEF-0.0,0.99995,0.99995,0.99995,0.0,7.304378370283346,7.304378370283345,7.304378370283345,1.0,0.99995,0.99995,1.0,1.0,200.0,200.0,0.0,0.005
MAIN,1.5,0.25,100,dollars,HT,COR-10000,DEF-0.25,0.29072391394591535,0.29073045177534707,0.2918004040558533,0.0,2.1236636519332577,2.1237114091010056,2.1315271361823243,1.0,0.29072391394591535,0.2918004040558533,0.34521786468136034,0.3462161328467017,266.6231368045436,266.6266751041791,0.32012810138476294,0.003750612238626107
MAIN,1.5,0.25,100,dollars,HT,COR-10000,DEF-0.5,0.17979480532433506,0.1797972774967136,0.18052895941839137,0.0,1.3133549548481205,1.313373013433499,1.3187177622735715,1.0,0.17979480532433506,0.18052895941839137,0.2422090427399425,0.24289504805117554,399.8041795507346,399.82009192985333,0.5975202766032367,0.002501224477252214
MAIN,1.5,0.25,100,dollars,HT,COR-10000,DEF-0.75,0.1312074994432185,0.13121138714334535,0.1316560533231514,0.0,0.9584371428091497,0.9584655414617991,0.9617137138961926,0.0,0.1312074994432185,0.1316560533231514,0.19688994334193238,0.19731021788368075,798.8262265488052,798.9215217140546,0.986975659075896,0.001251836715878321
MAIN,1.5,0.25,100,dollars,HT,COR-10000,RA-EST,0.11018485744046486,0.11017500524466102,0.11023763349985519,0.0,0.8048721330275367,0.8048001652632193,0.8052576486099955,0.0,0.11018485744046486,0.11023763349985519,0.17720079432845623,0.17725011646787828,408337.5785359724,444471.63905282016,3.097783239194947,2.448954504427931e-06
MAIN,1.5,0.25,100,dollars,HT,COR-2000,DEF-0.0,0.99995,0.99995,0.99995,0.0,7.304378370283346,7.304378370283345,7.304378370283345,1.0,0.99995,0.99995,1.0,1.0,200.0,200.0,0.0,0.005
MAIN,1.5,0.25,100,dollars,HT,COR-2000,DEF-0.25,0.2907564094558655,0.2909064681984417,0.29339277400911606,0.0,2.123901023301837,2.1249971639424143,2.143158990419138,1.0,0.2907564094558655,0.29339277400911606,0.34524783486186306,0.34768957363263064,266.6234832502482,266.6328349415911,0.3202183864957995,0.0037506073651488196
MAIN,1.5,0.25,100,dollars,HT,COR-2000,DEF-0.5,0.1798561271246808,0.17994410603672367,0.1815973447217452,0.0,1.3138028948771938,1.3144455582725305,1.3265220429885534,1.0,0.1798561271246808,0.1815973447217452,0.2422659823408317,0.24388554718624889,399.80573754302503,399.84779585721367,0.5976433212947725,0.0025012147302976395
MAIN,1.5,0.25,100,dollars,HT,COR-2000,DEF-0.75,0.13130889400212312,0.1313496344938034,0.13240274369677704,0.0,0.95917780406514,0.9594754029113064,0.9671680956296893,0.0,0.13130889400212312,0.13240274369677704,0.19698460456223504,0.1980250519400633,798.8355562972276,799.0874695994063,0.9871431040624431,0.001251822095446459
MAIN,1.5,0.25,100,dollars,HT,COR-2000,RA-EST,0.11042503552142753,0.11037762516108914,0.11067425992218792,0.0,0.8066265723291017,0.8062802518024924,0.8084470926773802,0.0,0.11042503552142753,0.11067425992218792,0.1774245779603406,0.17767189754306953,411614.22286396264,525411.0790374242,3.1040083705169295,2.429460595278832e-06
MAIN,1.5,0.25,100,dollars,HT,COR-500,DEF-0.0,0.99995,0.99995,0.99995,0.0,7.304378370283346,7.304378370283345,7.304378370283345,1.0,0.99995,0.99995,1.0,1.0,200.0,200.0,0.0,0.005
MAIN,1.5,0.25,100,dollars,HT,COR-500,DEF-0.25,0.29170289547869294,0.2915335759814438,0.29695568503911984,0.0,2.1308148610266393,2.1295780255114902,2.1691851419895203,1.0,0.29170289547869294,0.29695568503911984,0.34612131453047623,0.3509864611686399,266.6255930196002,266.64168796542225,0.3206956282522484,0.0037505776871408474
MAIN,1.5,0.25,100,dollars,HT,COR-500,DEF-0.5,0.1808402179830857,0.18071053046215038,0.1844525161741824,0.0,1.3209914262842906,1.3200440921947707,1.347378338403957,1.0,0.1808402179830857,0.1844525161741824,0.24317552660000705,0.2465217059396402,399.81522550843954,399.88761690148834,0.5985503632534768,0.002501155374281695
MAIN,1.5,0.25,100,dollars,HT,COR-500,DEF-0.75,0.13239902175383947,0.1320505570532744,0.13472931620310252,0.0,0.9671409077908087,0.9645954624969293,0.9841631112725712,0.03,0.13239902175383947,0.13472931620310252,0.19799376482286654,0.2001738134277504,798.8923763540083,799.3260801526208,0.9891118427216905,0.0012517330614225425
MAIN,1.5,0.25,100,dollars,HT,COR-500,RA-EST,0.11241747760700868,0.11124260307769945,0.113109493975328,0.0,0.8211808509169924,0.8125986937094487,0.8262358530597333,0.01,0.11241747760700868,0.113109493975328,0.17926791807480183,0.1798683559364137,432760.36094740627,711763.023644984,3.1528876126887564,2.310748563389994e-06
MAIN,1.5,0.25,100,dollars,HT,KS-2000,DEF-0.0,0.99995,0.99995,0.99995,0.0,7.304378370283346,7.304378370283345,7.304378370283345,1.0,0.99995,0.99995,1.0,1.0,200.0,200.0,0.0,0.005
MAIN,1.5,0.25,100,dollars,HT,KS-2000,DEF-0.25,0.29093877581913263,0.29093597631261325,0.2936799659624727,0.0,2.125233162828129,2.125212713150778,2.145256854004535,1.0,0.29093877581913263,0.2936799659624727,0.3454164876168609,0.3479641660907621,266.62275870038616,266.63161091651295,0.32028753874331534,0.003750617557459716
MAIN,1.5,0.25,100,dollars,HT,KS-2000,DEF-0.5,0.18000553577768616,0.18002473921696815,0.18187747090799444,0.0,1.3148942867801348,1.3150345629804714,1.328568292956841,1.0,0.18000553577768616,0.18187747090799444,0.24240447544842084,0.24414423051537112,399.8024791972951,399.842290589271,0.5976931586983742,0.002501235114919432
MAIN,1.5,0.25,100,dollars,HT,KS-2000,DEF-0.75,0.1314325278424005,0.13143327554720885,0.13257128539963534,0.0,0.9600809175695724,0.9600863793614913,0.9683992495562346,0.0,0.1314325278424005,0.13257128539963534,0.1970992507072751,0.19816613984693454,798.8160444635862,799.0544891208355,0.9872935068520887,0.001251852672379148
MAIN,1.5,0.25,100,dollars,HT,KS-2000,RA-EST,0.11050852221870378,0.11045401119434609,0.11087282755998219,0.0,0.8072364212473387,0.8068382321906256,0.8098975783602071,0.0,0.11050852221870378,0.11087282755998219,0.17750181146999236,0.17781062638942985,404820.8298679416,507065.75380963547,3.1010601062590224,2.4702298388638814e-06
MAIN,1.5,0.25,100,dollars,HT,MIS-G-10000,DEF-0.0,0.99995,0.99995,0.99995,0.0,7.304378370283346,7.304378370283345,7.304378370283345,1.0,0.99995,0.99995,1.0,1.0,200.0,200.0,0.0,0.005
MAIN,1.5,0.25,100,dollars,HT,MIS-G-10000,DEF-0.25,0.29838162163793996,0.2983411324911035,0.29971476672253494,0.0,2.1796012432444,2.1793054804078746,2.189339526278917,1.0,0.29838162163793996,0.29971476672253494,0.3523176924579295,0.35355258792397704,266.6021850223703,266.6078965013094,0.3157455571548659,0.003750906992439282
MAIN,1.5,0.25,100,dollars,HT,MIS-G-10000,DEF-0.5,0.18651863899582122,0.1864820777818333,0.18741596716945663,0.0,1.3624708358775581,1.3622037655833987,1.3690255881177185,1.0,0.18651863899582122,0.18741596716945663,0.24847915940305818,0.2493130843357426,399.70997286136736,399.7356507747587,0.588905453713189,0.0025018139848785644
MAIN,1.5,0.25,100,dollars,HT,MIS-G-10000,DEF-0.75,0.13735998584132714,0.13735562892081143,0.13791570442343054,0.0,1.0033794784957413,1.003347652308456,1.00743886025591,0.885,0.13735998584132714,0.13791570442343054,0.20265561054676573,0.20317705604876857,798.262356986362,798.4159982968238,0.969156178090838,0.0012527209773178466
MAIN,1.5,0.25,100,dollars,HT,MIS-G-10000,RA-EST,0.11595412216655733,0.11594868105687642,0.11599743035658899,0.0,0.8470151326552268,0.8469753867440677,0.8473314878795113,0.0,0.11595412216655733,0.11599743035658899,0.18262649116493454,0.18266403055095412,275636.2559692194,302429.99982328666,2.8414593283676437,3.627969757128628e-06
MAIN,1.5,0.25,100,dollars,HT,MIS-G-2000,DEF-0.0,0.99995,0.99995,0.99995,0.0,7.304378370283346,7.304378370283345,7.304378370283345,1.0,0.99995,0.99995,1.0,1.0,200.0,200.0,0.0,0.005
MAIN,1.5,0.25,100,dollars,HT,MIS-G-2000,DEF-0.25,0.29839882259196615,0.29842061332649183,0.30089305903810903,0.0,2.179726891803365,2.1798860675320935,2.19794664953883,1.0,0.29839882259196615,0.30089305903810903,0.35233348152916383,0.3546505932465778,266.60231037442367,266.61399132917387,0.3157619585905297,0.003750905228824871
MAIN,1.5,0.25,100,dollars,HT,MIS-G-2000,DEF-0.5,0.18654139059225525,0.18652039981394275,0.18814575360414187,0.0,1.3626370304561692,1.3624836982024753,1.374356490911299,1.0,0.18654139059225525,0.18814575360414187,0.2485001349762638,0.24999550477844953,399.710536401456,399.7630545904075,0.5890552253986943,0.002501810457649743
MAIN,1.5,0.25,100,dollars,HT,MIS-G-2000,DEF-0.75,0.13739400803767168,0.13740277257198713,0.1383711979630175,0.0,1.003628001917001,1.003692024593014,1.0107661237774488,0.72,0.13739400803767168,0.1383711979630175,0.20268718377937936,0.2035936955810277,798.2657284604628,798.5800098482013,0.9694076808271532,0.0012527156864746139
MAIN,1.5,0.25,100,dollars,HT,MIS-G-2000,RA-EST,0.11603596847719384,0.11599720142263695,0.11619159272237896,0.0,0.8476129989696433,0.8473298155756885,0.8487497941798257,0.0,0.11603596847719384,0.11619159272237896,0.1827025045670722,0.18284779686160207,276174.29363608116,337431.5246266381,2.8453584225013913,3.6209152994850746e-06
MAIN,1.5,0.25,100,dollars,HT,MIS-I-2000,DEF-0.0,0.99995,0.99995,0.99995,0.0,7.304378370283346,7.304378370283345,7.304378370283345,1.0,0.99995,0.99995,1.0,1.0,200.0,200.0,0.0,0.005
MAIN,1.5,0.25,100,dollars,HT,MIS-I-2000,DEF-0.25,0.2917844303832149,0.2917901355138717,0.29461177338472877,0.0,2.1314104525992312,2.131452127115926,2.152063468315647,1.0,0.2917844303832149,0.29461177338472877,0.34619540518193204,0.34881172478260414,266.62601976436974,266.634088778678,0.32003507922600144,0.003750571684203035
MAIN,1.5,0.25,100,dollars,HT,MIS-I-2000,DEF-0.5,0.18082978461544777,0.1808577046903711,0.18268835099743952,0.0,1.3209152132087332,1.3211191621975493,1.3344915641066344,1.0,0.18082978461544777,0.18268835099743952,0.2431632421690055,0.2448840342085773,399.817144683439,399.8534353148193,0.5973423428929843,0.0025011433684060703
MAIN,1.5,0.25,100,dollars,HT,MIS-I-2000,DEF-0.75,0.13225206496764658,0.13221952876989684,0.13340934876450247,0.0,0.9660674261462928,0.9658297575637693,0.9745210875633971,0.0,0.13225206496764658,0.13340934876450247,0.19785349877640176,0.1989296104047682,798.9038702665425,799.1212558533758,0.9870906120653867,0.0012517150526091055
MAIN,1.5,0.25,100,dollars,HT,MIS-I-2000,RA-EST,0.11145335562815813,0.111353073103657,0.11187039452770188,0.0,0.8141381870551686,0.8134056489253786,0.8171845492906745,0.0,0.11145335562815813,0.11187039452770188,0.17837163716086274,0.17873291333082528,437304.44020234304,545634.2185804609,3.1059327833375434,2.2867368121405513e-06
MAIN,1.5,0.25,100,rate,DIFF,COR-10000,DEF-0.0,0.99995,0.99995,0.9999500000000002,0.0,0.99995,0.99995,0.9999500000000002,0.0,0.7295248525040521,0.7298909208026081,1.0,1.0,200.0,200.0,0.0,0.005
MAIN,1.5,0.25,100,rate,DIFF,COR-10000,DEF-0.25,0.9596405993783269,0.959622443896667,0.9607225277124811,0.0,0.9596405993783269,0.959622443896667,0.9607225277124811,0.0,0.7001166765122093,0.7010433559848598,0.9596943834391151,0.9607786934146663,262.9981599573149,264.01919773311556,0.08494015048853024,0.003802307972589203
MAIN,1.5,0.25,100,rate,DIFF,COR-10000,DEF-0.5,0.9294928940914277,0.9294713843601381,0.9310300492867283,0.0,0.9294928940914277,0.9294713843601381,0.9310300492867283,0.0,0.6781220813599863,0.6793193691577546,0.9295495048486936,0.9310908905520342,383.93376386542684,388.3183410997506,0.1776690350276018,0.002604615945178407
MAIN,1.5,0.25,100,rate,DIFF,COR-10000,DEF-0.75,0.9093167100219312,0.9092576904253942,0.9106458570942397,0.0,0.9093167100219312,0.9092576904253942,0.9106458570942397,0.0,0.6634023260683074,0.6644644085881752,0.9093752072821583,0.9106978527616186,710.7705061242516,733.7779640586233,0.2865826386326486,0.0014069239177676102
MAIN,1.5,0.25,100,rate,DIFF,COR-10000,RA-EST,0.9012921733309871,0.901224157556997,0.9015770065048775,0.0,0.9012921733309871,0.901224157556997,0.9015770065048775,0.0,0.6575479574944957,0.657940942861369,0.9013514071978357,0.9016399735308284,4779.395801996756,6648.344811108545,0.44177911747764,0.00020923189035681363
MAIN,1.5,0.25,100,rate,DIFF,COR-10000,SRSWOR,,,,0.0,1.0,1.0,1.0,0.0,0.7295613305705806,0.7299274171734669,0.9999044759811854,0.9999981403824529,,,,
MAIN,1.5,0.25,100,rate,DIFF,COR-2000,DEF-0.0,0.99995,0.99995,0.9999500000000002,0.0,0.999952750416599,0.99995,0.9999500000000002,0.005,0.7312282164584921,0.732833855399068,1.0,1.0,200.0,200.0,0.0,0.005
MAIN,1.5,0.25,100,rate,DIFF,COR-2000,DEF-0.25,0.9595470647703866,0.9595173599065019,0.9621947645281329,0.0,0.9595497021329757,0.9595173599065019,0.9621947645281329,0.0,0.7016831009833936,0.7045284057506435,0.9596155849852217,0.962257851780529,263.49023109593827,265.0015657804579,0.0856297693345135,0.003795207121386062
MAIN,1.5,0.25,100,rate,DIFF,COR-2000,DEF-0.5,0.9295230448024832,0.9294943113899302,0.9331628479566635,0.0,0.9295255982592299,0.9294943113899302,0.9331628479566635,0.0,0.6797277658314228,0.6831463183668032,0.9296053350969257,0.9332775832376298,386.03864822778223,392.5994658232207,0.17903844358415846,0.002590414242772125
MAIN,1.5,0.25,100,rate,DIFF,COR-2000,DEF-0.75,0.9097463143700861,0.9095532539052152,0.9128400848008482,0.0,0.9097488132472422,0.9095532539052152,0.9128400848008482,0.0,0.6652660039815464,0.6684226309310574,0.9098376925834002,0.9129229542043317,721.6979509587641,757.1812053746337,0.2898629589548406,0.0013856213641581872
MAIN,1.5,0.25,100,rate,DIFF,COR-2000,RA-EST,0.9027787469328181,0.9024312494198017,0.9044519282095487,0.0,0.9027812293387278,0.9024312494198017,0.9044519282095487,0.0,0.660171430536881,0.6625548522712292,0.9028733887516579,0.9045210445108064,5530.159500292546,10610.035226881166,0.4512553405409462,0.00018082848554424962
MAIN,1.5,0.25,100,rate,DIFF,COR-2000,SRSWOR,,,,0.0,1.0000027505541267,1.0,1.0,0.005,0.7312647796974772,0.7328704989240141,0.9995342424395852,0.9999947491454688,,,,
MAIN,1.5,0.25,100,rate,DIFF,COR-500,DEF-0.0,0.99995,0.99995,0.9999500000000002,0.0,1.0002402435678592,0.99995,1.0003578782821392,0.12,0.7385949556153487,0.745970098635662,1.0,1.0,200.0,200.0,0.0,0.005
MAIN,1.5,0.25,100,rate,DIFF,COR-500,DEF-0.25,0.9598531615170613,0.9599298651787127,0.9647414150050433,0.0,0.9601317209199778,0.9600869041518739,0.9650579665560706,0.0,0.7089821105718065,0.7173880021737935,0.9599771103999903,0.9648386558784319,263.98944631035386,266.1793742147078,0.0872317933084193,0.00378803026643502
MAIN,1.5,0.25,100,rate,DIFF,COR-500,DEF-0.5,0.930917782245982,0.930698851658786,0.9382917463277803,0.0,0.9311879570059652,0.9309324984781484,0.9383314206258678,0.0,0.6876166511151525,0.6972743861171553,0.9310950424752145,0.9383996853509833,388.1896782284836,397.8151771724085,0.1827595867719429,0.00257606053287004
MAIN,1.5,0.25,100,rate,DIFF,COR-500,DEF-0.75,0.9135270065013608,0.9118256340159052,0.9204008184539351,0.0,0.9137920995808567,0.911988130004947,0.9213148071024222,0.0,0.6747856686453144,0.6862809361006802,0.913736386199633,0.9205389299003318,733.0896726116707,787.0328636706654,0.2979963864078864,0.0013640907993050602
MAIN,1.5,0.25,100,rate,DIFF,COR-500,RA-EST,0.919444891345597,0.9068595813236979,0.9275873511842813,0.02,0.9197093542456908,0.9069466347093724,0.927604521683262,0.02,0.67927250992883,0.6897118185052015,0.9196471292276627,0.927665988094615,6574.536183826084,36458.04050287585,0.4782110541264709,0.00015212106574008012
MAIN,1.5,0.25,100,rate,DIFF,COR-500,SRSWOR,,,,0.0,1.0002902580807633,1.0,1.0004078986770732,0.125,0.7386318872097091,0.7460073990056122,0.9981428529505013,0.9999464017895862,,,,
MAIN,1.5,0.25,100,rate,DIFF,KS-2000,DEF-0.0,0.99995,0.99995,0.9999500000000002,0.0,0.99995,0.99995,0.9999500000000002,0.0,0.7318730202913041,0.7340475977463108,1.0,1.0,200.0,200.0,0.0,0.005
MAIN,1.5,0.25,100,rate,DIFF,KS-2000,DEF-0.25,0.9597064863243608,0.9596959866899162,0.9624383634575414,0.0,0.9597064863243608,0.9596959866899162,0.9624383634575414,0.0,0.7024184541832181,0.7053952285550769,0.9597761739498665,0.962489762721253,263.3323707363691,264.9257664097048,0.08514211484488561,0.0037974822358974635
MAIN,1.5,0.25,100,rate,DIFF,KS-2000,DEF-0.5,0.9298036243102,0.9296878135981828,0.9336173361900123,0.0,0.9298036243102,0.9296878135981828,0.9336173361900123,0.0,0.6805325079006143,0.6841518468197767,0.9298879463379641,0.9336697844107894,385.36173074381975,392.26691794781993,0.17799659818917574,0.0025949644717949277
MAIN,1.5,0.25,100,rate,DIFF,KS-2000,DEF-0.75,0.9101152837836355,0.9099793735973378,0.9133805560546245,0.0,0.9101152837836355,0.9099793735973378,0.9133805560546245,0.0,0.6661229235882097,0.6694282430343863,0.9102092409042538,0.9134413190281195,718.160339652227,755.3287429350648,0.2868384735522606,0.0013924467076923915
MAIN,1.5,0.25,100,rate,DIFF,KS-2000,RA-EST,0.9032374527156887,0.9026614380354103,0.9057428607796421,0.0,0.9032374527156887,0.9026614380354103,0.9057428607796421,0.0,0.661090122725996,0.6650523900616625,0.9033347424576373,0.9058356470104727,5265.12722642526,10145.181004162867,0.4430898279892137,0.0001899289435898552
MAIN,1.5,0.25,100,rate,DIFF,KS-2000,SRSWOR,,,,0.0,1.0,1.0,1.0,0.0,0.7319096157720927,0.7340843019614091,0.9995035649809413,0.9999957445886427,,,,
MAIN,1.5,0.25,100,rate,DIFF,MIS-G-10000,DEF-0.0,0.99995,0.99995,0.9999500000000002,0.0,0.99995,0.99995,0.9999500000000002,0.0,0.8129387115935066,0.8132603744973648,1.0,1.0,200.0,200.0,0.0,0.005
MAIN,1.5,0.25,100,rate,DIFF,MIS-G-10000,DEF-0.25,0.9696233651505977,0.9696271041404668,0.9706204374888385,0.0,0.9696233651505977,0.9696271041404668,0.9706204374888385,0.0,0.7882837108034673,0.7890484129901343,0.9696758958246174,0.9706723938120475,255.7015942247311,256.5711690915152,0.07109761131735937,0.003910808624654663
MAIN,1.5,0.25,100,rate,DIFF,MIS-G-10000,DEF-0.5,0.9461151503803943,0.9461061428329565,0.9475723016430188,0.0,0.9461151503803943,0.9461061428329565,0.9475723016430188,0.0,0.7691719840865991,0.7703299789791226,0.9461696365973771,0.9476231422263237,354.4066795348899,357.76791600409064,0.14813357301585095,0.002821617249309326
MAIN,1.5,0.25,100,rate,DIFF,MIS-G-10000,DEF-0.75,0.9295271744899786,0.9295095259538992,0.9309239580039511,0.0,0.9295271744899786,0.9295095259538992,0.9309239580039511,0.0,0.755686310338027,0.756803161966656,0.9295830326297309,0.9309775866635307,577.2252749727613,590.7853567651154,0.23636527912150074,0.0017324258739639892
MAIN,1.5,0.25,100,rate,DIFF,MIS-G-10000,RA-EST,0.9211568790097613,0.9210934401363795,0.9216843149275668,0.0,0.9211568790097613,0.9210934401363795,0.9216843149275668,0.0,0.7488815017940942,0.7493100448064904,0.9212134146665888,0.9217414406235629,1554.6430129116525,1694.294852924187,0.34865663265610347,0.0006432344986186521
MAIN,1.5,0.25,100,rate,DIFF,MIS-G-10000,SRSWOR,,,,0.0,1.0,1.0,1.0,0.0,0.8129793605615346,0.8133010395493422,0.9999150378777951,1.0000039427045126,,,,
MAIN,1.5,0.25,100,rate,DIFF,MIS-G-2000,DEF-0.0,0.99995,0.99995,0.9999500000000002,0.0,0.9999582969516188,0.99995,0.9999500000000002,0.005,0.8136217857099937,0.8147935613937398,1.0,1.0,200.0,200.0,0.0,0.005
MAIN,1.5,0.25,100,rate,DIFF,MIS-G-2000,DEF-0.25,0.9695650853713284,0.9696444147742957,0.9713746539639492,0.0,0.9695731679931099,0.9696444147742957,0.9713746539639492,0.0,0.7888985191973488,0.7908096384374322,0.9696282587278452,0.9714254184703088,255.60219257012884,257.6201196659273,0.0712087608349368,0.003912329507570121
MAIN,1.5,0.25,100,rate,DIFF,MIS-G-2000,DEF-0.5,0.9460775249095181,0.9461662203105998,0.9487856954707431,0.0,0.9460854333431037,0.9461662203105998,0.9487856954707431,0.0,0.7697875224054481,0.7724270289346106,0.9461508556029368,0.9488553720632164,354.0250331495855,361.87714031363896,0.14836296543097555,0.002824659015140243
MAIN,1.5,0.25,100,rate,DIFF,MIS-G-2000,DEF-0.75,0.9296007190908478,0.9295843674053836,0.9321860670225249,0.0,0.9296084935968474,0.9295843674053836,0.9321860670225249,0.0,0.7563810842138342,0.7588913172202331,0.9296811483651087,0.9322809103939811,575.7090479757051,607.8830748179242,0.23693468174296967,0.0017369885227103646
MAIN,1.5,0.25,100,rate,DIFF,MIS-G-2000,RA-EST,0.9215024704150959,0.9212880361220225,0.9226807538149158,0.0,0.9215101558812975,0.9212880361220225,0.9226807538149158,0.0,0.7497922471545871,0.751322427857009,0.9215863479666007,0.9227392974893384,1540.0775347954634,1898.4784647542513,0.35020287102075864,0.0006493180302804861
MAIN,1.5,0.25,100,rate,DIFF,MIS-G-2000,SRSWOR,,,,0.0,1.0000082973664872,1.0,1.0,0.005,0.8136624688334352,0.8148343031088952,0.9995606525285763,1.0000014696786583,,,,
MAIN,1.5,0.25,100,rate,DIFF,MIS-I-2000,DEF-0.0,0.99995,0.99995,0.9999500000000002,0.0,0.9999671095821924,0.99995,0.9999500000000002,0.005,0.7401422293544363,0.7424284511059226,1.0,1.0,200.0,200.0,0.0,0.005
MAIN,1.5,0.25,100,rate,DIFF,MIS-I-2000,DEF-0.25,0.9608953521097588,0.960855394846764,0.963109097937898,0.0,0.9609118266450138,0.960855394846764,0.9632487083552461,0.0,0.7112353124060655,0.714435364430074,0.9609637332096105,0.9631673441005494,257.45919778858394,258.90044881197844,0.08585005427923678,0.0038841106122989195
MAIN,1.5,0.25,100,rate,DIFF,MIS-I-2000,DEF-0.5,0.9322410830716942,0.9321192762244637,0.9354303247322516,0.0,0.9322570941048884,0.9321192762244637,0.9354303247322516,0.0,0.6900262173550513,0.693419143309538,0.9323229157334992,0.9354911567944602,361.2428117142843,366.9755822548045,0.17972525490073818,0.002768221224597839
MAIN,1.5,0.25,100,rate,DIFF,MIS-I-2000,DEF-0.75,0.9141254222148794,0.9138638246877666,0.9166518725443189,0.0,0.9141411437824726,0.9138638246877666,0.9166518725443189,0.0,0.6766172674439151,0.6796863070039272,0.9142157032754626,0.9167263525136602,605.2053802179187,629.9349987054507,0.2902996182871972,0.0016523318368967582
MAIN,1.5,0.25,100,rate,DIFF,MIS-I-2000,RA-EST,0.9095755734981614,0.9093061047603809,0.9111057706364447,0.0,0.909591225312425,0.9093061047603809,0.9111057706364447,0.0,0.6732490065653199,0.6755497450271329,0.9096678144946906,0.9112457864191592,1864.136562882531,2222.451683052363,0.44257524724410113,0.0005364424491956777
MAIN,1.5,0.25,100,rate,DIFF,MIS-I-2000,SRSWOR,,,,0.0,1.0000171104377145,1.0,1.0,0.005,0.7401792383163521,0.7424655743846419,0.9995255063734217,0.9999836127599027,,,,
MAIN,1.5,0.25,100,rate,EXP,COR-2000,ST-NEY-EST,,,,0.0,0.9872935537389104,0.9870588264695394,0.9876447452476514,0.0,0.9468443675603162,0.9471811708350132,1.294205130803238,1.2970488706168193,,,,
MAIN,1.5,0.25,100,rate,HT,COR-10000,DEF-0.0,0.9999500000000002,0.9999500000000002,0.9999500000000002,0.0,1.0426678585045646,1.0426678585045646,1.0426678585045646,1.0,0.9999500000000002,0.9999500000000002,1.0,1.0,200.0,200.0,0.0,0.005
MAIN,1.5,0.25,100,rate,HT,COR-10000,DEF-0.25,0.886382760704989,0.8863780510341338,0.8886577062920429,0.0,0.9242490273710031,0.9242441165030348,0.9266211586210336,0.0,0.886382760704989,0.8886577062920429,0.9145772085731015,0.9162892182694985,263.787917497689,264.59078910617546,0.1184028019854603,0.0037909241999825394
MAIN,1.5,0.25,100,rate,HT,COR-10000,DEF-0.5,0.8125945790136845,0.8125132883467012,0.8155005809335797,0.0,0.8473086149633646,0.8472238515595346,0.8503387612693072,0.0,0.8125945790136845,0.8155005809335797,0.8590254046575224,0.8612141484560636,387.319410744213,390.80175969396424,0.24066557424363222,0.002581848399965079
MAIN,1.5,0.25,100,rate,HT,COR-10000,DEF-0.75,0.7675090522053929,0.7674541607468568,0.7698931948694677,0.0,0.8002970346975998,0.8002397982762567,0.8027830279231812,0.0,0.7675090522053929,0.7698931948694677,0.8250371060177845,0.8268367179453011,728.4527730548755,747.2371920539338,0.3809749424560911,0.0013727725999476187
MAIN,1.5,0.25,100,rate,HT,COR-10000,RA-EST,0.7503540386594433,0.7503054177181222,0.750699235944922,0.0,0.7824091590672461,0.7823584610395791,0.7827691031788634,0.0,0.7503540386594433,0.750699235944922,0.8120331624216206,0.8122841705340647,6108.860413285536,8497.34946603379,0.5793852357688429,0.00016369679993015823
MAIN,1.5,0.25,100,rate,HT,COR-2000,DEF-0.0,0.9999500000000002,0.9999500000000002,0.9999500000000002,0.0,1.0426678585045646,1.0426678585045646,1.0426678585045646,1.0,0.9999500000000002,0.9999500000000002,1.0,1.0,200.0,200.0,0.0,0.005
MAIN,1.5,0.25,100,rate,HT,COR-2000,DEF-0.25,0.8862038232104567,0.8862522971204636,0.8917043110184866,0.0,0.9240624456676878,0.9241129903828639,0.9297979142846476,0.0,0.8862038232104567,0.8917043110184866,0.9144424072701414,0.9185807164731764,264.0890290838084,265.3707520852569,0.11863543664047307,0.003786601841395676
MAIN,1.5,0.25,100,rate,HT,COR-2000,DEF-0.5,0.8126081448739687,0.8127030040073027,0.8194623452373683,0.0,0.8473227603571256,0.8474216718721144,0.8544697721223808,0.0,0.8126081448739687,0.8194623452373683,0.859034867981396,0.8641971591364748,388.62062874612036,394.2245184564292,0.24147361181967247,0.0025732036827913526
MAIN,1.5,0.25,100,rate,HT,COR-2000,DEF-0.75,0.768066469090797,0.7678204289034587,0.7736444828792429,0.0,0.800878264429285,0.8006217134064957,0.8066945709361181,0.0,0.768066469090797,0.7736444828792429,0.8254548290987895,0.8296642381490489,735.3994735920523,766.3197116934771,0.3824617667723737,0.0013598055241870288
MAIN,1.5,0.25,100,rate,HT,COR-2000,RA-EST,0.7522517275123932,0.7518886412328601,0.7541027383348508,0.0,0.7843879171775651,0.7840093198541657,0.7863180031721853,0.0,0.7522517275123932,0.7541027383348508,0.8134569502202773,0.8148757170247717,6830.536798929467,13651.681446571954,0.5826790880519208,0.00014640736558270485
MAIN,1.5,0.25,100,rate,HT,COR-500,DEF-0.0,0.9999500000000002,0.9999500000000002,0.9999500000000002,0.0,1.0426678585045646,1.0426678585045646,1.0426678585045646,1.0,0.9999500000000002,0.9999500000000002,1.0,1.0,200.0,200.0,0.0,0.005
MAIN,1.5,0.25,100,rate,HT,COR-500,DEF-0.25,0.8866398976383932,0.8867017509217712,0.8969614969759193,0.0,0.9245171491927893,0.924581644848093,0.9352796871972899,0.0,0.8866398976383932,0.8969614969759193,0.9147695100379523,0.9225352824432007,264.26683108848687,266.30685029779596,0.12037612524858404,0.003784054158983594
MAIN,1.5,0.25,100,rate,HT,COR-500,DEF-0.5,0.814425278838593,0.8143466146488262,0.8289895188200371,0.0,0.8492175222747322,0.8491354975512108,0.8644039465081428,0.0,0.814425278838593,0.8289895188200371,0.8603989395066356,0.8713747549011746,389.39167945601866,398.3851842285814,0.24472740814927646,0.0025681083179671877
MAIN,1.5,0.25,100,rate,HT,COR-500,DEF-0.75,0.7722974995920879,0.7712181506522626,0.7852498389688009,0.0,0.8052900445303385,0.8041645858097355,0.8187957077740423,0.0,0.7722974995920879,0.7852498389688009,0.8286316241892411,0.838400473889074,739.556159843946,790.3887096242635,0.38856832276184017,0.0013521624769507817
MAIN,1.5,0.25,100,rate,HT,COR-500,RA-EST,0.7649842794363347,0.7586162434941772,0.7715373223717595,0.005,0.7976644036497228,0.7910243252471132,0.8044973925433353,0.005,0.7649842794363347,0.7715373223717595,0.8230133676406433,0.8278575244261581,7341.361599017718,49342.517997357725,0.602835542230761,0.00013621663593437548
MAIN,1.5,0.25,100,rate,HT,KS-2000,DEF-0.0,0.9999500000000002,0.9999500000000002,0.9999500000000002,0.0,1.0426678585045646,1.0426678585045646,1.0426678585045646,1.0,0.9999500000000002,0.9999500000000002,1.0,1.0,200.0,200.0,0.0,0.005
MAIN,1.5,0.25,100,rate,HT,KS-2000,DEF-0.25,0.8865793972073642,0.8866135825117314,0.8924078489550787,0.0,0.9244540641836793,0.924489709884061,0.9305315073580245,0.0,0.8865793972073642,0.8924078489550787,0.9147248879411116,0.919110318198048,264.0073232224005,265.3035563090364,0.11818127475230233,0.0037877737170834208
MAIN,1.5,0.25,100,rate,HT,KS-2000,DEF-0.5,0.8132147274781467,0.8134233768080655,0.8205283631586537,0.0,0.8479552561668204,0.8481728189949667,0.8555813303234052,0.0,0.8132147274781467,0.8205283631586537,0.8594912389366867,0.8650031351875814,388.26697070362667,393.92807881540205,0.2401314150993068,0.0025755474341668414
MAIN,1.5,0.25,100,rate,HT,KS-2000,DEF-0.75,0.7687918492122111,0.7687619896489839,0.7748362801552802,0.0,0.8016346327854994,0.8016034976218951,0.8079372817852379,0.0,0.7687918492122111,0.7748362801552802,0.8260007664583806,0.8305567146972566,733.5028877294583,764.6419329452419,0.37978169780943827,0.0013633211512502621
MAIN,1.5,0.25,100,rate,HT,KS-2000,RA-EST,0.7529899507660596,0.7525272857754319,0.75596188045675,0.0,0.785157677324571,0.7846752472880862,0.7882565678353146,0.0,0.7529899507660596,0.75596188045675,0.8140128229488613,0.8162134961270291,6618.359747463881,12975.440593805855,0.5785173130335081,0.0001510948683336828
MAIN,1.5,0.25,100,rate,HT,MIS-G-10000,DEF-0.0,0.9999500000000002,0.9999500000000002,0.9999500000000002,0.0,1.0426678585045646,1.0426678585045646,1.0426678585045646,1.0,0.9999500000000002,0.9999500000000002,1.0,1.0,200.0,200.0,0.0,0.005
MAIN,1.5,0.25,100,rate,HT,MIS-G-10000,DEF-0.25,0.9168440519881318,0.9168722113749986,0.9191309430206153,0.0,0.9560116248503553,0.9560409872060744,0.9583962118551784,0.0,0.9168440519881318,0.9191309430206153,0.9374957502753567,0.9392162717963642,257.70530033659304,258.4514660247424,0.1004249541090333,0.003880401369206433
MAIN,1.5,0.25,100,rate,HT,MIS-G-10000,DEF-0.5,0.8595383661986646,0.8595354705624694,0.8626096620398698,0.0,0.8962578404788977,0.8962548211411399,0.8994603420615601,0.0,0.8595383661986646,0.8626096620398698,0.8943675368237548,0.8966801169697546,362.21349257667123,365.17717108613135,0.20502080689003246,0.0027608027384128666
MAIN,1.5,0.25,100,rate,HT,MIS-G-10000,DEF-0.75,0.8226571773911084,0.8226229807728547,0.8252140977999324,0.0,0.857801087488171,0.8577654299905733,0.8604672395228078,0.0,0.8226571773911084,0.8252140977999324,0.8665834473482035,0.8685121640546994,609.3087443162592,622.0471372879052,0.3232172585827636,0.0016412041076192996
MAIN,1.5,0.25,100,rate,HT,MIS-G-10000,RA-EST,0.8061143396490529,0.8060156699988428,0.8066676988494795,0.0,0.8405515398086895,0.8404486549915645,0.8411285385111172,0.0,0.8061143396490529,0.8066676988494795,0.8540788534655516,0.8545028875225485,1917.1582555850823,2097.343536527809,0.4772099804107616,0.0005216054768257327
MAIN,1.5,0.25,100,rate,HT,MIS-G-2000,DEF-0.0,0.9999500000000002,0.9999500000000002,0.9999500000000002,0.0,1.0426678585045646,1.0426678585045646,1.0426678585045646,1.0,0.9999500000000002,0.9999500000000002,1.0,1.0,200.0,200.0,0.0,0.005
MAIN,1.5,0.25,100,rate,HT,MIS-G-2000,DEF-0.25,0.9167364089688506,0.9168353991544118,0.9207426249992184,0.0,0.955899383321882,0.9560026023676265,0.9600767448790503,0.0,0.9167364089688506,0.9207426249992184,0.9374146905920747,0.9404290188403347,257.61997803195214,259.34964838547086,0.10057280813247663,0.0038816865362759543
MAIN,1.5,0.25,100,rate,HT,MIS-G-2000,DEF-0.5,0.8594967812197923,0.8598021350551148,0.8648450742083501,0.0,0.8962144789899564,0.8965328775394458,0.9017912510255928,0.0,0.8594967812197923,0.8648450742083501,0.8943359023900876,0.8983637731031385,361.8765817506808,368.786349141529,0.20512367622643637,0.002763373072551909
MAIN,1.5,0.25,100,rate,HT,MIS-G-2000,DEF-0.75,0.8228373017052206,0.823006797612486,0.8274087119126974,0.0,0.857988906711992,0.8581656434834841,0.8627556075384091,0.0,0.8228373017052206,0.8274087119126974,0.8667181853014921,0.870166541691454,607.8807143356098,638.0009965430653,0.32300406317676633,0.001645059608827863
MAIN,1.5,0.25,100,rate,HT,MIS-G-2000,RA-EST,0.8068025359801626,0.8065112573085713,0.8082442338775724,0.0,0.8412691358832819,0.8409654137884411,0.842772423106946,0.0,0.8068025359801626,0.8082442338775724,0.8545949459889602,0.8556986209780713,1898.4480192212495,2362.981192507281,0.47560817803753797,0.0005267461451038174
MAIN,1.5,0.25,100,rate,HT,MIS-I-2000,DEF-0.0,0.9999500000000002,0.9999500000000002,0.9999500000000002,0.0,1.0426678585045646,1.0426678585045646,1.0426678585045646,1.0,0.9999500000000002,0.9999500000000002,1.0,1.0,200.0,200.0,0.0,0.005
MAIN,1.5,0.25,100,rate,HT,MIS-I-2000,DEF-0.25,0.8879962902865809,0.8877704988505117,0.8929584974335609,0.0,0.9259314869274532,0.925696049682476,0.9311056795364813,0.0,0.8879962902865809,0.8929584974335609,0.9157924363678953,0.9195271497140287,259.3637294656597,260.58348278462245,0.12003534081046174,0.003855589224498998
MAIN,1.5,0.25,100,rate,HT,MIS-I-2000,DEF-0.5,0.8153096472012603,0.8150015657352814,0.8214692708895374,0.0,0.8501396708489924,0.8498184281444798,0.8565624336273812,0.0,0.8153096472012603,0.8214692708895374,0.861072415104431,0.8657119648682761,368.84329943259104,373.82010107544033,0.24548506582406676,0.0027111784489979958
MAIN,1.5,0.25,100,rate,HT,MIS-I-2000,DEF-0.75,0.7720763843248959,0.7718022357531051,0.7769552636171486,0.0,0.8050594832201472,0.8047736230228761,0.8101467882089521,0.0,0.7720763843248959,0.7769552636171486,0.8284795057724973,0.8321635686061057,638.2567416293067,661.1022515411418,0.3908382582797837,0.0015667676734969936
MAIN,1.5,0.25,100,rate,HT,MIS-I-2000,RA-EST,0.7594923958508825,0.759111399323535,0.7618575928959964,0.0,0.791937906827682,0.7915406341307799,0.7944041450775647,0.0,0.7594923958508825,0.7618575928959964,0.8189106079029466,0.8206529072959978,2367.667588664709,2855.7795614575175,0.599802069909797,0.0004223568979959914
MAIN,1.5,0.25,400,dollars,DIFF,COR-10000,DEF-0.0,0.9999499999999999,0.9999499999999999,0.9999500000000001,0.0,4.2720649566808735,4.27054199907145,4.276875344389551,1.0,0.4063210735761893,0.40692922815729565,1.0,1.0,50.0,50.0,0.0,0.02
MAIN,1.5,0.25,400,dollars,DIFF,COR-10000,DEF-0.25,0.40941630962802966,0.40942134128445606,0.41018855005862004,0.0,1.7491402326759187,1.749034230624972,1.752880794213021,1.0,0.1663627667794145,0.16674993546069997,0.4094989926014577,0.4102703893256019,66.651057036476,66.65218638797629,0.29679852336266876,0.015003512989339933
MAIN,1.5,0.25,400,dollars,DIFF,COR-10000,DEF-0.5,0.2942669767661625,0.29427034119844175,0.29477484032481704,0.0,1.2571900222295305,1.2572506455130594,1.2594556200297526,1.0,0.11957280213564214,0.11980453685648548,0.29435070011829295,0.29485303793648016,99.92978954292275,99.93486704020033,0.5591723203628005,0.010007025978679869
MAIN,1.5,0.25,400,dollars,DIFF,COR-10000,DEF-0.75,0.24185747481949071,0.24185894809566405,0.24223376168505453,0.0,1.0332819351633336,1.0333326275481645,1.0346299981578038,1.0,0.09827663988830164,0.09841469608051508,0.24193920296780955,0.2422825305319321,199.57932796909552,199.60971065529145,0.9201329287799155,0.005010538968019804
MAIN,1.5,0.25,400,dollars,DIFF,COR-10000,RA-EST,0.21932553526971318,0.21938693435208784,0.2194830520048876,0.0,0.9370191280202371,0.936959469382678,0.9372902685474289,0.0,0.08912097177273949,0.08918288604459206,0.21940446252466914,0.21952587885774677,71164.46878468047,76716.06218365414,2.608853212518595,1.4051957359738636e-05
MAIN,1.5,0.25,400,dollars,DIFF,COR-10000,SRSWOR,,,,0.0,4.272278570609405,4.270755536848292,4.277089198849494,1.0,0.4063413906457216,0.4069495756360774,0.9999303582911093,0.9999993635458995,,,,
MAIN,1.5,0.25,400,dollars,DIFF,COR-2000,DEF-0.0,0.9999499999999999,0.9999499999999999,0.9999500000000001,0.0,4.284297752502179,4.27596332768112,4.3062710619331,1.0,0.4084814378532943,0.4109603149856976,1.0,1.0,50.0,50.0,0.0,0.02
MAIN,1.5,0.25,400,dollars,DIFF,COR-2000,DEF-0.25,0.4091075675322976,0.40914787440571115,0.4109566962069528,0.0,1.7528104725799198,1.7519506498304034,1.7613057629914626,1.0,0.16711947651699716,0.16817523193798742,0.4093403373506705,0.4111425435995755,66.65107857796724,66.65429827287818,0.29692752851975646,0.0150035081402354
MAIN,1.5,0.25,400,dollars,DIFF,COR-2000,DEF-0.5,0.29390299583143276,0.2940067565442077,0.29535457336703375,0.0,1.2592108091643786,1.2589908671973513,1.2641870260232149,1.0,0.12005767164673137,0.12067205881371275,0.29415665037654887,0.2955000871329773,99.92988638896864,99.94436287231063,0.5595279564335733,0.0100070162804708
MAIN,1.5,0.25,400,dollars,DIFF,COR-2000,DEF-0.75,0.24149577202223735,0.2416242723326228,0.24261522144404063,0.0,1.0346694160686658,1.0343698436124535,1.0377536587210265,1.0,0.09864898382571755,0.09910320116485419,0.2417519898120341,0.24275380549631997,199.5799074179779,199.66654828160569,0.9205286496641915,0.005010524420706201
MAIN,1.5,0.25,400,dollars,DIFF,COR-2000,RA-EST,0.21905564572063585,0.21941204133837033,0.21985717550417588,0.0,0.9385225180335044,0.9381402188289487,0.9403910280952122,0.0,0.0894819607950179,0.08981198603348955,0.21930741823702465,0.21995252684761502,71262.83063740657,89818.49206943477,2.613635364071911,1.4032560941601286e-05
MAIN,1.5,0.25,400,dollars,DIFF,COR-2000,SRSWOR,,,,0.0,4.284511978101085,4.276177136537947,4.306486386252413,1.0,0.40850186294644175,0.4109808640288991,0.9996517880341881,0.9999953754253735,,,,
MAIN,1.5,0.25,400,dollars,DIFF,COR-500,DEF-0.0,0.9999499999999999,0.9999499999999999,0.9999500000000001,0.0,4.323473976180361,4.299254649853614,4.410411109105129,1.0,0.4164967234495874,0.42869501497147794,1.0,1.0,50.0,50.0,0.0,0.02
MAIN,1.5,0.25,400,dollars,DIFF,COR-500,DEF-0.25,0.40826445763180386,0.4087521312530342,0.41264660847146106,0.0,1.7650332585025643,1.7611892788636694,1.791353100529785,1.0,0.1700325887215071,0.17379697214620915,0.4089625319560929,0.41303594158444223,66.6518559808809,66.6580489877679,0.29707609334062063,0.01500333314479427
MAIN,1.5,0.25,400,dollars,DIFF,COR-500,DEF-0.5,0.2932599686495721,0.2934722420576617,0.29684971696745693,0.0,1.2677775481246192,1.2654272089441405,1.2852130895232794,1.0,0.12213132889751291,0.12456551998377369,0.29404119177045784,0.29720834221450787,99.93338151393061,99.96123047412023,0.5599604751535173,0.01000666628958854
MAIN,1.5,0.25,400,dollars,DIFF,COR-500,DEF-0.75,0.241209788871871,0.24137804041502917,0.24424625201770692,0.0,1.042725802629412,1.0397503772838843,1.0509930231461029,1.0,0.10045325084820785,0.10220698561191735,0.24200898015022124,0.24479508460842414,199.60082093772752,199.76756318297606,0.9223817015493819,0.0050099994343828095
MAIN,1.5,0.25,400,dollars,DIFF,COR-500,RA-EST,0.22096478674009032,0.21950397189467175,0.22307698979761448,0.0,0.9551842976248701,0.9430583305440836,0.9620603598209065,0.045,0.09203459451436985,0.09345902387894317,0.22175562336175392,0.2233227065016023,75004.24913377232,129000.82138107918,2.6574295001761667,1.333257917707932e-05
MAIN,1.5,0.25,400,dollars,DIFF,COR-500,SRSWOR,,,,0.0,4.323690160688396,4.299469623334781,4.410631640687164,1.0,0.4165175493270537,0.42871645079401766,0.9987969968315946,0.9999834132568224,,,,
MAIN,1.5,0.25,400,dollars,DIFF,KS-2000,DEF-0.0,0.9999499999999999,0.9999499999999999,0.9999500000000001,0.0,4.280621472654242,4.275089527214837,4.2993213157075845,1.0,0.4084915076925426,0.41149614851520594,1.0,1.0,50.0,50.0,0.0,0.02
MAIN,1.5,0.25,400,dollars,DIFF,KS-2000,DEF-0.25,0.4092215830773533,0.40926600901436583,0.41090581866728143,0.0,1.7518049129222475,1.7508804784236198,1.7632127662446646,1.0,0.16717127702747722,0.16832278924455943,0.4094174195539563,0.4110749590670727,66.65093251201188,66.65387052387409,0.2969083170132414,0.015003541020530083
MAIN,1.5,0.25,400,dollars,DIFF,KS-2000,DEF-0.5,0.29408329313880105,0.2941749809690034,0.29535283975275006,0.0,1.2589147080558951,1.258571157701359,1.2657100325375485,1.0,0.12013568819512827,0.1208897838589077,0.2942955217020678,0.29547342562105183,99.92922970970511,99.94243945402319,0.5593458715168684,0.01000708204106017
MAIN,1.5,0.25,400,dollars,DIFF,KS-2000,DEF-0.75,0.24171311845891086,0.24183685763614315,0.24258677131399672,0.0,1.0347252803057105,1.034607754662062,1.0388487378345312,1.0,0.09874172840919719,0.09927575886104768,0.24192725758074055,0.24276374872913928,199.57597842676168,199.65503385294912,0.9208661662782391,0.005010623061590253
MAIN,1.5,0.25,400,dollars,DIFF,KS-2000,RA-EST,0.2193161317438749,0.21946247673162717,0.22010352717139972,0.0,0.9388454888200893,0.9383170726491815,0.941020568037242,0.0,0.08959217087620139,0.09008976851280341,0.21952675644618375,0.22024251730054795,70601.815747517,86815.05834238695,2.612701210703784,1.4164082120337618e-05
MAIN,1.5,0.25,400,dollars,DIFF,KS-2000,SRSWOR,,,,0.0,4.280835514429963,4.275303292379455,4.299536292522211,1.0,0.4085119332892071,0.4115167243514236,0.9997207936723411,0.9999950022310272,,,,
MAIN,1.5,0.25,400,dollars,DIFF,MIS-G-10000,DEF-0.0,0.9999499999999999,0.9999499999999999,0.9999500000000001,0.0,4.185008881680218,4.183590530948209,4.191219950911317,1.0,0.4354924326320919,0.43623103736680746,1.0,1.0,50.0,50.0,0.0,0.02
MAIN,1.5,0.25,400,dollars,DIFF,MIS-G-10000,DEF-0.25,0.42217309936099284,0.4222058662689647,0.42292904808594345,0.0,1.7668853119383074,1.7666965983071727,1.769661572170619,1.0,0.18386221629296634,0.18416578879289006,0.42226177963353584,0.4229815068201762,66.64455071041299,66.64625964207637,0.292833616349139,0.015004977741469791
MAIN,1.5,0.25,400,dollars,DIFF,MIS-G-10000,DEF-0.5,0.3056759659831674,0.3056519015541177,0.30620813335993896,0.0,1.279319658037355,1.2791773607430723,1.281110702382599,1.0,0.1331260988524014,0.13332306173680117,0.30576691527563565,0.30628176562626425,99.9005441836738,99.90822457525142,0.5518866332521057,0.010009955482939582
MAIN,1.5,0.25,400,dollars,DIFF,MIS-G-10000,DEF-0.75,0.25230097167750914,0.25230939797910856,0.252665229979826,0.0,1.0559337991294795,1.0558894540534953,1.057169529001588,1.0,0.10988055138130429,0.11003318783743747,0.25239036336388865,0.2527347735620721,199.40444972084236,199.45035632726965,0.9061327294512348,0.0050149332244093705
MAIN,1.5,0.25,400,dollars,DIFF,MIS-G-10000,RA-EST,0.22913104605932422,0.22921134557258216,0.2293029706382221,0.0,0.9589625184112822,0.9589279978009634,0.9592350297610066,0.0,0.09978971247649616,0.09984327406858673,0.22921768869290102,0.22934877568652104,50223.581297726334,54430.82275297834,2.445590517050399,1.991096587916052e-05
MAIN,1.5,0.25,400,dollars,DIFF,MIS-G-10000,SRSWOR,,,,0.0,4.185218142587347,4.183799720934253,4.191429522387437,1.0,0.43551420834250915,0.4362528500093079,0.9999179764851774,1.000002453435341,,,,
MAIN,1.5,0.25,400,dollars,DIFF,MIS-G-2000,DEF-0.0,0.9999499999999999,0.9999499999999999,0.9999500000000001,0.0,4.193653361613862,4.1868169302946985,4.215154550436472,1.0,0.436777843929311,0.43948183775541166,1.0,1.0,50.0,50.0,0.0,0.02
MAIN,1.5,0.25,400,dollars,DIFF,MIS-G-2000,DEF-0.25,0.42184785060059016,0.4220449004047657,0.4232824451355608,0.0,1.7691611744375408,1.76807857805148,1.7774316879665486,1.0,0.1842615635173862,0.18513500334371877,0.4220551553464755,0.42348626383429466,66.64464476215392,66.64817151139472,0.29266168307861173,0.015004956565811196
MAIN,1.5,0.25,400,dollars,DIFF,MIS-G-2000,DEF-0.5,0.30531194712861864,0.3053970538438465,0.3063176825085236,0.0,1.2804252248481347,1.2803253867808173,1.2853212087169497,1.0,0.13335869807441528,0.13395344051414876,0.3055384373788843,0.30647185955526207,99.90096685666697,99.91681795522823,0.5516905888516683,0.010009913131622392
MAIN,1.5,0.25,400,dollars,DIFF,MIS-G-2000,DEF-0.75,0.25192447629393144,0.25205982790425085,0.2527726414025501,0.0,1.056525193818949,1.0566005600710895,1.0597136444410444,1.0,0.1100390438849572,0.11048104253636809,0.25215393776861644,0.2528611491230456,199.40697572155563,199.5017366627591,0.9057902918466412,0.005014869697433588
MAIN,1.5,0.25,400,dollars,DIFF,MIS-G-2000,RA-EST,0.22875474584193142,0.22909074273091934,0.22936279278875613,0.0,0.9593526594033299,0.9591790892447322,0.9602670752917832,0.0,0.0999182930618661,0.1001340578607865,0.22898091734763804,0.22949104581721816,50438.16467149029,60059.13498236929,2.44712403042879,1.9826263244784454e-05
MAIN,1.5,0.25,400,dollars,DIFF,MIS-G-2000,SRSWOR,,,,0.0,4.1938630547666005,4.187026281608778,4.215365318702407,1.0,0.4367996839135067,0.439503812946059,0.9996940235595754,0.9999979559041539,,,,
MAIN,1.5,0.25,400,dollars,DIFF,MIS-I-2000,DEF-0.0,0.9999499999999999,0.9999499999999999,0.9999500000000001,0.0,4.295555353057075,4.288513532214079,4.315360307710132,1.0,0.4141342580251017,0.4170764603403472,1.0,1.0,50.0,50.0,0.0,0.02
MAIN,1.5,0.25,400,dollars,DIFF,MIS-I-2000,DEF-0.25,0.411240968165335,0.41123932583235295,0.41321061039410684,0.0,1.7665703293806636,1.7658623951657497,1.7737490264767044,1.0,0.17031454301520324,0.17167263560582877,0.41146666318095965,0.41341318606854804,66.65221499147638,66.65476847518461,0.2949901905427746,0.015003252331946361
MAIN,1.5,0.25,400,dollars,DIFF,MIS-I-2000,DEF-0.5,0.2955955622472917,0.29559383818799284,0.29714783749674484,0.0,1.2697864569487196,1.2694233349192188,1.2749131384972126,1.0,0.12241952530184953,0.1232749814808318,0.2958416146731712,0.2972077194020206,99.93499564445352,99.94647724315497,0.556402281138644,0.010006504663892725
MAIN,1.5,0.25,400,dollars,DIFF,MIS-I-2000,DEF-0.75,0.24288170850357865,0.24289413243949737,0.24420556737057256,0.0,1.0433414631157323,1.0431147697717487,1.0468014737004023,1.0,0.10058792021705376,0.1011346477632954,0.24313043217962982,0.24434218203882102,199.61048027906716,199.6792068554648,0.915681869769058,0.005009756995839088
MAIN,1.5,0.25,400,dollars,DIFF,MIS-I-2000,RA-EST,0.22015929305202142,0.22029421201061755,0.2210818295162921,0.0,0.9457310729045675,0.9453805578093133,0.9478966414625144,0.0,0.09117725711174504,0.09157965504784452,0.22040392660579375,0.22126372848323414,76868.34516968415,93368.71865041392,2.6073864535769045,1.3009327785450594e-05
MAIN,1.5,0.25,400,dollars,DIFF,MIS-I-2000,SRSWOR,,,,0.0,4.295770141564153,4.28872796861251,4.315576086514456,1.0,0.4141549657733904,0.4170973152061075,0.9996643779419379,0.9999939319422367,,,,
MAIN,1.5,0.25,400,dollars,EXP,COR-2000,ST-NEY-EST,,,,0.0,1.2301818807821614,1.2179370694882448,1.2531314136781742,1.0,0.16005059173103786,0.16303639925863886,0.3916846914660082,0.3993632756962347,,,,
MAIN,1.5,0.25,400,dollars,HT,COR-10000,DEF-0.0,0.99995,0.99995,0.99995,0.0,7.685822079029346,7.685822079029346,7.685822079029346,1.0,0.99995,0.99995,1.0,1.0,50.0,50.0,0.0,0.02
MAIN,1.5,0.25,400,dollars,HT,COR-10000,DEF-0.25,0.28332885224564247,0.28333476252765816,0.2843884175555886,0.0,2.177724034417323,2.177769462064715,2.185868072072563,1.0,0.28332885224564247,0.2843884175555886,0.33548974276889454,0.3364890950260797,66.65577860579546,66.65666362421159,0.3200175720635665,0.015002450213867244
MAIN,1.5,0.25,400,dollars,HT,COR-10000,DEF-0.5,0.17292251341289092,0.17291838315130473,0.1736342203463155,0.0,1.3291181274564179,1.3290863814134246,1.3345884538354502,1.0,0.17292251341289092,0.1736342203463155,0.23073041427720306,0.23142128352594438,99.95101972508837,99.95499981311838,0.5973892544876398,0.01000490042773449
MAIN,1.5,0.25,400,dollars,HT,COR-10000,DEF-0.75,0.1252604336191488,0.12526639865695796,0.12569416562491836,0.0,0.9627775452161041,0.9628233937278259,0.9661112989301156,0.0,0.1252604336191488,0.12569416562491836,0.18465513517025842,0.18507959821899694,199.70640595691117,199.73024166227276,0.9867941459992045,0.005007350641601734
MAIN,1.5,0.25,400,dollars,HT,COR-10000,RA-EST,0.10493885887057372,0.10492742717470716,0.10501450431284727,0.0,0.8065817275419771,0.8064938611681665,0.8071631540237052,0.0,0.10493885887057372,0.10501450431284727,0.16462512178717736,0.16467516319399017,102031.92461719867,111060.67276295846,3.0969023877014994,9.800855468979134e-06
MAIN,1.5,0.25,400,dollars,HT,COR-2000,DEF-0.0,0.99995,0.99995,0.99995,0.0,7.685822079029346,7.685822079029346,7.685822079029346,1.0,0.99995,0.99995,1.0,1.0,50.0,50.0,0.0,0.02
MAIN,1.5,0.25,400,dollars,HT,COR-2000,DEF-0.25,0.2833654089990229,0.2835074259248962,0.28595469064011586,0.0,2.1780050171687297,2.179096588571773,2.197906770262322,1.0,0.2833654089990229,0.28595469064011586,0.33552378611361944,0.33797055712761515,66.65586580740185,66.65820327557043,0.32010883133986223,0.015002430587121194
MAIN,1.5,0.25,400,dollars,HT,COR-2000,DEF-0.5,0.17298445551522545,0.17303924131883489,0.17470015832692798,0.0,1.3295942272391514,1.3300153222328999,1.342781473152683,1.0,0.17298445551522545,0.17470015832692798,0.23078949583042477,0.23242338911543292,99.95141187711945,99.96192440754926,0.5975091061162703,0.010004861174242392
MAIN,1.5,0.25,400,dollars,HT,COR-2000,DEF-0.75,0.12535975523921455,0.12538557850599036,0.12640876460496328,0.0,0.9635409516868543,0.9637394346449404,0.9716038541763589,0.0,0.12535975523921455,0.12640876460496328,0.1847516456913252,0.18579830401176733,199.70875428449153,199.77172028342545,0.9869615759245498,0.0050072917613635855
MAIN,1.5,0.25,400,dollars,HT,COR-2000,RA-EST,0.10517464648061133,0.10513377933397616,0.10543983799081283,0.0,0.8083940397767775,0.8080799264531958,0.8104323564568893,0.0,0.10517464648061133,0.10543983799081283,0.1648520164861269,0.16510302233388996,102855.85164437964,131268.03975878507,3.103229445387184,9.722348484779944e-06
MAIN,1.5,0.25,400,dollars,HT,COR-500,DEF-0.0,0.99995,0.99995,0.99995,0.0,7.685822079029346,7.685822079029346,7.685822079029346,1.0,0.99995,0.99995,1.0,1.0,50.0,50.0,0.0,0.02
MAIN,1.5,0.25,400,dollars,HT,COR-500,DEF-0.25,0.28432983824819147,0.28420082099805694,0.28953328874470363,0.0,2.185417819425764,2.184426166213443,2.2254126138787163,1.0,0.28432983824819147,0.28953328874470363,0.3364174177398255,0.3412998716218585,66.65639268951399,66.66041790878481,0.32057058971573593,0.015002312001161281
MAIN,1.5,0.25,400,dollars,HT,COR-500,DEF-0.5,0.17397708482418764,0.17383124248075382,0.17758238539853238,0.0,1.3372237809759517,1.3361028066240128,1.3649348652860032,1.0,0.17397708482418764,0.17758238539853238,0.23171493000395324,0.2351201127380569,99.95378134830298,99.97188586069454,0.5984081004617985,0.010004624002322564
MAIN,1.5,0.25,400,dollars,HT,COR-500,DEF-0.75,0.1264522422616976,0.126118772219645,0.12876945709278176,0.0,0.9719380324193443,0.9693749128514629,0.9897486238595172,0.04,0.1264522422616976,0.12876945709278176,0.18577639864461484,0.1879859809549418,199.72294419289466,199.83140997398485,0.9889250926221013,0.005006936003483847
MAIN,1.5,0.25,400,dollars,HT,COR-500,RA-EST,0.10717362637043465,0.10601834091210036,0.10791799224085917,0.0,0.8237586117781173,0.8148788493067465,0.8294799614873873,0.01,0.10717362637043465,0.10791799224085917,0.16672169719389643,0.16733076628201698,108131.50115823449,177824.70098714382,3.151890891915375,9.248004645128744e-06
MAIN,1.5,0.25,400,dollars,HT,KS-2000,DEF-0.0,0.99995,0.99995,0.99995,0.0,7.685822079029346,7.685822079029346,7.685822079029346,1.0,0.99995,0.99995,1.0,1.0,50.0,50.0,0.0,0.02
MAIN,1.5,0.25,400,dollars,HT,KS-2000,DEF-0.25,0.2835490490268864,0.2835152231837328,0.28623055486312865,0.0,2.179416512324234,2.1791565199124614,2.2000271196158354,1.0,0.2835490490268864,0.28623055486312865,0.3356952514624226,0.3382192382870338,66.65568447151419,66.65789780538627,0.320170096749397,0.015002471401030643
MAIN,1.5,0.25,400,dollars,HT,KS-2000,DEF-0.5,0.17313366616911677,0.17312792429453946,0.17496223303632208,0.0,1.3307410911204496,1.3306969578873868,1.3447958334585148,1.0,0.17313366616911677,0.17496223303632208,0.23093014598080816,0.23268878404932025,99.95059639862194,99.96055050212844,0.5975472877389264,0.010004942802061288
MAIN,1.5,0.25,400,dollars,HT,KS-2000,DEF-0.75,0.12548291676548573,0.12544902888371,0.12662343905213097,0.0,0.9644875965970017,0.9642271273435756,0.973253886283809,0.0,0.12548291676548573,0.12662343905213097,0.18486801177690967,0.18594463185350008,199.70387098867434,199.76348961843308,0.9871060300211536,0.00500741420309193
MAIN,1.5,0.25,400,dollars,HT,KS-2000,RA-EST,0.10525826166094714,0.10518388780216657,0.10561932102187692,0.0,0.8090367233101212,0.8084650704815615,0.8118119000770339,0.0,0.10525826166094714,0.10561932102187692,0.16493034692456884,0.16524374703911493,101157.24859827993,126695.24741921607,3.10016683569319,9.88560412257349e-06
MAIN,1.5,0.25,400,dollars,HT,MIS-G-10000,DEF-0.0,0.99995,0.99995,0.99995,0.0,7.685822079029346,7.685822079029346,7.685822079029346,1.0,0.99995,0.99995,1.0,1.0,50.0,50.0,0.0,0.02
MAIN,1.5,0.25,400,dollars,HT,MIS-G-10000,DEF-0.25,0.290903119511748,0.29085248814172304,0.29221629630420376,0.0,2.2359414158726993,2.2355522527129112,2.246034763725217,1.0,0.290903119511748,0.29221629630420376,0.34262623974545087,0.3438585901449258,66.65054034651922,66.65196830436008,0.31565606229939086,0.015003629299941968
MAIN,1.5,0.25,400,dollars,HT,MIS-G-10000,DEF-0.5,0.17950029403485449,0.1794666946313312,0.18038256776604114,0.0,1.3796763069006894,1.37941805495065,1.3864576448904906,1.0,0.17950029403485449,0.18038256776604114,0.23706697531490373,0.23790669913714121,99.9274666502171,99.93388652241796,0.5888057953845265,0.01000725859988394
MAIN,1.5,0.25,400,dollars,HT,MIS-G-10000,DEF-0.75,0.1312033648919245,0.1311971094061508,0.1317430940621375,0.0,1.0084561415363738,1.0084080605816514,1.012604611332983,1.0,0.1312033648919245,0.1317430940621375,0.19049446993593924,0.19101916580582845,199.56543031719946,199.60384296093795,0.9690096806435455,0.0050108878998259086
MAIN,1.5,0.25,400,dollars,HT,MIS-G-10000,RA-EST,0.11045480579854398,0.11044591978721471,0.11050418393200727,0.0,0.8489784340630512,0.8489101343459964,0.8493579645879709,0.0,0.11045480579854398,0.11050418393200727,0.17012864243145256,0.1701665771580737,68883.80797412852,75577.55073007842,2.8408264064821527,1.4517199767877692e-05
MAIN,1.5,0.25,400,dollars,HT,MIS-G-2000,DEF-0.0,0.99995,0.99995,0.99995,0.0,7.685822079029346,7.685822079029346,7.685822079029346,1.0,0.99995,0.99995,1.0,1.0,50.0,50.0,0.0,0.02
MAIN,1.5,0.25,400,dollars,HT,MIS-G-2000,DEF-0.25,0.2909197581987906,0.2909126398448195,0.2933607741800984,0.0,2.2360693042553565,2.2360145911175824,2.2548314568873873,1.0,0.2909197581987906,0.2933607741800984,0.3426412482999479,0.34493569874816576,66.65057137781133,66.65349240635862,0.3156607024623176,0.015003622314528614
MAIN,1.5,0.25,400,dollars,HT,MIS-G-2000,DEF-0.5,0.17952302771321424,0.17951195578527634,0.18108674817142442,0.0,1.3798510426445514,1.3797659415212926,1.3918701208216018,1.0,0.17952302771321424,0.18108674817142442,0.23708781597398498,0.23858909324789115,99.92760615627293,99.94073925018078,0.5889515787098482,0.010007244629057228
MAIN,1.5,0.25,400,dollars,HT,MIS-G-2000,DEF-0.75,0.13123715622061938,0.13125543542843415,0.13220847951558592,0.0,1.008715868662893,1.0088563664267913,1.0161816599787883,0.91,0.13123715622061938,0.13220847951558592,0.19052626553053592,0.19144227750945766,199.56626493488804,199.64485642384582,0.9692744171832223,0.005010866943585844
MAIN,1.5,0.25,400,dollars,HT,MIS-G-2000,RA-EST,0.11053605777538278,0.1105021267548284,0.11067842355890732,0.0,0.8496029535265768,0.8493421526995946,0.8506972063215277,0.0,0.11053605777538278,0.11067842355890732,0.17020560953443273,0.17035261257910733,69016.89743600492,84323.1335623775,2.8447694627034,1.4489258114458118e-05
MAIN,1.5,0.25,400,dollars,HT,MIS-I-2000,DEF-0.0,0.99995,0.99995,0.99995,0.0,7.685822079029346,7.685822079029346,7.685822079029346,1.0,0.99995,0.99995,1.0,1.0,50.0,50.0,0.0,0.02
MAIN,1.5,0.25,400,dollars,HT,MIS-I-2000,DEF-0.25,0.28441138401263,0.2844016483719527,0.28723447575024735,0.0,2.1860445970014157,2.1859697668578373,2.207743462752808,1.0,0.28441138401263,0.28723447575024735,0.336487845099792,0.33912858809874813,66.65650016436086,66.65851727954585,0.31992092112392745,0.015002287811904536
MAIN,1.5,0.25,400,dollars,HT,MIS-I-2000,DEF-0.5,0.17397402704033751,0.17399763408593236,0.17580079860411926,0.0,1.3372002782181855,1.33738172684287,1.3512412214836054,1.0,0.17397402704033751,0.17580079860411926,0.23170100556593762,0.23344493033300578,99.95426468867048,99.96333672145639,0.5972115958384214,0.010004575623809076
MAIN,1.5,0.25,400,dollars,HT,MIS-I-2000,DEF-0.75,0.12631849939754172,0.12627713333261342,0.12749901147782228,0.0,0.9709100571623394,0.9705921090497854,0.9799837166564954,0.005,0.12631849939754172,0.12749901147782228,0.18563381182939553,0.1867252939542419,199.72583890891923,199.78018151411246,0.9868943938686554,0.005006863435713611
MAIN,1.5,0.25,400,dollars,HT,MIS-I-2000,RA-EST,0.10622047501664193,0.10612158258469381,0.10668393013293863,0.0,0.8164324937525792,0.8156723861102815,0.8199947054286353,0.0,0.10622047501664193,0.10668393013293863,0.1658130976877542,0.16617951686586407,109274.73482001862,136326.27744759858,3.105011545165756,9.15124761814765e-06
MAIN,1.5,0.25,400,rate,DIFF,COR-10000,DEF-0.0,0.9999499999999999,0.9999499999999999,0.9999500000000001,0.0,1.0001122435899203,1.0000691618270166,1.000279995765955,1.0,0.7295248525040519,0.7298909208026082,1.0,1.0,50.0,50.0,0.0,0.02
MAIN,1.5,0.25,400,rate,DIFF,COR-10000,DEF-0.25,0.9590238078994204,0.959005270789568,0.9601221591230567,0.0,0.9591794083943036,0.9591760105865363,0.9602956435534666,0.0,0.6996666893685607,0.7006067117934565,0.9590774607366526,0.9601783672934621,65.74953998932872,66.00479943327889,0.08494015048853024,0.015209231890356813
MAIN,1.5,0.25,400,rate,DIFF,COR-10000,DEF-0.5,0.9284148164637025,0.9283929797426382,0.9299752145843947,0.0,0.9285654496853808,0.9285431753231581,0.9301361621806585,0.0,0.6773355577609812,0.6785435777746743,0.9284711809433165,0.9300361592849735,95.98344096635671,97.07958527493766,0.1776690350276018,0.010418463780713628
MAIN,1.5,0.25,400,rate,DIFF,COR-10000,DEF-0.75,0.9079299408645319,0.9078700819319132,0.9092789988808668,0.0,0.9080772516634752,0.9080450717314245,0.909416375025172,0.0,0.6623905932014683,0.6634704022050805,0.9079880931079056,0.9093309831610312,177.6926265310629,183.44449101465582,0.2865826386326486,0.005627695671070441
MAIN,1.5,0.25,400,rate,DIFF,COR-10000,RA-EST,0.8997826765941415,0.899713762114184,0.9000715640830841,0.0,0.8999286706298842,0.8998725731899957,0.9002959064456376,0.0,0.6564466876910546,0.6568413849969001,0.8998414797569861,0.9001344629216068,1194.848950499189,1662.0862027771364,0.44177911747764,0.0008369275614272545
MAIN,1.5,0.25,400,rate,DIFF,COR-10000,SRSWOR,,,,0.0,1.0001622517025055,1.0001191677854058,1.0003300122665681,1.0,0.7295613305705806,0.729927417173467,0.9999044759811854,0.9999981403824528,,,,
MAIN,1.5,0.25,400,rate,DIFF,COR-2000,DEF-0.0,0.9999499999999999,0.9999499999999999,0.9999500000000001,0.0,1.0005163462186002,1.0002367205876301,1.0014139957214199,1.0,0.731228216458492,0.7328338553990678,1.0,1.0,50.0,50.0,0.0,0.02
MAIN,1.5,0.25,400,rate,DIFF,COR-2000,DEF-0.25,0.9589292935117557,0.9588987332258576,0.9616168495248205,0.0,0.9594723001073601,0.9594506020902556,0.9621499275721361,0.0,0.7012313488568406,0.7040871036013988,0.958997456183975,0.9616801658383941,65.87255777398457,66.25039144511447,0.0856297693345135,0.015180828485544248
MAIN,1.5,0.25,400,rate,DIFF,COR-2000,DEF-0.5,0.9284462527359709,0.9284175419840276,0.9321425278547483,0.0,0.9289719870270745,0.9288382042555243,0.9326231810130067,0.0,0.678940350868088,0.6823846796010025,0.9285278657361643,0.9322563217565731,96.50966205694556,98.14986645580518,0.17903844358415846,0.0103616569710885
MAIN,1.5,0.25,400,rate,DIFF,COR-2000,DEF-0.75,0.9083672376669878,0.9081716782478265,0.9115069939068406,0.0,0.9088817060056814,0.9086494128878705,0.9120411470929435,0.0,0.6642575432075631,0.6674350460868621,0.9084576572657993,0.9115901422788878,180.42448773969102,189.29530134365842,0.2898629589548406,0.005542485456632749
MAIN,1.5,0.25,400,rate,DIFF,COR-2000,RA-EST,0.901293334277699,0.9009387034404377,0.902992356703448,0.0,0.9018041201607222,0.9014303292909693,0.9039392506119187,0.0,0.6590852188810444,0.6614713482521244,0.9013867569468365,0.9030596319267882,1382.5398750731365,2652.5088067202914,0.4512553405409462,0.0007233139421769985
MAIN,1.5,0.25,400,rate,DIFF,COR-2000,SRSWOR,,,,0.0,1.000566374537327,1.0002867349243767,1.0014640689248662,1.0,0.7312647796974769,0.7328704989240141,0.9995342424395852,0.999994749145469,,,,
MAIN,1.5,0.25,400,rate,DIFF,COR-500,DEF-0.0,0.9999499999999999,0.9999499999999999,0.9999500000000001,0.0,1.0017439734175713,1.0008812289751885,1.0044638101181533,1.0,0.7385949556153486,0.7459700986356618,1.0,1.0,50.0,50.0,0.0,0.02
MAIN,1.5,0.25,400,rate,DIFF,COR-500,DEF-0.25,0.9592417332491874,0.9593187240051639,0.9642017369561154,0.0,0.9609628338601504,0.9608368599643026,0.9669933809518504,0.0,0.7085305516779955,0.7170106982659568,0.9593645151510105,0.9643004720398365,65.99736157758846,66.54484355367696,0.0872317933084193,0.01515212106574008
MAIN,1.5,0.25,400,rate,DIFF,COR-500,DEF-0.5,0.9298653278264222,0.9296420141348309,0.9373464051568188,0.0,0.9315336897652413,0.9311782208070157,0.940018039012315,0.0,0.6868394462843023,0.6965858991830031,0.9300403747579984,0.9374568233920696,97.0474195571209,99.45379429310212,0.1827595867719429,0.01030424213148016
MAIN,1.5,0.25,400,rate,DIFF,COR-500,DEF-0.75,0.9122097937397986,0.9104793099872268,0.9191825088475325,0.0,0.9138458511584251,0.9123316240521737,0.9217770501461902,0.0,0.6738131260059661,0.6854169519630476,0.912416024763913,0.9193226890314593,183.27241815291768,196.75821591766635,0.2979963864078864,0.005456363197220241
MAIN,1.5,0.25,400,rate,DIFF,COR-500,RA-EST,0.9182192503595394,0.9054460651509749,0.9264763017959018,0.02,0.9198539205473933,0.9072632474513269,0.9267398510202276,0.02,0.6783693767453238,0.6888614276929468,0.9184172383484942,0.9265588348511651,1643.634045956521,9114.510125718962,0.4782110541264709,0.0006084842629603205
MAIN,1.5,0.25,400,rate,DIFF,COR-500,SRSWOR,,,,0.0,1.0017940631207274,1.0009312755389657,1.0045140358199445,1.0,0.7386318872097091,0.7460073990056122,0.9981428529505013,0.999946401789586,,,,
MAIN,1.5,0.25,400,rate,DIFF,KS-2000,DEF-0.0,0.9999499999999999,0.9999499999999999,0.9999500000000001,0.0,1.0004347000862281,1.0001979489881028,1.0012393829802129,1.0,0.731873020291304,0.7340475977463108,1.0,1.0,50.0,50.0,0.0,0.02
MAIN,1.5,0.25,400,rate,DIFF,KS-2000,DEF-0.25,0.959091163752703,0.9590802968720018,0.961864629061048,0.0,0.9595560596334844,0.95947945044014,0.9626095125314237,0.0,0.7019680945482192,0.7049690837204219,0.9591605031429767,0.9619156264363743,65.83309268409228,66.2314416024262,0.08514211484488561,0.015189928943589854
MAIN,1.5,0.25,400,rate,DIFF,KS-2000,DEF-0.5,0.9287311372977198,0.9286148451624,0.9326028679629135,0.0,0.9291813425097601,0.9291503818716751,0.9335418002948362,0.0,0.679747549095407,0.683413179004449,0.9288148026594637,0.9326545260089136,96.34043268595494,98.06672948695498,0.17799659818917574,0.010379857887179711
MAIN,1.5,0.25,400,rate,DIFF,KS-2000,DEF-0.75,0.908741860267518,0.9086070477157477,0.9120565869720776,0.0,0.9091824290519043,0.9089422459852765,0.9128958931740089,0.0,0.6651177142386315,0.6684532176553271,0.9088348925507475,0.9121164412581416,179.54008491305675,188.8321857337662,0.2868384735522606,0.005569786830769566
MAIN,1.5,0.25,400,rate,DIFF,KS-2000,RA-EST,0.9017590552611197,0.9011754010350026,0.9043079379772441,0.0,0.902196325264938,0.9016028080505443,0.9046943068435734,0.0,0.6600080996283576,0.6639970138814152,0.9018551721891319,0.9043943558932861,1316.281806606315,2536.2952510407167,0.4430898279892137,0.0007597157743594208
MAIN,1.5,0.25,400,rate,DIFF,KS-2000,SRSWOR,,,,0.0,1.0004847243224444,1.0002479613861721,1.001289447452586,1.0,0.7319096157720925,0.7340843019614091,0.9995035649809413,0.9999957445886427,,,,
MAIN,1.5,0.25,400,rate,DIFF,MIS-G-10000,DEF-0.0,0.9999499999999999,0.9999499999999999,0.9999500000000001,0.0,1.0000894984443267,1.000024477822802,1.0002960701841883,0.58,0.8129387115935064,0.8132603744973648,1.0,1.0,50.0,50.0,0.0,0.02
MAIN,1.5,0.25,400,rate,DIFF,MIS-G-10000,DEF-0.25,0.9691593324149376,0.9691631008079832,0.9701714253539272,0.0,0.9692945472114998,0.9692771202237584,0.9703558099543939,0.0,0.7879064606735607,0.7886831668654073,0.9692117513729535,0.9702235018805996,63.92539855618278,64.1427922728788,0.07109761131735937,0.015643234498618652
MAIN,1.5,0.25,400,rate,DIFF,MIS-G-10000,DEF-0.5,0.9452914280942312,0.9452821879608467,0.9467707088680267,0.0,0.9454233193232381,0.9453834801968632,0.946968599952718,0.0,0.7685023132837421,0.7696777879300613,0.9453457024636635,0.9468214556277471,88.60166988372248,89.44197900102266,0.14813357301585095,0.011286468997237304
MAIN,1.5,0.25,400,rate,DIFF,MIS-G-10000,DEF-0.75,0.9284496643649581,0.9284322575318258,0.929868225758645,0.0,0.9285792055578033,0.9285411272802817,0.9300405947224155,0.0,0.7548103154044392,0.7559437654331956,0.9285052219046759,0.9299211211532784,144.30631874319033,147.69633919127884,0.23636527912150074,0.006929703495855957
MAIN,1.5,0.25,400,rate,DIFF,MIS-G-10000,RA-EST,0.9199513416021026,0.9198868479085069,0.9204884623234879,0.0,0.920079686122122,0.9200331327550126,0.9206595392755339,0.0,0.7479014243943611,0.7483319760922995,0.9200074975441386,0.9205436055310664,388.6607532279131,423.5737132310467,0.34865663265610347,0.0025729379944746085
MAIN,1.5,0.25,400,rate,DIFF,MIS-G-10000,SRSWOR,,,,0.0,1.0001395054195976,1.0000744815468794,1.000346087488563,1.0,0.8129793605615346,0.813301039549342,0.9999150378777951,1.0000039427045124,,,,
MAIN,1.5,0.25,400,rate,DIFF,MIS-G-2000,DEF-0.0,0.9999499999999999,0.9999499999999999,0.9999500000000001,0.0,1.0004027815734688,1.0001550597650464,1.0010422897252134,0.805,0.8136217857099934,0.8147935613937396,1.0,1.0,50.0,50.0,0.0,0.02
MAIN,1.5,0.25,400,rate,DIFF,MIS-G-2000,DEF-0.25,0.969100504520342,0.9691808794848606,0.9709373027342363,0.0,0.9695395713032507,0.9695139612100194,0.9715953442864487,0.0,0.7885205042741456,0.790459403288382,0.9691633851369449,0.9709880524264869,63.90054814253221,64.40502991648182,0.0712087608349368,0.015649318030280485
MAIN,1.5,0.25,400,rate,DIFF,MIS-G-2000,DEF-0.5,0.9452538613031879,0.9453438320500849,0.948001969750359,0.0,0.945682275828553,0.945626043368094,0.9485899464901747,0.0,0.769117334709181,0.7717847641616487,0.9453266340050226,0.9480725461254083,88.50625828739638,90.46928507840974,0.14836296543097555,0.011298636060560972
MAIN,1.5,0.25,400,rate,DIFF,MIS-G-2000,DEF-0.75,0.9285252067911238,0.9285078617219664,0.9311484684226758,0.0,0.9289460799156651,0.9288396561099956,0.9317647554856575,0.0,0.7555059786787761,0.758043858968272,0.9286048394115134,0.9312443937163379,143.92726199392627,151.97076870448106,0.23693468174296967,0.006947954090841459
MAIN,1.5,0.25,400,rate,DIFF,MIS-G-2000,RA-EST,0.9203032793705225,0.9200848267268429,0.9214983105944153,0.0,0.9207203113826704,0.9203305759067457,0.9223209751788328,0.0,0.7488165151894607,0.7503421325414596,0.9203861390069058,0.9215567357162158,385.01938369886585,474.6196161885628,0.35020287102075864,0.0025972721211219444
MAIN,1.5,0.25,400,rate,DIFF,MIS-G-2000,SRSWOR,,,,0.0,1.0004528042136795,1.0002050700185472,1.0010923443424302,1.0,0.8136624688334351,0.814834303108895,0.9995606525285763,1.0000014696786583,,,,
MAIN,1.5,0.25,400,rate,DIFF,MIS-I-2000,DEF-0.0,0.9999499999999999,0.9999499999999999,0.9999500000000001,0.0,1.000556495958869,1.000259713702817,1.0013355867956253,1.0,0.7401422293544361,0.7424284511059225,1.0,1.0,50.0,50.0,0.0,0.02
MAIN,1.5,0.25,400,rate,DIFF,MIS-I-2000,DEF-0.25,0.9602982218589382,0.9602569760697582,0.9625453919434349,0.0,0.9608807218904022,0.9608429062545077,0.9634411857955063,0.0,0.7107933377471781,0.7140232874056125,0.9603662393301657,0.962603578959231,64.36479944714598,64.72511220299461,0.08585005427923678,0.015536442449195678
MAIN,1.5,0.25,400,rate,DIFF,MIS-I-2000,DEF-0.5,0.9312058968182798,0.9310809219269028,0.9344433719166862,0.0,0.9317708290599162,0.9315410605555134,0.9349690309065302,0.0,0.6892600065414985,0.6926642388252531,0.9312870419947262,0.934503776541314,90.31070292857108,91.74389556370113,0.17972525490073818,0.011072884898391356
MAIN,1.5,0.25,400,rate,DIFF,MIS-I-2000,DEF-0.75,0.9128133703053902,0.912553476305961,0.9153810367409646,0.0,0.9133672572659323,0.9130683987765316,0.9161202501863269,0.0,0.6756461254068797,0.6787386264966007,0.9129026783255972,0.9154517558684608,151.30134505447967,157.48374967636266,0.2902996182871972,0.006609327347587033
MAIN,1.5,0.25,400,rate,DIFF,MIS-I-2000,RA-EST,0.9081941811269416,0.9079203768361541,0.909765329629122,0.0,0.9087454443528824,0.9083986254016283,0.9108169002693258,0.0,0.6722265323450515,0.67453335662361,0.9082851790022624,0.9098873035582281,466.03414072063276,555.6129207630908,0.44257524724410113,0.0021457697967827106
MAIN,1.5,0.25,400,rate,DIFF,MIS-I-2000,SRSWOR,,,,0.0,1.0006065262851835,1.0003097291892766,1.0013856560784293,1.0,0.740179238316352,0.7424655743846418,0.9995255063734217,0.9999836127599026,,,,
MAIN,1.5,0.25,400,rate,EXP,COR-2000,ST-NEY-EST,,,,0.0,0.9901388642026966,0.9900566427535451,0.9904462176828447,0.0,0.9458530656752906,0.9461466722005512,1.2928502701271418,1.2955827799563189,,,,
MAIN,1.5,0.25,400,rate,HT,COR-10000,DEF-0.0,0.9999499999999997,0.9999499999999997,0.9999499999999997,0.0,1.0467686717837226,1.0467686717837226,1.0467686717837226,1.0,0.9999499999999997,0.9999499999999997,1.0,1.0,50.0,50.0,0.0,0.02
MAIN,1.5,0.25,400,rate,HT,COR-10000,DEF-0.25,0.8856435171186096,0.8856387397498715,0.8879298571611649,0.0,0.9271102436002918,0.927105242550311,0.9295036323993235,0.0,0.8856435171186096,0.8879298571611649,0.9132697168675878,0.9150079307940316,65.94697937442226,66.14769727654387,0.1184028019854603,0.015163696799930158
MAIN,1.5,0.25,400,rate,HT,COR-10000,DEF-0.5,0.8115768550912302,0.8114920915577037,0.8144899957022452,0.0,0.8495757054395301,0.8494869731915126,0.8526252422444817,0.0,0.8115768550912302,0.8144899957022452,0.8568676302390152,0.8590898752181464,96.82985268605324,97.70043992349106,0.24066557424363222,0.010327393599860317
MAIN,1.5,0.25,400,rate,HT,COR-10000,DEF-0.75,0.7665054694498398,0.7664562346869587,0.7688795293590405,0.0,0.8023940318725615,0.8023424918882156,0.8048792476712404,0.0,0.7665054694498398,0.7688795293590405,0.8223591025384649,0.8241862595465047,182.11319326371887,186.80929801348344,0.3809749424560911,0.005491090399790475
MAIN,1.5,0.25,400,rate,HT,COR-10000,RA-EST,0.7496461491331254,0.7496031698038731,0.7500166594168599,0.0,0.7847453411029196,0.7847003494379408,0.7851331990534042,0.0,0.7496461491331254,0.7500166594168599,0.8091561189892984,0.8094109690626473,1527.215103321384,2124.3373665084473,0.5793852357688429,0.0006547871997206329
MAIN,1.5,0.25,400,rate,HT,COR-2000,DEF-0.0,0.9999499999999997,0.9999499999999997,0.9999499999999997,0.0,1.0467686717837226,1.0467686717837226,1.0467686717837226,1.0,0.9999499999999997,0.9999499999999997,1.0,1.0,50.0,50.0,0.0,0.02
MAIN,1.5,0.25,400,rate,HT,COR-2000,DEF-0.25,0.8854642588779114,0.8855165594456853,0.8909966848546824,0.0,0.9269225923072052,0.9269773416405342,0.93271405207164,0.0,0.8854642588779114,0.8909966848546824,0.9131328522793781,0.9173345029498067,66.0222572709521,66.34268802131423,0.11863543664047307,0.015146407365582704
MAIN,1.5,0.25,400,rate,HT,COR-2000,DEF-0.5,0.811593518228879,0.8116942222078385,0.8184651930220899,0.0,0.8495931487621605,0.8496985678034112,0.856786562329058,0.0,0.811593518228879,0.8184651930220899,0.8568772384096828,0.8621185442252984,97.15515718653009,98.5561296141073,0.24147361181967247,0.01029281473116541
MAIN,1.5,0.25,400,rate,HT,COR-2000,DEF-0.75,0.7670728475870725,0.7668284535136887,0.7726307774941498,0.0,0.8029879752288395,0.8027321383774091,0.8088061330434285,0.0,0.7670728475870725,0.7726307774941498,0.8227832193400976,0.827057058120718,183.8498683980131,191.57992792336927,0.3824617667723737,0.005439222096748115
MAIN,1.5,0.25,400,rate,HT,COR-2000,RA-EST,0.7515709143784731,0.7512544982051894,0.7534055470036286,0.0,0.7867602258065228,0.7864289947075289,0.7886807577893671,0.0,0.7515709143784731,0.7534055470036286,0.8106016994583427,0.8120421820812733,1707.6341997323668,3412.9203616429886,0.5826790880519208,0.0005856294623308194
MAIN,1.5,0.25,400,rate,HT,COR-500,DEF-0.0,0.9999499999999997,0.9999499999999997,0.9999499999999997,0.0,1.0467686717837226,1.0467686717837226,1.0467686717837226,1.0,0.9999499999999997,0.9999499999999997,1.0,1.0,50.0,50.0,0.0,0.02
MAIN,1.5,0.25,400,rate,HT,COR-500,DEF-0.25,0.8859068364646758,0.8859741543311264,0.8962876890743823,0.0,0.9273858918248399,0.9274563615819795,0.9382527864678171,0.0,0.8859068364646758,0.8962876890743823,0.9134649617222066,0.9213495979908007,66.06670777212172,66.57671257444899,0.12037612524858404,0.015136216635934376
MAIN,1.5,0.25,400,rate,HT,COR-500,DEF-0.5,0.8134336196298255,0.8133336362010144,0.8280080588692731,0.0,0.8515194055744173,0.8514147408202026,0.8667762348205488,0.0,0.8134336196298255,0.8280080588692731,0.8582621885807167,0.8694060011496619,97.34791986400467,99.59629605714535,0.24472740814927646,0.01027243327186875
MAIN,1.5,0.25,400,rate,HT,COR-500,DEF-0.75,0.771354636282352,0.7702357141572893,0.784277335145266,0.0,0.8074702416075747,0.8062989304153338,0.8209979943198039,0.0,0.771354636282352,0.784277335145266,0.8260086388451988,0.8359270117547231,184.8890399609865,197.59717740606587,0.38856832276184017,0.005408649907803127
MAIN,1.5,0.25,400,rate,HT,COR-500,RA-EST,0.7644706764364417,0.7581342556107065,0.7714115511383886,0.005,0.800263967789368,0.7936308693228269,0.8075298212748163,0.005,0.7644706764364417,0.7714115511383886,0.8203043885739184,0.8252226906163543,1835.3403997544294,12335.629499339431,0.602835542230761,0.0005448665437375019
MAIN,1.5,0.25,400,rate,HT,KS-2000,DEF-0.0,0.9999499999999997,0.9999499999999997,0.9999499999999997,0.0,1.0467686717837226,1.0467686717837226,1.0467686717837226,1.0,0.9999499999999997,0.9999499999999997,1.0,1.0,50.0,50.0,0.0,0.02
MAIN,1.5,0.25,400,rate,HT,KS-2000,DEF-0.25,0.8858423523346066,0.8858802278866156,0.8917031158091655,0.0,0.9273183884824892,0.9273580374062047,0.9334535588389095,0.0,0.8858423523346066,0.8917031158091655,0.9134196566340879,0.9178722108235282,66.00183080560012,66.3258890772591,0.11818127475230233,0.015151094868333683
MAIN,1.5,0.25,400,rate,HT,KS-2000,DEF-0.5,0.8122035999922014,0.8124251505330072,0.8195213888973916,0.0,0.8502317951715536,0.8504637189330739,0.8578922103649927,0.0,0.8122035999922014,0.8195213888973916,0.8573405946346973,0.8629368566445342,97.06674267590667,98.48201970385051,0.2401314150993068,0.010302189736667366
MAIN,1.5,0.25,400,rate,HT,KS-2000,DEF-0.75,0.7678016526883762,0.767777789488625,0.7738470490108078,0.0,0.8037509037231452,0.8037259232242121,0.8100793516243782,0.0,0.7678016526883762,0.7738470490108078,0.823337512883764,0.8279631950242553,183.37572193236457,191.16048323631048,0.37978169780943827,0.0054532846050010485
MAIN,1.5,0.25,400,rate,HT,KS-2000,RA-EST,0.7523115250892657,0.7517882239755838,0.7552100207129361,0.0,0.7875355126609108,0.7869877100590688,0.7905697187853774,0.0,0.7523115250892657,0.7552100207129361,0.8111660804429764,0.8134004373942794,1654.5899368659702,3243.860148451464,0.5785173130335081,0.0006043794733347312
MAIN,1.5,0.25,400,rate,HT,MIS-G-10000,DEF-0.0,0.9999499999999997,0.9999499999999997,0.9999499999999997,0.0,1.0467686717837226,1.0467686717837226,1.0467686717837226,1.0,0.9999499999999997,0.9999499999999997,1.0,1.0,50.0,50.0,0.0,0.02
MAIN,1.5,0.25,400,rate,HT,MIS-G-10000,DEF-0.25,0.9162780093146985,0.9163061190562748,0.9185782815739982,0.0,0.9591790737486682,0.9592084996168155,0.9615870470849432,0.0,0.9162780093146985,0.9185782815739982,0.9365390525754897,0.938285908609574,64.42632508414826,64.6128665061856,0.1004249541090333,0.015521605476825732
MAIN,1.5,0.25,400,rate,HT,MIS-G-10000,DEF-0.5,0.8586969485941195,0.8586946021030807,0.8617784419616767,0.0,0.8989020094450746,0.8988995530889488,0.9021277814531433,0.0,0.8586969485941195,0.8617784419616767,0.8927507134077919,0.8950986901886795,90.55337314416781,91.29429277153284,0.20502080689003246,0.011043210953651466
MAIN,1.5,0.25,400,rate,HT,MIS-G-10000,DEF-0.75,0.8217494665775503,0.8217138094660668,0.8243008877746135,0.0,0.8602246088988101,0.8601872822852523,0.862895490220487,0.0,0.8217494665775503,0.8243008877746135,0.8645413572565944,0.8664995951371695,152.3271860790648,155.5117843219763,0.3232172585827636,0.006564816430477198
MAIN,1.5,0.25,400,rate,HT,MIS-G-10000,RA-EST,0.8053484726106206,0.8052555424214528,0.8058710370070302,0.0,0.8430557037828585,0.842958422508111,0.8436027351735793,0.0,0.8053484726106206,0.8058710370070302,0.8518453665287998,0.8522758909029956,479.2895638962706,524.3358841319523,0.4772099804107616,0.002086421907302931
MAIN,1.5,0.25,400,rate,HT,MIS-G-2000,DEF-0.0,0.9999499999999997,0.9999499999999997,0.9999499999999997,0.0,1.0467686717837226,1.0467686717837226,1.0467686717837226,1.0,0.9999499999999997,0.9999499999999997,1.0,1.0,50.0,50.0,0.0,0.02
MAIN,1.5,0.25,400,rate,HT,MIS-G-2000,DEF-0.25,0.9161700421665144,0.9162700427260945,0.9201985305969077,0.0,0.9590660514692533,0.9591707341563169,0.963283157808149,0.0,0.9161700421665144,0.9201985305969077,0.9364567521827698,0.939517218108299,64.40499450798804,64.83741209636771,0.10057280813247663,0.015526746145103817
MAIN,1.5,0.25,400,rate,HT,MIS-G-2000,DEF-0.5,0.8586565341882685,0.8589659829854718,0.8640193832999259,0.0,0.8988597027958086,0.8991836402991173,0.9044736459345516,0.0,0.8586565341882685,0.8640193832999259,0.8927185947736094,0.8968081165690029,90.4691454376702,92.19658728538225,0.20512367622643637,0.011053492290207636
MAIN,1.5,0.25,400,rate,HT,MIS-G-2000,DEF-0.75,0.8219338040386099,0.8220940828628563,0.8264950531654353,0.0,0.8604175772265,0.8605853604676335,0.8651923886572331,0.0,0.8219338040386099,0.8264950531654353,0.8646781575254946,0.868179294880609,151.97017858390245,159.50024913576632,0.32300406317676633,0.006580238435311452
MAIN,1.5,0.25,400,rate,HT,MIS-G-2000,RA-EST,0.806047470907168,0.8057344969433788,0.8074071703935305,0.0,0.8437874298876197,0.8434598021658553,0.8452107918810841,0.0,0.806047470907168,0.8074071703935305,0.8523693584275668,0.853489926401205,474.6120048053124,590.7452981268202,0.47560817803753797,0.0021069845804152698
MAIN,1.5,0.25,400,rate,HT,MIS-I-2000,DEF-0.0,0.9999499999999997,0.9999499999999997,0.9999499999999997,0.0,1.0467686717837226,1.0467686717837226,1.0467686717837226,1.0,0.9999499999999997,0.9999499999999997,1.0,1.0,50.0,50.0,0.0,0.02
MAIN,1.5,0.25,400,rate,HT,MIS-I-2000,DEF-0.25,0.8872612159563551,0.8870301041436357,0.8922466302361113,0.0,0.9288036847360815,0.9285617520342128,0.934022521161815,0.0,0.8872612159563551,0.8922466302361113,0.9145035450878121,0.9182954224137333,64.84093236641492,65.14587069615561,0.12003534081046174,0.015422356897995992
MAIN,1.5,0.25,400,rate,HT,MIS-I-2000,DEF-0.5,0.8142902466828684,0.8139730505325475,0.8204640131052955,0.0,0.852416140773705,0.8520840931783591,0.858878969193033,0.0,0.8142902466828684,0.8204640131052955,0.8589459724784786,0.863656535759117,92.21082485814776,93.45502526886008,0.24548506582406676,0.010844713795991983
MAIN,1.5,0.25,400,rate,HT,MIS-I-2000,DEF-0.75,0.7710745555636653,0.7707786210385688,0.7758834438962566,0.0,0.8071770472259638,0.8068672567466695,0.8122110925808944,0.0,0.7710745555636653,0.7758834438962566,0.8258541920853416,0.829594643635791,159.56418540732668,165.27556288528544,0.3908382582797837,0.006267070693987974
MAIN,1.5,0.25,400,rate,HT,MIS-I-2000,RA-EST,0.7588290305600673,0.7584690773285134,0.7612848739636591,0.0,0.7943581743390089,0.7939813677325805,0.7969290028181193,0.0,0.7588290305600673,0.7612848739636591,0.8161388314932978,0.8179077987342018,591.9168971661773,713.9448903643794,0.599802069909797,0.0016894275919839656
MAIN,1.5,0.7,100,dollars,DIFF,COR-10000,DEF-0.0,0.99995,0.99995,0.9999500000000002,0.0,2.6672371977707483,2.6667129239770047,2.6688625111334976,1.0,0.11903164392223474,0.11915617358498676,1.0,1.0,200.0,200.0,0.0,0.005
MAIN,1.5,0.7,100,dollars,DIFF,COR-10000,DEF-0.25,0.5158667590599798,0.5159303493321046,0.5180591265131174,0.0,1.3760072697958898,1.3756489876222715,1.3818427286904271,1.0,0.06140751002142442,0.06165820123123881,0.515945735941893,0.5181225975572109,266.48732723027456,266.5418324086115,0.2547207453785191,0.0037525236580436975
MAIN,1.5,0.7,100,dollars,DIFF,COR-10000,DEF-0.5,0.40033418759517736,0.40039616462170063,0.40173825348543274,0.0,1.0678391904122935,1.0676422087098172,1.0717902153757919,1.0,0.04765479593892916,0.047836989893808496,0.40041919022619965,0.40185771543139126,399.1940565680879,399.43877129316985,0.48194462527264315,0.002505047316087395
MAIN,1.5,0.7,100,dollars,DIFF,COR-10000,DEF-0.75,0.3460084455039285,0.34610727147715337,0.34689807327155775,0.0,0.9229323987688289,0.92290360485017,0.9252535184926678,0.0,0.04118799521808917,0.04130081952117203,0.3460957989311156,0.346991827183924,795.1837475622494,796.6420506495402,0.7758682725444176,0.0012575709741310924
MAIN,1.5,0.7,100,dollars,DIFF,COR-10000,RA-EST,0.3241681734446008,0.3241562535879442,0.3244022382441509,0.0,0.8646764441708581,0.8645480904214223,0.8653007398663928,0.0,0.03858818945255313,0.038630285693456876,0.32425599697992263,0.32448864273676564,99062.64540491962,142344.4239257357,1.6600921289438983,1.009463217478978e-05
MAIN,1.5,0.7,100,dollars,DIFF,COR-10000,SRSWOR,,,,0.0,2.6673705662990637,2.666846266290319,2.6689959609315443,1.0,0.11903759580202485,0.11916213169157137,0.9999373438619225,0.9999989622168981,,,,
MAIN,1.5,0.7,100,dollars,DIFF,COR-2000,DEF-0.0,0.99995,0.99995,0.9999500000000002,0.0,2.671116100408912,2.6682991475101563,2.6805680668373038,1.0,0.11945594160266478,0.12005869299171473,1.0,1.0,200.0,200.0,0.0,0.005
MAIN,1.5,0.7,100,dollars,DIFF,COR-2000,DEF-0.25,0.5153606829999466,0.5157580752818796,0.5203226364228746,0.0,1.3766501563787485,1.3753446286846724,1.3905335313368845,1.0,0.061565502813296785,0.06216278017479116,0.5155542146420544,0.520645581512292,266.4985400133363,266.6037266880376,0.25518834609773494,0.003752365772623399
MAIN,1.5,0.7,100,dollars,DIFF,COR-2000,DEF-0.5,0.39998663675558327,0.4004591554722434,0.4032012672539674,0.0,1.0684578210672893,1.0676174840390469,1.0779726668967753,1.0,0.04778276114367884,0.04817407455552555,0.4002122717576531,0.4035372708356881,399.2443828557351,399.7169037807169,0.48290080860882123,0.002504731545246798
MAIN,1.5,0.7,100,dollars,DIFF,COR-2000,DEF-0.75,0.34585178951643103,0.3462425855164742,0.3477665948157034,0.0,0.9238505807091444,0.9234608837620041,0.9290413129978446,0.0,0.04131576753714273,0.041586296766438095,0.3460914549266852,0.3479973981252199,795.4833613886622,798.3038244678719,0.7780164507661381,0.0012570973178701967
MAIN,1.5,0.7,100,dollars,DIFF,COR-2000,RA-EST,0.3245707230085295,0.3243737778850768,0.3257632690558845,0.0,0.8670036822194089,0.8660292787815904,0.8694777302110213,0.0,0.038773583677262226,0.03893851400879979,0.32481498471903414,0.3258807176800917,105673.76259287892,282498.6688598975,1.667164665755248,9.463090493595623e-06
MAIN,1.5,0.7,100,dollars,DIFF,COR-2000,SRSWOR,,,,0.0,2.6712496628920563,2.6684325691386137,2.680702101942401,1.0,0.11946191469839969,0.12006469622652605,0.9996972820511784,0.9999950122022815,,,,
MAIN,1.5,0.7,100,dollars,DIFF,COR-500,DEF-0.0,0.99995,0.99995,0.9999500000000002,0.0,2.689293089196785,2.6766759517231256,2.727569734742482,1.0,0.12125607530227506,0.12387959676897511,1.0,1.0,200.0,200.0,0.0,0.005
MAIN,1.5,0.7,100,dollars,DIFF,COR-500,DEF-0.25,0.5155873391969522,0.5179670207475402,0.5260462132383691,0.0,1.3864145083054675,1.3826957609733093,1.4151255966696774,1.0,0.06250865693784421,0.06405604835471773,0.5162947057370917,0.5264327212789953,266.52496896723983,266.6593321471894,0.2549012888610488,0.0037519936837927545
MAIN,1.5,0.7,100,dollars,DIFF,COR-500,DEF-0.5,0.4002673080477731,0.4023796431990894,0.40784312477709606,0.0,1.0763072130123639,1.0741992232005355,1.0954280128025304,1.0,0.04852747049675815,0.0496298851281989,0.40112150313004535,0.40876359847753496,399.36303760386465,399.9669964779599,0.48248471246525626,0.002503987367585509
MAIN,1.5,0.7,100,dollars,DIFF,COR-500,DEF-0.75,0.3464834680007289,0.3477244960561898,0.35171896627866833,0.0,0.9317038717783906,0.929156290777563,0.9458982338754431,0.005,0.04200898254066065,0.042967111143772184,0.3474023292194379,0.35249482873851185,796.1903644945431,799.8020115415083,0.7773375564039005,0.0012559810513782634
MAIN,1.5,0.7,100,dollars,DIFF,COR-500,RA-EST,0.32979162890862673,0.32544951034833247,0.335795657817648,0.0,0.8870951398084792,0.8718693000658535,0.9035684569332559,0.02,0.04001118565758896,0.040799242169318795,0.33072886971853177,0.33611432897913107,125457.39525365684,2423948.0478748386,1.6926066380044933,7.974735171017686e-06
MAIN,1.5,0.7,100,dollars,DIFF,COR-500,SRSWOR,,,,0.0,2.6894275605748135,2.6768097922127367,2.727706120048484,1.0,0.1212621384091955,0.12388579105852802,0.9986334421209868,0.9999547131226639,,,,
MAIN,1.5,0.7,100,dollars,DIFF,KS-2000,DEF-0.0,0.99995,0.99995,0.9999500000000002,0.0,2.6707158258592405,2.6685007823055034,2.6795915802753285,1.0,0.1195032602221726,0.12011658620005095,1.0,1.0,200.0,200.0,0.0,0.005
MAIN,1.5,0.7,100,dollars,DIFF,KS-2000,DEF-0.25,0.5163750783625815,0.5167730278910194,0.5215415398239984,0.0,1.3791559747877162,1.3781677091490239,1.3949948775009522,1.0,0.06171155406837967,0.06246184307630172,0.5165857539764941,0.5218816897669276,266.47328734769724,266.5996901269949,0.2542929019713138,0.0037527213701391273
MAIN,1.5,0.7,100,dollars,DIFF,KS-2000,DEF-0.5,0.4007316890794077,0.40118769531062826,0.40410899442349546,0.0,1.0702894048738611,1.0700066417418408,1.0801681978967703,1.0,0.04789102776809997,0.04838553542051435,0.40097866843128316,0.4043621091496994,399.13105333920515,399.69875705903894,0.48123963772094036,0.002505442740278255
MAIN,1.5,0.7,100,dollars,DIFF,KS-2000,DEF-0.75,0.346339885296462,0.3467276262612783,0.34824542186998636,0.0,0.9250167840592362,0.9247617127440897,0.9305846484359053,0.0,0.04139065141466006,0.041702606700834026,0.3466029091817097,0.34853771484081514,794.8088741321152,798.1952636510096,0.7741408462012175,0.0012581641104173825
MAIN,1.5,0.7,100,dollars,DIFF,KS-2000,RA-EST,0.3245933979673314,0.32446084103032713,0.32595821336336317,0.0,0.8669347237177406,0.866229514670326,0.8694214762154088,0.0,0.038791694675241614,0.03898643222500016,0.32486192408551084,0.3261769375069302,91865.65157062138,265686.14720499655,1.6563160555582885,1.0885480556509924e-05
MAIN,1.5,0.7,100,dollars,DIFF,KS-2000,SRSWOR,,,,0.0,2.670849368327657,2.668634214016204,2.6797255665536555,1.0,0.11950923568395679,0.12012259232966743,0.9996610514653517,0.9999935785996884,,,,
MAIN,1.5,0.7,100,dollars,DIFF,MIS-G-10000,DEF-0.0,0.9999499999999999,0.99995,0.9999500000000001,0.0,2.643944147976515,2.6434275854321942,2.6455367613481866,1.0,0.1225503261228758,0.12265012028469768,1.0,1.0,200.0,200.0,0.0,0.005
MAIN,1.5,0.7,100,dollars,DIFF,MIS-G-10000,DEF-0.25,0.5301252362040103,0.5302489923658515,0.5322865259346362,0.0,1.4016897160964354,1.4016780948736436,1.4073838210174043,1.0,0.06497017404386582,0.06523137307529035,0.5302049541069304,0.5323650028439778,266.3193329577249,266.3381835593951,0.24950866825753656,0.0037548907504914245
MAIN,1.5,0.7,100,dollars,DIFF,MIS-G-10000,DEF-0.5,0.4149127103927875,0.4150556082492075,0.4164575275194573,0.0,1.0970595184609409,1.097120402565431,1.1009161205885956,1.0,0.05085016095273888,0.051031751687615444,0.4149988574506721,0.41652976003546205,398.44105935455184,398.5254587315229,0.47230814966952167,0.002509781500982849
MAIN,1.5,0.7,100,dollars,DIFF,MIS-G-10000,DEF-0.75,0.3606551414392515,0.3608046967576715,0.3615500453460489,0.0,0.9535988307158797,0.9536211745303169,0.9558037968956795,0.0,0.04420056910183362,0.04430193004142022,0.3607438563843853,0.3616081378982454,790.7187010981122,791.2175031595165,0.757746050573145,0.0012646722514742734
MAIN,1.5,0.7,100,dollars,DIFF,MIS-G-10000,RA-EST,0.33933563792401084,0.33937542450601565,0.33947860527059953,0.0,0.8972290680428859,0.8971781419321678,0.8975606722592124,0.0,0.04158775843522083,0.04161278499769577,0.33942489561672756,0.33955381970823756,51116.89943767817,54054.1616063686,1.5355650446029006,1.9563001965697728e-05
MAIN,1.5,0.7,100,dollars,DIFF,MIS-G-10000,SRSWOR,,,,0.0,2.6440763517941046,2.6435597634203654,2.645669044800426,1.0,0.12255645394557306,0.12265625309735256,0.9999341241181363,1.0000004406961756,,,,
MAIN,1.5,0.7,100,dollars,DIFF,MIS-G-2000,DEF-0.0,0.99995,0.99995,0.9999500000000002,0.0,2.6482701595538525,2.6450349688455033,2.6561116871500934,1.0,0.12285754322881347,0.12341186526427426,1.0,1.0,200.0,200.0,0.0,0.005
MAIN,1.5,0.7,100,dollars,DIFF,MIS-G-2000,DEF-0.25,0.530152413448,0.5305645393861518,0.5365102525620639,0.0,1.4040298658875252,1.4022663028295677,1.421598950950406,1.0,0.06513506398694063,0.0660103916145606,0.5303755636651484,0.5367388059226649,266.3200427423336,266.3572356992114,0.24933218941194357,0.0037548807431201136
MAIN,1.5,0.7,100,dollars,DIFF,MIS-G-2000,DEF-0.5,0.4147974910069798,0.41524220831135106,0.41890768007285306,0.0,1.0985273047911477,1.0974664546926376,1.1103820930613804,1.0,0.05096229470360725,0.05155267552884424,0.4150604927871124,0.41929580341060296,398.44423682629815,398.6107846941018,0.47205505697619443,0.002509761486240228
MAIN,1.5,0.7,100,dollars,DIFF,MIS-G-2000,DEF-0.75,0.36042872357189565,0.360918480333013,0.36263629500126626,0.0,0.9545407191801801,0.9537915978432416,0.9616064970851592,0.0,0.04428252161571062,0.044628546360972916,0.3607093089747043,0.3629961934122504,790.7374724588072,791.7222072457288,0.7573595426716306,0.0012646422293603413
MAIN,1.5,0.7,100,dollars,DIFF,MIS-G-2000,RA-EST,0.33899030717717155,0.3393326414948399,0.3396401685662375,0.0,0.8977685686697234,0.8974829509278556,0.8988172785332158,0.0,0.0416487735135631,0.041746724622713505,0.33927663613502973,0.3397642480670651,51221.71168567657,57387.382447057935,1.5352645614008384,1.9522972480455268e-05
MAIN,1.5,0.7,100,dollars,DIFF,MIS-G-2000,SRSWOR,,,,0.0,2.6484025796828363,2.645167227206864,2.656244499375062,1.0,0.12286368641313412,0.12341803616608255,0.9996264714600411,0.9999972182445566,,,,
MAIN,1.5,0.7,100,dollars,DIFF,MIS-I-2000,DEF-0.0,0.99995,0.99995,0.9999500000000002,0.0,2.6779661968599555,2.675784752460255,2.686018675284839,1.0,0.12063017523612675,0.12117942015521838,1.0,1.0,200.0,200.0,0.0,0.005
MAIN,1.5,0.7,100,dollars,DIFF,MIS-I-2000,DEF-0.25,0.5175502188851531,0.517570118291451,0.5232249795213606,0.0,1.3860381061061764,1.3843348378661717,1.4018551243973705,1.0,0.06243442845209334,0.06311958527509215,0.5177422203236469,0.5235717689193411,266.38883830411663,266.42650953358066,0.25224997818049055,0.003753911036086208
MAIN,1.5,0.7,100,dollars,DIFF,MIS-I-2000,DEF-0.5,0.4021565012979464,0.4023474863137717,0.40608696270454214,0.0,1.0770048718303848,1.076026384737963,1.0878646067706519,1.0,0.04851392864759608,0.04897464058838397,0.40238049553339095,0.4062678391933566,398.7523720667367,398.92123594773506,0.47656043267931825,0.002507822072172417
MAIN,1.5,0.7,100,dollars,DIFF,MIS-I-2000,DEF-0.75,0.34784549622560773,0.34824409700540265,0.35007145163608516,0.0,0.9315569732685967,0.931399800915957,0.9376313842542272,0.0,0.04196219912981592,0.042237766297007026,0.34808355792175955,0.35057551076213483,792.5606401664218,793.5621403443777,0.7642555721086807,0.0012617331082586253
MAIN,1.5,0.7,100,dollars,DIFF,MIS-I-2000,RA-EST,0.32580703479502704,0.3257704562966388,0.32699668860920994,0.0,0.8725388932766123,0.8721437482551034,0.875221629765299,0.0,0.03930374554780873,0.039453351873438604,0.3260499133389379,0.32719222017807303,63921.681185449204,73958.9415250522,1.5579604712424833,1.5644144344833613e-05
MAIN,1.5,0.7,100,dollars,DIFF,MIS-I-2000,SRSWOR,,,,0.0,2.678100101865049,2.6759185483876746,2.6861529829339856,1.0,0.12063620704647908,0.12118547942918985,0.9996991371403731,0.9999944963543301,,,,
MAIN,1.5,0.7,100,dollars,EXP,COR-2000,ST-NEY-EST,,,,0.0,1.7301758957154396,1.7067008954264558,1.7950258835545676,1.0,0.09685624087056462,0.10048658045520116,0.8105509407861246,0.839063158348712,,,,
MAIN,1.5,0.7,100,dollars,HT,COR-10000,DEF-0.0,0.99995,0.99995,0.99995,0.0,17.86244615081321,17.86244615081321,17.86244615081321,1.0,0.99995,0.99995,1.0,1.0,200.0,200.0,0.0,0.005
MAIN,1.5,0.7,100,dollars,HT,COR-10000,DEF-0.25,0.2805974739551463,0.28060433542974655,0.2809844347809892,0.0,5.012407888972461,5.012530457821466,5.0193203015071814,1.0,0.2805974739551463,0.2809844347809892,0.42540147923982485,0.4257118776156955,266.56188895514885,266.56976257228274,0.2887577938172268,0.0037514740157332015
MAIN,1.5,0.7,100,dollars,HT,COR-10000,DEF-0.5,0.14093624251062623,0.14094373160148793,0.14123017372514546,0.0,2.5175919221401193,2.5177257023113637,2.522842515161163,1.0,0.14093624251062623,0.14123017372514546,0.3130573064979659,0.3132944773157795,399.5288705271796,399.5642482712224,0.5418025089817194,0.0025029480314664038
MAIN,1.5,0.7,100,dollars,HT,COR-10000,DEF-0.75,0.07790391639391209,0.07790618764284796,0.07810861239811412,0.0,1.3916240927283454,1.3916646648187618,1.3952806469083998,1.0,0.07790391639391209,0.07810861239811412,0.26215733690292,0.26232273317576077,797.1798664033513,797.3911736303453,0.8825880872751286,0.0012544220471996056
MAIN,1.5,0.7,100,dollars,HT,COR-10000,RA-EST,0.051558738266162196,0.051554776002532665,0.05157576492391334,0.0,0.9210112364450169,0.9209404571853361,0.9213153894098732,0.0,0.051558738266162196,0.05157576492391334,0.24088034411218767,0.24089397154277575,169604.7025638826,183390.78075444238,2.206860611833316,5.896062932807494e-06
MAIN,1.5,0.7,100,dollars,HT,COR-2000,DEF-0.0,0.99995,0.99995,0.99995,0.0,17.86244615081321,17.86244615081321,17.86244615081321,1.0,0.99995,0.99995,1.0,1.0,200.0,200.0,0.0,0.005
MAIN,1.5,0.7,100,dollars,HT,COR-2000,DEF-0.25,0.2806377265219739,0.2806958612059629,0.28138710006263196,0.0,5.013126934232114,5.014165413818342,5.026513248064655,1.0,0.2806377265219739,0.28138710006263196,0.4254335688160344,0.4260352820109846,266.56127398004185,266.57636748516796,0.28869238306753753,0.0037514826706405895
MAIN,1.5,0.7,100,dollars,HT,COR-2000,DEF-0.5,0.1409795802695084,0.1410346825485072,0.141564404564165,0.0,2.5183660792323037,2.519350389939242,2.5288129940490354,1.0,0.1409795802695084,0.141564404564165,0.3130918785729275,0.31356476937816263,399.5261074962315,399.5939286925663,0.5417074849330887,0.0025029653412811798
MAIN,1.5,0.7,100,dollars,HT,COR-2000,DEF-0.75,0.07795363037943631,0.07799505436506485,0.07836201874380086,0.0,1.392512150520604,1.3932521212317812,1.3998073304466805,1.0,0.07795363037943631,0.07836201874380086,0.26219701922277044,0.2625285003713773,797.163366274902,797.5685089493332,0.8823426604669633,0.0012544480119217696
MAIN,1.5,0.7,100,dollars,HT,COR-2000,RA-EST,0.05164140733653341,0.05161414981954435,0.05173070770312712,0.0,0.9224879821001432,0.9220010718252074,0.9240831848498087,0.0,0.05164140733653341,0.05173070770312712,0.24094631909999958,0.24101832347998134,168614.66156505246,196809.740770856,2.206110372707046,5.93068256235927e-06
MAIN,1.5,0.7,100,dollars,HT,COR-500,DEF-0.0,0.99995,0.99995,0.99995,0.0,17.86244615081321,17.86244615081321,17.86244615081321,1.0,0.99995,0.99995,1.0,1.0,200.0,200.0,0.0,0.005
MAIN,1.5,0.7,100,dollars,HT,COR-500,DEF-0.25,0.2809044544091637,0.28100586898004,0.282740862181681,0.0,5.0178915849865,5.01970318787783,5.050695960152782,1.0,0.2809044544091637,0.282740862181681,0.42564709884015595,0.4271230881569142,266.5660514829907,266.6030007489021,0.28868421587607584,0.0037514154350766693
MAIN,1.5,0.7,100,dollars,HT,COR-500,DEF-0.5,0.141251767342493,0.14123110138917205,0.14263603169476552,0.0,2.5232282492749407,2.522859086338443,2.54795583310509,1.0,0.141251767342493,0.14263603169476552,0.3133105155118893,0.314431419993955,399.54757308284525,399.7136401072191,0.5419351135620187,0.0025028308701533393
MAIN,1.5,0.7,100,dollars,HT,COR-500,DEF-0.75,0.07827196135286084,0.07815317937290849,0.07931602860562037,0.0,1.398198604714245,1.3960767619015184,1.4168491323208698,1.0,0.07827196135286084,0.07931602860562037,0.2624529210573057,0.2632947010761971,797.2915653721452,798.2842972200499,0.8830162921518416,0.001254246305230009
MAIN,1.5,0.7,100,dollars,HT,COR-500,RA-EST,0.05268710401322307,0.05183105367853169,0.05254758608432132,0.0,0.9411676166593245,0.925875699057634,0.9386753605544389,0.015,0.05268710401322307,0.05254758608432132,0.24178198087207964,0.24166229166363068,176625.04792795476,279172.69041985535,2.2220708812348535,5.6617403066783114e-06
MAIN,1.5,0.7,100,dollars,HT,KS-2000,DEF-0.0,0.99995,0.99995,0.99995,0.0,17.86244615081321,17.86244615081321,17.86244615081321,1.0,0.99995,0.99995,1.0,1.0,200.0,200.0,0.0,0.005
MAIN,1.5,0.7,100,dollars,HT,KS-2000,DEF-0.25,0.2806491283076238,0.28065511946341837,0.2815800760982568,0.0,5.013330608198007,5.013437630246871,5.0299604444692205,1.0,0.2806491283076238,0.2815800760982568,0.42544297308380863,0.42618923371021056,266.5636652261802,266.57886413755335,0.28877099554045194,0.0037514490174478943
MAIN,1.5,0.7,100,dollars,HT,KS-2000,DEF-0.5,0.14098258097328847,0.14099205148481508,0.14167095899414847,0.0,2.5184196818221194,2.5185888567830323,2.5307164119876426,1.0,0.14098258097328847,0.14167095899414847,0.3130948525070676,0.313654798160064,399.5368513053321,399.6051486361067,0.5418927671153176,0.0025028980348957893
MAIN,1.5,0.7,100,dollars,HT,KS-2000,DEF-0.75,0.07795270596785375,0.07794175272109524,0.07841597364812321,0.0,1.3924956374428354,1.3922999758793566,1.400771145210449,1.0,0.07795270596785375,0.07841597364812321,0.2621970734785598,0.26257338144996933,797.2275281682437,797.6355598288403,0.88275614212708,0.001254347052343684
MAIN,1.5,0.7,100,dollars,HT,KS-2000,RA-EST,0.05164737485057861,0.05162593320303902,0.05173253367685569,0.0,0.9225945818284162,0.9222115624028844,0.9241158028381073,0.0,0.05164737485057861,0.05173253367685569,0.24095201667831376,0.24102459259037273,172530.77667143187,202407.88864447703,2.210690618135664,5.796069791578521e-06
MAIN,1.5,0.7,100,dollars,HT,MIS-G-10000,DEF-0.0,0.99995,0.99995,0.99995,0.0,17.86244615081321,17.86244615081321,17.86244615081321,1.0,0.99995,0.99995,1.0,1.0,200.0,200.0,0.0,0.005
MAIN,1.5,0.7,100,dollars,HT,MIS-G-10000,DEF-0.25,0.2815182145228872,0.2815049808523601,0.28186285451469484,0.0,5.028855390157662,5.028618992610616,5.035011811273797,1.0,0.2815182145228872,0.28186285451469484,0.4261410941567453,0.4264181993745794,266.53381577877735,266.54358762014573,0.2881506689893667,0.0037518691468027454
MAIN,1.5,0.7,100,dollars,HT,MIS-G-10000,DEF-0.5,0.14179868399100257,0.14179487169537972,0.14206313428080272,0.0,2.5329980069458093,2.532929906615519,2.5377219722051945,1.0,0.14179868399100257,0.14206313428080272,0.3137544954788052,0.3139691262261435,399.4027660774277,399.4466550808949,0.5404987971290311,0.002503738293605491
MAIN,1.5,0.7,100,dollars,HT,MIS-G-10000,DEF-0.75,0.078724331059982,0.07871960138041303,0.07891238535218924,0.0,1.4062794382896349,1.4061949504186297,1.4096387159214974,1.0,0.078724331059982,0.07891238535218924,0.26282307919383013,0.2629760183865678,796.4272652565496,796.689090885874,0.8796864910302566,0.0012556074404082365
MAIN,1.5,0.7,100,dollars,HT,MIS-G-10000,RA-EST,0.05234346810824115,0.052341386693746605,0.052351999821692884,0.0,0.9350291318868603,0.9349919508734834,0.9351815367792108,0.0,0.05234346810824115,0.052351999821692884,0.2415176808195853,0.2415248893083174,133750.86482538987,144375.71259824227,2.15649119779503,7.47658721098216e-06
MAIN,1.5,0.7,100,dollars,HT,MIS-G-2000,DEF-0.0,0.99995,0.99995,0.99995,0.0,17.86244615081321,17.86244615081321,17.86244615081321,1.0,0.99995,0.99995,1.0,1.0,200.0,200.0,0.0,0.005
MAIN,1.5,0.7,100,dollars,HT,MIS-G-2000,DEF-0.25,0.2815503199657163,0.28160337300986815,0.28234120673785945,0.0,5.029428900576864,5.03037660510639,5.0435567793496014,1.0,0.2815503199657163,0.28234120673785945,0.4261668917866419,0.42680002787294435,266.5345796461828,266.55310048039945,0.2880921618118858,0.0037518583942372074
MAIN,1.5,0.7,100,dollars,HT,MIS-G-2000,DEF-0.5,0.14181855520929795,0.1418500322006335,0.14244293236340536,0.0,2.5333529732608775,2.5339152574378074,2.544506434226968,1.0,0.14181855520929795,0.14244293236340536,0.31377068341491526,0.3142738410839022,399.4061966607158,399.489387074518,0.5404234116166996,0.0025037167884744155
MAIN,1.5,0.7,100,dollars,HT,MIS-G-2000,DEF-0.75,0.07873851613694365,0.07875308484067971,0.0791915431743113,0.0,1.4065328311326493,1.406793076830907,1.414625406821276,1.0,0.07873851613694365,0.0791915431743113,0.2628347948954678,0.2631986686082595,796.4477267236671,796.9441242952904,0.8795238747621077,0.0012555751827116233
MAIN,1.5,0.7,100,dollars,HT,MIS-G-2000,RA-EST,0.05236768961976208,0.05235794942305623,0.052404464786295235,0.0,0.9354618089659482,0.9352878165271699,0.936118736244198,0.0,0.05236768961976208,0.052404464786295235,0.24153737038787224,0.2415641927398909,134524.74819257273,156474.45174531688,2.156795628168047,7.433576948830935e-06
MAIN,1.5,0.7,100,dollars,HT,MIS-I-2000,DEF-0.0,0.99995,0.99995,0.99995,0.0,17.86244615081321,17.86244615081321,17.86244615081321,1.0,0.99995,0.99995,1.0,1.0,200.0,200.0,0.0,0.005
MAIN,1.5,0.7,100,dollars,HT,MIS-I-2000,DEF-0.25,0.2807947213638851,0.2808434610726477,0.2816591305621172,0.0,5.015931386364316,5.01680204032019,5.031372621181745,1.0,0.2807947213638851,0.2816591305621172,0.42555995096058374,0.426254605019805,266.56527256508593,266.58269938265005,0.28870132067092963,0.0037514263969095707
MAIN,1.5,0.7,100,dollars,HT,MIS-I-2000,DEF-0.5,0.1411290503138834,0.14115271490553502,0.1417875853554479,0.0,2.521036113352818,2.521458841983307,2.5327997482529323,1.0,0.1411290503138834,0.1417875853554479,0.31321329349556193,0.3137451588399776,399.5440732551458,399.6223850275382,0.5417262294799001,0.0025028527938191422
MAIN,1.5,0.7,100,dollars,HT,MIS-I-2000,DEF-0.75,0.07810317761759304,0.0781176176814275,0.07855983426681676,0.0,1.395183563579834,1.3954415113398797,1.4033409762566376,1.0,0.07810317761759304,0.07855983426681676,0.2623192584591232,0.26269022427842514,797.270661425621,797.7385799106212,0.8824136221814459,0.0012542791907287137
MAIN,1.5,0.7,100,dollars,HT,MIS-I-2000,RA-EST,0.0518130871103453,0.051801984707859614,0.05189270527568526,0.0,0.9255547561537446,0.9253564301709001,0.9269770024570713,0.0,0.0518130871103453,0.05189270527568526,0.24108668905224778,0.24114882494951595,175266.85505101964,211656.7541522392,2.2038822155939766,5.705587638284723e-06
MAIN,1.5,0.7,100,rate,DIFF,COR-10000,DEF-0.0,0.99995,0.99995,0.9999500000000002,0.0,1.003002386350095,1.0029743513949563,1.0030917659881429,1.0,0.7529492338960773,0.7533358427895973,1.0,1.0,200.0,200.0,0.0,0.005
MAIN,1.5,0.7,100,rate,DIFF,COR-10000,DEF-0.25,0.9682600364826854,0.9682376594210315,0.9692258536470074,0.0,0.971215690467366,0.9712084746017399,0.9721381402339315,0.0,0.729087109976928,0.7298180437462587,0.968313113231961,0.9692769356285209,265.7319632538878,266.03593822555774,0.07854048898130861,0.003763190501524244
MAIN,1.5,0.7,100,rate,DIFF,COR-10000,DEF-0.5,0.9433634132068152,0.9432938906046087,0.9447451554624642,0.0,0.9462430713915098,0.9461787604048404,0.9475843114913722,0.0,0.7103402879545209,0.7114098613452554,0.9434188991482678,0.9447984106932529,395.8231159118815,397.1750851729248,0.1685007467673022,0.002526381003048488
MAIN,1.5,0.7,100,rate,DIFF,COR-10000,DEF-0.75,0.9256436280124244,0.9255180361442253,0.9268856185284945,0.0,0.9284691974282235,0.9283423412495387,0.9296759582331162,0.0,0.696997538566636,0.6979761227856995,0.9257008175447909,0.9269416965795064,775.4513818721074,783.2865809975706,0.28363218689129027,0.0012895715045727323
MAIN,1.5,0.7,100,rate,DIFF,COR-10000,RA-EST,0.9178687381354679,0.9177117633962764,0.9186325478597629,0.0,0.9206705739879659,0.9205040259760128,0.9213916693196781,0.0,0.6911431867046858,0.6918467664293938,0.9179266500867265,0.9186862280273728,18953.137739740938,28119.44206649582,0.5368287728809921,5.276200609697634e-05
MAIN,1.5,0.7,100,rate,DIFF,COR-10000,SRSWOR,,,,0.0,1.003052538977044,1.0030245026200872,1.0031419230842973,1.0,0.7529868832402393,0.7533735114651705,0.9999017129466856,0.9999990162151774,,,,
MAIN,1.5,0.7,100,rate,DIFF,COR-2000,DEF-0.0,0.99995,0.99995,0.9999500000000002,0.0,1.0031934661977244,1.0030924617115793,1.0035954533314688,1.0,0.7545498316899807,0.7561650685994231,1.0,1.0,200.0,200.0,0.0,0.005
MAIN,1.5,0.7,100,rate,DIFF,COR-2000,DEF-0.25,0.9681510256066683,0.9681398030722335,0.9702395468668149,0.0,0.9712913845326567,0.9711452600541268,0.9734032314367028,0.0,0.7305545945170246,0.7325991372273282,0.9682154992787756,0.970302923253749,265.78006935229814,266.3396389928108,0.07940809859210746,0.0037625093679222368
MAIN,1.5,0.7,100,rate,DIFF,COR-2000,DEF-0.5,0.9433759241783974,0.943242924898118,0.9465873971944875,0.0,0.9464359498621009,0.946190799727674,0.9496929637493112,0.0,0.7118596709622435,0.7146936298026738,0.9434516689824507,0.9466488381181479,396.03666793492425,398.53197613870293,0.17086010401291735,0.0025250187358444734
MAIN,1.5,0.7,100,rate,DIFF,COR-2000,DEF-0.75,0.9261228089971829,0.9258170786310675,0.9292209090649037,0.0,0.9291268850154362,0.9287814147705209,0.9323814805180153,0.0,0.6988410180386007,0.7014844554331434,0.926206391135042,0.9292775812728366,776.6821200534546,791.2560392156021,0.28875877544131484,0.00128752810376671
MAIN,1.5,0.7,100,rate,DIFF,COR-2000,RA-EST,0.9202616115455595,0.9190009271720683,0.9230111127612661,0.0,0.9232466089028801,0.9221003309454067,0.9259698037203553,0.0,0.6944196758417752,0.6974253037064327,0.9203478019848187,0.9231390907219152,19986.369649804532,54295.603332651706,0.5511601233473862,5.003747168894701e-05
MAIN,1.5,0.7,100,rate,DIFF,COR-2000,SRSWOR,,,,0.0,1.0032436283791433,1.0031426188425212,1.0036456356132495,1.0,0.7545875610680342,0.7562028787433603,0.9995401360632844,0.9999910946931706,,,,
MAIN,1.5,0.7,100,rate,DIFF,COR-500,DEF-0.0,0.99995,0.99995,0.9999500000000002,0.0,1.0041853623994113,1.0034922874613297,1.0062308149509598,1.0,0.7608889262552675,0.7675078185520764,1.0,1.0,200.0,200.0,0.0,0.005
MAIN,1.5,0.7,100,rate,DIFF,COR-500,DEF-0.25,0.9682278247827841,0.9680577886660009,0.9723282393873526,0.0,0.9723290694931316,0.9720836491965917,0.9767283546425122,0.0,0.7367505569076659,0.743054107530335,0.9683402291531351,0.9724874066502598,265.96994392412677,266.60912516000735,0.08208502979884685,0.003759823336484558
MAIN,1.5,0.7,100,rate,DIFF,COR-500,DEF-0.5,0.9442673796602389,0.9439299629442948,0.9505654349213746,0.0,0.948267463493416,0.9480498038297548,0.9547071410549982,0.0,0.718521654872123,0.726416378198725,0.9444266101925355,0.9506490846074219,396.88105013652853,399.741174919255,0.1768316703040256,0.002519646672969116
MAIN,1.5,0.7,100,rate,DIFF,COR-500,DEF-0.75,0.9291272631214259,0.9281180554694382,0.9349613785959262,0.0,0.9330636566109928,0.9320238330702801,0.9390563411422294,0.0,0.7070104000287536,0.7156893627674376,0.9293158881501498,0.9350465570759762,781.573734178356,798.4490566367184,0.3013953541414305,0.0012794700094536744
MAIN,1.5,0.7,100,rate,DIFF,COR-500,RA-EST,0.9401316517050483,0.9245306784463087,0.9575479258640132,0.045,0.9441123422324844,0.9280705722614601,0.9637718206797189,0.045,0.7155098094218877,0.7310277013976852,0.9403106041461814,0.9576132352829492,25456.946100094443,308889.98318775813,0.6077121657961406,3.929334593823245e-05
MAIN,1.5,0.7,100,rate,DIFF,COR-500,SRSWOR,,,,0.0,1.0042355741781204,1.0035424645845588,1.00628112900741,1.0,0.7609269726038977,0.7675461958618698,0.9980233721824123,0.9999656144221495,,,,
MAIN,1.5,0.7,100,rate,DIFF,KS-2000,DEF-0.0,0.99995,0.99995,0.9999500000000002,0.0,1.0032207938654605,1.0030748830482632,1.0037375984044734,1.0,0.7550591416631657,0.7570532966293517,1.0,1.0,200.0,200.0,0.0,0.005
MAIN,1.5,0.7,100,rate,DIFF,KS-2000,DEF-0.25,0.9682761135625989,0.9683972193939336,0.9702763429836078,0.0,0.9714433287139933,0.9715506244032555,0.9737067098836182,0.0,0.7311423135227392,0.7335464119845411,0.9683439280234235,0.9704192349488169,265.6254354540787,266.3424504304838,0.07842577737809979,0.003764699710804486
MAIN,1.5,0.7,100,rate,DIFF,KS-2000,DEF-0.5,0.9436064784002839,0.943644189914637,0.9468492696997084,0.0,0.9466930202283435,0.9467320249134678,0.9499974724351959,0.0,0.7125145299259786,0.715717773884946,0.9436881473748442,0.9469097175286183,395.35076658055857,398.54456601247665,0.16793819143524297,0.0025293994216089724
MAIN,1.5,0.7,100,rate,DIFF,KS-2000,DEF-0.75,0.9263954399764748,0.926204255468484,0.9296607268906152,0.0,0.9294257053548162,0.9293339604069906,0.9325402588968781,0.0,0.6995189200129721,0.702984151951605,0.9264867426769494,0.9297376088430158,772.7383302535702,791.3304857854359,0.28208448965140387,0.0012940991324134582
MAIN,1.5,0.7,100,rate,DIFF,KS-2000,RA-EST,0.9200394971111409,0.9192610844978764,0.9229505258530994,0.0,0.9230490279060996,0.9222524626156423,0.9260446640585392,0.0,0.6947206713630543,0.6983163081691072,0.9201342389736648,0.9230326885303175,17007.177782363113,54766.58362104456,0.5223969502929534,5.879884321794416e-05
MAIN,1.5,0.7,100,rate,DIFF,KS-2000,SRSWOR,,,,0.0,1.0032709574133312,1.0031250393002282,1.0037877877938632,1.0,0.7550968965079911,0.757091151186911,0.9994304858059035,0.9999905196986134,,,,
MAIN,1.5,0.7,100,rate,DIFF,MIS-G-10000,DEF-0.0,0.99995,0.99995,0.9999500000000002,0.0,1.0031194631343563,1.0030839183687525,1.0032287440612633,1.0,0.7916902114745283,0.7919208166920492,1.0,1.0,200.0,200.0,0.0,0.005
MAIN,1.5,0.7,100,rate,DIFF,MIS-G-10000,DEF-0.25,0.9779131084847691,0.9778861462832916,0.9787493676872271,0.0,0.9810127325370326,0.9809811562855617,0.9818206830775867,0.0,0.774242971974187,0.7749605554064655,0.9779652474101987,0.9787997409408161,255.1249828878731,255.98982573808885,0.06219242356428181,0.00391964749465407
MAIN,1.5,0.7,100,rate,DIFF,MIS-G-10000,DEF-0.5,0.9610164381263463,0.9609471859123306,0.9622223654303024,0.0,0.9640625114718123,0.9640134732049503,0.9652360444719096,0.0,0.7608653868950968,0.7618656134775076,0.961070207519885,0.96227430944137,352.20010733880974,355.51630582893097,0.12996289624013949,0.0028392949893081415
MAIN,1.5,0.7,100,rate,DIFF,MIS-G-10000,DEF-0.75,0.9496815189294129,0.9496188419422795,0.9506828234109049,0.0,0.9526916652484748,0.9526245682067753,0.9536844939651217,0.0,0.751891192494368,0.7527504602117822,0.9497363681629323,0.9507357140560069,568.523421955505,581.6605599563289,0.2074716541466169,0.0017589424839622122
MAIN,1.5,0.7,100,rate,DIFF,MIS-G-10000,RA-EST,0.945332440964123,0.9452873765480276,0.945575032621992,0.0,0.9483287948486856,0.9482706937737244,0.9486189315658751,0.0,0.7484478771620221,0.7488071131759827,0.9453876755137313,0.9456293069412909,1473.6439257475884,1598.4118158571116,0.3055788492277735,0.0006785899786162827
MAIN,1.5,0.7,100,rate,DIFF,MIS-G-10000,SRSWOR,,,,0.0,1.003169621615437,1.0031340750725062,1.0032789080066635,1.0,0.7917297979644267,0.7919604147127848,0.9999021870507896,1.000000448932364,,,,
MAIN,1.5,0.7,100,rate,DIFF,MIS-G-2000,DEF-0.0,0.99995,0.99995,0.9999500000000002,0.0,1.0033757075184517,1.0032170279536232,1.0039098385108733,1.0,0.7924101404843795,0.7935249152203326,1.0,1.0,200.0,200.0,0.0,0.005
MAIN,1.5,0.7,100,rate,DIFF,MIS-G-2000,DEF-0.25,0.9778584421768592,0.9779272674177526,0.9793158650413827,0.0,0.981208514469586,0.9811794395515874,0.9828871772775074,0.0,0.7749037698718345,0.7764589101362693,0.9779196119131989,0.9793940794325056,255.00577397054286,256.9447911655172,0.062156482770249766,0.003921479833352705
MAIN,1.5,0.7,100,rate,DIFF,MIS-G-2000,DEF-0.5,0.9609888640688072,0.9610532225061537,0.9630470337166402,0.0,0.964281178209579,0.9642490651029078,0.9666006003482045,0.0,0.7615355460176368,0.7637078323604062,0.9610585624151221,0.9631475017620096,351.7461087533722,359.2246584308529,0.1298248355520964,0.0028429596667054104
MAIN,1.5,0.7,100,rate,DIFF,MIS-G-2000,DEF-0.75,0.9497789459348773,0.9497169119047643,0.951557315815437,0.0,0.9530328806958631,0.9528648888718618,0.9551315995152381,0.0,0.7526523153702748,0.7545173706632157,0.949854307653556,0.9517186679161276,566.7522182475789,596.7798332192303,0.20740302462400179,0.0017644395000581156
MAIN,1.5,0.7,100,rate,DIFF,MIS-G-2000,RA-EST,0.9457234849874054,0.9455245956138025,0.946405986935719,0.0,0.9489635446999602,0.9486963648201655,0.9501005142927658,0.0,0.7494386512570164,0.7508985187700352,0.9458008796699819,0.946458618597468,1457.8973920148042,1761.9714504079307,0.3052774055049169,0.0006859193334108205
MAIN,1.5,0.7,100,rate,DIFF,MIS-G-2000,SRSWOR,,,,0.0,1.0034258788123924,1.003267191313189,1.003960036512699,1.0,0.792449762972528,0.7935645934500051,0.9994845146865479,0.9999948411312363,,,,
MAIN,1.5,0.7,100,rate,DIFF,MIS-I-2000,DEF-0.0,0.99995,0.99995,0.9999500000000002,0.0,1.0032096860649786,1.0030891801727795,1.003573886857781,1.0,0.7593093267916825,0.7610355120085947,1.0,1.0,200.0,200.0,0.0,0.005
MAIN,1.5,0.7,100,rate,DIFF,MIS-I-2000,DEF-0.25,0.9713142511745829,0.9713722271759047,0.9733601357598977,0.0,0.9744806466138229,0.9744662271761799,0.9767198434655933,0.0,0.7375645282623292,0.7398896195684032,0.9713770491365038,0.9734108153168277,259.25485436874516,260.99073085224666,0.0713495863383352,0.003857208398640435
MAIN,1.5,0.7,100,rate,DIFF,MIS-I-2000,DEF-0.5,0.9491080611661153,0.9491301951384536,0.9521955111991086,0.0,0.9522021041228185,0.9522130621135818,0.9552434993277088,0.0,0.7207021384004406,0.723563277444934,0.9491807604030711,0.9522973701386642,368.4032659999083,375.50119202700006,0.1496748928279742,0.0027144167972808705
MAIN,1.5,0.7,100,rate,DIFF,MIS-I-2000,DEF-0.75,0.9336555343103065,0.9336283336606468,0.9364679566276318,0.0,0.9366992195269239,0.9365786828059723,0.9396618787545494,0.0,0.7089682708283688,0.7115813957660951,0.9337350922146277,0.9365195977069237,636.2840787708717,669.0480011296711,0.24111096670526339,0.0015716251959213055
MAIN,1.5,0.7,100,rate,DIFF,MIS-I-2000,RA-EST,0.9267135325780665,0.9265028471137082,0.9292737314648849,0.0,0.929734577686432,0.9295520291351393,0.9322831876071689,0.0,0.70369708096787,0.7061366004873362,0.9267961115236466,0.9293348135177739,2331.911866857912,3065.467198338375,0.36438469533669654,0.0004288335945617407
MAIN,1.5,0.7,100,rate,DIFF,MIS-I-2000,SRSWOR,,,,0.0,1.0032598490574316,1.0031393371396362,1.003624068061184,1.0,0.7593472941563904,0.7610735656868789,0.9995492110607611,0.999993332829573,,,,
MAIN,1.5,0.7,100,rate,EXP,COR-2000,ST-NEY-EST,,,,0.0,0.9921416943363529,0.9912960603134516,0.9948099318594438,0.0,0.9474429367276997,0.949990962689309,1.2550031743525132,1.2587631672310629,,,,
MAIN,1.5,0.7,100,rate,HT,COR-10000,DEF-0.0,0.9999499999999995,0.9999499999999995,0.9999499999999995,0.0,1.0471259521741185,1.0471259521741185,1.0471259521741185,1.0,0.9999499999999995,0.9999499999999995,1.0,1.0,200.0,200.0,0.0,0.005
MAIN,1.5,0.7,100,rate,HT,COR-10000,DEF-0.25,0.9542543719944301,0.9542147437544175,0.9554953624834289,0.0,0.9992744816150645,0.9992329837816166,1.0005740199394124,0.225,0.9542543719944301,0.9554953624834289,0.9861918289496856,0.9865668532031299,260.84581813589176,262.2121431373726,0.04883885870914399,0.003833682322009856
MAIN,1.5,0.7,100,rate,HT,COR-10000,DEF-0.5,0.9188951438593,0.9188436966428856,0.9207451488301979,0.0,0.9622470648150845,0.9621931904058894,0.9641843498960168,0.0,0.9188951438593,0.9207451488301979,0.9755003288097019,0.9760598056654153,374.9018780638401,380.60269177299415,0.10196637939413786,0.002667364644019712
MAIN,1.5,0.7,100,rate,HT,COR-10000,DEF-0.75,0.8951346185646174,0.895049857673464,0.8967433915875122,0.0,0.9373655580663953,0.9372767982995508,0.9390502302834368,0.0,0.8951346185646174,0.8967433915875122,0.9683041911131809,0.9687922002508145,666.2017417332452,693.9059111752871,0.1623072564050611,0.001501046966029568
MAIN,1.5,0.7,100,rate,HT,COR-10000,RA-EST,0.886110887329114,0.8860496541466409,0.886381470517951,0.0,0.9279161024314736,0.9278519803708689,0.9281994512781694,0.0,0.886110887329114,0.886381470517951,0.9655448529501999,0.9656227182383761,2987.4998241623343,3924.3109452869244,0.23795981224374496,0.0003347292880394239
MAIN,1.5,0.7,100,rate,HT,COR-2000,DEF-0.0,0.9999499999999995,0.9999499999999995,0.9999499999999995,0.0,1.0471259521741185,1.0471259521741185,1.0471259521741185,1.0,0.9999499999999995,0.9999499999999995,1.0,1.0,200.0,200.0,0.0,0.005
MAIN,1.5,0.7,100,rate,HT,COR-2000,DEF-0.25,0.9541301429974308,0.9543020574096913,0.9568534531163,0.0,0.9991443917037983,0.9993244167476814,1.001996182994649,0.36,0.9541301429974308,0.9568534531163,0.9861542444847798,0.9869772360819877,260.95531598018226,263.95118139560986,0.049004273649942365,0.003832073688849986
MAIN,1.5,0.7,100,rate,HT,COR-2000,DEF-0.5,0.9188489104898906,0.9190110690434499,0.9228538979641163,0.0,0.9621986502333904,0.9623684591536353,0.9663925862525852,0.0,0.9188489104898906,0.9228538979641163,0.9754860854210158,0.976698076310504,375.35461105787385,388.02421881859374,0.10242984518386977,0.0026641473776999724
MAIN,1.5,0.7,100,rate,HT,COR-2000,DEF-0.75,0.8954708397992708,0.8956171572725016,0.8988502711817866,0.0,0.937717641651052,0.9378708621355528,0.9412565088986383,0.0,0.8954708397992708,0.8988502711817866,0.9684048849800395,0.9694304959335587,668.3504476889668,732.2048450733598,0.16304980177095277,0.0014962210665499585
MAIN,1.5,0.7,100,rate,HT,COR-2000,RA-EST,0.8875106122998035,0.8872404109305789,0.8889837459102914,0.0,0.9293818640622704,0.9290989150487916,0.9309244976285104,0.0,0.8875106122998035,0.8889837459102914,0.965965058737084,0.9663967130750422,3046.0453903492926,6480.205805736614,0.24003135348289933,0.00032829475539994466
MAIN,1.5,0.7,100,rate,HT,COR-500,DEF-0.0,0.9999499999999995,0.9999499999999995,0.9999499999999995,0.0,1.0471259521741185,1.0471259521741185,1.0471259521741185,1.0,0.9999499999999995,0.9999499999999995,1.0,1.0,200.0,200.0,0.0,0.005
MAIN,1.5,0.7,100,rate,HT,COR-500,DEF-0.25,0.954371839201728,0.9545926579342466,0.9601592102435497,0.0,0.999397490726811,0.9996287273141868,1.0054579001600352,0.485,0.954371839201728,0.9601592102435497,0.986227134925688,0.9879764318955269,261.47303513497656,265.88962168657247,0.049372043828806514,0.0038244861898307564
MAIN,1.5,0.7,100,rate,HT,COR-500,DEF-0.5,0.9198104754581707,0.919965815453556,0.9282843130125373,0.0,0.9632055802128769,0.9633682488868891,0.9720791991115068,0.0,0.9198104754581707,0.9282843130125373,0.9757758219497599,0.9783402284869738,377.5049172985083,396.5235583076601,0.10311583192873391,0.0026489723796615135
MAIN,1.5,0.7,100,rate,HT,COR-500,DEF-0.75,0.8980759137447766,0.896963206342845,0.906067951078986,0.0,0.9404456185855704,0.9392804155276788,0.9488147067433734,0.0,0.8980759137447766,0.906067951078986,0.9691890651694252,0.9716141800208697,678.675832118412,779.4977344949981,0.1644660693220013,0.00147345856949227
MAIN,1.5,0.7,100,rate,HT,COR-500,RA-EST,0.8993389651836253,0.8917486643609185,0.9027475582397478,0.005,0.9417682586581235,0.9338198602619388,0.9453376633778259,0.01,0.8993389651836253,0.9027475582397478,0.9695181440011846,0.9705079040498196,3356.432046481532,22812.70164322969,0.24985771758029782,0.0002979447593230265
MAIN,1.5,0.7,100,rate,HT,KS-2000,DEF-0.0,0.9999499999999995,0.9999499999999995,0.9999499999999995,0.0,1.0471259521741185,1.0471259521741185,1.0471259521741185,1.0,0.9999499999999995,0.9999499999999995,1.0,1.0,200.0,200.0,0.0,0.005
MAIN,1.5,0.7,100,rate,HT,KS-2000,DEF-0.25,0.9543351623776782,0.9541476137670479,0.9571040098719539,0.0,0.9993590835521465,0.9991626867148193,1.0022585605948668,0.385,0.9543351623776782,0.9571040098719539,0.9862162060689499,0.9870531396343746,260.2689249871937,263.95228729875447,0.049275357468995806,0.0038421799603483653
MAIN,1.5,0.7,100,rate,HT,KS-2000,DEF-0.5,0.9191862195851306,0.9188714109057388,0.9232422679017659,0.0,0.9625518730020589,0.962222212180857,0.9667992788279711,0.0,0.9191862195851306,0.9232422679017659,0.9755880786263472,0.9768158349522451,372.52843208992897,388.02900756375396,0.10287352958292789,0.0026843599206967305
MAIN,1.5,0.7,100,rate,HT,KS-2000,DEF-0.75,0.8958595471458283,0.8954352490101829,0.8992766119817964,0.0,0.9381246875537284,0.9376803717486446,0.9417029637375414,0.0,0.8958595471458283,0.8992766119817964,0.9685225313130899,0.9695608134705452,655.0780249282084,732.2305541949486,0.16395226461367274,0.0015265398810450958
MAIN,1.5,0.7,100,rate,HT,KS-2000,RA-EST,0.8878216244532469,0.8875592707101692,0.8892151286903173,0.0,0.9297075492438416,0.9294328180942573,0.9311667966573132,0.0,0.8878216244532469,0.8892151286903173,0.9660595189437055,0.9664687964219784,2712.3118707985295,6483.125090534352,0.24169051023427157,0.0003687198413934612
MAIN,1.5,0.7,100,rate,HT,MIS-G-10000,DEF-0.0,0.9999499999999995,0.9999499999999995,0.9999499999999995,0.0,1.0471259521741185,1.0471259521741185,1.0471259521741185,1.0,0.9999499999999995,0.9999499999999995,1.0,1.0,200.0,200.0,0.0,0.005
MAIN,1.5,0.7,100,rate,HT,MIS-G-10000,DEF-0.25,0.9622747523612171,0.9622286317425444,0.9634263816809999,0.0,1.0076732499818533,1.0076249534702852,1.0088792112279448,1.0,0.9622747523612171,0.9634263816809999,0.9886151851419065,0.9889632480029715,250.67751123828253,251.6850378062711,0.04371333637553275,0.003989189119512399
MAIN,1.5,0.7,100,rate,HT,MIS-G-10000,DEF-0.5,0.9332034676576361,0.9331349548299677,0.9349089528028236,0.0,0.9772304311647503,0.9771586860175844,0.979016378218676,0.0,0.9332034676576361,0.9349089528028236,0.9798242267101833,0.9803401583511837,335.753192567746,339.3926559718573,0.09077056690127683,0.0029783782390247976
MAIN,1.5,0.7,100,rate,HT,MIS-G-10000,DEF-0.75,0.9137358710456779,0.9136872811615382,0.9152275057893251,0.0,0.9568443862236649,0.9567935039508554,0.9584063937752799,0.0,0.9137358710456779,0.9152275057893251,0.9739270432263842,0.9743796560284449,508.2418185955141,520.9257652508569,0.14305196546142987,0.0019675673585371964
MAIN,1.5,0.7,100,rate,HT,MIS-G-10000,RA-EST,0.9060997261326389,0.9060594304649937,0.9062931632904985,0.0,0.9488479808903927,0.9488057841412036,0.949050544086662,0.0,0.9060997261326389,0.9062931632904985,0.9715919706774052,0.9716508220857482,1045.1981429083112,1119.973854850322,0.20450536399841213,0.0009567564780495949
MAIN,1.5,0.7,100,rate,HT,MIS-G-2000,DEF-0.0,0.9999499999999995,0.9999499999999995,0.9999499999999995,0.0,1.0471259521741185,1.0471259521741185,1.0471259521741185,1.0,0.9999499999999995,0.9999499999999995,1.0,1.0,200.0,200.0,0.0,0.005
MAIN,1.5,0.7,100,rate,HT,MIS-G-2000,DEF-0.25,0.9622626431591396,0.9623930498631152,0.9644835357232304,0.0,1.007660569488073,1.007797128560097,1.0099862400124493,1.0,0.9622626431591396,0.9644835357232304,0.988611507545804,0.9892829163846644,250.50178083416634,252.843465205094,0.043557507934498946,0.003991987589378632
MAIN,1.5,0.7,100,rate,HT,MIS-G-2000,DEF-0.5,0.9332477547178903,0.9334139437242872,0.9364380558392802,0.0,0.9772768076137105,0.9774508371367507,0.9806176217538749,0.0,0.9332477547178903,0.9364380558392802,0.9798375071666173,0.9808029450530644,335.12343152266817,343.63879675396674,0.09045054462513724,0.002983975178757263
MAIN,1.5,0.7,100,rate,HT,MIS-G-2000,DEF-0.75,0.9139384055695007,0.9140226412155074,0.9166423118694091,0.0,0.9570564759842588,0.9571446857257777,0.9598879480167416,0.0,0.9139384055695007,0.9166423118694091,0.9739879212167449,0.9748091945778782,506.08241396976473,536.1791775072066,0.1425781219394212,0.0019759627681358947
MAIN,1.5,0.7,100,rate,HT,MIS-G-2000,RA-EST,0.9066572080641666,0.9064112663517411,0.9076417283346697,0.0,0.9494317638779128,0.9491742190508685,0.9504627321520117,0.0,0.9066572080641666,0.9076417283346697,0.9717595406769628,0.972048644172308,1033.1108911054807,1219.4186153991643,0.20398430717489324,0.0009679503575145258
MAIN,1.5,0.7,100,rate,HT,MIS-I-2000,DEF-0.0,0.9999499999999995,0.9999499999999995,0.9999499999999995,0.0,1.0471259521741185,1.0471259521741185,1.0471259521741185,1.0,0.9999499999999995,0.9999499999999995,1.0,1.0,200.0,200.0,0.0,0.005
MAIN,1.5,0.7,100,rate,HT,MIS-I-2000,DEF-0.25,0.9550877366764826,0.9549721006137455,0.9579164678266963,0.0,1.0001471630353378,1.0000260714584597,1.0031093489437455,0.51,0.9550877366764826,0.9579164678266963,0.9864436015785781,0.9872987809952205,250.71933642147678,253.26849628060535,0.04872526130317602,0.003988523658401887
MAIN,1.5,0.7,100,rate,HT,MIS-I-2000,DEF-0.5,0.9206125336390406,0.9204045356639521,0.9247046905130251,0.0,0.9640454781441157,0.9638276671758526,0.9683306960681289,0.0,0.9206125336390406,0.9247046905130251,0.9760190127377218,0.9772564950314709,335.9033058676108,345.21352252601923,0.10172100425721489,0.0029770473168037738
MAIN,1.5,0.7,100,rate,HT,MIS-I-2000,DEF-0.75,0.8979618184904544,0.8977574495498983,0.9015603226263015,0.0,0.9403261405098461,0.9401121297878354,0.9440944159932716,0.0,0.8979618184904544,0.9015603226263015,0.9691574631702993,0.970249755159467,508.7581143247381,541.9652192482898,0.16194134634264598,0.001965570975205661
MAIN,1.5,0.7,100,rate,HT,MIS-I-2000,RA-EST,0.8906513076350119,0.890343096612968,0.8924589410191641,0.0,0.9326707320990412,0.9323479802015178,0.9345636465733269,0.0,0.8906513076350119,0.8924589410191641,0.9669136790480135,0.9674428707465224,1048.115506499007,1260.214354340027,0.23530134770587413,0.0009540946336075477
MAIN,1.5,0.7,400,dollars,DIFF,COR-10000,DEF-0.0,0.9999499999999999,0.9999499999999999,0.9999500000000001,0.0,2.737008999882321,2.7364656883681775,2.7387033020352907,1.0,0.11903164392223474,0.11915617358498679,1.0,1.0,50.0,50.0,0.0,0.02
MAIN,1.5,0.7,400,dollars,DIFF,COR-10000,DEF-0.25,0.5084613754233827,0.50852490342859,0.5106882234344803,0.0,1.3917323769925352,1.3913623250838547,1.3978121918139172,1.0,0.06052599070034165,0.06078017499611604,0.5085367421042688,0.5107469230300254,66.62183180756864,66.63545810215288,0.2547207453785191,0.01501009463217479
MAIN,1.5,0.7,400,dollars,DIFF,COR-10000,DEF-0.5,0.391163774869076,0.39122388660527835,0.39258824621975963,0.0,1.0706718460935643,1.0704698567661173,1.0747852145968104,1.0,0.04656317203886555,0.04674751054080159,0.39124193293374354,0.39270247638187167,99.79851414202197,99.85969282329246,0.48194462527264315,0.01002018926434958
MAIN,1.5,0.7,400,dollars,DIFF,COR-10000,DEF-0.75,0.3360091639155079,0.3361058620388372,0.3369100942089521,0.0,0.9197057333407632,0.9196765420842252,0.9221212405974425,0.0,0.039997704971281134,0.04011215410676037,0.33608706115965303,0.3369968041306167,198.79593689056236,199.16051266238506,0.7758682725444176,0.0050302838965243695
MAIN,1.5,0.7,400,dollars,DIFF,COR-10000,RA-EST,0.31383659450776286,0.3138218265574146,0.31407256784447146,0.0,0.8590163318745375,0.8588811461842265,0.859661370715257,0.0,0.03735834355757879,0.03740004599505447,0.3139129765255337,0.31414918318681817,24765.661351229905,35586.105981433924,1.6600921289438983,4.037852869915912e-05
MAIN,1.5,0.7,400,dollars,DIFF,COR-10000,SRSWOR,,,,0.0,2.73714585717518,2.7366025184941027,2.7388402440474935,1.0,0.11903759580202485,0.11916213169157135,0.9999373438619225,0.9999989622168979,,,,
MAIN,1.5,0.7,400,dollars,DIFF,COR-2000,DEF-0.0,0.9999499999999999,0.9999499999999999,0.9999500000000001,0.0,2.741061928126456,2.7381131995214423,2.7510122761674247,1.0,0.11945594160266476,0.12005869299171472,1.0,1.0,50.0,50.0,0.0,0.02
MAIN,1.5,0.7,400,dollars,DIFF,COR-2000,DEF-0.25,0.5079534891223182,0.508350974735728,0.5129978887328777,0.0,1.392394320217424,1.391014650482104,1.4068438840707373,1.0,0.06068062222667193,0.06128731217675782,0.5081392281314736,0.5133085240864598,66.62463500333408,66.6509316720094,0.25518834609773494,0.015009463090493596
MAIN,1.5,0.7,400,dollars,DIFF,COR-2000,DEF-0.5,0.3908217575998698,0.39128802561805076,0.39408969406514704,0.0,1.071313594011404,1.0704332157580048,1.0812297219446518,1.0,0.046687908655949836,0.04707857399005977,0.3910318473457805,0.39440773926684647,99.81109571393378,99.92922594517923,0.48290080860882123,0.010018926180987191
MAIN,1.5,0.7,400,dollars,DIFF,COR-2000,DEF-0.75,0.33586493274990836,0.33624310425571735,0.33781709752491756,0.0,0.9206665467064248,0.9202503209405857,0.9260755709963476,0.0,0.040122723971850086,0.040389731635343304,0.3360826506653589,0.3380177664638712,198.87084034716554,199.57595611696797,0.7780164507661381,0.005028389271480787
MAIN,1.5,0.7,400,dollars,DIFF,COR-2000,RA-EST,0.31426318345161347,0.31404491949971813,0.31544961001690164,0.0,0.8614520730977224,0.8604446289613517,0.8640597666417886,0.0,0.037542234685312266,0.03770197935092462,0.3144805201994275,0.31556256539968497,26418.44064821973,70624.66721497437,1.667164665755248,3.785236197438249e-05
MAIN,1.5,0.7,400,dollars,DIFF,COR-2000,SRSWOR,,,,0.0,2.7411989880758596,2.738250112027044,2.751149833659108,1.0,0.11946191469839969,0.12006469622652605,0.9996972820511784,0.9999950122022817,,,,
MAIN,1.5,0.7,400,dollars,DIFF,COR-500,DEF-0.0,0.9999499999999999,0.9999499999999999,0.9999500000000001,0.0,2.7600341039763334,2.746916691246083,2.799887611751097,1.0,0.12125607530227503,0.12387959676897511,1.0,1.0,50.0,50.0,0.0,0.02
MAIN,1.5,0.7,400,dollars,DIFF,COR-500,DEF-0.25,0.5082108999340202,0.5105952594537235,0.5188189069315295,0.0,1.4025177723433686,1.3986863808908332,1.4323247122358678,1.0,0.06161409188435271,0.063177027608227,0.5088910532738838,0.5191842425230616,66.63124224180996,66.66483303679735,0.2549012888610488,0.015007974735171018
MAIN,1.5,0.7,400,dollars,DIFF,COR-500,DEF-0.5,0.39115661778303923,0.3932393213112617,0.3988087767947087,0.0,1.0794698067629174,1.0773571444384724,1.0993990795247932,1.0,0.04742274164817454,0.04853595563017196,0.39195499552489305,0.39971406171953805,99.84075940096616,99.99174911948998,0.48248471246525626,0.010015949470342036
MAIN,1.5,0.7,400,dollars,DIFF,COR-500,DEF-0.75,0.3365744457025853,0.3377826738568574,0.3419940652512399,0.0,0.9288627919804472,0.9261750655043763,0.9435594681346042,0.005,0.04080757633515067,0.041750205060195056,0.33741358936055177,0.342584035300836,199.04759112363578,199.95050288537706,0.7773375564039005,0.0050239242055130535
MAIN,1.5,0.7,400,dollars,DIFF,COR-500,RA-EST,0.31964627383078154,0.3151850826846204,0.3256482243809019,0.0,0.8824469548092521,0.8666800929845793,0.8995341880584071,0.02,0.03878158614805124,0.03958794291973049,0.3204849238468767,0.3259528136063627,31364.34881341421,605987.0119687096,1.6926066380044933,3.1898940684070744e-05
MAIN,1.5,0.7,400,dollars,DIFF,COR-500,SRSWOR,,,,0.0,2.7601721125819627,2.747054043948281,2.800027613131754,1.0,0.1212621384091955,0.12388579105852805,0.9986334421209868,0.999954713122664,,,,
MAIN,1.5,0.7,400,dollars,DIFF,KS-2000,DEF-0.0,0.9999499999999999,0.9999499999999999,0.9999500000000001,0.0,2.740628359475553,2.738329989594564,2.7498550028883146,1.0,0.11950326022217257,0.12011658620005093,1.0,1.0,50.0,50.0,0.0,0.02
MAIN,1.5,0.7,400,dollars,DIFF,KS-2000,DEF-0.25,0.5089837479481776,0.5093841219344952,0.5142303527110289,0.0,1.395000809004888,1.3939838869691548,1.411504654452394,1.0,0.060828225209389,0.06158635475997097,0.5091865563332771,0.5145635523654012,66.61832183692431,66.64992253174873,0.2542929019713138,0.01501088548055651
MAIN,1.5,0.7,400,dollars,DIFF,KS-2000,DEF-0.5,0.3915787674934997,0.3920293843356012,0.3949933561289807,0.0,1.0732208349191847,1.0729305926250343,1.0835133559937635,1.0,0.04679717471782863,0.04729590485989504,0.3918099745807415,0.39524520265709284,99.78276333480129,99.92468926475973,0.48123963772094036,0.01002177096111302
MAIN,1.5,0.7,400,dollars,DIFF,KS-2000,DEF-0.75,0.3363611483633171,0.3367351849581106,0.3383085771787137,0.0,0.9218820206815731,0.9216159221462201,0.9276935203715292,0.0,0.04019810776909609,0.04051267387123427,0.33660193330183796,0.3385663533332766,198.7022185330288,199.5488159127524,0.7741408462012175,0.00503265644166953
MAIN,1.5,0.7,400,dollars,DIFF,KS-2000,RA-EST,0.31428682267035496,0.31416069197794605,0.3156575814648447,0.0,0.861381016352768,0.8606591560858154,0.8640909939882702,0.0,0.037559972793914584,0.03775576925149184,0.31452817802559524,0.3158633192034649,22966.412892655346,66421.53680124914,1.6563160555582885,4.35419222260397e-05
MAIN,1.5,0.7,400,dollars,DIFF,KS-2000,SRSWOR,,,,0.0,2.7407653977454407,2.7384669129402113,2.7499925025134404,1.0,0.11950923568395679,0.12012259232966745,0.9996610514653517,0.9999935785996884,,,,
MAIN,1.5,0.7,400,dollars,DIFF,MIS-G-10000,DEF-0.0,0.9999499999999999,0.9999499999999999,0.9999500000000001,0.0,2.712113068300186,2.7115802211733397,2.7137358217289758,1.0,0.12255032612287577,0.12265012028469768,1.0,1.0,50.0,50.0,0.0,0.02
MAIN,1.5,0.7,400,dollars,DIFF,MIS-G-10000,DEF-0.25,0.5229378897444389,0.5230624126714729,0.5251312446474194,0.0,1.4183356090442012,1.4183324194913447,1.4242681262053398,1.0,0.06408931710411613,0.06435461583857771,0.523014213608567,0.5252073243160795,66.57983323943122,66.58454588984877,0.24950866825753656,0.015019563001965698
MAIN,1.5,0.7,400,dollars,DIFF,MIS-G-10000,DEF-0.5,0.40596508717879426,0.4061079990447794,0.40753357727581774,0.0,1.101076831531042,1.1011431620542735,1.1050927090302474,1.0,0.049753571306222835,0.04993801524053943,0.40604475833001913,0.40759909309722925,99.61026483863796,99.63136468288073,0.47230814966952167,0.010039126003931396
MAIN,1.5,0.7,400,dollars,DIFF,MIS-G-10000,DEF-0.75,0.35087960061894513,0.351029443027639,0.35178749485128047,0.0,0.951671791172084,0.9516922814387683,0.9539678458279743,0.0,0.043002513318815376,0.043105521092516697,0.35095932357394216,0.3518368338864838,197.67967527452805,197.80437578987912,0.757746050573145,0.0050586890058970935
MAIN,1.5,0.7,400,dollars,DIFF,MIS-G-10000,RA-EST,0.3292357313596444,0.32927201231340014,0.32937586324309104,0.0,0.892968907163997,0.8929143891273226,0.8933131854629561,0.0,0.040349950152647265,0.04037518656627496,0.32931405218228976,0.329444949601731,12779.224859419543,13513.54040159215,1.5355650446029006,7.825200786279091e-05
MAIN,1.5,0.7,400,dollars,DIFF,MIS-G-10000,SRSWOR,,,,0.0,2.7122486807342225,2.7117158069636886,2.7138715153047412,1.0,0.12255645394557306,0.12265625309735255,0.9999341241181363,1.0000004406961756,,,,
MAIN,1.5,0.7,400,dollars,DIFF,MIS-G-2000,DEF-0.0,0.9999499999999999,0.9999499999999999,0.9999500000000001,0.0,2.716610057753905,2.713233334707667,2.7247798844418747,1.0,0.12285754322881347,0.12341186526427424,1.0,1.0,50.0,50.0,0.0,0.02
MAIN,1.5,0.7,400,dollars,DIFF,MIS-G-2000,DEF-0.25,0.5229726466900901,0.5233828819772104,0.5294302470997542,0.0,1.4207553334903105,1.4189440889289782,1.4390562514051504,1.0,0.06425292208466882,0.0651384503087967,0.5231874345375741,0.5296480733602567,66.5800106855834,66.58930892480285,0.24933218941194357,0.015019522972480454
MAIN,1.5,0.7,400,dollars,DIFF,MIS-G-2000,DEF-0.5,0.4058612030435777,0.40629779573183505,0.41005392467161217,0.0,1.102597413394839,1.1015093020575595,1.1149524075256045,1.0,0.04986435289487999,0.05046258451783774,0.40610733706446617,0.4104074738709693,99.61105920657454,99.65269617352546,0.47205505697619443,0.010039045944960912
MAIN,1.5,0.7,400,dollars,DIFF,MIS-G-2000,DEF-0.75,0.350667603168613,0.35114387942581204,0.352936480657951,0.0,0.9526545937745234,0.9518809929577221,0.9600246978472521,0.0,0.04308324887077347,0.04343203469468653,0.3509242473773784,0.3532461351481522,197.6843681147018,197.9305518114322,0.7573595426716306,0.005058568917441365
MAIN,1.5,0.7,400,dollars,DIFF,MIS-G-2000,RA-EST,0.32890667873644036,0.32923156591981934,0.32954171521978426,0.0,0.8935415229792063,0.8932487773859854,0.8946216764657715,0.0,0.04040988663662102,0.040505445876653515,0.3291635234228108,0.3296585988027855,12805.427921419143,14346.845611764484,1.5352645614008384,7.809188992182107e-05
MAIN,1.5,0.7,400,dollars,DIFF,MIS-G-2000,SRSWOR,,,,0.0,2.716745895048658,2.7133690031578257,2.724916130248387,1.0,0.12286368641313412,0.12341803616608257,0.9996264714600411,0.9999972182445567,,,,
MAIN,1.5,0.7,400,dollars,DIFF,MIS-I-2000,DEF-0.0,0.9999499999999999,0.9999499999999999,0.9999500000000001,0.0,2.748384615729669,2.7460767179706362,2.756844082836806,1.0,0.12063017523612675,0.12117942015521839,1.0,1.0,50.0,50.0,0.0,0.02
MAIN,1.5,0.7,400,dollars,DIFF,MIS-I-2000,DEF-0.25,0.510176176047734,0.5101902788570764,0.5159439431331128,0.0,1.4022163646666324,1.4004380316889233,1.4186579118659346,1.0,0.06154484209698648,0.062243333343886244,0.5103607236959476,0.5162795000762698,66.59720957602916,66.60662738339516,0.25224997818049055,0.015015644144344833
MAIN,1.5,0.7,400,dollars,DIFF,MIS-I-2000,DEF-0.5,0.3930241507994075,0.39320676484085954,0.3970097397687984,0.0,1.080224397398041,1.0791983273844745,1.0915372158125412,1.0,0.047412232166756024,0.04787748390976709,0.39323325822012656,0.39718010203815296,99.68809301668418,99.73030898693376,0.47656043267931825,0.010031288288689669
MAIN,1.5,0.7,400,dollars,DIFF,MIS-I-2000,DEF-0.75,0.3378881841704014,0.33827973696644886,0.3401420651917381,0.0,0.9286846190886939,0.9285151216751658,0.9350039384792312,0.0,0.040760987164182,0.04103887175286646,0.33810524503280687,0.3406353400084941,198.14016004160544,198.39053508609442,0.7642555721086807,0.005046932433034501
MAIN,1.5,0.7,400,dollars,DIFF,MIS-I-2000,RA-EST,0.3155171884536942,0.3154753152947124,0.3167067471299131,0.0,0.8672008480767377,0.8667982786157074,0.8700001436771194,0.0,0.038062422838211624,0.03820833115459521,0.31573435078800327,0.31689414191549253,15980.420296362301,18489.73538126305,1.5579604712424833,6.257657737933445e-05
MAIN,1.5,0.7,400,dollars,DIFF,MIS-I-2000,SRSWOR,,,,0.0,2.748522041831761,2.74621402867207,2.7569819319334035,1.0,0.12063620704647908,0.12118547942918984,0.9996991371403731,0.9999944963543301,,,,
MAIN,1.5,0.7,400,dollars,EXP,COR-2000,ST-NEY-EST,,,,0.0,1.716478693732499,1.6910009718301713,1.7829365880004968,1.0,0.09367854451874959,0.09730555068523407,0.783958954952223,0.8096518282970212,,,,
MAIN,1.5,0.7,400,dollars,HT,COR-10000,DEF-0.0,0.9999499999999999,0.9999499999999999,0.9999499999999999,0.0,18.32215560793944,18.32215560793944,18.32215560793944,1.0,0.9999499999999999,0.9999499999999999,1.0,1.0,50.0,50.0,0.0,0.02
MAIN,1.5,0.7,400,dollars,HT,COR-10000,DEF-0.25,0.27515773275089844,0.27516404361017266,0.27554268475531923,0.0,5.041734882933922,5.041850517261281,5.048788386135669,1.0,0.27515773275089844,0.27554268475531923,0.41660660392206716,0.4169217532934868,66.64047223878721,66.64244064307069,0.2887577938172268,0.015005896062932806
MAIN,1.5,0.7,400,dollars,HT,COR-10000,DEF-0.5,0.13742507174202742,0.13743068030709973,0.13771213046362193,0.0,2.518049451362236,2.518152217502535,2.5233092489177844,1.0,0.13742507174202742,0.13771213046362193,0.302542877515792,0.3027836784991842,99.8822176317949,99.8910620678056,0.5418025089817194,0.010011792125865615
MAIN,1.5,0.7,400,dollars,HT,COR-10000,DEF-0.75,0.07604541484412797,0.07604663475696444,0.0762442130026786,0.0,1.3933855933240866,1.3934079458745323,1.3970281862492695,1.0,0.07604541484412797,0.0762442130026786,0.25086382675347485,0.25103175460192045,199.29496660083782,199.34779340758632,0.8825880872751286,0.005017688188798422
MAIN,1.5,0.7,400,dollars,HT,COR-10000,RA-EST,0.05043297886408396,0.0504275518168593,0.050455646805824234,0.0,0.924087090874211,0.9239876506984604,0.9245024371974041,0.0,0.05043297886408396,0.050455646805824234,0.2292611657057416,0.22927500171945092,42401.17564097065,45847.695188610596,2.206860611833316,2.3584251731229977e-05
MAIN,1.5,0.7,400,dollars,HT,COR-2000,DEF-0.0,0.9999499999999999,0.9999499999999999,0.9999499999999999,0.0,18.32215560793944,18.32215560793944,18.32215560793944,1.0,0.9999499999999999,0.9999499999999999,1.0,1.0,50.0,50.0,0.0,0.02
MAIN,1.5,0.7,400,dollars,HT,COR-2000,DEF-0.25,0.2751985299396964,0.2752586105122736,0.2759417180888068,0.0,5.042482412751936,5.043583273394743,5.056099902540403,1.0,0.2751985299396964,0.2759417180888068,0.41663918466525934,0.4172501077560507,66.64031849501046,66.64409187129199,0.28869238306753753,0.015005930682562358
MAIN,1.5,0.7,400,dollars,HT,COR-2000,DEF-0.5,0.13746891079895568,0.13751930759053416,0.13803626675725267,0.0,2.51885271754829,2.519776141576933,2.5292484214864963,1.0,0.13746891079895568,0.13803626675725267,0.3025779787551662,0.30305810768497127,99.88152687405787,99.89848217314157,0.5417074849330887,0.010011861365124719
MAIN,1.5,0.7,400,dollars,HT,COR-2000,DEF-0.75,0.07609561433338353,0.07612666829880652,0.0764865816273089,0.0,1.3943054021681085,1.3948744062050338,1.4014691239511132,1.0,0.07609561433338353,0.0764865816273089,0.25090411645577204,0.25124067129542904,199.2908415687255,199.3921272373333,0.8823426604669633,0.005017792047687078
MAIN,1.5,0.7,400,dollars,HT,COR-2000,RA-EST,0.05051649215719374,0.05048527829257682,0.050622742697782025,0.0,0.925617310936903,0.9250453770555724,0.9275641472168031,0.0,0.05051649215719374,0.050622742697782025,0.22932815051479552,0.2294012570026341,42153.665391263115,49202.435192714,2.206110372707046,2.372273024943708e-05
MAIN,1.5,0.7,400,dollars,HT,COR-500,DEF-0.0,0.9999499999999999,0.9999499999999999,0.9999499999999999,0.0,18.32215560793944,18.32215560793944,18.32215560793944,1.0,0.9999499999999999,0.9999499999999999,1.0,1.0,50.0,50.0,0.0,0.02
MAIN,1.5,0.7,400,dollars,HT,COR-500,DEF-0.25,0.27546548935814236,0.27556482134653093,0.2772932376042982,0.0,5.047373929333538,5.049193996484996,5.080863891609857,1.0,0.27546548935814236,0.2772932376042982,0.41685598300607674,0.4183545639960507,66.64151287074768,66.65075018722553,0.28868421587607584,0.015005661740306677
MAIN,1.5,0.7,400,dollars,HT,COR-500,DEF-0.5,0.1377385611531903,0.13769959810273327,0.13908185980629714,0.0,2.5237935403394527,2.52307961756988,2.5484068979574923,1.0,0.1377385611531903,0.13908185980629714,0.3027999621778876,0.30393802336120945,99.88689327071131,99.92841002680477,0.5419351135620187,0.010011323480613357
MAIN,1.5,0.7,400,dollars,HT,COR-500,DEF-0.75,0.07641017727108962,0.07629760549318854,0.07742713759665376,0.0,1.400069161449214,1.39800650068441,1.418702998473152,1.0,0.07641017727108962,0.07742713759665376,0.2511639351551216,0.25201859956205724,199.3228913430363,199.57107430501247,0.8830162921518416,0.005016985220920036
MAIN,1.5,0.7,400,dollars,HT,COR-500,RA-EST,0.0515685474987589,0.05069100818791576,0.05146920723448025,0.0,0.9448941964574997,0.9288149806913595,0.943073977666313,0.015,0.0515685474987589,0.05146920723448025,0.23017660302828497,0.23005508184215567,44156.26198198869,69793.17260496384,2.2220708812348535,2.2646961226713246e-05
MAIN,1.5,0.7,400,dollars,HT,KS-2000,DEF-0.0,0.9999499999999999,0.9999499999999999,0.9999499999999999,0.0,18.32215560793944,18.32215560793944,18.32215560793944,1.0,0.9999499999999999,0.9999499999999999,1.0,1.0,50.0,50.0,0.0,0.02
MAIN,1.5,0.7,400,dollars,HT,KS-2000,DEF-0.25,0.2752088969118028,0.2752164818218721,0.27613687966950146,0.0,5.042672367525791,5.042811346377296,5.059675862188565,1.0,0.2752088969118028,0.27613687966950146,0.4166487328759078,0.41740641585883625,66.64091630654505,66.64471603438834,0.28877099554045194,0.015005796069791577
MAIN,1.5,0.7,400,dollars,HT,KS-2000,DEF-0.5,0.13746976032465752,0.13747395305572205,0.13813345911464392,0.0,2.518868283468688,2.51894510718086,2.5310292840256476,1.0,0.13746976032465752,0.13813345911464392,0.30258099820870643,0.30314951445843236,99.88421282633303,99.90128715902668,0.5418927671153176,0.010011592139583157
MAIN,1.5,0.7,400,dollars,HT,KS-2000,DEF-0.75,0.07609168361047368,0.07607711516024124,0.07653306283084618,0.0,1.3942333792501567,1.3939664404910932,1.4023208023790892,1.0,0.07609168361047368,0.07653306283084618,0.25090417154200717,0.2512862393293056,199.30688204206092,199.40888995721008,0.88275614212708,0.005017388209374736
MAIN,1.5,0.7,400,dollars,HT,KS-2000,RA-EST,0.05051895108124883,0.05049319134435212,0.050610084475038446,0.0,0.9256623659788203,0.925190368471104,0.9273322096930992,0.0,0.05051895108124883,0.050610084475038446,0.229333935300941,0.22940762206879683,43132.69416785797,50601.97216111926,2.210690618135664,2.3184279166314082e-05
MAIN,1.5,0.7,400,dollars,HT,MIS-G-10000,DEF-0.0,0.9999499999999999,0.9999499999999999,0.9999499999999999,0.0,18.32215560793944,18.32215560793944,18.32215560793944,1.0,0.9999499999999999,0.9999499999999999,1.0,1.0,50.0,50.0,0.0,0.02
MAIN,1.5,0.7,400,dollars,HT,MIS-G-10000,DEF-0.25,0.27606976501906494,0.27605849782923725,0.27641458486175347,0.0,5.058446115632367,5.058239666104603,5.064764274354747,1.0,0.27606976501906494,0.27641458486175347,0.41735753947547094,0.4176388860997006,66.63345394469434,66.63589690503643,0.2881506689893667,0.015007476587210982
MAIN,1.5,0.7,400,dollars,HT,MIS-G-10000,DEF-0.5,0.13826270578565367,0.13825979769505792,0.13851904651142216,0.0,2.533397480053498,2.533344194900823,2.538094429567156,1.0,0.13826270578565367,0.13851904651142216,0.30325073775654204,0.30346865366838033,99.85069151935693,99.86166377022373,0.5404987971290311,0.010014953174421965
MAIN,1.5,0.7,400,dollars,HT,MIS-G-10000,DEF-0.75,0.0768323544445439,0.07682937127594314,0.07701701644840808,0.0,1.4078047440944956,1.4077500832821472,1.4111883192429264,1.0,0.0768323544445439,0.07701701644840808,0.25153975897740916,0.2516950390761581,199.1068163141374,199.1722727214685,0.8796864910302566,0.005022429761632946
MAIN,1.5,0.7,400,dollars,HT,MIS-G-10000,RA-EST,0.05118334463526025,0.0511802012423382,0.05119558158540218,0.0,0.9378360967468682,0.9377785001327827,0.9380603152624608,0.0,0.05118334463526025,0.05119558158540218,0.22990825756682384,0.2299155763895672,33437.71620634747,36093.92814956057,2.15649119779503,2.990634884392864e-05
MAIN,1.5,0.7,400,dollars,HT,MIS-G-2000,DEF-0.0,0.9999499999999999,0.9999499999999999,0.9999499999999999,0.0,18.32215560793944,18.32215560793944,18.32215560793944,1.0,0.9999499999999999,0.9999499999999999,1.0,1.0,50.0,50.0,0.0,0.02
MAIN,1.5,0.7,400,dollars,HT,MIS-G-2000,DEF-0.25,0.2761015366762685,0.2761573541759025,0.2768931113493303,0.0,5.059028269987291,5.060051018038633,5.073532349526409,1.0,0.2761015366762685,0.2768931113493303,0.4173837319670497,0.41802655891181606,66.6336449115457,66.63827512009986,0.2880921618118858,0.01500743357694883
MAIN,1.5,0.7,400,dollars,HT,MIS-G-2000,DEF-0.5,0.13828153432158455,0.13830882842874076,0.13889284725597542,0.0,2.5337424766685244,2.534242588552614,2.544943607434118,1.0,0.13828153432158455,0.13889284725597542,0.3032671734671844,0.30377803252906405,99.85154916517895,99.8723467686295,0.5404234116166996,0.010014867153897662
MAIN,1.5,0.7,400,dollars,HT,MIS-G-2000,DEF-0.75,0.07684517677672915,0.07685908683671616,0.07727826892172071,0.0,1.4080396886072761,1.4082945636346251,1.4159752670593104,1.0,0.07684517677672915,0.07727826892172071,0.2515516540010107,0.2519210972094064,199.11193168091677,199.2360310738226,0.8795238747621077,0.005022300730846493
MAIN,1.5,0.7,400,dollars,HT,MIS-G-2000,RA-EST,0.051206431265605354,0.05119427217295135,0.05124490592053913,0.0,0.9382591147314133,0.9380363228041588,0.9389640885947649,0.0,0.051206431265605354,0.05124490592053913,0.22992824850605395,0.22995548140427702,33631.18704814318,39118.61293632922,2.156795628168047,2.973430779532374e-05
MAIN,1.5,0.7,400,dollars,HT,MIS-I-2000,DEF-0.0,0.9999499999999999,0.9999499999999999,0.9999499999999999,0.0,18.32215560793944,18.32215560793944,18.32215560793944,1.0,0.9999499999999999,0.9999499999999999,1.0,1.0,50.0,50.0,0.0,0.02
MAIN,1.5,0.7,400,dollars,HT,MIS-I-2000,DEF-0.25,0.2753530194761975,0.2753990543874274,0.27620812765932595,0.0,5.04531313561565,5.046156636597653,5.060981344218983,1.0,0.2753530194761975,0.27620812765932595,0.4167675012303886,0.4174727877497001,66.64131814127148,66.64567484566251,0.28870132067092963,0.015005705587638283
MAIN,1.5,0.7,400,dollars,HT,MIS-I-2000,DEF-0.5,0.1376118969247962,0.1376295146535609,0.13825758789580622,0.0,2.5214726625929686,2.5217954735014,2.5333037045905558,1.0,0.1376118969247962,0.13825758789580622,0.30270125206947357,0.3032412582099772,99.88601831378645,99.90559625688455,0.5417262294799001,0.010011411175276569
MAIN,1.5,0.7,400,dollars,HT,MIS-I-2000,DEF-0.75,0.07623574945589123,0.07624490410852945,0.07668564582225909,0.0,1.3968731080741277,1.3970408494313695,1.4051165914803363,1.0,0.07623574945589123,0.07668564582225909,0.25102822670084446,0.2514048705684011,199.31766535640526,199.4346449776553,0.8824136221814459,0.005017116762914855
MAIN,1.5,0.7,400,dollars,HT,MIS-I-2000,RA-EST,0.05067710944538513,0.050660503514315655,0.05076593333241653,0.0,0.9285603130345756,0.9282560413679228,0.9301878394907901,0.0,0.05067710944538513,0.05076593333241653,0.22947066898672097,0.2295337559436412,43816.71376275491,52914.1885380598,2.2038822155939766,2.282235055313889e-05
MAIN,1.5,0.7,400,rate,DIFF,COR-10000,DEF-0.0,0.9999499999999999,0.9999499999999999,0.9999500000000001,0.0,0.9999512611489064,0.9999499999999999,0.9999500000000001,0.01,0.7529492338960773,0.7533358427895973,1.0,1.0,50.0,50.0,0.0,0.02
MAIN,1.5,0.7,400,rate,DIFF,COR-10000,DEF-0.25,0.9677751399751999,0.9677523772617088,0.9687555995816899,0.0,0.967776360964842,0.9677523772617088,0.9687555995816899,0.0,0.7287219893210591,0.7294639787193204,0.9678281098630624,0.968806684643243,66.43299081347195,66.50898455638944,0.07854048898130861,0.015052762006096976
MAIN,1.5,0.7,400,rate,DIFF,COR-10000,DEF-0.5,0.9424975739696501,0.9424269089776747,0.9439001877387928,0.0,0.9424987632786533,0.9424269089776747,0.9439001877387928,0.0,0.709688322562351,0.7107702489671294,0.9425528618903332,0.9439534884079458,98.95577897797037,99.2937712932312,0.1685007467673022,0.010105524012193952
MAIN,1.5,0.7,400,rate,DIFF,COR-10000,DEF-0.75,0.9245066697645207,0.9243791018459628,0.9257673048005963,0.0,0.9245078363625387,0.9243791018459628,0.9257673048005963,0.0,0.6961414243754177,0.6971357614559549,0.9245635851602725,0.9258234572414378,193.86284546802685,195.82164524939265,0.28363218689129027,0.005158286018290929
MAIN,1.5,0.7,400,rate,DIFF,COR-10000,RA-EST,0.9166128528501161,0.916453825302675,0.9173877096381831,0.0,0.9166140093164279,0.916453825302675,0.9173877096381831,0.0,0.6901975226072952,0.6909093910796867,0.916670425343156,0.9174416294767711,4738.2844349352345,7029.860516623955,0.5368287728809921,0.00021104802438790535
MAIN,1.5,0.7,400,rate,DIFF,COR-10000,SRSWOR,,,,0.0,1.000001261211967,1.0,1.0,0.03,0.7529868832402394,0.7533735114651706,0.9999017129466856,0.9999990162151775,,,,
MAIN,1.5,0.7,400,rate,DIFF,COR-2000,DEF-0.0,0.9999499999999999,0.9999499999999999,0.9999500000000001,0.0,1.0000499552844313,0.99995,1.0003175597900427,0.255,0.7545498316899808,0.756165068599423,1.0,1.0,50.0,50.0,0.0,0.02
MAIN,1.5,0.7,400,rate,DIFF,COR-2000,DEF-0.25,0.9676648474740936,0.9676531407544839,0.9697850783469573,0.0,0.9677615993627533,0.9676539681733148,0.9699257500398509,0.0,0.7301877287360269,0.7322441771917524,0.9677290018187567,0.9698483761606939,66.44501733807454,66.5849097482027,0.07940809859210746,0.015050037471688947
MAIN,1.5,0.7,400,rate,DIFF,COR-2000,DEF-0.5,0.9425109851165514,0.9423765922089589,0.9457709827725244,0.0,0.9426052428871414,0.9423914306873424,0.9458926388633585,0.0,0.7112069979318366,0.7140380595576923,0.9425861333036106,0.945832238701589,99.00916698373106,99.63299403467573,0.17086010401291735,0.010100074943377894
MAIN,1.5,0.7,400,rate,DIFF,COR-2000,DEF-0.75,0.9249941506709498,0.9246828371476908,0.928138546678008,0.0,0.9250866703802484,0.9248008361552263,0.9283083660492664,0.0,0.6979893509448619,0.7006257772009725,0.9250768971218029,0.9281950952719106,194.17053001336365,197.81400980390052,0.28875877544131484,0.00515011241506684
MAIN,1.5,0.7,400,rate,DIFF,COR-2000,RA-EST,0.9190435093807985,0.9177639047633013,0.9218386979238091,0.0,0.9191353953231781,0.9179196579562096,0.9219652759485218,0.0,0.6935005377556659,0.6965423885238637,0.919128635688668,0.921962648232965,4996.592412451133,13573.900833162927,0.5511601233473862,0.00020014988675578805
MAIN,1.5,0.7,400,rate,DIFF,COR-2000,SRSWOR,,,,0.0,1.0000999602824456,1.0,1.0003675781689512,0.305,0.7545875610680344,0.7562028787433606,0.9995401360632843,0.9999910946931705,,,,
MAIN,1.5,0.7,400,rate,DIFF,COR-500,DEF-0.0,0.9999499999999999,0.9999499999999999,0.9999500000000001,0.0,1.0009802205301808,1.0002198406518112,1.0030563244129587,0.61,0.7608889262552677,0.7675078185520766,1.0,1.0,50.0,50.0,0.0,0.02
MAIN,1.5,0.7,400,rate,DIFF,COR-500,DEF-0.25,0.9677445314725859,0.9675753391010529,0.9719058956929206,0.0,0.9687418417190595,0.9684546352458308,0.9730770539756012,0.0,0.736382806152222,0.7426626901825667,0.9678556408238463,0.9720662955275597,66.49248598103169,66.65228129000184,0.08208502979884685,0.015039293345938232
MAIN,1.5,0.7,400,rate,DIFF,COR-500,DEF-0.5,0.9434192045300938,0.9430781380891049,0.9498087276835567,0.0,0.9443917882086963,0.9441955285882209,0.9508164416817779,0.0,0.7178763071878201,0.7257871083603274,0.9435759970832375,0.9498937134534542,99.22026253413213,99.93529372981375,0.1768316703040256,0.010078586691876465
MAIN,1.5,0.7,400,rate,DIFF,COR-500,DEF-0.75,0.9280488218446854,0.9270306079187705,0.9339678414808943,0.0,0.9290060015468461,0.9280050352097304,0.9350129451273894,0.0,0.7061899802153043,0.7149556142023648,0.9282339884789786,0.9340523717250978,195.393433544589,199.6122641591796,0.3013953541414305,0.0051178800378146976
MAIN,1.5,0.7,400,rate,DIFF,COR-500,RA-EST,0.9392227262825734,0.9233782285450314,0.9569048648306504,0.045,0.9401896320615809,0.9240540485797331,0.9600426862729666,0.045,0.7148203071011159,0.7305917243081052,0.9393969909443372,0.9569644582719739,6364.236525023611,77222.49579693953,0.6077121657961406,0.0001571733837529298
MAIN,1.5,0.7,400,rate,DIFF,COR-500,SRSWOR,,,,0.0,1.0010302720437831,1.0002698541445185,1.0031064797369456,0.645,0.7609269726038979,0.7675461958618698,0.9980233721824123,0.9999656144221496,,,,
MAIN,1.5,0.7,400,rate,DIFF,KS-2000,DEF-0.0,0.9999499999999999,0.9999499999999999,0.9999500000000001,0.0,1.0000771039695193,0.99995,1.0004642277383287,0.29,0.7550591416631657,0.7570532966293517,1.0,1.0,50.0,50.0,0.0,0.02
MAIN,1.5,0.7,400,rate,DIFF,KS-2000,DEF-0.25,0.9677919237105571,0.9679148472257062,0.9698274691192935,0.0,0.9679149714185645,0.9680408924198567,0.9701863168550405,0.0,0.7307767039929352,0.7332193884122682,0.9678593963094965,0.969966468136809,66.40635886351967,66.58561260762094,0.07842577737809979,0.015058798843217943
MAIN,1.5,0.7,400,rate,DIFF,KS-2000,DEF-0.5,0.942745197246823,0.9427828557263312,0.9460376215823152,0.0,0.9428650817987774,0.9429337949366638,0.9461468342902234,0.0,0.7118641830116088,0.7151096794724957,0.9428262312632346,0.9460971111642604,98.83769164513964,99.63614150311916,0.16793819143524297,0.01011759768643589
MAIN,1.5,0.7,400,rate,DIFF,KS-2000,DEF-0.75,0.9252711206207711,0.9250758336478339,0.9285891362808223,0.0,0.9253887946746375,0.9252235080386103,0.9286069573169772,0.0,0.698669960048504,0.7021603351047612,0.9253615397587395,0.928662164080409,193.18458256339255,197.83262144635898,0.28208448965140387,0.005176396529653833
MAIN,1.5,0.7,400,rate,DIFF,KS-2000,RA-EST,0.9188181799653397,0.9180251940794372,0.9217726351795817,0.0,0.9189350292414314,0.9181145909777275,0.9219880748567884,0.0,0.6937984858233596,0.6974160877045719,0.9189118038559146,0.9218546174363939,4251.794445590778,13691.64590526114,0.5223969502929534,0.00023519537287177664
MAIN,1.5,0.7,400,rate,DIFF,KS-2000,SRSWOR,,,,0.0,1.0001271103250355,1.0,1.0005142534510012,0.325,0.7550968965079912,0.7570911511869112,0.9994304858059035,0.9999905196986132,,,,
MAIN,1.5,0.7,400,rate,DIFF,MIS-G-10000,DEF-0.0,0.9999499999999999,0.9999499999999999,0.9999500000000001,0.0,0.9999542049083153,0.9999499999999999,0.9999500000000001,0.02,0.7916902114745286,0.7919208166920493,1.0,1.0,50.0,50.0,0.0,0.02
MAIN,1.5,0.7,400,rate,DIFF,MIS-G-10000,DEF-0.25,0.9775759131950543,0.9775485429987799,0.9784249140023585,0.0,0.9775800233402401,0.9775485429987799,0.9784249140023585,0.0,0.7739760047937005,0.7747046525482648,0.9776279807889264,0.9784752471797062,63.781245721968276,63.99745643452221,0.06219242356428181,0.01567858997861628
MAIN,1.5,0.7,400,rate,DIFF,MIS-G-10000,DEF-0.5,0.9604207075703072,0.9603504095642411,0.9616448586581494,0.0,0.9604247456936779,0.9603504095642411,0.9616448586581494,0.0,0.7603937298369682,0.7614086295815279,0.9604743433492708,0.9616968754022074,88.05002683470244,88.87907645723274,0.12996289624013949,0.011357179957232566
MAIN,1.5,0.7,400,rate,DIFF,MIS-G-10000,DEF-0.75,0.9489123651545975,0.9488485852494677,0.9499286320448531,0.0,0.9489163558301308,0.9488757548526344,0.9499286320448531,0.0,0.7512822310966115,0.7521526666941342,0.9489670268593037,0.9499816688629868,142.13085548887625,145.41513998908223,0.2074716541466169,0.007035769935848849
MAIN,1.5,0.7,400,rate,DIFF,MIS-G-10000,RA-EST,0.944496773330428,0.9444508287135893,0.9447424458208796,0.0,0.9445007474426719,0.9444508287135893,0.9447424458208796,0.0,0.7477862544501707,0.7481466580090678,0.944551772587921,0.9447971024556985,368.4109814368971,399.6029539642779,0.3055788492277735,0.0027143599144651307
MAIN,1.5,0.7,400,rate,DIFF,MIS-G-10000,SRSWOR,,,,0.0,1.0000042051185714,1.0,1.0,0.03,0.7917297979644268,0.791960414712785,0.9999021870507896,1.0000004489323637,,,,
MAIN,1.5,0.7,400,rate,DIFF,MIS-G-2000,DEF-0.0,0.9999499999999999,0.9999499999999999,0.9999500000000001,0.0,1.0001151537816788,0.99995,1.0005149062487326,0.295,0.7924101404843796,0.7935249152203327,1.0,1.0,50.0,50.0,0.0,0.02
MAIN,1.5,0.7,400,rate,DIFF,MIS-G-2000,DEF-0.25,0.9775207096185922,0.9775908998615157,0.9790006934430695,0.0,0.9776821985044315,0.9776380753437837,0.9793147842841708,0.0,0.774636135310121,0.776200603504752,0.9775816467894213,0.9790786826891253,63.751443492635715,64.2361977913793,0.062156482770249766,0.01568591933341082
MAIN,1.5,0.7,400,rate,DIFF,MIS-G-2000,DEF-0.5,0.9603932635396306,0.9604599209897418,0.9624833683455085,0.0,0.9605519527338444,0.9604962533642467,0.9628040299115298,0.0,0.7610635653916695,0.7632717370306684,0.9604625200031086,0.9625834329114279,87.93652718834305,89.80616460771323,0.1298248355520964,0.011371838666821642
MAIN,1.5,0.7,400,rate,DIFF,MIS-G-2000,DEF-0.75,0.9490120413376769,0.948948925526329,0.9508164245330177,0.0,0.9491688716974866,0.9489975456031258,0.9511832516609305,0.0,0.7520445861532068,0.7539445092483978,0.9490867715462125,0.9509796679352519,141.68805456189472,149.19495830480759,0.20740302462400179,0.007057758000232462
MAIN,1.5,0.7,400,rate,DIFF,MIS-G-2000,RA-EST,0.9448947198296083,0.9446926333797057,0.9455858527511004,0.0,0.9450508878776545,0.9447720152197157,0.9460736151237668,0.0,0.748781902190388,0.7502474184300202,0.9449713012975836,0.9456391076576334,364.47434800370104,440.49286260198267,0.3052774055049169,0.002743677333643282
MAIN,1.5,0.7,400,rate,DIFF,MIS-G-2000,SRSWOR,,,,0.0,1.0001651620397807,1.0,1.0005649344954577,0.345,0.7924497629725283,0.7935645934500052,0.9994845146865479,0.9999948411312366,,,,
MAIN,1.5,0.7,400,rate,DIFF,MIS-I-2000,DEF-0.0,0.9999499999999999,0.9999499999999999,0.9999500000000001,0.0,1.0000750292552452,0.99995,1.0003136900526364,0.305,0.7593093267916826,0.7610355120085948,1.0,1.0,50.0,50.0,0.0,0.02
MAIN,1.5,0.7,400,rate,DIFF,MIS-I-2000,DEF-0.25,0.9708763650222526,0.9709349967705644,0.9729531113205473,0.0,0.9709978002956586,0.9709562175160334,0.9731708997683979,0.0,0.7372320157941481,0.7395493182864717,0.9709389427457361,0.9730038380002483,64.81371359218629,65.24768271306166,0.0713495863383352,0.01542883359456174
MAIN,1.5,0.7,400,rate,DIFF,MIS-I-2000,DEF-0.5,0.9483306260318344,0.9483548750718928,0.9514640629508038,0.0,0.9484492663179046,0.9484074848696289,0.951470110083023,0.0,0.7201117876719075,0.7229945106361091,0.9484029148990365,0.9515672278448686,92.10081649997707,93.87529800675001,0.1496748928279742,0.010857667189123482
MAIN,1.5,0.7,400,rate,DIFF,MIS-I-2000,DEF-0.75,0.9326418483186331,0.9326132822318605,0.9354961508976516,0.0,0.932758533573447,0.9326624801145742,0.9357735252930289,0.0,0.7081985232243688,0.7108405020318311,0.9327208334219945,0.9355479588963153,159.07101969271793,167.26200028241777,0.24111096670526339,0.006286500783685222
MAIN,1.5,0.7,400,rate,DIFF,MIS-I-2000,RA-EST,0.9255937846608525,0.9253779717370947,0.9281901919725363,0.0,0.9257095737640784,0.9254316368102965,0.928297122531601,0.0,0.7028467986672886,0.7053189790440254,0.925675643842886,0.9282532035205969,582.977966714478,766.3667995845938,0.36438469533669654,0.0017153343782469628
MAIN,1.5,0.7,400,rate,DIFF,MIS-I-2000,SRSWOR,,,,0.0,1.0001250355070206,1.0,1.0003637082380483,0.37,0.7593472941563906,0.7610735656868791,0.9995492110607611,0.999993332829573,,,,
MAIN,1.5,0.7,400,rate,EXP,COR-2000,ST-NEY-EST,,,,0.0,0.9876585947863465,0.9865797431103849,0.9917566593238318,0.025,0.9467384421622737,0.9506667178403065,1.25407030386785,1.2585500596443786,,,,
MAIN,1.5,0.7,400,rate,HT,COR-10000,DEF-0.0,0.99995,0.99995,0.99995,0.0,1.0431700751487265,1.0431700751487265,1.0431700751487265,1.0,0.99995,0.99995,1.0,1.0,50.0,50.0,0.0,0.02
MAIN,1.5,0.7,400,rate,HT,COR-10000,DEF-0.25,0.9545631440750509,0.9545241154073926,0.955795493971987,0.0,0.9958214978138661,0.9957807822399134,0.9971071126292033,0.0,0.9545631440750509,0.955795493971987,0.9859804793927931,0.986361243813382,65.21145453397294,65.55303578434315,0.04883885870914399,0.015334729288039424
MAIN,1.5,0.7,400,rate,HT,COR-10000,DEF-0.5,0.9195112771999412,0.9194613500113964,0.9213442414769697,0.0,0.9592546108673075,0.9592025257140235,0.9611667999593748,0.0,0.9195112771999412,0.9213442414769697,0.9751253338425037,0.9756933741194779,93.72546951596003,95.15067294324854,0.10196637939413786,0.010669458576078848
MAIN,1.5,0.7,400,rate,HT,COR-10000,DEF-0.75,0.8960762318887315,0.8959882472669612,0.8976551009587582,0.0,0.9348066504908802,0.9347148629770005,0.936453761812876,0.0,0.8960762318887315,0.8976551009587582,0.9678190511812397,0.9683145298464904,166.5504354333113,173.47647779382177,0.1623072564050611,0.006004187864118272
MAIN,1.5,0.7,400,rate,HT,COR-10000,RA-EST,0.8874442306832486,0.8873852181555447,0.8877364726192782,0.0,0.9258015548898926,0.925739991708774,0.9261064281759266,0.0,0.8874442306832486,0.8877364726192782,0.9650174782504579,0.9650965353542696,746.8749560405836,981.0777363217311,0.23795981224374496,0.0013389171521576955
MAIN,1.5,0.7,400,rate,HT,COR-2000,DEF-0.0,0.99995,0.99995,0.99995,0.0,1.0431700751487265,1.0431700751487265,1.0431700751487265,1.0,0.99995,0.99995,1.0,1.0,50.0,50.0,0.0,0.02
MAIN,1.5,0.7,400,rate,HT,COR-2000,DEF-0.25,0.9544402142062445,0.9546102255254519,0.9571443535965258,0.0,0.9956932546412267,0.9958706142298399,0.9985142729831162,0.005,0.9544402142062445,0.9571443535965258,0.9859423196554653,0.9867779080628345,65.23882899504557,65.98779534890247,0.049004273649942365,0.015328294755399943
MAIN,1.5,0.7,400,rate,HT,COR-2000,DEF-0.5,0.9194681257195443,0.9196256263865312,0.9234280421980691,0.0,0.9592095942834298,0.9593739024814565,0.9633406672075614,0.0,0.9194681257195443,0.9234280421980691,0.975110872442766,0.9763414142132157,93.83865276446846,97.00605470464843,0.10242984518386977,0.01065658951079989
MAIN,1.5,0.7,400,rate,HT,COR-2000,DEF-0.75,0.8964193686358466,0.8965588786614842,0.8997310463135748,0.0,0.9351646183755488,0.9353101583364752,0.9386194341682825,0.0,0.8964193686358466,0.8997310463135748,0.9679212862807544,0.9689625953611131,167.0876119222417,183.05121126833996,0.16304980177095277,0.005984884266199834
MAIN,1.5,0.7,400,rate,HT,COR-2000,RA-EST,0.8888625176942402,0.888577295343141,0.890463742679963,0.0,0.9272811434371584,0.9269835931382134,0.9289515769475205,0.0,0.8888625176942402,0.890463742679963,0.96544411575857,0.9658823770506805,761.5113475873231,1620.0514514341535,0.24003135348289933,0.0013131790215997786
MAIN,1.5,0.7,400,rate,HT,COR-500,DEF-0.0,0.99995,0.99995,0.99995,0.0,1.0431700751487265,1.0431700751487265,1.0431700751487265,1.0,0.99995,0.99995,1.0,1.0,50.0,50.0,0.0,0.02
MAIN,1.5,0.7,400,rate,HT,COR-500,DEF-0.25,0.9546817456582047,0.9548999913777041,0.9604250872345708,0.0,0.9959452256226679,0.9961729044102182,1.0019368072655725,0.23,0.9546817456582047,0.9604250872345708,0.9860163257663873,0.9877923976898462,65.36825878374414,66.47240542164312,0.049372043828806514,0.015297944759323025
MAIN,1.5,0.7,400,rate,HT,COR-500,DEF-0.5,0.9204315895488361,0.9205765178509348,0.9288007148793056,0.0,0.9602147011739798,0.9603658936013926,0.9689455588167769,0.0,0.9204315895488361,0.9288007148793056,0.975405043714297,0.9780087013719786,94.37622932462708,99.13088957691502,0.10311583192873391,0.010595889518646054
MAIN,1.5,0.7,400,rate,HT,COR-500,DEF-0.75,0.8990374530333214,0.8979410062094717,0.9068729213967313,0.0,0.9378958622354012,0.9367520245278841,0.9460699970636264,0.0,0.8990374530333214,0.9068729213967313,0.9687174692281408,0.9711797031844543,169.668958029603,194.87443362374952,0.1644660693220013,0.00589383427796908
MAIN,1.5,0.7,400,rate,HT,COR-500,RA-EST,0.9008259092832006,0.8932241773115401,0.9046200799555685,0.005,0.9397616195638544,0.9318313237369256,0.9437197827774362,0.01,0.9008259092832006,0.9046200799555685,0.9690515849807946,0.9700564944179291,839.108011620383,5703.175410807423,0.24985771758029782,0.001191779037292106
MAIN,1.5,0.7,400,rate,HT,KS-2000,DEF-0.0,0.99995,0.99995,0.99995,0.0,1.0431700751487265,1.0431700751487265,1.0431700751487265,1.0,0.99995,0.99995,1.0,1.0,50.0,50.0,0.0,0.02
MAIN,1.5,0.7,400,rate,HT,KS-2000,DEF-0.25,0.9546437530020347,0.9544562622022985,0.9573913454541181,0.0,0.9959055908389367,0.9957099962675577,0.9987719403811317,0.035,0.9546437530020347,0.9573913454541181,0.9860052296312297,0.9868549734042885,65.06723124679843,65.98807182468862,0.049275357468995806,0.015368719841393461
MAIN,1.5,0.7,400,rate,HT,KS-2000,DEF-0.5,0.919802485753403,0.9194917903448716,0.9238097069910947,0.0,0.959558406105668,0.959234281746784,0.9637388284064434,0.0,0.919802485753403,0.9238097069910947,0.9752144267685873,0.9764609752831467,93.13210802248224,97.00725189093849,0.10287352958292789,0.010737439682786922
MAIN,1.5,0.7,400,rate,HT,KS-2000,DEF-0.75,0.8968035435941725,0.8963853145319289,0.9001433295299535,0.0,0.9355653982346888,0.935129092377106,0.9390495371872457,0.0,0.8968035435941725,0.9001433295299535,0.9680407333229841,0.969094907554278,163.7695062320521,183.05763854873715,0.16395226461367274,0.006106159524180383
MAIN,1.5,0.7,400,rate,HT,KS-2000,RA-EST,0.8891665608541135,0.8888274405482529,0.8907149354162309,0.0,0.9275983280223212,0.9272445501784801,0.9292136267955824,0.0,0.8891665608541135,0.8907149354162309,0.9655400217846806,0.9659555637141514,678.0779676996324,1620.781272633588,0.24169051023427157,0.0014748793655738448
MAIN,1.5,0.7,400,rate,HT,MIS-G-10000,DEF-0.0,0.99995,0.99995,0.99995,0.0,1.0431700751487265,1.0431700751487265,1.0431700751487265,1.0,0.99995,0.99995,1.0,1.0,50.0,50.0,0.0,0.02
MAIN,1.5,0.7,400,rate,HT,MIS-G-10000,DEF-0.25,0.9625315686852468,0.9624856546059375,0.9636747388373424,0.0,1.0041343355551882,1.0040864369666953,1.0053269160776839,1.0,0.9625315686852468,0.9636747388373424,0.9884409277716295,0.988794318125466,62.66937780957063,62.92125945156778,0.04371333637553275,0.015956756478049595
MAIN,1.5,0.7,400,rate,HT,MIS-G-10000,DEF-0.5,0.9337204389353987,0.933652215469495,0.9354085857304354,0.0,0.9740779243483589,0.9740067521116935,0.9758390366230134,0.0,0.9337204389353987,0.9354085857304354,0.9795154138537064,0.9800392424075794,83.9382981419365,84.84816399296433,0.09077056690127683,0.01191351295609919
MAIN,1.5,0.7,400,rate,HT,MIS-G-10000,DEF-0.75,0.9145317789733748,0.9144837224477405,0.9159942993313932,0.0,0.9540598875919335,0.9540097539557942,0.955585621350402,0.0,0.9145317789733748,0.9159942993313932,0.9735279673574003,0.9739875079064313,127.06045464887852,130.23144131271422,0.14305196546142987,0.007870269434148786
MAIN,1.5,0.7,400,rate,HT,MIS-G-10000,RA-EST,0.9072275212566833,0.9071844194232528,0.9074375098334176,0.0,0.9464399235225032,0.946394958731445,0.9466589882751133,0.0,0.9072275212566833,0.9074375098334176,0.9711571539020594,0.9712169060972645,261.2995357270778,279.9934637125805,0.20450536399841213,0.0038270259121983797
MAIN,1.5,0.7,400,rate,HT,MIS-G-2000,DEF-0.0,0.99995,0.99995,0.99995,0.0,1.0431700751487265,1.0431700751487265,1.0431700751487265,1.0,0.99995,0.99995,1.0,1.0,50.0,50.0,0.0,0.02
MAIN,1.5,0.7,400,rate,HT,MIS-G-2000,DEF-0.25,0.9625197287526005,0.9626492926885992,0.9647225108800872,0.0,1.0041219838741757,1.004257147853227,1.006419975171207,0.985,0.9625197287526005,0.9647225108800872,0.9884371938857908,0.989118879390552,62.625445208541585,63.2108663012735,0.043557507934498946,0.015967950357514527
MAIN,1.5,0.7,400,rate,HT,MIS-G-2000,DEF-0.5,0.9337654634220307,0.9339271419395265,0.9369199824833333,0.0,0.9741248948939898,0.974293561518567,0.9774157593234485,0.0,0.9337654634220307,0.9369199824833333,0.9795288975824329,0.9805091125793867,83.78085788066704,85.90969918849169,0.09045054462513724,0.011935900715029053
MAIN,1.5,0.7,400,rate,HT,MIS-G-2000,DEF-0.75,0.9147362289853928,0.9148180219603463,0.9173790755759391,0.0,0.9542731743906744,0.9543585026409158,0.9570302507209576,0.0,0.9147362289853928,0.9173790755759391,0.973589777153736,0.9744236210254988,126.52060349244118,134.04479437680166,0.1425781219394212,0.007903851072543579
MAIN,1.5,0.7,400,rate,HT,MIS-G-2000,RA-EST,0.9077902574335563,0.9075562845095664,0.9088128164003332,0.0,0.9470269824153654,0.9467828966583762,0.9480937386673945,0.0,0.9077902574335563,0.9088128164003332,0.9713272887485489,0.9716208172973944,258.2777227763702,304.8546538497911,0.20398430717489324,0.003871801430058103
MAIN,1.5,0.7,400,rate,HT,MIS-I-2000,DEF-0.0,0.99995,0.99995,0.99995,0.0,1.0431700751487265,1.0431700751487265,1.0431700751487265,1.0,0.99995,0.99995,1.0,1.0,50.0,50.0,0.0,0.02
MAIN,1.5,0.7,400,rate,HT,MIS-I-2000,DEF-0.25,0.9553913982876238,0.9552740086189822,0.9581969431842673,0.0,0.9966855510256986,0.9965630875130644,0.9996123578467044,0.075,0.9553913982876238,0.9581969431842673,0.9862361056843728,0.987104374581882,62.679834105369196,63.31712407015134,0.04872526130317602,0.015954094633607547
MAIN,1.5,0.7,400,rate,HT,MIS-I-2000,DEF-0.5,0.9212198326729402,0.92101832430653,0.9252749468856333,0.0,0.9610370139286246,0.960826795919993,0.9652673992458822,0.0,0.9212198326729402,0.9252749468856333,0.9756519568102381,0.9769083801595037,83.9758264669027,86.30338063150481,0.10172100425721489,0.011908189267215095
MAIN,1.5,0.7,400,rate,HT,MIS-I-2000,DEF-0.75,0.8988949346007838,0.8987007281718162,0.9024193076191842,0.0,0.9377471838375011,0.9375445833723772,0.9414238881391731,0.0,0.8988949346007838,0.9024193076191842,0.9686853835249468,0.9697943942690507,127.18952858118452,135.49130481207246,0.16194134634264598,0.007862283900822643
MAIN,1.5,0.7,400,rate,HT,MIS-I-2000,RA-EST,0.891986325364558,0.8916378580564475,0.8939094008987154,0.0,0.9305399690606354,0.9301764402162045,0.932546164219877,0.0,0.891986325364558,0.8939094008987154,0.9664072557681362,0.9669445473395812,262.0288766247518,315.05358858500676,0.23530134770587413,0.0038163785344301907
STRATCAP,0.0,0.05,100,dollars,DIFF,STRAT-2000,DEF-0.0,0.99995,0.99995,0.9999500000000002,0.0,3.8185673629890964,3.8013806219236637,3.891751414352743,1.0,0.9765417039018369,0.9952574345472567,1.0,1.0,200.0,200.0,0.0,0.005
STRATCAP,0.0,0.05,100,dollars,DIFF,STRAT-2000,DEF-0.25,0.523901060555139,0.4573783392738091,1.0532716488998701,0.11,2.005286578309493,1.7280160343593982,4.131557066944209,1.0,0.5128221623045984,1.056584156934485,0.524134900914944,1.0533202866410236,266.3755615882977,266.40810611479753,0.2735726430748824,0.003754098138873457
STRATCAP,0.0,0.05,100,dollars,DIFF,STRAT-2000,DEF-0.5,0.46191597730307554,0.3433695205534022,1.4029035298650194,0.11,1.7726672116681188,1.3011914907922912,5.50132462690746,1.0,0.4533332254686863,1.406881799951289,0.4621628797806283,1.402949576373191,398.6928809647594,398.8387294572657,0.5124516368867533,0.002508196277746914
STRATCAP,0.0,0.05,100,dollars,DIFF,STRAT-2000,DEF-0.75,0.5422963263185773,0.2913672474762071,2.5510987912623073,0.11,2.089901093298263,1.1068511581328186,9.981116130905773,1.0,0.5344610637006655,2.5525217252386243,0.5424898076099389,2.5509802237057726,792.2082097751779,793.0725996738764,0.8258375744913748,0.0012622944166203705
STRATCAP,0.0,0.05,100,dollars,DIFF,STRAT-2000,RA-EST,10.922324796615522,0.27008712133754986,88.65272175461836,0.11,42.533854398395476,1.0309139605778432,344.70877003425085,1.0,10.877399479790286,88.15413154729646,10.917369842900637,88.53291515745168,61003.30120305692,68690.06330210801,1.7758039514373187,1.6392555493827418e-05
STRATCAP,0.0,0.05,100,dollars,DIFF,STRAT-2000,SRSWOR,,,,0.0,3.818758300904142,3.801570700458687,3.8919460116533253,1.0,0.9765905334285082,0.9953071999072519,0.9995903686990175,0.9999938448432878,,,,
STRATCAP,0.0,0.05,100,dollars,EXP,STRAT-2000,ST-NEY-EST,,,,0.0,1.4542994634335549,1.2126589361727131,3.281169025159383,1.0,0.3719154177479901,0.8391100865930231,0.3795517093411893,0.8401249535851969,,,,
STRATCAP,0.0,0.05,100,dollars,HT,STRAT-2000,DEF-0.0,0.9999499999999999,0.9999499999999999,0.9999499999999999,0.0,3.910100735446701,3.910100735446701,3.910100735446701,1.0,0.9999499999999999,0.9999499999999999,1.0,1.0,200.0,200.0,0.0,0.005
STRATCAP,0.0,0.05,100,dollars,HT,STRAT-2000,DEF-0.25,0.5183749637001729,0.45018970734424035,1.0511647084718425,0.11,2.0269996767850422,1.7603751245334758,4.1103654179422655,1.0,0.5183749637001729,1.0511647084718425,0.5248338823367878,1.0504975658882123,266.37660927126325,266.4148439298438,0.27362631173460006,0.0037540833736784737
STRATCAP,0.0,0.05,100,dollars,HT,STRAT-2000,DEF-0.5,0.4549676694113815,0.3351550307337814,1.4023256724880433,0.11,1.7790583716884987,1.3105554599338172,5.483508818772227,1.0,0.4549676694113815,1.4023256724880433,0.4622286296127281,1.3969194251035117,398.69757506057573,398.8689338958668,0.5123887177643408,0.0025081667473569476
STRATCAP,0.0,0.05,100,dollars,HT,STRAT-2000,DEF-0.75,0.5344420272050164,0.2835190666660894,2.5505032074364524,0.11,2.0898266549607083,1.1086435432614015,9.973223128312858,1.0,0.5344420272050164,2.5505032074364524,0.5406041374276905,2.5296429309117707,792.2360105195328,793.2517668702839,0.8260590975897482,0.0012622501210354216
STRATCAP,0.0,0.05,100,dollars,HT,STRAT-2000,RA-EST,11.180368132497652,0.26322682922396207,90.14298312932303,0.11,43.71855158502317,1.0292948832820814,352.4857689177714,1.0,11.180368132497652,90.14298312932303,11.043202071834168,88.94290689380979,61223.99336619348,70529.74162283911,1.776629191178012,1.6333494713895284e-05
STRATCAP,0.0,0.05,100,rate,DIFF,STRAT-2000,DEF-0.0,0.99995,0.99995,0.9999500000000002,0.0,1.0017664752084439,1.0015082215292046,1.0032628486807906,0.995,1.0017664752084439,1.0032628486807906,1.0,1.0,200.0,200.0,0.0,0.005
STRATCAP,0.0,0.05,100,rate,DIFF,STRAT-2000,DEF-0.25,1.0006827901524622,1.000370302300876,1.0023529627580763,0.98,1.0025011091013403,1.0019536390650101,1.0049658895388296,1.0,1.0025011091013403,1.0049658895388296,1.0007323856246935,1.0024022442623475,211.61864145442846,266.6217318026654,0.021304762624773214,0.004725481632055692
STRATCAP,0.0,0.05,100,rate,DIFF,STRAT-2000,DEF-0.5,1.003323669711654,1.0017699232628776,1.012809742501396,1.0,1.0051488975306513,1.0034073064031848,1.0146554590286854,1.0,1.0051488975306513,1.0146554590286854,1.003371753397951,1.0128555984308352,224.67047132500974,399.79786123533773,0.04282867119785262,0.004450963264111384
STRATCAP,0.0,0.05,100,rate,DIFF,STRAT-2000,DEF-0.75,1.0105812493440653,1.004124852534284,1.054799274412627,1.0,1.0124261503948175,1.0057498000498062,1.0568257845512856,1.0,1.0124261503948175,1.0568257845512856,1.0106251365217704,1.0548330940202137,239.4381014609979,798.7883919814167,0.06409677550238307,0.004176444896167076
STRATCAP,0.0,0.05,100,rate,DIFF,STRAT-2000,RA-EST,6.471520201391156,1.007459410214019,47.42823476253976,1.0,6.4891130007430196,1.0091720045647912,47.51781826008035,1.0,6.4891130007430196,47.51781826008035,6.468489922800131,47.367519207357496,256.28367620655195,395569.24199771654,0.08664093559807438,0.0039019265282227685
STRATCAP,0.0,0.05,100,rate,DIFF,STRAT-2000,SRSWOR,,,,0.0,1.0018165660367457,1.001558299444177,1.0033130143315072,1.0,1.0018165660367457,1.0033130143315072,0.9994563399297861,0.9999911580509135,,,,
STRATCAP,0.0,0.05,100,rate,EXP,STRAT-2000,ST-NEY-EST,,,,0.0,1.0088419825240964,1.0067573285438736,1.0175369851103828,1.0,1.0088419825240964,1.0175369851103828,1.0064609817155838,1.0138748311187755,,,,
STRATCAP,0.0,0.05,100,rate,HT,STRAT-2000,DEF-0.0,0.99995,0.9999500000000001,0.9999500000000001,0.0,0.99995,0.9999500000000001,0.9999500000000001,0.0,0.99995,0.9999500000000001,1.0,1.0,200.0,200.0,0.0,0.005
STRATCAP,0.0,0.05,100,rate,HT,STRAT-2000,DEF-0.25,1.0007384842309035,1.000477664897077,1.0021088233841007,0.985,1.0007384842309035,1.000477664897077,1.0021088233841007,0.985,1.0007384842309035,1.0021088233841007,1.0007492333132058,1.0020512872873442,212.0960181637616,266.62272317457325,0.022335932698409645,0.004714845805985947
STRATCAP,0.0,0.05,100,rate,HT,STRAT-2000,DEF-0.5,1.0035851190372358,1.002102230291016,1.012382022156512,1.0,1.0035851190372358,1.002102230291016,1.012382022156512,1.0,1.0035851190372358,1.012382022156512,1.0034540562730194,1.011811987519887,225.7493717301313,399.80231943665336,0.045109376767732384,0.0044296916119718945
STRATCAP,0.0,0.05,100,rate,HT,STRAT-2000,DEF-0.75,1.0112214025219581,1.0048354935000972,1.054291658408907,1.0,1.0112214025219581,1.0048354935000972,1.054291658408907,1.0,1.0112214025219581,1.054291658408907,1.0107093921140224,1.0516281001865673,241.28151153380423,798.81508779527,0.06796375054578208,0.004144537417957842
STRATCAP,0.0,0.05,100,rate,HT,STRAT-2000,RA-EST,6.634104826329904,1.008765524476361,48.56608432712305,1.0,6.634104826329904,1.008765524476361,48.56608432712305,1.0,6.634104826329904,48.56608432712305,6.352449857960096,46.18783498637914,259.10889390588767,404494.96768948267,0.09129505920180336,0.00385938322394379
STRATCAP,0.0,0.05,400,dollars,DIFF,STRAT-2000,DEF-0.0,0.9999499999999999,0.9999499999999999,0.9999500000000001,0.0,3.987190361020814,3.9692446756892834,4.063606125478919,1.0,0.9765417039018369,0.9952574345472566,1.0,1.0,50.0,50.0,0.0,0.02
STRATCAP,0.0,0.05,400,dollars,DIFF,STRAT-2000,DEF-0.25,0.516633992820292,0.449076816416621,1.054089150416304,0.11,2.0649372075377723,1.7716025899078405,4.317912688917963,1.0,0.5057439240455444,1.0575421368785,0.5168521857648352,1.0541364134773656,66.59389039707443,66.60202652869938,0.2735726430748824,0.015016392555493828
STRATCAP,0.0,0.05,400,dollars,DIFF,STRAT-2000,DEF-0.5,0.45371445245745884,0.3333406824660313,1.4090732885049557,0.11,1.8183864781576846,1.318948560337113,5.770005989289356,1.0,0.4453587787259641,1.4131884786313107,0.45393088124739583,1.4091171719299231,99.67322024118985,99.70968236431642,0.5124516368867533,0.010032785110987655
STRATCAP,0.0,0.05,400,dollars,DIFF,STRAT-2000,DEF-0.75,0.5353367862320461,0.280516474935139,2.574840307514665,0.11,2.1547469764617655,1.1124321088763982,10.519252067500306,1.0,0.5277401110421472,2.5763726854364863,0.5354870059806983,2.5747197169257583,198.05205244379448,198.2681499184691,0.8258375744913748,0.005049177666481482
STRATCAP,0.0,0.05,400,dollars,DIFF,STRAT-2000,RA-EST,11.074252126996312,0.25896060796617215,89.99432881136795,0.11,45.03106569660092,1.0321521364169923,365.3776174865506,1.0,11.028997775921505,89.48819816482474,11.069165985948343,89.8727046751678,15250.82530076423,17172.515825527003,1.7758039514373187,6.557022197530967e-05
STRATCAP,0.0,0.05,400,dollars,DIFF,STRAT-2000,SRSWOR,,,,0.0,3.98738973050734,3.9694431478466767,4.063809315944717,1.0,0.9765905334285084,0.9953071999072521,0.9995903686990175,0.9999938448432878,,,,
STRATCAP,0.0,0.05,400,dollars,EXP,STRAT-2000,ST-NEY-EST,,,,0.0,2.371349162004153,1.2246447254642514,11.512583846378432,1.0,0.5807902662106281,2.8196592657233475,0.5888933008199247,2.810790030679308,,,,
STRATCAP,0.0,0.05,400,dollars,HT,STRAT-2000,DEF-0.0,0.9999499999999999,0.9999499999999999,0.9999499999999999,0.0,4.0827657288700285,4.0827657288700285,4.0827657288700285,1.0,0.9999499999999999,0.9999499999999999,1.0,1.0,50.0,50.0,0.0,0.02
STRATCAP,0.0,0.05,400,dollars,HT,STRAT-2000,DEF-0.25,0.5112341195063544,0.4420158270807232,1.0520339054361894,0.11,2.0873535102251,1.8047373072886819,4.29542274586146,1.0,0.5112341195063544,1.0520339054361894,0.5175626996478927,1.0512704878150732,66.59415231781581,66.60371098246095,0.27362631173460006,0.015016333494713895
STRATCAP,0.0,0.05,400,dollars,HT,STRAT-2000,DEF-0.5,0.44701305324231394,0.32542352526250407,1.408605527046924,0.11,1.8251408311768318,1.3286944510323733,5.751293936020886,1.0,0.44701305324231394,1.408605527046924,0.4539977169826869,1.4029947224265247,99.67439376514393,99.7172334739667,0.5123887177643408,0.01003266698942779
STRATCAP,0.0,0.05,400,dollars,HT,STRAT-2000,DEF-0.75,0.5277927198281942,0.27309271593702455,2.5743465125878764,0.11,2.1549617765504796,1.1150293328983667,10.510979264793098,1.0,0.5277927198281942,2.5743465125878764,0.5335722331780528,2.553055832915523,198.0590026298832,198.31294171757096,0.8260590975897482,0.0050490004841416865
STRATCAP,0.0,0.05,400,dollars,HT,STRAT-2000,RA-EST,11.336684158594837,0.25249764342308045,91.50750059989096,0.11,46.28733992873119,1.030940272201808,373.62236850221353,1.0,11.336684158594837,91.50750059989096,11.19692368620107,90.28897179524566,15305.99834154837,17632.435405709777,1.776629191178012,6.533397885558114e-05
STRATCAP,0.0,0.05,400,rate,DIFF,STRAT-2000,DEF-0.0,0.9999499999999999,0.9999499999999999,0.9999500000000001,0.0,1.0017664752084436,1.0015082215292046,1.0032628486807906,0.995,1.0017664752084436,1.0032628486807906,1.0,1.0,50.0,50.0,0.0,0.02
STRATCAP,0.0,0.05,400,rate,DIFF,STRAT-2000,DEF-0.25,1.0006939346006474,1.0003766795097286,1.002389808692467,0.98,1.0025122817684042,1.0019610199717213,1.0050027870617708,1.0,1.0025122817684042,1.0050027870617708,1.000743595608745,1.0024390133071797,52.904660363607114,66.65543295066635,0.021304762624773214,0.018901926528222767
STRATCAP,0.0,0.05,400,rate,DIFF,STRAT-2000,DEF-0.5,1.0033751504843769,1.0017982953146096,1.013008215136687,1.0,1.0052005122320444,1.003436556813099,1.0148540882954515,1.0,1.0052005122320444,1.0148540882954515,1.003423361868328,1.0130523677945724,56.167617831252436,99.94946530883443,0.04282867119785262,0.017803853056445537
STRATCAP,0.0,0.05,400,rate,DIFF,STRAT-2000,DEF-0.75,1.010743716610507,1.0041871391997352,1.055641237699598,1.0,1.012589052635949,1.0058088886686583,1.057669339031,1.0,1.012589052635949,1.057669339031,1.0107877661624098,1.0556723760715438,59.859525365249475,199.69709799535417,0.06409677550238307,0.016705779584668304
STRATCAP,0.0,0.05,400,rate,DIFF,STRAT-2000,RA-EST,6.5552683563889955,1.0075731501778606,48.138863532768234,1.0,6.5731026298636435,1.0092891865616165,48.229789280111014,1.0,6.5731026298636435,48.229789280111014,6.552191299169522,48.07722613400071,64.07091905163799,98892.31049942914,0.08664093559807438,0.015607706112891074
STRATCAP,0.0,0.05,400,rate,DIFF,STRAT-2000,SRSWOR,,,,0.0,1.0018165660367457,1.0015582994441772,1.0033130143315072,1.0,1.0018165660367457,1.0033130143315072,0.9994563399297861,0.9999911580509137,,,,
STRATCAP,0.0,0.05,400,rate,EXP,STRAT-2000,ST-NEY-EST,,,,0.0,1.0155075163278076,1.0076789425907486,1.0626065437783678,1.0,1.0155075163278076,1.0626065437783678,1.0131035143647769,1.0602676119020042,,,,
STRATCAP,0.0,0.05,400,rate,HT,STRAT-2000,DEF-0.0,0.9999499999999999,0.9999499999999999,0.9999499999999999,0.0,0.9999499999999999,0.9999499999999999,0.9999499999999999,0.0,0.9999499999999999,0.9999499999999999,1.0,1.0,50.0,50.0,0.0,0.02
STRATCAP,0.0,0.05,400,rate,HT,STRAT-2000,DEF-0.25,1.0007499972230007,1.0004853473611846,1.0021405677754371,0.985,1.0007499972230007,1.0004853473611846,1.0021405677754371,0.985,1.0007499972230007,1.0021405677754371,1.0007607011700406,1.0020826845417423,53.0240045409404,66.65568079364331,0.022335932698409645,0.018859383223943788
STRATCAP,0.0,0.05,400,rate,HT,STRAT-2000,DEF-0.5,1.0036385358382756,1.0021336837020485,1.0125672850036995,1.0,1.0036385358382756,1.0021336837020485,1.0125672850036995,1.0,1.0036385358382756,1.0125672850036995,1.00350692448128,1.0119927832472324,56.43734293253282,99.95057985916334,0.045109376767732384,0.017718766447887578
STRATCAP,0.0,0.05,400,rate,HT,STRAT-2000,DEF-0.75,1.0113889219939114,1.0049065613088703,1.0551121140249355,1.0,1.0113889219939114,1.0049065613088703,1.0551121140249355,1.0,1.0113889219939114,1.0551121140249355,1.0108733113810737,1.052418326209831,60.32037788345106,199.7037719488175,0.06796375054578208,0.01657814967183137
STRATCAP,0.0,0.05,400,rate,HT,STRAT-2000,RA-EST,6.720332995697129,1.0088942871226378,49.29411374095805,1.0,6.720332995697129,1.0088942871226378,49.29411374095805,1.0,6.720332995697129,49.29411374095805,6.434375110888056,46.87948552188494,64.77722347647192,101123.74192237067,0.09129505920180336,0.01543753289577516
STRATCAP,0.0,0.25,100,dollars,DIFF,STRAT-2000,DEF-0.0,0.99995,0.99995,0.9999500000000002,0.0,3.821920763459718,3.796017790377965,3.907311128221895,1.0,0.8161826341129939,0.8344180024402988,1.0,1.0,200.0,200.0,0.0,0.005
STRATCAP,0.0,0.25,100,dollars,DIFF,STRAT-2000,DEF-0.25,0.45101379482950194,0.45212725906689155,0.46014379522888904,0.0,1.7236906112968087,1.712028575431799,1.7714244901936793,1.0,0.36809929629481536,0.3782930092014145,0.45129220545802157,0.4603076965274325,266.3763353390932,266.38596842024253,0.2766816080198976,0.0037540872342399566
STRATCAP,0.0,0.25,100,dollars,DIFF,STRAT-2000,DEF-0.5,0.3372169552880676,0.33834210404739773,0.3426494390120375,0.0,1.288721802272654,1.2824198314550481,1.3142333131534165,1.0,0.2752104034374562,0.28065846304924524,0.3375377236506327,0.34290008409022793,398.69634770943645,398.73951151789817,0.5179221867270598,0.002508174468479914
STRATCAP,0.0,0.25,100,dollars,DIFF,STRAT-2000,DEF-0.75,0.2853086804393128,0.28633478693837927,0.28824706317156124,0.0,1.0903117259399098,1.0866289417002426,1.1078201661936231,1.0,0.2328393369611257,0.23657831685367325,0.28564618259094066,0.2884765309375536,792.2287413569723,792.4844355198388,0.8338385434542638,0.0012622617027198703
STRATCAP,0.0,0.25,100,dollars,DIFF,STRAT-2000,RA-EST,0.263980352747936,0.2650545732663466,0.26597916582917064,0.0,1.0087783779651929,1.0062718882994837,1.0201144510834013,1.0,0.21542764612904886,0.21784849851996582,0.26432238748972103,0.2662417998038514,61166.062140438145,63267.45833744452,1.7740966761304209,1.6348936959827196e-05
STRATCAP,0.0,0.25,100,dollars,DIFF,STRAT-2000,SRSWOR,,,,0.0,3.8221118690531712,3.7962076007580023,3.907506503547072,1.0,0.8162234452852581,0.8344597254265702,0.9995735410247741,0.9999899492276234,,,,
STRATCAP,0.0,0.25,100,dollars,EXP,STRAT-2000,ST-NEY-EST,,,,0.0,1.2101115704024281,1.2013166363426189,1.2325903877900555,1.0,0.2584229528106686,0.26322337163739773,0.31657231658713997,0.3245279463580452,,,,
STRATCAP,0.0,0.25,100,dollars,HT,STRAT-2000,DEF-0.0,0.9999499999999999,0.9999499999999999,0.9999499999999999,0.0,4.6824442320742365,4.6824442320742365,4.6824442320742365,1.0,0.9999499999999999,0.9999499999999999,1.0,1.0,200.0,200.0,0.0,0.005
STRATCAP,0.0,0.25,100,dollars,HT,STRAT-2000,DEF-0.25,0.4140580336968046,0.4130451393291181,0.430213681985721,0.0,1.9389005966574357,1.9341575381148344,2.014552301388529,1.0,0.4140580336968046,0.430213681985721,0.4531451009160547,0.4682486423228787,266.3771147640283,266.3904823292506,0.2771397004340526,0.003754076249703356
STRATCAP,0.0,0.25,100,dollars,HT,STRAT-2000,DEF-0.5,0.29275601898906634,0.29121765034936264,0.3014034494580885,0.0,1.3708822766342013,1.3636785910861393,1.411375412212916,1.0,0.29275601898906634,0.3014034494580885,0.33972308428459086,0.3478395880175048,398.69983991716276,398.75973953710843,0.518723190839115,0.0025081524994067118
STRATCAP,0.0,0.25,100,dollars,HT,STRAT-2000,DEF-0.75,0.23748509646026159,0.2366822607433261,0.242269505390839,0.0,1.1120663234401176,1.1083069019969778,1.134470171633394,1.0,0.23748509646026159,0.242269505390839,0.28800276075184206,0.29251404211631454,792.2494244537597,792.6043002215712,0.8347952265980347,0.001262228749110068
STRATCAP,0.0,0.25,100,dollars,HT,STRAT-2000,RA-EST,0.21501949144105661,0.2145540713250562,0.21681363794697237,0.0,1.006867120837753,1.00468770812946,1.015268531866426,1.0,0.21501949144105661,0.21681363794697237,0.266995542215152,0.2686827508860201,61330.892036825506,64302.62101506003,1.7775384893988233,1.6304998813423752e-05
STRATCAP,0.0,0.25,100,rate,DIFF,STRAT-2000,DEF-0.0,0.99995,0.99995,0.9999500000000002,0.0,1.001837747263126,1.0015040274785587,1.003655146382939,0.995,1.001837747263126,1.003655146382939,1.0,1.0,200.0,200.0,0.0,0.005
STRATCAP,0.0,0.25,100,rate,DIFF,STRAT-2000,DEF-0.25,0.9999984213740043,0.9999782894236118,1.000081953488527,0.32,1.0018862934668429,1.0015847536668394,1.0037862330458511,0.995,1.0018862934668429,1.0037862330458511,1.0000484005501575,1.0001319022303388,202.43990288028493,207.38345381779163,0.005875294633506622,0.004939738093315487
STRATCAP,0.0,0.25,100,rate,DIFF,STRAT-2000,DEF-0.5,1.000135555813459,1.0000674093083646,1.0003779880954355,0.77,1.0020237928067643,1.0016981782755812,1.0040073661550153,0.995,1.0020237928067643,1.0040073661550153,1.0001854711924656,1.0004279177808741,204.94011470471673,215.33295861775116,0.011787967541250605,0.0048794761866309735
STRATCAP,0.0,0.25,100,rate,DIFF,STRAT-2000,DEF-0.75,1.0003657537808957,1.0002293931795438,1.0008610231578285,0.96,1.0022546092027602,1.0018947115184176,1.0044020591366447,0.995,1.0022546092027602,1.0044020591366447,1.0004155601365003,1.000911042209896,207.50290113950194,223.9162033576981,0.017755961284397107,0.004819214279946461
STRATCAP,0.0,0.25,100,rate,DIFF,STRAT-2000,RA-EST,1.000694716449427,1.000479852304105,1.0015578114663468,0.985,1.0025844618595763,1.0021992552618073,1.0050884239540825,0.995,1.0025844618595763,1.0050884239540825,1.0007443654839236,1.001607859597843,210.1306428623913,233.2121174650827,0.023728037158525048,0.004758952373261948
STRATCAP,0.0,0.25,100,rate,DIFF,STRAT-2000,SRSWOR,,,,0.0,1.0018878416552086,1.0015541051838182,1.0037053316495215,1.0,1.0018878416552086,1.0037053316495215,0.9995063324158592,0.9999883494510624,,,,
STRATCAP,0.0,0.25,100,rate,EXP,STRAT-2000,ST-NEY-EST,,,,0.0,1.0013978030128294,1.001250088936747,1.0023886278974758,1.0,1.0013978030128294,1.0023886278974758,0.9990185655345607,1.0005348520741633,,,,
STRATCAP,0.0,0.25,100,rate,HT,STRAT-2000,DEF-0.0,0.9999500000000003,0.9999500000000003,0.9999500000000003,0.0,0.9999500000000003,0.9999500000000003,0.9999500000000003,0.0,0.9999500000000003,0.9999500000000003,1.0,1.0,200.0,200.0,0.0,0.005
STRATCAP,0.0,0.25,100,rate,HT,STRAT-2000,DEF-0.25,1.0000715626809134,1.0000533326506038,1.000181687280291,0.79,1.0000715626809134,1.0000533326506038,1.000181687280291,0.79,1.0000715626809134,1.000181687280291,1.0000912854223953,1.0001739835310874,203.58681492685935,209.85295747443783,0.008786771238420334,0.004911909909581437
STRATCAP,0.0,0.25,100,rate,HT,STRAT-2000,DEF-0.5,1.0004406519779965,1.0003670318657203,1.0009080774757366,0.985,1.0004406519779965,1.0003670318657203,1.0009080774757366,0.985,1.0004406519779965,1.0009080774757366,1.0003684426312354,1.0007193942398895,207.3046726659879,220.72704074777815,0.01765249424750863,0.004823819819162874
STRATCAP,0.0,0.25,100,rate,HT,STRAT-2000,DEF-0.75,1.0010673110307398,1.0008951322500843,1.0021373437456713,0.995,1.0010673110307398,1.0008951322500843,1.0021373437456713,0.995,1.0010673110307398,1.0021373437456713,1.0008390039838304,1.0016423684110314,211.16089060941937,232.78966616469137,0.026573654375458184,0.004735729728744311
STRATCAP,0.0,0.25,100,rate,HT,STRAT-2000,RA-EST,1.0019672123919037,1.0016734388779271,1.0039782111607791,0.995,1.0019672123919037,1.0016734388779271,1.0039782111607791,0.995,1.0019672123919037,1.0039782111607791,1.0015147238992368,1.0030245214389095,215.1633414700916,246.24696425429306,0.03588596404539266,0.0046476396383257484
STRATCAP,0.0,0.25,400,dollars,DIFF,STRAT-2000,DEF-0.0,0.9999499999999999,0.9999499999999999,0.9999500000000001,0.0,3.9906918433208785,3.9636450284357005,4.079852936196635,1.0,0.816182634112994,0.834418002440299,1.0,1.0,50.0,50.0,0.0,0.02
STRATCAP,0.0,0.25,400,dollars,DIFF,STRAT-2000,DEF-0.25,0.44263291688787093,0.443749272027942,0.4518931766432489,0.0,1.7663591012900741,1.7545933320919032,1.8165514200484791,1.0,0.361258568860255,0.3715239816119406,0.44289361676605243,0.4520471000457094,66.5940838347733,66.59649210506063,0.2766816080198976,0.015016348936959826
STRATCAP,0.0,0.25,400,dollars,DIFF,STRAT-2000,DEF-0.5,0.3271119844553775,0.32822062663101176,0.33259974931809644,0.0,1.3053032041423114,1.298909600009405,1.33232743273786,1.0,0.26696268449193317,0.2724897226462077,0.3273979949309995,0.33284243231609884,99.67408692735911,99.68487787947454,0.5179221867270598,0.010032697873919656
STRATCAP,0.0,0.25,400,dollars,DIFF,STRAT-2000,DEF-0.75,0.2744237295972677,0.2754197399931021,0.2773997399829693,0.0,1.0950200422190954,1.0907649353036861,1.1124023955002371,1.0,0.2239552382278595,0.22751030472887976,0.2747121955897816,0.277585865594761,198.05718533924306,198.1211088799597,0.8338385434542638,0.005049046810879481
STRATCAP,0.0,0.25,400,dollars,DIFF,STRAT-2000,RA-EST,0.25278052232530474,0.2538482092989089,0.25478124255570384,0.0,1.0086306787479877,1.0059937029855184,1.0197615937574858,1.0,0.20628674840066236,0.20856326081736146,0.2530620158696657,0.25501080694370626,15291.515535109536,15816.86458436113,1.7740966761304209,6.539574783930878e-05
STRATCAP,0.0,0.25,400,dollars,DIFF,STRAT-2000,SRSWOR,,,,0.0,3.9908913878902736,3.963843220596731,4.080056939043587,1.0,0.8162234452852583,0.8344597254265703,0.9995735410247741,0.9999899492276235,,,,
STRATCAP,0.0,0.25,400,dollars,EXP,STRAT-2000,ST-NEY-EST,,,,0.0,1.219874901281713,1.2110508741972406,1.246114536319161,1.0,0.2494907523072261,0.2548573241408474,0.30562963404919663,0.3135847015233389,,,,
STRATCAP,0.0,0.25,400,dollars,HT,STRAT-2000,DEF-0.0,0.99995,0.9999500000000001,0.9999500000000001,0.0,4.889214915807999,4.889214915807999,4.889214915807999,1.0,0.99995,0.9999500000000001,0.9999999999999999,0.9999999999999999,50.0,50.0,0.0,0.02
STRATCAP,0.0,0.25,400,dollars,HT,STRAT-2000,DEF-0.25,0.40639436532426015,0.4053777393206839,0.422682602693317,0.0,1.987048745080952,1.982077993522891,2.0666894202117225,1.0,0.40639436532426015,0.422682602693317,0.4447748728688514,0.4601095909298616,66.59427869100708,66.59762058231264,0.2771397004340526,0.015016304998813424
STRATCAP,0.0,0.25,400,dollars,HT,STRAT-2000,DEF-0.5,0.2841622915311223,0.2826024518055833,0.2927754597064406,0.0,1.3893999842633575,1.3817732112723329,1.4315137202652863,1.0,0.2841622915311223,0.2927754597064406,0.3296168049624162,0.33785754089532377,99.67495997929069,99.68993488427711,0.518723190839115,0.010032609997626847
STRATCAP,0.0,0.25,400,dollars,HT,STRAT-2000,DEF-0.75,0.2286041504958485,0.22778367620461948,0.2332939717103234,0.0,1.117750709955417,1.1137390342289164,1.140681400324219,1.0,0.2286041504958485,0.2332939717103234,0.2771048438245743,0.28168517541401317,198.06235611343993,198.1510750553928,0.8347952265980347,0.005048914996440272
STRATCAP,0.0,0.25,400,dollars,HT,STRAT-2000,RA-EST,0.20597476132864156,0.20551287569479498,0.20774918635129835,0.0,1.0071052306295183,1.004846859580566,1.0157812097162293,1.0,0.20597476132864156,0.20774918635129835,0.25577608622864917,0.2574891195220306,15332.723009206376,16075.655253765008,1.7775384893988233,6.521999525369501e-05
STRATCAP,0.0,0.25,400,rate,DIFF,STRAT-2000,DEF-0.0,0.9999499999999999,0.9999499999999999,0.9999500000000001,0.0,1.001837747263126,1.0015040274785587,1.003655146382939,0.995,1.001837747263126,1.003655146382939,1.0,1.0,50.0,50.0,0.0,0.02
STRATCAP,0.0,0.25,400,rate,DIFF,STRAT-2000,DEF-0.25,0.9999991585266638,0.9999788334584041,1.0000835298205224,0.32,1.0018870325334799,1.0015855055523044,1.0037905106604896,0.995,1.0018870325334799,1.0037905106604896,1.000049141374905,1.0001339211420275,50.60997572007123,51.84586345444791,0.005875294633506622,0.01975895237326195
STRATCAP,0.0,0.25,400,rate,DIFF,STRAT-2000,DEF-0.5,1.000138387204772,1.0000687004246003,1.0003844475269574,0.78,1.0020266316985709,1.0016997418901035,1.0040189524825274,0.995,1.0020266316985709,1.0040189524825274,1.0001883100372482,1.0004344675428265,51.23502867617918,53.83323965443779,0.011787967541250605,0.019517904746523894
STRATCAP,0.0,0.25,400,rate,DIFF,STRAT-2000,DEF-0.75,1.0003721030853026,1.0002344800140166,1.0008745983593352,0.965,1.0022609754726952,1.001900101948048,1.0044127322807195,0.995,1.0022609754726952,1.0044127322807195,1.0004219207508345,1.000924986733517,51.875725284875486,55.979050839424524,0.017755961284397107,0.019276857119785842
STRATCAP,0.0,0.25,400,rate,DIFF,STRAT-2000,RA-EST,1.0007060946039428,1.0004880282203106,1.0015816374404862,0.985,1.0025958705991653,1.002208345722492,1.005110274870924,0.995,1.0025958705991653,1.005110274870924,1.0007557588331673,1.0016324696937282,52.53266071559783,58.30302936627068,0.023728037158525048,0.01903580949304779
STRATCAP,0.0,0.25,400,rate,DIFF,STRAT-2000,SRSWOR,,,,0.0,1.0018878416552086,1.0015541051838182,1.0037053316495217,1.0,1.0018878416552086,1.0037053316495217,0.9995063324158592,0.9999883494510626,,,,
STRATCAP,0.0,0.25,400,rate,EXP,STRAT-2000,ST-NEY-EST,,,,0.0,1.0007325336843798,1.0005747703003933,1.0014460613497702,1.0,1.0007325336843798,1.0014460613497702,0.9983547907320013,0.9995014844765314,,,,
STRATCAP,0.0,0.25,400,rate,HT,STRAT-2000,DEF-0.0,0.99995,0.99995,0.99995,0.0,0.99995,0.99995,0.99995,0.0,0.99995,0.99995,0.9999999999999999,0.9999999999999999,50.0,50.0,0.0,0.02
STRATCAP,0.0,0.25,400,rate,HT,STRAT-2000,DEF-0.25,1.0000729627411213,1.0000545243147014,1.0001843478735406,0.79,1.0000729627411213,1.0000545243147014,1.0001843478735406,0.79,1.0000729627411213,1.0001843478735406,1.0000926826482481,1.0001766465443183,50.89670373171484,52.46323936860946,0.008786771238420334,0.019647639638325748
STRATCAP,0.0,0.25,400,rate,HT,STRAT-2000,DEF-0.5,1.0004463195664486,1.000371774303423,1.0009193461459083,0.985,1.0004463195664486,1.000371774303423,1.0009193461459083,0.985,1.0004463195664486,1.0009193461459083,1.0003740820592641,1.0007304053762143,51.82616816649698,55.18176018694454,0.01765249424750863,0.019295279276651495
STRATCAP,0.0,0.25,400,rate,HT,STRAT-2000,DEF-0.75,1.0010802672814394,1.000906111996413,1.002163266922619,0.995,1.0010802672814394,1.000906111996413,1.002163266922619,0.995,1.0010802672814394,1.002163266922619,1.0008518458815419,1.001667506703037,52.79022265235484,58.19741654117284,0.026573654375458184,0.018942918914977243
STRATCAP,0.0,0.25,400,rate,HT,STRAT-2000,RA-EST,1.0019907182322667,1.0016928208008897,1.0040262084848377,0.995,1.0019907182322667,1.0016928208008897,1.0040262084848377,0.995,1.0019907182322667,1.0040262084848377,1.0015379084487146,1.0030708151344028,53.7908353675229,61.561741063573265,0.03588596404539266,0.018590558553302994
STRATCAP,0.0,0.7,100,dollars,DIFF,STRAT-2000,DEF-0.0,0.99995,0.99995,0.9999500000000002,0.0,3.8184983392514678,3.7947011186528616,3.883732711860831,1.0,0.3748807652383638,0.3812851444866828,1.0,1.0,200.0,200.0,0.0,0.005
STRATCAP,0.0,0.7,100,dollars,DIFF,STRAT-2000,DEF-0.25,0.4504970608023689,0.45180295213467936,0.4567230649291638,0.0,1.7201081350642793,1.7127457347083468,1.7517534759287834,1.0,0.16887147686753676,0.17197825564430577,0.4507590449361352,0.4568258252053271,266.3767443604397,266.3832438588474,0.27628064208398967,0.0037540814698406523
STRATCAP,0.0,0.7,100,dollars,DIFF,STRAT-2000,DEF-0.5,0.3368718490375713,0.33812674654764924,0.34072913176428565,0.0,1.286218734845829,1.2814513289466056,1.3038168386401285,1.0,0.12627442013696016,0.12800211255189112,0.3371730726059212,0.3409468255314183,398.69818032122333,398.7273027007385,0.5175721383122279,0.0025081629396813045
STRATCAP,0.0,0.7,100,dollars,DIFF,STRAT-2000,DEF-0.75,0.28509549931263317,0.28608090156981775,0.28768513454926625,0.0,1.0885081296358559,1.08564539289535,1.100028689079847,1.0,0.10686419748085083,0.10799522747134284,0.2854121937966179,0.2879666689945896,792.2395951662917,792.4121016947782,0.8333096530861339,0.0012622444095219567
STRATCAP,0.0,0.7,100,dollars,DIFF,STRAT-2000,RA-EST,0.2638756029802638,0.264960394423697,0.26596057779866855,0.0,1.0074714849217883,1.0055024941757513,1.0153991803927294,1.0,0.0989084314483025,0.09968673230918636,0.26419644452714214,0.2661330478418538,61252.44368522857,62658.625765373356,1.7751620454274928,1.6325879362609118e-05
STRATCAP,0.0,0.7,100,dollars,DIFF,STRAT-2000,SRSWOR,,,,0.0,3.818689273715153,3.7948908631960228,3.8839269082062415,1.0,0.37489951021387447,0.38130420969716766,0.9996031775216005,0.9999924181253459,,,,
STRATCAP,0.0,0.7,100,dollars,EXP,STRAT-2000,ST-NEY-EST,,,,0.0,1.4777964573710023,1.4640341528892111,1.504954198116056,1.0,0.14508254753212313,0.14774875653056585,0.38697129896660776,0.39767985673624817,,,,
STRATCAP,0.0,0.7,100,dollars,HT,STRAT-2000,DEF-0.0,0.9999500000000002,0.9999500000000002,0.9999500000000002,0.0,10.185391645545424,10.185391645545424,10.185391645545424,1.0,0.9999500000000002,0.9999500000000002,1.0,1.0,200.0,200.0,0.0,0.005
STRATCAP,0.0,0.7,100,dollars,HT,STRAT-2000,DEF-0.25,0.3263226116149772,0.3258185640874335,0.33274880541136853,0.0,3.323889796585582,3.3187556184006706,3.3893463700206734,1.0,0.3263226116149772,0.33274880541136853,0.4522157756896881,0.4574651534665939,266.37714015441946,266.3825940076237,0.2761449647170676,0.003754075891873977
STRATCAP,0.0,0.7,100,dollars,HT,STRAT-2000,DEF-0.5,0.18727839944142852,0.18693120145153644,0.19075352453198322,0.0,1.9075992250230955,1.904062700691282,1.942996504951653,1.0,0.18727839944142852,0.19075352453198322,0.33857750808909715,0.3414494377147008,398.69995367906444,398.724390777098,0.5173199827028758,0.0025081517837479547
STRATCAP,0.0,0.7,100,dollars,HT,STRAT-2000,DEF-0.75,0.12410661712794807,0.12392781587695018,0.12587885633715037,0.0,1.2641377081373135,1.262316456306595,1.282189561165282,1.0,0.12410661712794807,0.12587885633715037,0.2868291056214261,0.2882997082640179,792.2500982325415,792.3948506560349,0.833595027107368,0.0012622276756219315
STRATCAP,0.0,0.7,100,dollars,HT,STRAT-2000,RA-EST,0.0983996191922909,0.09833859781064956,0.09865245883689094,0.0,1.002288773684695,1.0016672159360382,1.0048641732584456,1.0,0.0983996191922909,0.09865245883689094,0.2658034865254939,0.2660160435482481,61336.27106448754,62515.13166756142,1.7770776410095075,1.6303567495908748e-05
STRATCAP,0.0,0.7,100,rate,DIFF,STRAT-2000,DEF-0.0,0.99995,0.99995,0.9999500000000002,0.0,1.0019778036957017,1.0017802156559963,1.0037886036291543,1.0,1.0019778036957017,1.0037886036291543,1.0,1.0,200.0,200.0,0.0,0.005
STRATCAP,0.0,0.7,100,rate,DIFF,STRAT-2000,DEF-0.25,0.9999807457405051,0.9999653984947785,1.0000231209429773,0.22,1.0020086383161473,1.0017958818550774,1.0038447960143024,1.0,1.0020086383161473,1.0038447960143024,1.0000307316833785,1.0000729904740016,201.9878863137728,204.98501989812675,0.004495758070548377,0.004950791942363638
STRATCAP,0.0,0.7,100,rate,DIFF,STRAT-2000,DEF-0.5,1.0000650947893428,1.0000175959445685,1.0001841169039003,0.615,1.0020932314734166,1.0018719766738917,1.0039877638158379,1.0,1.0020932314734166,1.0039877638158379,1.0001150405627428,1.0002340793458002,204.01568627366072,210.22490642420377,0.008988105189613033,0.004901583884727277
STRATCAP,0.0,0.7,100,rate,DIFF,STRAT-2000,DEF-0.75,1.00020499822128,1.0001086319315966,1.0004491454954916,0.875,1.002233541159927,1.0019893323707645,1.0042882906256048,1.0,1.002233541159927,1.0042882906256048,1.00025487680045,1.0004991503762573,206.0846141757931,215.73971884404833,0.01351834917876387,0.004852375827090915
STRATCAP,0.0,0.7,100,rate,DIFF,STRAT-2000,RA-EST,1.0004029040256877,1.0002496283079343,1.000808789234907,0.965,1.0024320242133444,1.0021134594498649,1.004681977634332,1.0,1.0024320242133444,1.004681977634332,1.0004526872431585,1.000858786895276,208.19593407778217,221.5516782527051,0.01807503286809339,0.004803167769454553
STRATCAP,0.0,0.7,100,rate,DIFF,STRAT-2000,SRSWOR,,,,0.0,1.0020279050909562,1.0018303071713546,1.0038387955689327,1.0,1.0020279050909562,1.0038387955689327,0.9995345331196631,0.9999945472107084,,,,
STRATCAP,0.0,0.7,100,rate,EXP,STRAT-2000,ST-NEY-EST,,,,0.0,1.0011001317952677,1.0008906624181897,1.002060940943754,1.0,1.0011001317952677,1.002060940943754,0.9986104480293788,1.0000699847203518,,,,
STRATCAP,0.0,0.7,100,rate,HT,STRAT-2000,DEF-0.0,0.9999499999999998,0.9999499999999998,0.9999499999999998,0.0,0.9999499999999998,0.9999499999999998,0.9999499999999998,0.0,0.9999499999999998,0.9999499999999998,1.0,1.0,200.0,200.0,0.0,0.005
STRATCAP,0.0,0.7,100,rate,HT,STRAT-2000,DEF-0.25,0.9999957981534934,0.9999900129707469,1.0000356209723598,0.385,0.9999957981534934,0.9999900129707469,1.0000356209723598,0.385,0.9999957981534934,1.0000356209723598,1.0000137876116946,1.000025777564974,201.44616180693555,203.61988745681228,0.003462106870324414,0.004964105501841639
STRATCAP,0.0,0.7,100,rate,HT,STRAT-2000,DEF-0.5,1.000133610485953,1.0001090057156563,1.0002886157809832,0.905,1.000133610485953,1.0001090057156563,1.0002886157809832,0.905,1.000133610485953,1.0002886157809832,1.0000552758084285,1.0001019498275023,202.91338984150332,207.3732262159454,0.006901449520340128,0.004928211003683278
STRATCAP,0.0,0.7,100,rate,HT,STRAT-2000,DEF-0.75,1.0003642213432045,1.000306959426472,1.0007084327407287,0.99,1.0003642213432045,1.000306959426472,1.0007084327407287,0.99,1.0003642213432045,1.0007084327407287,1.0001246998941191,1.0002283416688003,204.4021477897017,211.26753461983557,0.010340441747130554,0.004892316505524918
STRATCAP,0.0,0.7,100,rate,HT,STRAT-2000,RA-EST,1.0006886384841152,1.000583642105898,1.0012933901460823,1.0,1.0006886384841152,1.000583642105898,1.0012933901460823,1.0,1.0006886384841152,1.0012933901460823,1.000222362196711,1.0004044437985302,205.9129130463279,215.31090657489162,0.01377656253800291,0.004856422007366556
STRATCAP,0.0,0.7,400,dollars,DIFF,STRAT-2000,DEF-0.0,0.9999499999999999,0.9999499999999999,0.9999500000000001,0.0,3.9871182892841683,3.962270214189436,4.055233327451702,1.0,0.37488076523836367,0.3812851444866828,1.0,1.0,50.0,50.0,0.0,0.02
STRATCAP,0.0,0.7,400,dollars,DIFF,STRAT-2000,DEF-0.25,0.4421070276088292,0.44342217424434416,0.4484296015109663,0.0,1.7626102400576371,1.7549068450275191,1.7940438885438437,1.0,0.16572587710419168,0.168681362581112,0.4423522956239332,0.4485119347747965,66.59418609010993,66.59581096471184,0.27628064208398967,0.01501632587936261
STRATCAP,0.0,0.7,400,dollars,DIFF,STRAT-2000,DEF-0.5,0.3267592802558468,0.3280039099453272,0.3306649202007386,0.0,1.3026938247434467,1.2981398305968002,1.321288637864533,1.0,0.12248316263995054,0.12423150248505425,0.32702776249274657,0.3308592769426134,99.67454508030583,99.68182567518463,0.5175721383122279,0.010032651758725218
STRATCAP,0.0,0.7,400,dollars,DIFF,STRAT-2000,DEF-0.75,0.27420405529686,0.2751639276611161,0.2768189788445446,0.0,1.0931480459666638,1.0905248152519806,1.1051052296624069,1.0,0.10278104291317096,0.10390529302283115,0.27447462533432126,0.277068199642466,198.05989879157292,198.10302542369456,0.8333096530861339,0.005048977638087827
STRATCAP,0.0,0.7,400,dollars,DIFF,STRAT-2000,RA-EST,0.25267016706779516,0.2537353400145194,0.25474457539883766,0.0,1.0072817320325518,1.0055687050148987,1.0149077225288425,1.0,0.09470763572022893,0.0954246541143492,0.2529341452086801,0.25490039041086177,15313.110921307143,15664.656441343339,1.7751620454274928,6.530351745043647e-05
STRATCAP,0.0,0.7,400,dollars,DIFF,STRAT-2000,SRSWOR,,,,0.0,3.987317655166927,3.9624683376063174,4.055436099256664,1.0,0.3748995102138744,0.3813042096971676,0.9996031775216005,0.9999924181253459,,,,
STRATCAP,0.0,0.7,400,dollars,EXP,STRAT-2000,ST-NEY-EST,,,,0.0,1.4872449364736167,1.4724229138017972,1.5191768423367433,1.0,0.13983520914856265,0.1428375422716257,0.3729766545766149,0.38397610050698067,,,,
STRATCAP,0.0,0.7,400,dollars,HT,STRAT-2000,DEF-0.0,0.9999499999999997,0.9999499999999997,0.9999499999999997,0.0,10.635165372741023,10.635165372741024,10.635165372741024,1.0,0.9999499999999997,0.9999499999999997,1.0,1.0,50.0,50.0,0.0,0.02
STRATCAP,0.0,0.7,400,dollars,HT,STRAT-2000,DEF-0.25,0.32019651463344645,0.3196841917933868,0.32659297418362504,0.0,3.4055131605600235,3.4000642499862286,3.4735439672165542,1.0,0.32019651463344645,0.32659297418362504,0.4438313232767752,0.4491610486727153,66.59428503860487,66.59564850190593,0.2761449647170676,0.015016303567495908
STRATCAP,0.0,0.7,400,dollars,HT,STRAT-2000,DEF-0.5,0.18201386245377904,0.1816670687809584,0.18534806141999283,0.0,1.9358443195432564,1.9321559270629647,1.9713058500110854,1.0,0.18201386245377904,0.18534806141999283,0.3284536944373997,0.3313695821695178,99.67498841976611,99.6810976942745,0.5173199827028758,0.010032607134991819
STRATCAP,0.0,0.7,400,dollars,HT,STRAT-2000,DEF-0.75,0.1197021743517531,0.1195457198096285,0.12139187067144773,0.0,1.273116075511349,1.2714520723823812,1.2910871738559309,1.0,0.1197021743517531,0.12139187067144773,0.2759132245850194,0.27740633645173246,198.06252455813538,198.09871266400873,0.833595027107368,0.005048910702487726
STRATCAP,0.0,0.7,400,dollars,HT,STRAT-2000,RA-EST,0.09423555977199045,0.09417741921146683,0.09446337092435997,0.0,1.0022608752117008,1.0016425098173984,1.0046838056374265,1.0,0.09423555977199045,0.09446337092435997,0.2545657847886393,0.2547815952352111,15334.067766121885,15628.782916890355,1.7770776410095075,6.521426998363499e-05
STRATCAP,0.0,0.7,400,rate,DIFF,STRAT-2000,DEF-0.0,0.9999499999999999,0.9999499999999999,0.9999500000000002,0.0,1.0019778036957014,1.0017802156559958,1.0037886036291541,1.0,1.0019778036957014,1.0037886036291541,1.0,1.0,50.0,50.0,0.0,0.02
STRATCAP,0.0,0.7,400,rate,DIFF,STRAT-2000,DEF-0.25,0.9999812120034892,0.9999656005625208,1.0000244549164115,0.22,1.0020091059147296,1.0017958168313388,1.0038457235702332,1.0,1.0020091059147296,1.0038457235702332,1.0000312020662874,1.000074107675134,50.4969715784432,51.24625497453169,0.004495758070548377,0.019803167769454552
STRATCAP,0.0,0.7,400,rate,DIFF,STRAT-2000,DEF-0.5,1.000066847299407,1.0000188711906857,1.000187792052706,0.62,1.0020949890291755,1.0018729105064774,1.0039908378154356,1.0,1.0020949890291755,1.0039908378154356,1.0001168013876829,1.0002376621929299,51.00392156841518,52.55622660605094,0.008988105189613033,0.019606335538909107
STRATCAP,0.0,0.7,400,rate,DIFF,STRAT-2000,DEF-0.75,1.0002088868257453,1.0001109408311541,1.0004567005089267,0.88,1.0022374410005648,1.001991821906405,1.0042964304252546,1.0,1.0022374410005648,1.0042964304252546,1.000258777975967,1.0005067904330367,51.52115354394827,53.93492971101208,0.01351834917876387,0.01940950330836366
STRATCAP,0.0,0.7,400,rate,DIFF,STRAT-2000,RA-EST,1.0004098160409312,1.0002538125890974,1.000821820237363,0.965,1.0024389562710503,1.002119164077012,1.0046961409006114,1.0,1.0024389562710503,1.0046961409006114,1.0004596161295334,1.0008719315926526,52.04898351944554,55.387919563176276,0.01807503286809339,0.01921267107781821
STRATCAP,0.0,0.7,400,rate,DIFF,STRAT-2000,SRSWOR,,,,0.0,1.0020279050909562,1.0018303071713546,1.0038387955689327,1.0,1.0020279050909562,1.0038387955689327,0.9995345331196631,0.9999945472107084,,,,
STRATCAP,0.0,0.7,400,rate,EXP,STRAT-2000,ST-NEY-EST,,,,0.0,1.0005058702471954,1.0004171551524446,1.0009793735984094,1.0,1.0005058702471954,1.0009793735984094,0.9980176006633993,0.9994249144873363,,,,
STRATCAP,0.0,0.7,400,rate,HT,STRAT-2000,DEF-0.0,0.9999500000000013,0.9999500000000013,0.9999500000000013,0.0,0.9999500000000013,0.9999500000000013,0.9999500000000013,0.0,0.9999500000000013,0.9999500000000013,1.0,1.0,50.0,50.0,0.0,0.02
STRATCAP,0.0,0.7,400,rate,HT,STRAT-2000,DEF-0.25,0.9999960101164711,0.9999901935775591,1.0000360047934866,0.385,0.9999960101164711,0.9999901935775591,1.0000360047934866,0.385,0.9999960101164711,1.0000360047934866,1.0000139986465673,1.0000261721195398,50.36154045173389,50.90497186420307,0.003462106870324414,0.019856422007366557
STRATCAP,0.0,0.7,400,rate,HT,STRAT-2000,DEF-0.5,1.0001344647309387,1.0001097299147723,1.0002900918523836,0.905,1.0001344647309387,1.0001097299147723,1.0002900918523836,0.905,1.0001344647309387,1.0002900918523836,1.0000561218667203,1.0001035102840456,50.72834746037583,51.84330655398635,0.006901449520340128,0.01971284401473311
STRATCAP,0.0,0.7,400,rate,HT,STRAT-2000,DEF-0.75,1.0003661601857474,1.0003085765711517,1.0007117986344138,0.99,1.0003661601857474,1.0003085765711517,1.0007117986344138,0.99,1.0003661601857474,1.0007117986344138,1.000126608565968,1.0002318366943426,51.100536947425425,52.81688365495889,0.010340441747130554,0.01956926602209967
STRATCAP,0.0,0.7,400,rate,HT,STRAT-2000,RA-EST,1.0006921196500216,1.0005865395314189,1.001299466185396,1.0,1.0006921196500216,1.0005865395314189,1.001299466185396,1.0,1.0006921196500216,1.001299466185396,1.0002257656997215,1.0004106342648338,51.478228261581975,53.827726643722904,0.01377656253800291,0.019425688029466225
STRATCAP,0.75,0.05,100,dollars,DIFF,STRAT-2000,DEF-0.0,0.99995,0.99995,0.9999500000000002,0.0,6.43359222454256,6.40261311348767,6.51893735320214,1.0,0.7409470801326554,0.7585872612494765,1.0,1.0,200.0,200.0,0.0,0.005
STRATCAP,0.75,0.05,100,dollars,DIFF,STRAT-2000,DEF-0.25,0.29146202254216247,0.2916579725981953,0.29833547529643745,0.0,1.875226934478704,1.8695787758815028,1.9175365093261054,1.0,0.2159668023963431,0.22154059418466177,0.29180075042989895,0.29879563431825573,266.5243428786172,266.53872012230187,0.3508448575631117,0.0037520024970309433
STRATCAP,0.75,0.05,100,dollars,DIFF,STRAT-2000,DEF-0.5,0.1941313870330362,0.194341286157537,0.1979127988267442,0.0,1.248941564994993,1.2467609287099082,1.2732303431654397,1.0,0.1438331679725459,0.14684857245157326,0.1945003902877066,0.19817881104269983,399.3602258671096,399.4247925189297,0.6447059340445298,0.0025040049940618864
STRATCAP,0.75,0.05,100,dollars,DIFF,STRAT-2000,DEF-0.75,0.15305753505893832,0.15320778525904044,0.15543749838234486,0.0,0.9846449629140795,0.9843738437292928,0.9985267831080143,0.07,0.11339204269647847,0.11554163648413034,0.1534345173538071,0.15567334650432976,796.1735953805448,796.5586525575487,1.0547291216529593,0.00125600749109283
STRATCAP,0.75,0.05,100,dollars,DIFF,STRAT-2000,RA-EST,0.13579708411219568,0.13623179026210636,0.1377308344290886,0.0,0.8735597517753086,0.8724389015851746,0.8801405713523681,0.0,0.1005955360858338,0.10178207474498689,0.13617372682687845,0.1378457989287674,124844.17533561875,138880.24954823646,2.6986808251324206,8.00998812377312e-06
STRATCAP,0.75,0.05,100,dollars,DIFF,STRAT-2000,SRSWOR,,,,0.0,6.433913920238572,6.402933260150678,6.519263316367958,1.0,0.7409841293391223,0.758625192509102,0.9995735563976876,0.999992287498546,,,,
STRATCAP,0.75,0.05,100,dollars,EXP,STRAT-2000,ST-NEY-EST,,,,0.0,0.9364279499050399,0.9272716891695219,0.9612897713942055,0.035,0.11877316831162131,0.12192655273224395,0.16028255173169345,0.16387126360558382,,,,
STRATCAP,0.75,0.05,100,dollars,HT,STRAT-2000,DEF-0.0,0.99995,0.9999500000000001,0.9999500000000001,0.0,7.88377662916924,7.88377662916924,7.88377662916924,1.0,0.99995,0.9999500000000001,1.0000000000000002,1.0000000000000002,200.0,200.0,0.0,0.005
STRATCAP,0.75,0.05,100,dollars,HT,STRAT-2000,DEF-0.25,0.2504835789634856,0.24880171364916948,0.2603106877736809,0.0,1.9748553285894253,1.9615952151253357,2.0523339332897805,1.0,0.2504835789634856,0.2603106877736809,0.2648933109301048,0.27456430757426153,266.53677241234294,266.5521626628569,0.36172516885552464,0.0037518275281466997
STRATCAP,0.75,0.05,100,dollars,HT,STRAT-2000,DEF-0.5,0.1577445188141761,0.1571410268231675,0.1624633327886473,0.0,1.2436847350435012,1.2389267010871987,1.2808886705696108,1.0,0.1577445188141761,0.1624633327886473,0.17363728147963695,0.17830951956603708,399.4160447487826,399.48517410505286,0.6607234323726447,0.0025036550562933997
STRATCAP,0.75,0.05,100,dollars,HT,STRAT-2000,DEF-0.75,0.11938397631924995,0.1191029026132554,0.12194615821704802,0.0,0.9412436645862259,0.9390276314701764,0.9614443443857569,0.02,0.11938397631924995,0.12194615821704802,0.13577339504131225,0.13830294123077738,796.5064688220803,796.9189755860755,1.0823509170529109,0.0012554825844400992
STRATCAP,0.75,0.05,100,dollars,HT,STRAT-2000,RA-EST,0.10342099675131554,0.10313806281761721,0.10449976482593822,0.0,0.815388806593739,0.8131581071246758,0.8238939983883329,0.0,0.10342099675131554,0.10449976482593822,0.11995159837991659,0.1210123081778923,136796.798717742,155192.33905201775,2.8362742436464456,7.3101125867991386e-06
STRATCAP,0.75,0.05,100,rate,DIFF,STRAT-2000,DEF-0.0,0.99995,0.99995,0.9999500000000002,0.0,0.999953751607839,0.99995,0.9999500000000002,0.005,0.9361204116982426,0.940782068845059,1.0,1.0,200.0,200.0,0.0,0.005
STRATCAP,0.75,0.05,100,rate,DIFF,STRAT-2000,DEF-0.25,0.929820587693717,0.9301147943877774,0.938306400653242,0.0,0.9298240793797922,0.9301147943877774,0.938306400653242,0.0,0.8704689078312663,0.8793377963860094,0.9299074976679401,0.9383837694062024,212.7058744018551,215.22562513845185,0.09247302708638067,0.004701327691031959
STRATCAP,0.75,0.05,100,rate,DIFF,STRAT-2000,DEF-0.5,0.8914077419462708,0.8911927436556443,0.9017074568403056,0.0,0.8914110853771462,0.8912188724333628,0.9017074568403056,0.0,0.8345088318076034,0.8449709673631298,0.8915146352268524,0.901758243228766,227.13566982857242,232.96046971331907,0.17696544645766277,0.004402655382063917
STRATCAP,0.75,0.05,100,rate,DIFF,STRAT-2000,DEF-0.75,0.8726188994103486,0.8713246186629167,0.8808318048015567,0.0,0.8726221639667213,0.8713246186629167,0.8808318048015567,0.0,0.8169195182041501,0.8252518347733577,0.8727354220246548,0.8809373335254956,243.66577233545877,253.88052442113735,0.2569030222615049,0.004103983073095875
STRATCAP,0.75,0.05,100,rate,DIFF,STRAT-2000,RA-EST,0.8683471971601608,0.8668062546963083,0.8754747351561899,0.0,0.8683504340775667,0.8668062546963083,0.8754747351561899,0.0,0.8129202661516252,0.8213858857792057,0.8684657684877451,0.8755270190282443,262.79073805261044,278.92855507561694,0.3345119462715126,0.003805310764127834
STRATCAP,0.75,0.05,100,rate,DIFF,STRAT-2000,SRSWOR,,,,0.0,1.0000037517954288,1.0,1.0,0.005,0.9361672200592455,0.9408291103005741,0.9994635915589885,0.999983510484146,,,,
STRATCAP,0.75,0.05,100,rate,EXP,STRAT-2000,ST-NEY-EST,,,,0.0,0.850233402580131,0.848755183937207,0.8569288245776099,0.0,0.8105826317717961,0.816965811692827,0.8653942839142167,0.8713367134440178,,,,
STRATCAP,0.75,0.05,100,rate,HT,STRAT-2000,DEF-0.0,0.99995,0.9999500000000001,0.9999500000000001,0.0,1.048863937599587,1.048863937599587,1.048863937599587,1.0,0.99995,0.9999500000000001,1.0,1.0,200.0,200.0,0.0,0.005
STRATCAP,0.75,0.05,100,rate,HT,STRAT-2000,DEF-0.25,0.9038167696104076,0.9042991637068789,0.9144954006026835,0.0,0.9480282172529733,0.9485342083240266,0.9592292082532548,0.0,0.9038167696104076,0.9144954006026835,0.9086121668125143,0.9187654697439686,214.0034576033739,216.58555085981305,0.10491540458255552,0.004672821703621176
STRATCAP,0.75,0.05,100,rate,HT,STRAT-2000,DEF-0.5,0.8548406360733045,0.854402073780792,0.8670181464564675,0.0,0.8966563483894011,0.8961963332156351,0.9094295385395527,0.0,0.8548406360733045,0.8670181464564675,0.8620306759584416,0.8736187527260848,230.11552317577812,236.17067213469335,0.19682540605216114,0.004345643407242353
STRATCAP,0.75,0.05,100,rate,HT,STRAT-2000,DEF-0.75,0.8318179198770315,0.8302641608759934,0.8411269097541355,0.0,0.8725074441803298,0.8708776809082567,0.8822717961755037,0.0,0.8318179198770315,0.8411269097541355,0.8401119442357787,0.8489759424133393,248.85123765093567,259.6499979246904,0.2828074250750826,0.004018465110863529
STRATCAP,0.75,0.05,100,rate,HT,STRAT-2000,RA-EST,0.8269606429828924,0.825357127334968,0.8347403408963252,0.0,0.867412566867266,0.8657306130330897,0.8755728194667144,0.0,0.8269606429828924,0.8347403408963252,0.8354573547352669,0.842854605707647,270.9082454413517,288.3132118834477,0.36978978803189866,0.0036912868144847056
STRATCAP,0.75,0.05,400,dollars,DIFF,STRAT-2000,DEF-0.0,0.9999499999999999,0.9999499999999999,0.9999500000000001,0.0,7.012915960290749,6.977618264498052,7.1108030711926045,1.0,0.7409470801326554,0.7585872612494765,1.0,1.0,50.0,50.0,0.0,0.02
STRATCAP,0.75,0.05,400,dollars,DIFF,STRAT-2000,DEF-0.25,0.2810311428325711,0.2812242275749628,0.2878617152450422,0.0,1.9709296126765403,1.9652247865087502,2.016650236768469,1.0,0.20823769382967583,0.21376722339914286,0.28133496226918703,0.28815815548019064,66.63105360032176,66.63465886532443,0.35060740140152524,0.015008017222696124
STRATCAP,0.75,0.05,400,dollars,DIFF,STRAT-2000,DEF-0.5,0.18201594534766655,0.1822472049201822,0.1857892619664452,0.0,1.2764360959710104,1.2738779389480726,1.303093911162438,1.0,0.13485658092706787,0.13789525171957528,0.1823194151249809,0.18600252307312493,99.83991223794104,99.85610306869265,0.6445846762647971,0.010016034445392247
STRATCAP,0.75,0.05,400,dollars,DIFF,STRAT-2000,DEF-0.75,0.14025851942333803,0.14034335139774187,0.1426232135104637,0.0,0.9835480004109304,0.9831586978387441,0.998870930641854,0.075,0.10390946645156013,0.10591281364269572,0.14054572252482367,0.14282261778823296,199.04253898365943,199.13909604093178,1.0543216297914444,0.005024051668088372
STRATCAP,0.75,0.05,400,dollars,DIFF,STRAT-2000,RA-EST,0.12269966571414717,0.12306875004931361,0.12457088118694061,0.0,0.8603679669611587,0.8589957866259943,0.8675558038575546,0.0,0.09089225610784178,0.09203114862816279,0.12296837888264196,0.12466390568331934,31182.870270021398,34697.09288333564,2.69735921581779,3.206889078449558e-05
STRATCAP,0.75,0.05,400,dollars,DIFF,STRAT-2000,SRSWOR,,,,0.0,7.01326662362193,6.977967162856194,7.111158629124062,1.0,0.7409841293391224,0.7586251925091021,0.9995735563976876,0.999992287498546,,,,
STRATCAP,0.75,0.05,400,dollars,EXP,STRAT-2000,ST-NEY-EST,,,,0.0,0.9353180883369022,0.9252169478705929,0.961280942507211,0.035,0.10861885865705391,0.1116339351562937,0.14657743992113065,0.15006539223957246,,,,
STRATCAP,0.75,0.05,400,dollars,HT,STRAT-2000,DEF-0.0,0.9999499999999999,0.9999499999999999,0.9999499999999999,0.0,8.61057954388427,8.61057954388427,8.61057954388427,1.0,0.9999499999999999,0.9999499999999999,1.0,1.0,50.0,50.0,0.0,0.02
STRATCAP,0.75,0.05,400,dollars,HT,STRAT-2000,DEF-0.25,0.24102843665374274,0.23944418146720786,0.25052970224261095,0.0,2.075498301060176,2.0618562636568365,2.157313794955391,1.0,0.24102843665374274,0.25052970224261095,0.2543326082185066,0.2637815923470806,66.63412214831747,66.63798469314963,0.3613816540168338,0.01500732609299182
STRATCAP,0.75,0.05,400,dollars,HT,STRAT-2000,DEF-0.5,0.14748030488999775,0.14686623869104642,0.15204836150016088,0.0,1.2699543941313365,1.2646666638935438,1.3092899757131917,1.0,0.14748030488999775,0.15204836150016088,0.161270498035789,0.16591551869611715,99.85369251265905,99.87104208222642,0.6602783459104836,0.01001465218598364
STRATCAP,0.75,0.05,400,dollars,HT,STRAT-2000,DEF-0.75,0.10917576443028965,0.10891945424987162,0.11174638030094355,0.0,0.9401136095718587,0.9379065200209843,0.962249208782856,0.02,0.10917576443028965,0.11174638030094355,0.12268365222977687,0.12524385202402585,199.12471628769012,199.22824297738933,1.0818115219947617,0.0050219782789754615
STRATCAP,0.75,0.05,400,dollars,HT,STRAT-2000,RA-EST,0.09343697835482312,0.09312875635824033,0.09444332119607385,0.0,0.8045867638025874,0.8019326610787003,0.8132523921670136,0.0,0.09343697835482312,0.09444332119607385,0.10652541723084337,0.10758114671342464,34124.60797191795,38722.34713630618,2.8334436539291596,2.9304371967281737e-05
STRATCAP,0.75,0.05,400,rate,DIFF,STRAT-2000,DEF-0.0,0.9999499999999999,0.9999499999999999,0.9999500000000001,0.0,1.008121027810236,1.0067622981254831,1.013141230911696,1.0,0.9361204116982426,0.9407820688450591,1.0,1.0,50.0,50.0,0.0,0.02
STRATCAP,0.75,0.05,400,rate,DIFF,STRAT-2000,DEF-0.25,0.9287485948182577,0.9290485632360415,0.9373651963549965,0.0,0.9363392878366631,0.9355307137506753,0.9459465883039652,0.0,0.8694653671918942,0.8783865084246036,0.9288346532444902,0.9374406638358892,53.17646860046378,53.80640628461296,0.09247302708638067,0.018805310764127836
STRATCAP,0.75,0.05,400,rate,DIFF,STRAT-2000,DEF-0.5,0.8897490174375506,0.8895321878190021,0.9002039090175323,0.0,0.8970218742219074,0.8956280571592734,0.9084790060720729,0.0,0.832956027137851,0.843594883672522,0.8898541449497123,0.900254542870023,56.783917457143104,58.24011742832977,0.17696544645766277,0.01761062152825567
STRATCAP,0.75,0.05,400,rate,DIFF,STRAT-2000,DEF-0.75,0.8706736155116559,0.8693577880754038,0.8790158144103418,0.0,0.8777908041842822,0.8761427322954557,0.8868914939084546,0.0,0.8150984518027515,0.8235491647393075,0.8707874948107464,0.8791149457733348,60.91644308386469,63.47013110528434,0.2569030222615049,0.0164159322923835
STRATCAP,0.75,0.05,400,rate,DIFF,STRAT-2000,RA-EST,0.8663373604547498,0.8647666940919132,0.873569098801904,0.0,0.8734188733230941,0.8716908301842785,0.8827028865034832,0.0,0.8110387668990634,0.8196597102192474,0.8664524894339861,0.8736218203399011,65.69768451315261,69.73213876890424,0.3345119462715126,0.015221243056511336
STRATCAP,0.75,0.05,400,rate,DIFF,STRAT-2000,SRSWOR,,,,0.0,1.0081714363820549,1.0068126387574212,1.0131918905062212,1.0,0.9361672200592456,0.9408291103005741,0.9994635915589885,0.9999835104841461,,,,
STRATCAP,0.75,0.05,400,rate,EXP,STRAT-2000,ST-NEY-EST,,,,0.0,0.8706299110164616,0.8692467213488014,0.8774641702779103,0.0,0.8084489939743118,0.8147951462883614,0.8631163580622837,0.8695382302327646,,,,
STRATCAP,0.75,0.05,400,rate,HT,STRAT-2000,DEF-0.0,0.99995,0.99995,0.99995,0.0,1.0768599948911228,1.0768599948911228,1.0768599948911228,1.0,0.99995,0.99995,1.0,1.0,50.0,50.0,0.0,0.02
STRATCAP,0.75,0.05,400,rate,HT,STRAT-2000,DEF-0.25,0.902540543184681,0.903028744182248,0.9133552051948614,0.0,0.9719584026430189,0.9724841530542854,0.9836048618430109,0.005,0.902540543184681,0.9133552051948614,0.9072133734473999,0.9175220840767846,53.500864400843476,54.14638771495326,0.10491540458255552,0.018691286814484703
STRATCAP,0.75,0.05,400,rate,HT,STRAT-2000,DEF-0.5,0.8529874650683142,0.8525386053879227,0.8652893484543503,0.0,0.9185940069760055,0.9181106237737121,0.9318420754596676,0.0,0.8529874650683142,0.8652893484543503,0.8599189005904587,0.8716843458800558,57.52888079394453,59.04266803367334,0.19682540605216114,0.017382573628969413
STRATCAP,0.75,0.05,400,rate,HT,STRAT-2000,DEF-0.75,0.8297628392045838,0.8281634805599485,0.8391511551522851,0.0,0.8935830859409887,0.8918607144805246,0.9036934933248358,0.0,0.8297628392045838,0.8391511551522851,0.8376646780761224,0.8466643496951765,62.21280941273392,64.9124994811726,0.2828074250750826,0.016073860443454116
STRATCAP,0.75,0.05,400,rate,HT,STRAT-2000,RA-EST,0.8249596848192828,0.8233478567733525,0.8328378502147699,0.0,0.8884105025050004,0.8866747025736981,0.8968946078578036,0.0,0.8249596848192828,0.8328378502147699,0.8329388448587659,0.8404493190603152,67.72706136033793,72.07830297086193,0.36978978803189866,0.014765147257938822
STRATCAP,0.75,0.25,100,dollars,DIFF,STRAT-2000,DEF-0.0,0.99995,0.99995,0.9999500000000002,0.0,3.682572959366579,3.665428157968722,3.732298424540991,1.0,0.31194029567095577,0.3180958830824987,1.0,1.0,200.0,200.0,0.0,0.005
STRATCAP,0.75,0.25,100,dollars,DIFF,STRAT-2000,DEF-0.25,0.4750196120757692,0.47540880030159705,0.4859089876032253,0.0,1.7493342057044388,1.7359752448663894,1.7974563904384537,1.0,0.14818042397655323,0.15274271300196968,0.4753584020373312,0.48617348290507295,266.42727127722856,266.43784082833025,0.28639650639780156,0.003753369522594696
STRATCAP,0.75,0.25,100,dollars,DIFF,STRAT-2000,DEF-0.5,0.3517516583311407,0.3527541069261896,0.35740804672507515,0.0,1.2953559616376606,1.2881875854887361,1.3223747517401572,1.0,0.10972471814675101,0.11232071636271652,0.3521528948118732,0.3579252448026373,398.92465149862255,398.9720478929022,0.5437119786855451,0.002506739045189393
STRATCAP,0.75,0.25,100,dollars,DIFF,STRAT-2000,DEF-0.75,0.2936903505193634,0.2948251568606848,0.2966073650660798,0.0,1.081523204188055,1.0775950087436479,1.0966168804678966,1.0,0.09161123266521519,0.09313722066099293,0.2941183294358877,0.2970000897821401,793.5824146962256,793.8638258302836,0.8874465770447537,0.001260108567784089
STRATCAP,0.75,0.25,100,dollars,DIFF,STRAT-2000,RA-EST,0.2689541327517626,0.2697376293075365,0.2706418839457381,0.0,0.9904164123339221,0.9885459868156673,0.9942087559014473,0.04,0.08389342392380879,0.08462615120360163,0.26939110098222835,0.27084763275501533,74194.48862576386,77624.65486946126,1.9906382789738424,1.347809037878536e-05
STRATCAP,0.75,0.25,100,dollars,DIFF,STRAT-2000,SRSWOR,,,,0.0,3.68275709722144,3.66561143854065,3.7324850487934307,1.0,0.311955893465629,0.31811178867193235,0.9994364849111329,0.9999907425842731,,,,
STRATCAP,0.75,0.25,100,dollars,EXP,STRAT-2000,ST-NEY-EST,,,,0.0,1.033810643397473,1.0225782410497852,1.0609404751862825,1.0,0.11033067495742556,0.11322603366925296,0.35355443269663217,0.3615138303027239,,,,
STRATCAP,0.75,0.25,100,dollars,HT,STRAT-2000,DEF-0.0,0.99995,0.9999500000000001,0.9999500000000001,0.0,9.369642243775,9.369642243775,9.369642243775,1.0,0.99995,0.9999500000000001,1.0,1.0,200.0,200.0,0.0,0.005
STRATCAP,0.75,0.25,100,dollars,HT,STRAT-2000,DEF-0.25,0.27706393351821584,0.2769219626644579,0.28145259679638607,0.0,2.5961197417058286,2.594789459082942,2.6372420026637244,1.0,0.27706393351821584,0.28145259679638607,0.33797965215811304,0.34201964554961434,266.4933250333378,266.50010248251243,0.3298631663048254,0.0037524392022760915
STRATCAP,0.75,0.25,100,dollars,HT,STRAT-2000,DEF-0.5,0.16317957153890944,0.163130636234166,0.165553281636453,0.0,1.5290106573449378,1.5285521281199403,1.5512525838456823,1.0,0.16317957153890944,0.165553281636453,0.23297721558070028,0.2351891659181367,399.22097543045777,399.251396350525,0.6111317624139363,0.0025048784045521837
STRATCAP,0.75,0.25,100,dollars,HT,STRAT-2000,DEF-0.75,0.11399466824190768,0.11390405716505525,0.1151679016070478,0.0,1.0681426662578075,1.0672936304325857,1.0791359928239592,1.0,0.11399466824190768,0.1151679016070478,0.18737919566083408,0.1884503807958295,795.3439883202755,795.5251276329336,0.9972815350506232,0.001257317606828276
STRATCAP,0.75,0.25,100,dollars,HT,STRAT-2000,RA-EST,0.09350839268068825,0.09346485004155963,0.09373451775928152,0.0,0.8761839954082481,0.8757759960572957,0.878302812437864,0.0,0.09350839268068825,0.09373451775928152,0.168273179587725,0.1684770587274998,102492.52520973928,106665.63467328565,2.410174611311962,9.756809104367848e-06
STRATCAP,0.75,0.25,100,rate,DIFF,STRAT-2000,DEF-0.0,0.99995,0.99995,0.9999500000000002,0.0,1.0004607024724876,0.9999500000000001,1.0019706685936338,0.285,0.8709619756200362,0.8733266709861397,1.0,1.0,200.0,200.0,0.0,0.005
STRATCAP,0.75,0.25,100,rate,DIFF,STRAT-2000,DEF-0.25,0.9925133744432648,0.9925394478748939,0.9933658667727266,0.0,0.9930202036417615,0.9927817360874265,0.9944476879466291,0.0,0.8644845439738776,0.8667695732084537,0.9925669390952385,0.9934255473612479,205.0354447618376,208.0824332329386,0.032270072962585675,0.004877205506000353
STRATCAP,0.75,0.25,100,rate,DIFF,STRAT-2000,DEF-0.5,0.9874917557534353,0.987501531979555,0.9886570200111604,0.0,0.987996002581039,0.9877708041805511,0.9898176648726674,0.0,0.8601106825849147,0.8625021137755274,0.9875477032048612,0.9887167637259923,210.33099535803018,216.8456350766892,0.06388091178619998,0.004754411012000706
STRATCAP,0.75,0.25,100,rate,DIFF,STRAT-2000,DEF-0.75,0.9846983699059223,0.9845417769797538,0.9857407506935184,0.0,0.9852012251535579,0.984828637329833,0.9872211663285111,0.0,0.8576777066850818,0.8602723056157698,0.9847556111850118,0.9857994702912691,215.90733975658628,226.37939685997668,0.09503072329991394,0.0046316165180010594
STRATCAP,0.75,0.25,100,rate,DIFF,STRAT-2000,RA-EST,0.9839980834061635,0.9837798430746915,0.9848051543011365,0.0,0.9845006680551718,0.9839031336148494,0.9862866134829255,0.0,0.8570679179688229,0.8596563071055047,0.9840555971521351,0.98487582229114,221.7874196141786,236.79002703916004,0.12572115797637873,0.004508822024001412
STRATCAP,0.75,0.25,100,rate,DIFF,STRAT-2000,SRSWOR,,,,0.0,1.000510728008888,1.0,1.0020207696321153,0.29,0.871005525896331,0.8733703395031148,0.9995167179651157,0.9999827651318643,,,,
STRATCAP,0.75,0.25,100,rate,EXP,STRAT-2000,ST-NEY-EST,,,,0.0,0.981767803492583,0.9815916991242147,0.9827668996492214,0.0,0.8557176715651811,0.8565884927856234,0.9819763874448286,0.9839721349700703,,,,
STRATCAP,0.75,0.25,100,rate,HT,STRAT-2000,DEF-0.0,0.99995,0.9999500000000001,0.9999500000000001,0.0,1.147246045891235,1.147246045891235,1.147246045891235,1.0,0.99995,0.9999500000000001,1.0000000000000002,1.0000000000000002,200.0,200.0,0.0,0.005
STRATCAP,0.75,0.25,100,rate,HT,STRAT-2000,DEF-0.25,0.9531486509507403,0.9530149034878309,0.9565254201916364,0.0,1.0935506984847259,1.093397249564309,1.0974248773531745,1.0,0.9531486509507403,0.9565254201916364,0.9647955455482993,0.9673362024875697,209.4595510031562,210.4798623078056,0.06732627937454362,0.004774191468086655
STRATCAP,0.75,0.25,100,rate,HT,STRAT-2000,DEF-0.5,0.9243819626372569,0.9239932269909262,0.9287275779443543,0.0,1.0605465788577149,1.0601005811246784,1.06553231812271,1.0,0.9243819626372569,0.9287275779443543,0.9431296450810158,0.9464026724381477,219.8583584099133,222.11873111343047,0.13048377744085016,0.004548382936173311
STRATCAP,0.75,0.25,100,rate,HT,STRAT-2000,DEF-0.75,0.9090759755440055,0.9085439172172309,0.9123411195318895,0.0,1.04298596765596,1.0423755353227675,1.0467320784908671,1.0,0.9090759755440055,0.9123411195318895,0.931571795620464,0.9340411924039845,231.34362091735204,235.12012878654446,0.19068021777092603,0.004322574404259967
STRATCAP,0.75,0.25,100,rate,HT,STRAT-2000,RA-EST,0.9047529289920088,0.9044996940063668,0.9059294879114308,0.0,1.0380261216006752,1.037735584237848,1.0393759916622434,1.0,0.9047529289920088,0.9059294879114308,0.9282636574338582,0.9291617357695778,244.094990925145,249.73819190380624,0.2491083493531891,0.0040967658723466225
STRATCAP,0.75,0.25,400,dollars,DIFF,STRAT-2000,DEF-0.0,0.9999499999999999,0.9999499999999999,0.9999500000000001,0.0,3.8391105508994623,3.820770357467739,3.89298024753723,1.0,0.31194029567095566,0.31809588308249864,1.0,1.0,50.0,50.0,0.0,0.02
STRATCAP,0.75,0.25,400,dollars,DIFF,STRAT-2000,DEF-0.25,0.46700902241675296,0.4673805947600237,0.478058697893161,0.0,1.7929390449271116,1.7787775376304347,1.843953891916483,1.0,0.14568148900901115,0.1502755353046964,0.4673281734970863,0.4783087913168854,66.60681781930714,66.60946020708256,0.28639650639780156,0.015013478090378785
STRATCAP,0.75,0.25,400,dollars,DIFF,STRAT-2000,DEF-0.5,0.34187447474850235,0.34286204051669694,0.3476131753384182,0.0,1.3124966546524746,1.3050266078807455,1.3409424374301802,1.0,0.10664354191856111,0.10924531459688114,0.3422368676916468,0.34809756997818797,99.73116287465564,99.74301197322555,0.5437119786855451,0.010026956180757572
STRATCAP,0.75,0.25,400,dollars,DIFF,STRAT-2000,DEF-0.75,0.28294112616114375,0.2840822064148625,0.28595326747768096,0.0,1.0862264446504906,1.0821460166551176,1.1021058417518697,1.0,0.08825807220310439,0.0897719405517309,0.2833140181517432,0.28623988707472386,198.3956036740564,198.4659564575709,0.8874465770447537,0.005040434271136356
STRATCAP,0.75,0.25,400,dollars,DIFF,STRAT-2000,RA-EST,0.2578396652215722,0.2586122354311643,0.25949009915294646,0.0,0.9898445202271045,0.9878810072801416,0.9939281108374537,0.04,0.08042636554010453,0.08111610825497836,0.2582083117115482,0.2596871373380002,18548.622156440964,19406.163717365314,1.9906382789738424,5.391236151514144e-05
STRATCAP,0.75,0.25,400,dollars,DIFF,STRAT-2000,SRSWOR,,,,0.0,3.839302516025264,3.8209614055380166,3.8931749062825447,1.0,0.31195589346562896,0.3181117886719323,0.9994364849111329,0.9999907425842729,,,,
STRATCAP,0.75,0.25,400,dollars,EXP,STRAT-2000,ST-NEY-EST,,,,0.0,1.0366885843881197,1.0251813701549755,1.0609798974656588,1.0,0.10544439133764984,0.10791512629202882,0.33789575287898116,0.34614917966004316,,,,
STRATCAP,0.75,0.25,400,dollars,HT,STRAT-2000,DEF-0.0,0.9999499999999997,0.9999499999999997,0.9999499999999997,0.0,9.831122706559357,9.831122706559357,9.831122706559357,1.0,0.9999499999999997,0.9999499999999997,1.0,1.0,50.0,50.0,0.0,0.02
STRATCAP,0.75,0.25,400,dollars,HT,STRAT-2000,DEF-0.25,0.26981917822995594,0.2696587235383011,0.2741458594671874,0.0,2.65275808766609,2.651180559027156,2.695296348734534,1.0,0.26981917822995594,0.2741458594671874,0.3278854166523992,0.33194851767537376,66.62333006505384,66.62501831911251,0.32985896854883423,0.015009757077941915
STRATCAP,0.75,0.25,400,dollars,HT,STRAT-2000,DEF-0.5,0.15706706995241476,0.15699162762857297,0.15922895193589667,0.0,1.5442228490043823,1.5434811291754342,1.5654776388005829,1.0,0.15706706995241476,0.15922895193589667,0.22125135908669338,0.22348331331024698,99.80523850178733,99.81281631274987,0.6111271804327019,0.010019514155883832
STRATCAP,0.75,0.25,400,dollars,HT,STRAT-2000,DEF-0.75,0.10922471875332705,0.10915292816621398,0.11029568731555597,0.0,1.0738553054186646,1.0731494880567118,1.0843846552362952,1.0,0.10922471875332705,0.11029568731555597,0.17494671619961685,0.17603567184086155,198.8359651940036,198.88108672285944,0.9972572932596446,0.005029271233825748
STRATCAP,0.75,0.25,400,dollars,HT,STRAT-2000,RA-EST,0.08973026842198091,0.08967143399881866,0.09000801594511312,0.0,0.8821933890184539,0.8816149516631082,0.8849240955351353,0.0,0.08973026842198091,0.09000801594511312,0.15554236401137345,0.15574975192040932,25622.42536300175,26661.73004047575,2.4100436970195505,3.902831176766345e-05
STRATCAP,0.75,0.25,400,rate,DIFF,STRAT-2000,DEF-0.0,0.9999499999999999,0.9999499999999999,0.9999500000000002,0.0,1.0024804320759315,1.001978721035631,1.0052022051253828,1.0,0.8709619756200362,0.8733266709861398,1.0,1.0,50.0,50.0,0.0,0.02
STRATCAP,0.75,0.25,400,rate,DIFF,STRAT-2000,DEF-0.25,0.9923997203653976,0.9924264350649443,0.9932650915660375,0.0,0.9949109412615962,0.9943774848201268,0.9975452341122164,0.025,0.8643855493246732,0.8666742412852602,0.9924531677548595,0.9933249179841241,51.2588611904594,52.02060830823465,0.032270072962585675,0.01950882202400141
STRATCAP,0.75,0.25,400,rate,DIFF,STRAT-2000,DEF-0.5,0.9873013933399395,0.9873110897018299,0.988484331014484,0.0,0.9897997082863774,0.989355248662003,0.992571088853081,0.0,0.85994487454688,0.8623526692691896,0.9873571068253436,0.9885440611299615,52.582748839507545,54.2114087691723,0.06388091178619998,0.019017644048002824
STRATCAP,0.75,0.25,400,rate,DIFF,STRAT-2000,DEF-0.75,0.9844653861322452,0.9843089793348658,0.9855234274201117,0.0,0.9869566163210673,0.9864342511852304,0.9899664686611038,0.0,0.8574747764624233,0.860089757120923,0.9845222787031496,0.985582115244707,53.97683493914657,56.59484921499417,0.09503072329991394,0.018526466072004238
STRATCAP,0.75,0.25,400,rate,DIFF,STRAT-2000,RA-EST,0.9837544968906236,0.9835319364066306,0.9845763252409817,0.0,0.9862441206580109,0.9856306414457978,0.9892422821547932,0.0,0.8568557552721231,0.8594605788446471,0.98381155016977,0.9846443297751878,55.44685490354465,59.19750675979001,0.12572115797637873,0.018035288096005648
STRATCAP,0.75,0.25,400,rate,DIFF,STRAT-2000,SRSWOR,,,,0.0,1.0025305586038618,1.0020288224767548,1.0052524677487702,1.0,0.8710055258963311,0.8733703395031148,0.9995167179651157,0.9999827651318642,,,,
STRATCAP,0.75,0.25,400,rate,EXP,STRAT-2000,ST-NEY-EST,,,,0.0,0.9839838011708979,0.9837479734514951,0.9848825810405868,0.0,0.8548919739722212,0.8556728401775902,0.9810286472100548,0.9828878188866736,,,,
STRATCAP,0.75,0.25,400,rate,HT,STRAT-2000,DEF-0.0,0.9999499999999999,0.9999499999999999,0.9999499999999999,0.0,1.150946121776096,1.150946121776096,1.150946121776096,1.0,0.9999499999999999,0.9999499999999999,1.0,1.0,50.0,50.0,0.0,0.02
STRATCAP,0.75,0.25,400,rate,HT,STRAT-2000,DEF-0.25,0.9528513124676949,0.9527181794380827,0.956247042236875,0.0,1.0967353594819307,1.096582122875988,1.10064385691524,1.0,0.9528513124676949,0.956247042236875,0.964256701857712,0.9668362464031955,52.36488775078905,52.6199655769514,0.06732627937454362,0.01909676587234662
STRATCAP,0.75,0.25,400,rate,HT,STRAT-2000,DEF-0.5,0.9240125224605841,0.9236117023594561,0.9283686831518878,0.0,1.0635418062888717,1.0630804608806779,1.0685557632402087,1.0,0.9240125224605841,0.9283686831518878,0.9422591804649089,0.9455823051795478,54.96458960247833,55.52968277835762,0.13048377744085016,0.018193531744693243
STRATCAP,0.75,0.25,400,rate,HT,STRAT-2000,DEF-0.75,0.9087898840143964,0.9082583585689559,0.9120262593010051,0.0,1.0460204935403947,1.045408705800953,1.049745573379121,1.0,0.9087898840143964,0.9120262593010051,0.9305244251452669,0.9330316188183314,57.83590522933801,58.780032196636114,0.19068021777092603,0.017290297617039867
STRATCAP,0.75,0.25,400,rate,HT,STRAT-2000,RA-EST,0.9046678565399395,0.904377842722869,0.9058846970739173,0.0,1.0412760247813762,1.040942217813009,1.042676612704174,1.0,0.9046678565399395,0.9058846970739173,0.9271656521904988,0.9280774766231935,61.02374773128625,62.43454797595156,0.2491083493531891,0.01638706348938649
STRATCAP,0.75,0.7,100,dollars,DIFF,STRAT-2000,DEF-0.0,0.99995,0.99995,0.9999500000000002,0.0,1.7629006616259262,1.7583734678119216,1.7737583268312704,1.0,0.07648101579713318,0.07712905003064348,1.0,1.0,200.0,200.0,0.0,0.005
STRATCAP,0.75,0.7,100,dollars,DIFF,STRAT-2000,DEF-0.25,0.7648666497870863,0.7136848135285195,0.9611183323038418,0.0,1.3485181375544826,1.2518772562221463,1.6972764561814344,1.0,0.05850563244916817,0.07372930208439946,0.765040493902213,0.9612030000150864,266.24334934978674,266.50424934366697,0.20413202552456333,0.003755962364665074
STRATCAP,0.75,0.7,100,dollars,DIFF,STRAT-2000,DEF-0.5,0.7121363575057235,0.6012083818673688,1.0891898970625107,0.235,1.2558498035057701,1.0547454246762267,1.9232904395064838,1.0,0.05448859084553476,0.08356271303373054,0.7123313016298546,1.089175170304236,398.10110085115,399.27001126808796,0.4063215696554986,0.002511924729330148
STRATCAP,0.75,0.7,100,dollars,DIFF,STRAT-2000,DEF-0.75,0.7987880306319223,0.5388856114398146,1.6496128315871454,0.235,1.4092782366857617,0.9465115756675984,2.9131263957793454,0.255,0.06115235055861218,0.1264428627125075,0.7989191279411092,1.6494497426386334,788.7137622504556,795.6359959856751,0.6712165023329776,0.0012678870939952219
STRATCAP,0.75,0.7,100,dollars,DIFF,STRAT-2000,RA-EST,19.494116416699242,0.5112868079989225,82.39328409335359,0.235,34.44715916189282,0.9007148168288894,145.19903605746654,0.25,1.4954148367313342,6.329391472328846,19.48257395521703,82.39074840704505,41929.675780972306,109390.79058447643,1.376642843679241,2.3849458660295763e-05
STRATCAP,0.75,0.7,100,dollars,DIFF,STRAT-2000,SRSWOR,,,,0.0,1.7629888110664793,1.7584613908814655,1.7738470191822295,1.0,0.07648484003913512,0.07713290667597728,0.999448316864979,0.9999900110193475,,,,
STRATCAP,0.75,0.7,100,dollars,EXP,STRAT-2000,ST-NEY-EST,,,,0.0,1.6231107765195703,1.5932505506604966,1.6873357201151613,1.0,0.0796175057121948,0.0827678943902566,1.0405142632743092,1.0814177202025284,,,,
STRATCAP,0.75,0.7,100,dollars,HT,STRAT-2000,DEF-0.0,0.9999500000000003,0.9999500000000003,0.9999500000000003,0.0,20.38533619538083,20.38533619538083,20.38533619538083,1.0,0.9999500000000003,0.9999500000000003,1.0,1.0,200.0,200.0,0.0,0.005
STRATCAP,0.75,0.7,100,dollars,HT,STRAT-2000,DEF-0.25,0.27563271137109036,0.2754913327045285,0.27745680585077614,0.0,5.619146445066297,5.616264249307792,5.656333083618759,1.0,0.27563271137109036,0.27745680585077614,0.4203755252959331,0.4218430699017803,266.41694828474215,266.42070159408325,0.2918996529839566,0.003753514956305338
STRATCAP,0.75,0.7,100,dollars,HT,STRAT-2000,DEF-0.5,0.13568451075646945,0.13562824010267457,0.1367548336831243,0.0,2.766112673910091,2.7649655203568715,2.7879326576067585,1.0,0.13568451075646945,0.1367548336831243,0.3075571850967787,0.3084219279584802,398.8783679723658,398.8951952487779,0.54569988252236,0.0025070299126106763
STRATCAP,0.75,0.7,100,dollars,HT,STRAT-2000,DEF-0.75,0.0729258600466338,0.07289835217729865,0.07349654647373766,0.0,1.4866925090133711,1.4861317238096952,1.4983267254028434,1.0,0.0729258600466338,0.07349654647373766,0.2567457558572348,0.25721366148625957,793.3077391052134,793.4075881332649,0.8824609007654471,0.0012605448689160148
STRATCAP,0.75,0.7,100,dollars,HT,STRAT-2000,RA-EST,0.047285552988188685,0.047279132863832105,0.047326190322204434,0.0,0.9639800938534134,0.9638492109158414,0.9648085409917654,0.0,0.047285552988188685,0.047326190322204434,0.23596082077289263,0.23599459695880012,71124.63992700654,72210.98642791397,1.9456289717269262,1.4059825221352898e-05
STRATCAP,0.75,0.7,100,rate,DIFF,STRAT-2000,DEF-0.0,0.99995,0.99995,0.9999500000000002,0.0,1.0067800750904938,1.0065471480625567,1.0080321717685283,1.0,0.9382752802649924,0.9394421799589457,1.0,1.0,200.0,200.0,0.0,0.005
STRATCAP,0.75,0.7,100,rate,DIFF,STRAT-2000,DEF-0.25,0.9865944781644019,0.9865814770492434,0.9886690571883296,0.0,0.9933333903463195,0.9932283615771313,0.9958491328418677,0.0,0.9257435544103251,0.9280881170943581,0.9866527883452781,0.988720236494239,239.7171851197682,266.6461397902644,0.051571442358545216,0.004171582463475945
STRATCAP,0.75,0.7,100,rate,DIFF,STRAT-2000,DEF-0.5,0.9762837288012055,0.9761377013478181,0.9792296702434893,0.0,0.98295235116646,0.9827450052897753,0.9864482270104147,0.0,0.9160688770036939,0.9193268813766582,0.9763484523314964,0.9792818378595624,299.11776923132015,399.9076432746532,0.10989874604317004,0.0033431649269518907
STRATCAP,0.75,0.7,100,rate,DIFF,STRAT-2000,DEF-0.75,0.9705541180229237,0.9702399172084619,0.9731661219769469,0.0,0.9771839489665609,0.97682550145176,0.9805378926260727,0.0,0.9106929768198281,0.9138187065645674,0.9706223340934169,0.9732552671805919,397.65431051751443,799.4461154227565,0.1785605159528592,0.002514747390427836
STRATCAP,0.75,0.7,100,rate,DIFF,STRAT-2000,RA-EST,4.349358348255773,0.9691573056160222,15.405381670959244,0.235,4.379579873305209,0.9761550326635129,15.520817629353957,0.245,4.081578126880398,14.46472757202207,4.3473987025404845,15.403021183895287,593.0041206678686,866006.5744165131,0.2674769586760829,0.0016863298539037813
STRATCAP,0.75,0.7,100,rate,DIFF,STRAT-2000,SRSWOR,,,,0.0,1.0068304166113247,1.0065974779364535,1.008082575897323,1.0,0.9383221963748111,0.9394891544166666,0.999366078286779,0.9999912725355774,,,,
STRATCAP,0.75,0.7,100,rate,EXP,STRAT-2000,ST-NEY-EST,,,,0.0,0.9808135132138905,0.9794070339901257,0.9835632910760826,0.0,0.9140755729752961,0.916638246451013,0.9735421169474651,0.9767366565138005,,,,
STRATCAP,0.75,0.7,100,rate,HT,STRAT-2000,DEF-0.0,0.9999500000000013,0.9999500000000013,0.9999500000000013,0.0,1.0729577526569976,1.0729577526569976,1.0729577526569976,1.0,0.9999500000000013,0.9999500000000013,1.0,1.0,200.0,200.0,0.0,0.005
STRATCAP,0.75,0.7,100,rate,HT,STRAT-2000,DEF-0.25,0.9905844637875255,0.9906215226375941,0.9914676279512852,0.0,1.0629084255036743,1.062948190072388,1.06385607072231,1.0,0.9905844637875255,0.9914676279512852,0.9971687039554255,0.9974358707630957,202.84743603681204,203.22078799318942,0.019788372281186052,0.004929813359603058
STRATCAP,0.75,0.7,100,rate,HT,STRAT-2000,DEF-0.5,0.9841612062307741,0.9841710914254876,0.9853331470114802,0.0,1.0560161968994148,1.0560268038260656,1.0572737027210195,1.0,0.9841612062307741,0.9853331470114802,0.9952229533995856,0.9955783985363423,205.77712205869665,206.54700977994167,0.039246596076992685,0.004859626719206117
STRATCAP,0.75,0.7,100,rate,HT,STRAT-2000,DEF-0.75,0.9805082552103851,0.9804696777690542,0.9813971150071963,0.0,1.0520965387991073,1.052055144764652,1.0530502954969558,1.0,0.9805082552103851,0.9813971150071963,0.9941111563564496,0.9943826151832599,208.79267405735965,209.98392869495078,0.05838183560830219,0.004789440078809175
STRATCAP,0.75,0.7,100,rate,HT,STRAT-2000,RA-EST,0.9794835582057894,0.9793963453972118,0.9798656640208884,0.0,1.0509970272283236,1.050903446890212,1.051407031125164,1.0,0.9794835582057894,0.9798656640208884,0.9937906968297401,0.9939065057426464,211.89792313893406,213.53716433831394,0.07721643576061236,0.004719253438412233
STRATCAP,0.75,0.7,400,dollars,DIFF,STRAT-2000,DEF-0.0,0.9999499999999999,0.9999499999999999,0.9999500000000001,0.0,1.783627086754158,1.7788843335206381,1.794937401056498,1.0,0.07648101579713316,0.07712905003064348,1.0,1.0,50.0,50.0,0.0,0.02
STRATCAP,0.75,0.7,400,dollars,DIFF,STRAT-2000,DEF-0.25,0.7612762624697319,0.7093036957220531,0.9605364551842662,0.0,1.3579712844881593,1.258724845452436,1.71613443227649,1.0,0.0582311111331709,0.07368445331709081,0.7614441749313283,0.9606091683826642,66.56083733744669,66.62606233591674,0.20413202552456333,0.015023849458660296
STRATCAP,0.75,0.7,400,dollars,DIFF,STRAT-2000,DEF-0.5,0.7077453012578314,0.5951097357195054,1.0905480675987067,0.235,1.2627957494921007,1.056234470359052,1.9484884719360474,1.0,0.05415308775226786,0.08366802872751032,0.7079282093078626,1.0905400963803213,99.5252752127875,99.81750281702199,0.4063215696554986,0.010047698917320592
STRATCAP,0.75,0.7,400,dollars,DIFF,STRAT-2000,DEF-0.75,0.7957283688029841,0.5318327288655124,1.6595502419843078,0.235,1.420425941855318,0.9450295419205503,2.9649925740182113,0.255,0.06091924400657431,0.1272060252671246,0.7958413594912283,1.659390299923919,197.1784405626139,198.90899899641877,0.6712165023329776,0.005071548375980887
STRATCAP,0.75,0.7,400,dollars,DIFF,STRAT-2000,RA-EST,19.777213537146764,0.5038293514965088,83.6390971842955,0.235,35.35999774240576,0.8979931094505196,149.12978454558208,0.25,1.5171350273200028,6.425089046893578,19.765470495347905,83.63652516837739,10482.418945243076,27347.697646119108,1.376642843679241,9.539783464118305e-05
STRATCAP,0.75,0.7,400,dollars,DIFF,STRAT-2000,SRSWOR,,,,0.0,1.7837162725677864,1.7789732821847473,1.795027152414119,1.0,0.07648484003913514,0.07713290667597729,0.999448316864979,0.9999900110193475,,,,
STRATCAP,0.75,0.7,400,dollars,EXP,STRAT-2000,ST-NEY-EST,,,,0.0,1.5956779984421379,1.565508423355682,1.6630939455896687,1.0,0.0771167443462685,0.08037485680135867,1.0078329535787218,1.0495797315803534,,,,
STRATCAP,0.75,0.7,400,dollars,HT,STRAT-2000,DEF-0.0,0.9999500000000003,0.9999500000000003,0.9999500000000003,0.0,20.690684339288033,20.69068433928803,20.69068433928803,1.0,0.9999500000000003,0.9999500000000003,1.0,1.0,50.0,50.0,0.0,0.02
STRATCAP,0.75,0.7,400,dollars,HT,STRAT-2000,DEF-0.25,0.270327639859048,0.2701956164947199,0.2721355156528412,0.0,5.593543541685381,5.590811751339141,5.630951599462285,1.0,0.270327639859048,0.2721355156528412,0.4115037221116872,0.41299372913497073,66.60423707118554,66.60517539852081,0.2918996529839566,0.015014059825221353
STRATCAP,0.75,0.7,400,dollars,HT,STRAT-2000,DEF-0.5,0.13248343855353356,0.13242167195892568,0.13350213947655004,0.0,2.741310072798264,2.740032015783669,2.7623887459661978,1.0,0.13248343855353356,0.13350213947655004,0.29695857058295394,0.29783654930478354,99.71959199309146,99.72379881219447,0.54569988252236,0.010028119650442705
STRATCAP,0.75,0.7,400,dollars,HT,STRAT-2000,DEF-0.75,0.07153652565014372,0.07151800691916127,0.07209490447484716,0.0,1.4802136816405869,1.4798304972642455,1.491767499335153,1.0,0.07153652565014372,0.07209490447484716,0.2453694153856619,0.24584448283553909,198.32693477630335,198.35189703331622,0.8824609007654471,0.005042179475664059
STRATCAP,0.75,0.7,400,dollars,HT,STRAT-2000,RA-EST,0.04677161156566199,0.04676454785688596,0.04681450695440698,0.0,0.9677850401969149,0.9676388799203517,0.9686726195240151,0.0,0.04677161156566199,0.04681450695440698,0.2242663435398247,0.22430063670816952,17781.159981751636,18052.746606978493,1.9456289717269262,5.623930088541159e-05
STRATCAP,0.75,0.7,400,rate,DIFF,STRAT-2000,DEF-0.0,0.9999499999999999,0.9999499999999999,0.9999500000000001,0.0,1.000573519946834,1.0002512000460908,1.0017269349352658,0.61,0.9382752802649922,0.9394421799589459,1.0,1.0,50.0,50.0,0.0,0.02
STRATCAP,0.75,0.7,400,rate,DIFF,STRAT-2000,DEF-0.25,0.9863903386484885,0.986377232488898,0.9884963489790213,0.0,0.9870054560751,0.9869022703983251,0.9894549645479492,0.0,0.925552006856656,0.9279332485216603,0.9864484942893386,0.9885475870528243,59.92929627994205,66.6615349475661,0.051571442358545216,0.01668632985390378
STRATCAP,0.75,0.7,400,rate,DIFF,STRAT-2000,DEF-0.5,0.9759220003132418,0.9757734193711578,0.9789124327758717,0.0,0.976530710886486,0.9763447735024928,0.9799807657971453,0.0,0.9157294623828559,0.9189937222148326,0.9759864388467743,0.978964723132923,74.77944230783004,99.9769108186633,0.10989874604317004,0.013372659707807563
STRATCAP,0.75,0.7,400,rate,DIFF,STRAT-2000,DEF-0.75,0.9701048669669164,0.969787957163526,0.9727545091826668,0.0,0.9707102491600128,0.9702890980269633,0.9739951678901719,0.0,0.910271442944658,0.9134347014951266,0.9701726759417855,0.9728459090251927,99.41357762937861,199.86152885568913,0.1785605159528592,0.010058989561711343
STRATCAP,0.75,0.7,400,rate,DIFF,STRAT-2000,RA-EST,4.400625610978988,0.9686876943700968,15.625873105292,0.235,4.40380724030994,0.9696109286860078,15.644497559837339,0.235,4.129690664525898,14.671763710662093,4.398634396967124,15.623475589771237,148.25103016696715,216501.64360412827,0.2674769586760829,0.006745319415615125
STRATCAP,0.75,0.7,400,rate,DIFF,STRAT-2000,SRSWOR,,,,0.0,1.0006235511243902,1.0003012151068464,1.0017770237864552,0.64,0.9383221963748111,0.9394891544166666,0.999366078286779,0.9999912725355774,,,,
STRATCAP,0.75,0.7,400,rate,EXP,STRAT-2000,ST-NEY-EST,,,,0.0,0.9688168774376987,0.9677833187583406,0.971722022776556,0.0,0.9085783835690777,0.9113028945860547,0.9676865486404382,0.9700381654594574,,,,
STRATCAP,0.75,0.7,400,rate,HT,STRAT-2000,DEF-0.0,0.9999500000000009,0.9999500000000009,0.9999500000000009,0.0,1.0662464065987476,1.0662464065987476,1.0662464065987476,1.0,0.9999500000000009,0.9999500000000009,1.0,1.0,50.0,50.0,0.0,0.02
STRATCAP,0.75,0.7,400,rate,HT,STRAT-2000,DEF-0.25,0.9906606807918314,0.9906969498026901,0.9915348573970647,0.0,1.0563412081133638,1.0563798817495447,1.05727334238414,1.0,0.9906606807918314,0.9915348573970647,0.9971253677914779,0.997396623887021,50.71185900920301,50.805196998297355,0.019788372281186052,0.019719253438412233
STRATCAP,0.75,0.7,400,rate,HT,STRAT-2000,DEF-0.5,0.9843296406364402,0.9843380359685066,0.9854803129593588,0.0,1.0495904217583278,1.0495993736985727,1.0508173833358914,1.0,0.9843296406364402,0.9854803129593588,0.9951498353393751,0.9955107209629191,51.44428051467416,51.63675244498542,0.039246596076992685,0.01943850687682447
STRATCAP,0.75,0.7,400,rate,HT,STRAT-2000,DEF-0.75,0.980782284389307,0.9807481139764924,0.981636016749325,0.0,1.0458078767796475,1.0457714408779768,1.0467182113574427,1.0,0.980782284389307,0.981636016749325,0.9940210209945585,0.9942966348034119,52.19816851433991,52.495982173737694,0.05838183560830219,0.0191577603152367
STRATCAP,0.75,0.7,400,rate,HT,STRAT-2000,RA-EST,0.9798743907461849,0.9797975085142869,0.9802567107111356,0.0,1.0448397900407578,1.04475781053829,1.045247457712941,1.0,0.9798743907461849,0.9802567107111356,0.9936956564750932,0.9938132379734013,52.974480784733515,53.384291084578486,0.07721643576061236,0.018877013753648933
STRATCAP,1.5,0.05,100,dollars,DIFF,STRAT-2000,DEF-0.0,0.99995,0.99995,0.9999500000000002,0.0,6.4949136496107345,6.474861261914752,6.571053341815121,1.0,0.398349292947516,0.40658154345367065,1.0,1.0,200.0,200.0,0.0,0.005
STRATCAP,1.5,0.05,100,dollars,DIFF,STRAT-2000,DEF-0.25,0.27907841654032484,0.2791928330314744,0.2853662946943335,0.0,1.8126341053545614,1.8081584652273093,1.8572330374581143,1.0,0.11117182273525959,0.11450290319194852,0.27940826512264133,0.2860966349183333,266.59425664799744,266.6190255522811,0.3854219840491803,0.0037510185424603623
STRATCAP,1.5,0.05,100,dollars,DIFF,STRAT-2000,DEF-0.5,0.17877892086231228,0.17903235517373478,0.1823237156569264,0.0,1.1611600757799296,1.1605666075089602,1.186137565463182,1.0,0.07121469107528265,0.07319511050279892,0.17913876685304875,0.18287930421788695,399.674331778484,399.7856915594623,0.7156278746350697,0.0025020370849207253
STRATCAP,1.5,0.05,100,dollars,DIFF,STRAT-2000,DEF-0.75,0.1362230350002788,0.1361944535938961,0.13860854239010864,0.0,0.8847460226264756,0.8849812752872603,0.8997063227716986,0.0,0.05426111460881816,0.05547070671573692,0.136591694263461,0.13891823573967704,798.0491672952242,798.7155257251773,1.2016132586943855,0.0012530556273810884
STRATCAP,1.5,0.05,100,dollars,DIFF,STRAT-2000,RA-EST,0.11737239625729559,0.11741971590201977,0.11915125644768473,0.0,0.7622936286032495,0.7609386411733808,0.7702263747698688,0.0,0.046750093191108205,0.04734433911953777,0.11774233219413568,0.11940691330097133,245449.02643997443,373093.7459187878,3.87488754572819,4.074169841450969e-06
STRATCAP,1.5,0.05,100,dollars,DIFF,STRAT-2000,SRSWOR,,,,0.0,6.495238411531311,6.47518502116581,6.571381910910667,1.0,0.39836921140808634,0.40660187354734806,0.9995945670545094,0.9999923197598463,,,,
STRATCAP,1.5,0.05,100,dollars,EXP,STRAT-2000,ST-NEY-EST,,,,0.0,0.7444356244192921,0.7354882608155668,0.7712569993874181,0.005,0.06015561849336782,0.062322973664352216,0.15099792475810905,0.15756780464461495,,,,
STRATCAP,1.5,0.05,100,dollars,HT,STRAT-2000,DEF-0.0,0.9999499999999999,0.9999499999999999,0.9999499999999999,0.0,12.374544910050943,12.374544910050943,12.374544910050943,1.0,0.9999499999999999,0.9999499999999999,1.0,1.0,200.0,200.0,0.0,0.005
STRATCAP,1.5,0.05,100,dollars,HT,STRAT-2000,DEF-0.25,0.1806280628979878,0.18059926736533807,0.1852555169264293,0.0,2.2353018414387287,2.234945492009275,2.2925673424079225,1.0,0.1806280628979878,0.1852555169264293,0.20280031558260445,0.20733897052373915,266.61255980664055,266.630902718462,0.411917978395403,0.0037507610321408607
STRATCAP,1.5,0.05,100,dollars,HT,STRAT-2000,DEF-0.5,0.10047366111940226,0.10056447630191472,0.10267146348135171,0.0,1.2433780006993176,1.24450185344647,1.2705761646388742,1.0,0.10047366111940226,0.10267146348135171,0.12413532661248111,0.12633020344447773,399.7566178996584,399.83910538978523,0.7523819296316672,0.0025015220642817223
STRATCAP,1.5,0.05,100,dollars,HT,STRAT-2000,DEF-0.75,0.06834999698575094,0.0683971300536115,0.06963300498092088,0.0,0.8458423994219928,0.8464256788509534,0.8617198333498742,0.0,0.06834999698575094,0.06963300498092088,0.09234015216271128,0.09358877607587811,798.5414823724814,799.0354083268513,1.2667427684575943,0.0012522830964225833
STRATCAP,1.5,0.05,100,dollars,HT,STRAT-2000,RA-EST,0.05418050851012826,0.05404470133726249,0.05485179138312981,0.0,0.6704926604410016,0.6688120244494675,0.6787998958620783,0.0,0.05418050851012826,0.05485179138312981,0.07818395363310836,0.07879714740283132,328517.7717699249,497019.97351266217,4.52626090139416,3.0441285634441643e-06
STRATCAP,1.5,0.05,100,rate,DIFF,STRAT-2000,DEF-0.0,0.99995,0.99995,0.9999500000000002,0.0,1.4727334694402279,1.4705103068063927,1.4853660974158556,1.0,0.6982027272242174,0.7041916827871981,1.0,1.0,200.0,200.0,0.0,0.005
STRATCAP,1.5,0.05,100,rate,DIFF,STRAT-2000,DEF-0.25,0.7614217844199294,0.7651766672007336,0.7818106649119857,0.0,1.1214156398686723,1.1273197830143813,1.1542415676463171,1.0,0.5316477654342977,0.547210087316429,0.7615960836063904,0.7819068089549854,227.5278502264261,236.83493473011265,0.18340077924844955,0.004395066358788278
STRATCAP,1.5,0.05,100,rate,DIFF,STRAT-2000,DEF-0.5,0.6550141911003816,0.6578282589027041,0.6773676591511503,0.0,0.964694372007161,0.9692410255151639,0.9973835301747139,0.065,0.45734836306074056,0.47284584434764604,0.6552420450506825,0.6776419218050983,263.843003843342,290.3011464417799,0.34402077912670337,0.003790132717576557
STRATCAP,1.5,0.05,100,rate,DIFF,STRAT-2000,DEF-0.75,0.6059735665459867,0.6062807857765866,0.6229047716133387,0.0,0.8924693486756277,0.8922985976377313,0.915826901598426,0.0,0.4231074706587526,0.43418096595874084,0.6062244878513487,0.6230706366918378,313.9521203395848,374.9468145269077,0.5073231732458539,0.003185199076364836
STRATCAP,1.5,0.05,100,rate,DIFF,STRAT-2000,RA-EST,0.5979290971492488,0.5935150453607032,0.6130325665250057,0.0,0.8806379300494994,0.8738983440937276,0.9109840706168754,0.0,0.4174983574532016,0.43188504624959634,0.5981803891400385,0.6131127247927941,387.55703055847357,529.2726479413959,0.6889455661267236,0.002580265435153115
STRATCAP,1.5,0.05,100,rate,DIFF,STRAT-2000,SRSWOR,,,,0.0,1.4728071097957178,1.4705838359981929,1.4854403694343272,1.0,0.6982376391061726,0.7042268941319048,0.9994803035189278,0.9999905361021739,,,,
STRATCAP,1.5,0.05,100,rate,EXP,STRAT-2000,ST-NEY-EST,,,,0.0,0.8773606699498234,0.8696509331734738,0.9062219430027192,0.0,0.41594465341448866,0.4296273868994239,0.5954035117102339,0.6112537904424157,,,,
STRATCAP,1.5,0.05,100,rate,HT,STRAT-2000,DEF-0.0,0.99995,0.99995,0.99995,0.0,2.1092152398508657,2.1092152398508657,2.1092152398508657,1.0,0.99995,0.99995,1.0,1.0,200.0,200.0,0.0,0.005
STRATCAP,1.5,0.05,100,rate,HT,STRAT-2000,DEF-0.25,0.6519981253752973,0.6561081019342754,0.6739405920090227,0.0,1.3752731460530752,1.3839424047096345,1.4215568452618081,1.0,0.6519981253752973,0.6739405920090227,0.6691488939379455,0.6900247444126988,230.9146168158207,239.79756224129255,0.21212033657495505,0.004330605046295116
STRATCAP,1.5,0.05,100,rate,HT,STRAT-2000,DEF-0.5,0.5259062949399563,0.5287598233648865,0.5455183011031904,0.0,1.1093050372727236,1.1153240438642635,1.1506730479568004,1.0,0.5259062949399563,0.5455183011031904,0.5491051245492339,0.5677976131874695,273.1337459009454,299.3681822872215,0.3919797491427325,0.0036612100925902317
STRATCAP,1.5,0.05,100,rate,HT,STRAT-2000,DEF-0.75,0.4708441247219387,0.4714864434818992,0.48565767450659586,0.0,0.9931612615208308,0.9945161177809947,1.0244077888092837,0.44,0.4708441247219387,0.48565767450659586,0.4965771832749797,0.5106890465789825,334.245280860208,398.3186975947005,0.5746283467481623,0.0029918151388853478
STRATCAP,1.5,0.05,100,rate,HT,STRAT-2000,RA-EST,0.46074659907140353,0.4564740210835704,0.47706891260352624,0.0,0.9718623415879404,0.9628501043706905,1.0062913354892125,0.11,0.46074659907140353,0.47706891260352624,0.48680264879195223,0.5021903719524112,430.5854194580231,594.9772279403018,0.7904392359805015,0.0023224201851804634
STRATCAP,1.5,0.05,400,dollars,DIFF,STRAT-2000,DEF-0.0,0.9999499999999999,0.9999499999999999,0.9999500000000001,0.0,7.087576221352439,7.065621285919369,7.171505449522506,1.0,0.398349292947516,0.40658154345367065,1.0,1.0,50.0,50.0,0.0,0.02
STRATCAP,1.5,0.05,400,dollars,DIFF,STRAT-2000,DEF-0.25,0.2685088736573964,0.2685686835362777,0.27475547986662946,0.0,1.9031206233095426,1.8985600419071225,1.952225502668537,1.0,0.1069612906737472,0.11017203919695498,0.2688058227402433,0.2753775462356709,66.64854337873568,66.65473824346405,0.38527394886290656,0.015004078848618183
STRATCAP,1.5,0.05,400,dollars,DIFF,STRAT-2000,DEF-0.5,0.1664418211480568,0.16668579895361793,0.17002531535430085,0.0,1.179672213709672,1.1790753124228939,1.2069364345950746,1.0,0.06630022359196241,0.06823412749653683,0.16674083745275922,0.1704338841873658,99.91848952150627,99.94634129749957,0.7153291229726775,0.01000815769723637
STRATCAP,1.5,0.05,400,dollars,DIFF,STRAT-2000,DEF-0.75,0.12316957106802966,0.12313390017256987,0.12554106722555355,0.0,0.872958985310225,0.8731651679263073,0.8894082993796005,0.0,0.04906141440576695,0.050229644794838185,0.12345628685211134,0.12579304580040793,199.51173310746682,199.6783929253649,1.2013882940939409,0.005012236545854554
STRATCAP,1.5,0.05,400,dollars,DIFF,STRAT-2000,RA-EST,0.10399044061329316,0.10399959449769972,0.10575121150919181,0.0,0.7370044842898398,0.7354723833838801,0.7457504811226745,0.0,0.041419636036310103,0.04198573418661688,0.10426405242013453,0.10595155484195128,61291.888966774946,93131.5302227591,3.8725064652353463,1.631539447273816e-05
STRATCAP,1.5,0.05,400,dollars,DIFF,STRAT-2000,SRSWOR,,,,0.0,7.087930617883334,7.065974584648602,7.171864042724643,1.0,0.3983692114080864,0.4066018735473481,0.9995945670545094,0.9999923197598465,,,,
STRATCAP,1.5,0.05,400,dollars,EXP,STRAT-2000,ST-NEY-EST,,,,0.0,0.7181882951808641,0.7083010659472568,0.7451027230776919,0.005,0.053346912766872506,0.05534611220637432,0.13391149335977692,0.13990077880825966,,,,
STRATCAP,1.5,0.05,400,dollars,HT,STRAT-2000,DEF-0.0,0.99995,0.99995,0.99995,0.0,13.461929632262901,13.461929632262903,13.461929632262903,1.0,0.99995,0.99995,1.0000000000000002,1.0000000000000002,50.0,50.0,0.0,0.02
STRATCAP,1.5,0.05,400,dollars,HT,STRAT-2000,DEF-0.25,0.17258922485774042,0.17261232390392034,0.17703026219823917,0.0,2.3235001753304676,2.3238111486133786,2.383288096898592,1.0,0.17258922485774042,0.17703026219823917,0.19221080280490352,0.19668819772199567,66.65306314425584,66.65766462257402,0.4112272752490133,0.015003061417273079
STRATCAP,1.5,0.05,400,dollars,HT,STRAT-2000,DEF-0.5,0.09247612748129075,0.09259412427915693,0.09456025342341405,0.0,1.2449693692857742,1.2465579133026816,1.2730271289513948,1.0,0.09247612748129075,0.09456025342341405,0.11143576246775906,0.1136026775428486,99.93880912308396,99.959501738603,0.7516562550345965,0.010006122834546157
STRATCAP,1.5,0.05,400,dollars,HT,STRAT-2000,DEF-0.75,0.061255902543163286,0.061316173863139686,0.06238253550278105,0.0,0.8246638827909579,0.8254752916297659,0.83983129478532,0.0,0.061255902543163286,0.06238253550278105,0.07884859044511376,0.08010047381772943,199.63330353657062,199.75720708554226,1.2655143290560305,0.005009184251819237
STRATCAP,1.5,0.05,400,dollars,HT,STRAT-2000,RA-EST,0.047957998477489286,0.04781786646149598,0.048844861595666075,0.0,0.6456394827822713,0.6437529411166589,0.6575789686469098,0.0,0.047957998477489286,0.048844861595666075,0.06429284340766597,0.06490591046811064,81666.72374173877,123412.15684502824,4.512532111419688,1.22456690923161e-05
STRATCAP,1.5,0.05,400,rate,DIFF,STRAT-2000,DEF-0.0,0.9999499999999999,0.9999499999999999,0.9999500000000001,0.0,1.4832062042349414,1.4809672324997636,1.4959286639182705,1.0,0.6982027272242172,0.704191682787198,1.0,1.0,50.0,50.0,0.0,0.02
STRATCAP,1.5,0.05,400,rate,DIFF,STRAT-2000,DEF-0.25,0.7577772942912309,0.7615881049059452,0.7784742311701538,0.0,1.123984182670509,1.1300701070325347,1.1574974306673882,1.0,0.5291029793812297,0.5448789659451694,0.7579470440697534,0.7785686478675617,56.881962556606524,59.20873368252816,0.18340077924844955,0.017580265435153113
STRATCAP,1.5,0.05,400,rate,DIFF,STRAT-2000,DEF-0.5,0.6497465293994759,0.6526004951046539,0.6724338784142689,0.0,0.9637408222699516,0.9684833457282842,0.9969954042881235,0.065,0.45367021020066056,0.46932443264895823,0.6499651375769686,0.6727078695878295,65.9607509608355,72.57528661044498,0.34402077912670337,0.015160530870306228
STRATCAP,1.5,0.05,400,rate,DIFF,STRAT-2000,DEF-0.75,0.5999598949207031,0.6002831491940255,0.617152017280786,0.0,0.8898957276263713,0.8897772132445091,0.9138921466901997,0.0,0.4189084580416795,0.43020450385522985,0.6001973116449919,0.6173013097024272,78.4880300848962,93.73670363172693,0.5073231732458539,0.012740796305459344
STRATCAP,1.5,0.05,400,rate,DIFF,STRAT-2000,RA-EST,0.5917960206761418,0.5873236494834486,0.607115361667797,0.0,0.8778033471651915,0.8708708657791904,0.9088549067909001,0.0,0.4132161052234929,0.4278332795269257,0.5920300889738146,0.6071909807845206,96.88925763961839,132.31816198534898,0.6889455661267236,0.01032106174061246
STRATCAP,1.5,0.05,400,rate,DIFF,STRAT-2000,SRSWOR,,,,0.0,1.4832803682533544,1.4810412845639918,1.4960034640914752,1.0,0.6982376391061726,0.7042268941319046,0.9994803035189278,0.999990536102174,,,,
STRATCAP,1.5,0.05,400,rate,EXP,STRAT-2000,ST-NEY-EST,,,,0.0,0.8742137395366827,0.866692458798662,0.9023852822678565,0.0,0.41152633759122864,0.42478777616184527,0.5890792560413325,0.6046970703425215,,,,
STRATCAP,1.5,0.05,400,rate,HT,STRAT-2000,DEF-0.0,0.9999499999999999,0.9999499999999999,0.9999499999999999,0.0,2.124214051441888,2.124214051441888,2.124214051441888,1.0,0.9999499999999999,0.9999499999999999,1.0,1.0,50.0,50.0,0.0,0.02
STRATCAP,1.5,0.05,400,rate,HT,STRAT-2000,DEF-0.25,0.6476027777894808,0.6517743140837835,0.6697852388510894,0.0,1.3757157061185195,1.384577385214932,1.422838357733732,1.0,0.6476027777894808,0.6697852388510894,0.6640848463961794,0.6852802251945258,57.72865420395517,59.94939056032314,0.21212033657495505,0.017322420185180463
STRATCAP,1.5,0.05,400,rate,HT,STRAT-2000,DEF-0.5,0.5203876103313781,0.5232356430893186,0.5401113025742754,0.0,1.1054699475595573,1.1115200812696266,1.147369386740194,1.0,0.5203876103313781,0.5401113025742754,0.542203672373967,0.5611822705321756,68.28343647523636,74.84204557180537,0.3919797491427325,0.014644840370360927
STRATCAP,1.5,0.05,400,rate,HT,STRAT-2000,DEF-0.75,0.46517262101105766,0.4658661288283748,0.4800718878822174,0.0,0.9881756266790745,0.98964885939104,1.019826441263704,0.34,0.46517262101105766,0.4800718878822174,0.48887173199857625,0.5031995932102934,83.561320215052,99.57967439867512,0.5746283467481623,0.011967260555541391
STRATCAP,1.5,0.05,400,rate,HT,STRAT-2000,RA-EST,0.4554983673880521,0.45138294320212,0.47219421563217473,0.0,0.9676244136352214,0.9588819346278703,1.0030917424425685,0.105,0.4554983673880521,0.47219421563217473,0.4789475872938699,0.4945708368292339,107.64635486450578,148.74430698507544,0.7904392359805015,0.009289680740721853
STRATCAP,1.5,0.25,100,dollars,DIFF,STRAT-2000,DEF-0.0,0.99995,0.99995,0.9999500000000002,0.0,3.9553835711845937,2.1516299237838368,10.341915449954145,1.0,0.20649353041979868,0.6028429914169838,1.0,1.0,200.0,200.0,0.0,0.005
STRATCAP,1.5,0.25,100,dollars,DIFF,STRAT-2000,DEF-0.25,0.5945211132969658,0.6567764945054556,0.6670144732225431,0.0,1.935936455994808,1.4223025268941745,3.7649387196438107,1.0,0.09696341394854416,0.21946291586262848,0.6031353254934249,0.6672153831620844,266.4207140678721,266.4368017218055,0.2628812794970574,0.003753461901409254
STRATCAP,1.5,0.25,100,dollars,DIFF,STRAT-2000,DEF-0.5,0.4594001352296763,0.5208535029969623,0.5290612620644112,0.0,1.4124834754792266,1.126740756804423,2.430743913034741,1.0,0.06974474948597129,0.14169105703808332,0.4696524865476334,0.5293204459919509,398.89525117427513,398.9673879591298,0.5175741825262512,0.002506923802818509
STRATCAP,1.5,0.25,100,dollars,DIFF,STRAT-2000,DEF-0.75,0.38789466878579565,0.4469355956010024,0.4522382507796016,0.0,1.1478824168841044,0.9648037347166467,1.7958455977005285,0.225,0.05611091171194093,0.1046820521285163,0.39886791260967813,0.45233526726296575,793.4079200090714,793.8361520935832,0.8569498188870828,0.0012603857042277635
STRATCAP,1.5,0.25,100,dollars,DIFF,STRAT-2000,RA-EST,0.35461998992371824,0.4142572237072665,0.4177635957274495,0.0,1.0138532295618041,0.8940748481046896,1.438338137375928,0.22,0.04908973936241669,0.08381402730956679,0.3659579487245734,0.4182643551570498,72214.65095477295,77273.48466064339,1.9478613461774505,1.3847605637017723e-05
STRATCAP,1.5,0.25,100,dollars,DIFF,STRAT-2000,SRSWOR,,,,0.0,3.955581350252106,2.1517375106593697,10.342432571582727,1.0,0.2065038556125793,0.6028731350737376,0.9860597618686218,0.999981291959996,,,,
STRATCAP,1.5,0.25,100,dollars,EXP,STRAT-2000,ST-NEY-EST,,,,0.0,1.0040046371431286,0.986375849514658,1.064938680752968,0.345,0.06665220962064061,0.07069739875370366,0.5722698327734012,0.7296314215734517,,,,
STRATCAP,1.5,0.25,100,dollars,HT,STRAT-2000,DEF-0.0,0.99995,0.9999500000000001,0.9999500000000001,0.0,15.062582960496037,15.062582960496037,15.062582960496037,1.0,0.99995,0.9999500000000001,1.0,1.0,200.0,200.0,0.0,0.005
STRATCAP,1.5,0.25,100,dollars,HT,STRAT-2000,DEF-0.25,0.2710671742379962,0.2566757198452144,0.32418832883959564,0.0,4.083175958624983,3.8663926437457676,4.883357765859272,1.0,0.2710671742379962,0.32418832883959564,0.3475891577047237,0.3953379037156944,266.54516486449376,266.5516545076749,0.3467008431308284,0.0037517093979490502
STRATCAP,1.5,0.25,100,dollars,HT,STRAT-2000,DEF-0.5,0.14769891047126463,0.13691672821194792,0.18751186685076612,0.0,2.2248383340650033,2.0624226985070786,2.8245542782310626,1.0,0.14769891047126463,0.18751186685076612,0.23630203645690495,0.27234059671043004,399.4537396773248,399.4828913379221,0.6492863485416671,0.0025034187958981003
STRATCAP,1.5,0.25,100,dollars,HT,STRAT-2000,DEF-0.75,0.09237344315592708,0.08425805542023979,0.12207666054086505,0.0,1.391452223493991,1.2692074102279456,1.8388817710256438,1.0,0.09237344315592708,0.12207666054086505,0.18609322680179527,0.21315259043582233,796.7313656901206,796.9053493808764,1.080291164957853,0.00125512819384715
STRATCAP,1.5,0.25,100,dollars,HT,STRAT-2000,RA-EST,0.0658153503077669,0.06075054645016823,0.08381402730956679,0.0,0.9913987440220482,0.9151059010961817,1.2625188655469073,0.22,0.0658153503077669,0.08381402730956679,0.16188413019289974,0.17841267265790248,146250.3218486648,154506.3649200267,2.9350064870818287,6.837591796200156e-06
STRATCAP,1.5,0.25,100,rate,DIFF,STRAT-2000,DEF-0.0,0.99995,0.99995,0.9999500000000002,0.0,1.1303400334410423,1.0037862809295577,1.5794461416750747,1.0,0.7156201700177336,0.99995,1.0,1.0,200.0,200.0,0.0,0.005
STRATCAP,1.5,0.25,100,rate,DIFF,STRAT-2000,DEF-0.25,0.9782871041750368,0.9727889521715423,0.99995,0.0,1.1085967126233158,0.9763745063107035,1.5794461416750747,0.22,0.7018544371586017,0.99995,0.9783492585447711,1.0,222.5659247764411,233.37250961070345,0.0598046080506778,0.004493050816138449
STRATCAP,1.5,0.25,100,rate,DIFF,STRAT-2000,DEF-0.5,0.9638952854467082,0.9544740843597224,0.99995,0.0,1.0941514696760037,0.9580170133617073,1.5794461416750747,0.22,0.6927091296333665,0.99995,0.9639654652618632,1.0,250.87168940394673,280.11285716922504,0.11801804458743562,0.003986101632276896
STRATCAP,1.5,0.25,100,rate,DIFF,STRAT-2000,DEF-0.75,0.9556853431193159,0.9436964032445228,0.99995,0.0,1.085911067869587,0.9471977504158604,1.5794461416750747,0.22,0.6874921174359213,0.99995,0.9557600523318192,1.0,287.4263672967893,350.2646127462415,0.17559807370935454,0.003479152448415345
STRATCAP,1.5,0.25,100,rate,DIFF,STRAT-2000,RA-EST,0.9530977162923621,0.9399007312261762,0.99995,0.0,1.0833138858081832,0.9436209850861951,1.5794461416750747,0.22,0.6858478371190588,0.99995,0.9531737875020471,1.0,336.45086665094357,467.294307277973,0.237861611937627,0.0029722032645537926
STRATCAP,1.5,0.25,100,rate,DIFF,STRAT-2000,SRSWOR,,,,0.0,1.130396553268706,1.0038364727531954,1.5795251179309713,1.0,0.7156559528153744,1.0,0.9994672075815846,0.9999993589967411,,,,
STRATCAP,1.5,0.25,100,rate,EXP,STRAT-2000,ST-NEY-EST,,,,0.0,0.9456189210758373,0.9452209121096236,0.9474251727810217,0.0,0.598672924121972,0.5998164651044355,0.8660803954910399,0.9433100079154234,,,,
STRATCAP,1.5,0.25,100,rate,HT,STRAT-2000,DEF-0.0,0.9999499999999999,0.9999499999999999,0.9999499999999999,0.0,1.5794461416750745,1.5794461416750745,1.5794461416750745,1.0,0.9999499999999999,0.9999499999999999,0.9999999999999999,0.9999999999999999,200.0,200.0,0.0,0.005
STRATCAP,1.5,0.25,100,rate,HT,STRAT-2000,DEF-0.25,0.8964205462492535,0.8683532269329867,0.9999499999999999,0.0,1.4159187690300976,1.371585733177065,1.5794461416750745,1.0,0.8964205462492535,0.9999499999999999,0.9221142193577091,0.9999999999999999,217.8905092312209,219.42847599798822,0.115774926755795,0.004589461030059777
STRATCAP,1.5,0.25,100,rate,HT,STRAT-2000,DEF-0.5,0.835898904437891,0.7909118713847083,0.9999499999999999,0.0,1.3203233156106293,1.2492651669219363,1.5794461416750745,1.0,0.835898904437891,0.9999499999999999,0.8765153633265267,0.9999999999999999,239.29616062039977,243.03774057933418,0.22355091189871806,0.004178922060119553
STRATCAP,1.5,0.25,100,rate,HT,STRAT-2000,DEF-0.75,0.8034948934408526,0.7489862831338092,0.9999499999999999,0.0,1.2691403663190959,1.1830426471956095,1.5794461416750745,1.0,0.8034948934408526,0.9999499999999999,0.8520355161616407,0.9999999999999999,265.3658050606706,272.3399846835917,0.3292546499618827,0.0037683830901793307
STRATCAP,1.5,0.25,100,rate,HT,STRAT-2000,RA-EST,0.7932993062740443,0.734997980909033,0.9999499999999999,0.0,1.2530361802970675,1.160947772474366,1.5794461416750745,1.0,0.7932993062740443,0.9999499999999999,0.8442426446055716,0.9999999999999999,297.81014013318463,309.67665953331203,0.43821789619883467,0.0033578441202391073
STRATCAP,1.5,0.25,400,dollars,DIFF,STRAT-2000,DEF-0.0,0.9999499999999999,0.9999499999999999,0.9999500000000001,0.0,4.059351849151305,2.190058194064878,10.677386766176484,1.0,0.20649353041979865,0.6028429914169838,1.0,1.0,50.0,50.0,0.0,0.02
STRATCAP,1.5,0.25,400,dollars,DIFF,STRAT-2000,DEF-0.25,0.5889152900844552,0.6515242279073234,0.6619132495679253,0.0,1.9572298844964282,1.4364350063486342,3.811878424128396,1.0,0.0956451898124726,0.21521784706711616,0.5970608661897527,0.6621217410676264,66.60517851696802,66.60920043045138,0.2628812794970574,0.015013847605637017
STRATCAP,1.5,0.25,400,dollars,DIFF,STRAT-2000,DEF-0.5,0.4522397945933121,0.5135452391906346,0.52185967572949,0.0,1.4173469135887986,1.131046940687202,2.4379637995384513,1.0,0.06831696142102316,0.13764691886368477,0.46153492256621964,0.5221161671040726,99.72381279356878,99.74184698978245,0.5175741825262512,0.010027695211274036
STRATCAP,1.5,0.25,400,dollars,DIFF,STRAT-2000,DEF-0.75,0.38007789868408004,0.43850279681956134,0.4438706362669125,0.0,1.1464627646647154,0.9636387875746895,1.7934804429842526,0.225,0.0547365507309605,0.10125952529147275,0.3896669112720712,0.44395264380270505,198.35198000226785,198.4590380233958,0.8569498188870828,0.005041542816911054
STRATCAP,1.5,0.25,400,dollars,DIFF,STRAT-2000,RA-EST,0.34666327422093923,0.4053224731603636,0.4088862189326082,0.0,1.010701572931834,0.8905186662955933,1.4364148860686359,0.22,0.04782925527477312,0.08107588914181217,0.3562532234499495,0.4093602381441475,18053.662738693238,19318.371165160846,1.9478613461774505,5.539042254807089e-05
STRATCAP,1.5,0.25,400,dollars,DIFF,STRAT-2000,SRSWOR,,,,0.0,4.05955482689265,2.190167702450001,10.677920662209594,1.0,0.2065038556125793,0.6028731350737375,0.9860597618686218,0.9999812919599961,,,,
STRATCAP,1.5,0.25,400,dollars,EXP,STRAT-2000,ST-NEY-EST,,,,0.0,1.0039336152617333,0.9854846345413767,1.0672980410631867,0.325,0.06388135349418272,0.06791329865673539,0.5485514226217849,0.6999604659802533,,,,
STRATCAP,1.5,0.25,400,dollars,HT,STRAT-2000,DEF-0.0,0.9999499999999999,0.9999499999999999,0.9999499999999999,0.0,15.714811344321117,15.714811344321118,15.714811344321118,1.0,0.9999499999999999,0.9999499999999999,1.0,1.0,50.0,50.0,0.0,0.02
STRATCAP,1.5,0.25,400,dollars,HT,STRAT-2000,DEF-0.25,0.26471248132446784,0.2503850903512469,0.3175945237187719,0.0,4.160114710236652,3.934951205860936,4.9911875836092,1.0,0.26471248132446784,0.3175945237187719,0.3376384225656854,0.38608287162971006,66.63628798848207,66.63790958218593,0.34668156364092284,0.015006838318677777
STRATCAP,1.5,0.25,400,dollars,HT,STRAT-2000,DEF-0.5,0.14311585348503036,0.13259615410111614,0.18192325718117894,0.0,2.2491510954535268,2.0838277380684747,2.8590326173775082,1.0,0.14311585348503036,0.18192325718117894,0.22462569569650118,0.2612029527825284,99.86342042138146,99.87070466454516,0.6492740343447728,0.010013676637355555
STRATCAP,1.5,0.25,400,dollars,HT,STRAT-2000,DEF-0.75,0.08964013302503802,0.0819036421218218,0.11798880625826155,0.0,1.408748216779161,1.287164642589352,1.8542645443174512,1.0,0.08964013302503802,0.11798880625826155,0.1736407709851386,0.20110900763637063,199.1827549080981,199.2262288872176,1.080256331787822,0.005020514956033331
STRATCAP,1.5,0.25,400,dollars,HT,STRAT-2000,RA-EST,0.06440158967380503,0.05971621760126064,0.08107588914181216,0.0,1.0121094374700987,0.9384760176011193,1.2741560102371832,0.22,0.06440158967380503,0.08107588914181216,0.14905623845905475,0.16583735642307446,36558.69405903843,38621.15599660378,2.934832386016116,2.735327471110826e-05
STRATCAP,1.5,0.25,400,rate,DIFF,STRAT-2000,DEF-0.0,0.9999499999999999,0.9999499999999999,0.9999500000000001,0.0,1.1270400205546975,1.0005661055705406,1.5743792328689425,0.6,0.7156201700177336,0.99995,1.0,1.0,50.0,50.0,0.0,0.02
STRATCAP,1.5,0.25,400,rate,DIFF,STRAT-2000,DEF-0.25,0.9779561231518447,0.9723747717078416,0.99995,0.0,1.1050260948186916,0.9733052141139948,1.5743792328689425,0.22,0.7016441150138499,0.99995,0.9780178696449461,1.0,55.64148119411028,58.34312740267586,0.0598046080506778,0.017972203264553795
STRATCAP,1.5,0.25,400,rate,DIFF,STRAT-2000,DEF-0.5,0.9633445539541731,0.9537793006696975,0.99995,0.0,1.0904011924450356,0.9545502719407017,1.5743792328689425,0.22,0.6923591670797089,0.99995,0.9634139162607694,1.0,62.71792235098668,70.02821429230626,0.11801804458743562,0.015944406529107585
STRATCAP,1.5,0.25,400,rate,DIFF,STRAT-2000,DEF-0.75,0.9550094205445803,0.9428355131701067,0.99995,0.0,1.082058442558998,0.9437163096178269,1.5743792328689425,0.22,0.68706260255599,0.99995,0.9550829102756735,1.0,71.85659182419732,87.56615318656037,0.17559807370935454,0.01391660979366138
STRATCAP,1.5,0.25,400,rate,DIFF,STRAT-2000,RA-EST,0.9523825975097104,0.938982362453982,0.99995,0.0,1.079429217967669,0.9399622981827402,1.5743792328689425,0.22,0.6853934158218352,0.99995,0.9524570597597315,1.0,84.11271666273589,116.82357681949325,0.237861611937627,0.01188881305821517
STRATCAP,1.5,0.25,400,rate,DIFF,STRAT-2000,SRSWOR,,,,0.0,1.1270963753734662,1.0006161363773596,1.5744579557667309,0.605,0.7156559528153744,1.0,0.9994672075815846,0.9999993589967411,,,,
STRATCAP,1.5,0.25,400,rate,EXP,STRAT-2000,ST-NEY-EST,,,,0.0,0.9387114285342881,0.9379259361401697,0.9422611412061466,0.0,0.5962124457474975,0.5984670074897512,0.8622521848563879,0.9386392772878056,,,,
STRATCAP,1.5,0.25,400,rate,HT,STRAT-2000,DEF-0.0,0.99995,0.99995,0.99995,0.0,1.5743792328689425,1.5743792328689425,1.5743792328689425,1.0,0.99995,0.99995,1.0,1.0,50.0,50.0,0.0,0.02
STRATCAP,1.5,0.25,400,rate,HT,STRAT-2000,DEF-0.25,0.8957984479280998,0.8675651252198121,0.99995,0.0,1.4103969931038864,1.3659448135480932,1.5743792328689425,1.0,0.8957984479280998,0.99995,0.9209220900621641,1.0,54.472627307805226,54.857118999497054,0.115774926755795,0.01835784412023911
STRATCAP,1.5,0.25,400,rate,HT,STRAT-2000,DEF-0.5,0.8351881941142066,0.7900130215815521,0.99995,0.0,1.3149686967855616,1.2438422869883885,1.5743792328689425,1.0,0.8351881941142066,0.99995,0.8746252923570349,1.0,59.824040155099944,60.759435144833546,0.22355091189871806,0.016715688240478213
STRATCAP,1.5,0.25,400,rate,HT,STRAT-2000,DEF-0.75,0.8030027020877963,0.7483278852505609,0.99995,0.0,1.264293992804313,1.178210792454839,1.5743792328689425,1.0,0.8030027020877963,0.99995,0.8497707536539109,1.0,66.34145126516765,68.08499617089792,0.3292546499618827,0.015073532360717323
STRATCAP,1.5,0.25,400,rate,HT,STRAT-2000,RA-EST,0.7932432875836041,0.7349091437346889,0.99995,0.0,1.2489282049945623,1.1570835481187967,1.5743792328689425,1.0,0.7932432875836041,0.99995,0.8418586034515755,1.0,74.45253503329616,77.41916488332801,0.43821789619883467,0.01343137648095643
STRATCAP,1.5,0.7,100,dollars,DIFF,STRAT-2000,DEF-0.0,0.99995,0.99995,0.9999500000000002,0.0,1.6495127851635203,0.9999500000000002,3.212775387684169,0.405,0.053433205429225285,0.12066471252293998,1.0,1.0,200.0,200.0,0.0,0.005
STRATCAP,1.5,0.7,100,dollars,DIFF,STRAT-2000,DEF-0.25,0.7735631051387354,0.9077816106780656,0.9151140919164876,0.0,1.0702937434330781,0.9129485763001035,1.4586041894508428,0.3,0.0324514760061714,0.05478193585506379,0.787189826593096,0.9152595767891726,266.4492437951283,266.47320001380524,0.16585718349647363,0.003753060004067193
STRATCAP,1.5,0.7,100,dollars,DIFF,STRAT-2000,DEF-0.5,0.7186738283879579,0.8724168802568864,0.8879054376692396,0.0,0.9459003135853628,0.8798821985050216,1.1125693804871672,0.3,0.028057089276048202,0.04178563648518172,0.7347978934112538,0.8879662200605999,399.02318993789294,399.1306614852207,0.344911045405286,0.002506120008134387
STRATCAP,1.5,0.7,100,dollars,DIFF,STRAT-2000,DEF-0.75,0.7517979839650545,0.9315989999117282,0.9522618063126496,0.08,0.9531565609116283,0.9402224895401683,0.9899177690746479,0.085,0.027780560146551343,0.036906730806152574,0.7687228441597149,0.952316945446527,794.1676253001324,794.8065435014742,0.5848762822154339,0.0012591800122015804
STRATCAP,1.5,0.7,100,dollars,DIFF,STRAT-2000,RA-EST,11.127934516698838,11.674129836965534,12.977341341275482,0.635,11.345600395737215,11.674129836965534,12.977526324123266,0.65,0.2919254113354417,0.33087324148145547,11.14048499296087,12.96935551080675,81699.41538403371,91824.94675474748,2.6920013242711462,1.2240016268773666e-05
STRATCAP,1.5,0.7,100,dollars,DIFF,STRAT-2000,SRSWOR,,,,0.0,1.6495952649267667,1.0,3.2129360344858933,0.405,0.053435877223086445,0.12067074606024299,0.9742237032841276,0.9999767194998835,,,,
STRATCAP,1.5,0.7,100,dollars,EXP,STRAT-2000,ST-NEY-EST,,,,0.0,1.5784638676348626,1.5434282310210983,1.673606124912723,1.0,0.05928359932852314,0.06285693133524393,1.7624567284137103,2.3506417888968385,,,,
STRATCAP,1.5,0.7,100,dollars,HT,STRAT-2000,DEF-0.0,0.99995,0.9999500000000001,0.9999500000000001,0.0,26.624310303677394,26.624310303677394,26.624310303677394,1.0,0.99995,0.9999500000000001,1.0,1.0,200.0,200.0,0.0,0.005
STRATCAP,1.5,0.7,100,dollars,HT,STRAT-2000,DEF-0.25,0.2760572873993786,0.2711578155520402,0.288728674852151,0.0,7.350202391432078,7.2197508100653405,7.68758621214385,1.0,0.2760572873993786,0.288728674852151,0.4286345465699643,0.4386810783929043,266.42971368873964,266.43409313074693,0.2934815763621197,0.003753335114747351
STRATCAP,1.5,0.7,100,dollars,HT,STRAT-2000,DEF-0.5,0.13125211247916285,0.12728783921140138,0.14133366830238062,0.0,3.4946717042436113,3.3891203850681983,3.7630995962194054,1.0,0.13125211247916285,0.14133366830238062,0.3134970688605075,0.3215359247020121,398.93560318935346,398.95524146247726,0.5510493489754793,0.002506670229494702
STRATCAP,1.5,0.7,100,dollars,HT,STRAT-2000,DEF-0.75,0.06488155484621427,0.06202094366967424,0.07207182669691976,0.0,1.7275130248619155,1.6513474169591509,1.9189586260629552,1.0,0.06488155484621427,0.07207182669691976,0.2605000758522866,0.26625264910464247,793.6474274272965,793.7640242232847,0.895553858107246,0.0012600053442420526
STRATCAP,1.5,0.7,100,dollars,HT,STRAT-2000,RA-EST,0.035585356650357676,0.034743924513164354,0.03755778041175719,0.0,0.9474829518737465,0.9250792813700996,0.9999999999999999,0.0,0.035585356650357676,0.03755778041175719,0.23708869498067447,0.23868156034651927,74959.9423879112,76372.72605481496,2.0056305176068903,1.3340458989403706e-05
STRATCAP,1.5,0.7,100,rate,DIFF,STRAT-2000,DEF-0.0,0.99995,0.99995,0.9999500000000002,0.0,1.0550335684940162,1.0083311556854397,1.1642297567096853,1.0,0.906162044678492,0.9999500000000003,1.0,1.0,200.0,200.0,0.0,0.005
STRATCAP,1.5,0.7,100,rate,DIFF,STRAT-2000,DEF-0.25,0.9736088428150582,0.9634578076117201,0.99995,0.0,1.028474217737453,0.9715564377504446,1.1642297567096853,0.3,0.8833503765898126,0.9999500000000003,0.973673645875946,1.0,266.64433676140436,266.64485588801625,0.08863383925414679,0.003750314040589614
STRATCAP,1.5,0.7,100,rate,DIFF,STRAT-2000,DEF-0.5,0.9519847973598888,0.9333175148566818,0.99995,0.0,1.0066710831547268,0.9411407103987602,1.1642297567096853,0.3,0.8646237942289449,0.9999500000000003,0.9520618028790239,1.0,399.8995322520841,399.9018675486622,0.1961016579642692,0.0025006280811792287
STRATCAP,1.5,0.7,100,rate,DIFF,STRAT-2000,DEF-0.75,0.9358430145177625,0.9101051297091693,0.99995,0.0,0.9903956644740163,0.9177118865953607,1.1642297567096853,0.3,0.850644934114794,0.9999500000000003,0.9359292517541704,1.0,799.3974961735173,799.4114940496373,0.35171623571734456,0.0012509421217688427
STRATCAP,1.5,0.7,100,rate,DIFF,STRAT-2000,RA-EST,2.2123676680578357,1.7736945751119264,1.8076126755742312,0.635,2.2774708378265958,1.78817380321125,1.8233790456803574,0.935,1.9561061303920886,1.5660893962038909,2.21191867930982,1.8062462303749576,796075.4382481545,815024.7359998496,9.434121568240204,1.2561623584569393e-06
STRATCAP,1.5,0.7,100,rate,DIFF,STRAT-2000,SRSWOR,,,,0.0,1.0550863228101566,1.008381574764178,1.1642879711082408,1.0,0.9062073550462444,1.0000000000000002,0.9994851881160471,0.9999911172140001,,,,
STRATCAP,1.5,0.7,100,rate,EXP,STRAT-2000,ST-NEY-EST,,,,0.0,0.9223514909813789,0.9212668987413032,0.9271578572246448,0.0,0.7922021990001572,0.7963303583237401,0.8775268411078629,0.9168232329678105,,,,
STRATCAP,1.5,0.7,100,rate,HT,STRAT-2000,DEF-0.0,0.99995,0.99995,0.99995,0.0,1.1642297567096842,1.1642297567096842,1.1642297567096842,1.0,0.99995,0.99995,1.0,1.0,200.0,200.0,0.0,0.005
STRATCAP,1.5,0.7,100,rate,HT,STRAT-2000,DEF-0.25,0.9858554756121295,0.9803433791453404,0.99995,0.0,1.1478196715063949,1.141402003894524,1.1642297567096842,1.0,0.9858554756121295,0.99995,0.9957390965373106,1.0,204.3135579860175,204.75545347256724,0.028152332188505165,0.004894437793875431
STRATCAP,1.5,0.7,100,rate,HT,STRAT-2000,DEF-0.5,0.9761239650776187,0.9665727050260606,0.99995,0.0,1.136489390850351,1.1253689736633952,1.1642297567096842,1.0,0.9761239650776187,0.99995,0.9927913576464217,1.0,208.8172853333126,209.742558376375,0.055862287062210414,0.004788875587750863
STRATCAP,1.5,0.7,100,rate,HT,STRAT-2000,DEF-0.75,0.9704903411131902,0.9583151620050114,0.99995,0.0,1.1299302302348195,1.1157548156530788,1.1642297567096842,1.0,0.9704903411131902,0.99995,0.9910772440363503,1.0,213.52404133388012,214.97866385850372,0.08322016600259817,0.0046833133816262945
STRATCAP,1.5,0.7,100,rate,HT,STRAT-2000,RA-EST,0.9687511355459552,0.955411126913005,0.99995,0.0,1.1279052941136034,1.1123736825277795,1.1642297567096842,1.0,0.9687511355459552,0.99995,0.9905357144975927,1.0,218.4478714126099,220.48289587029444,0.11030337213799979,0.004577751175501726
STRATCAP,1.5,0.7,400,dollars,DIFF,STRAT-2000,DEF-0.0,0.9999499999999999,0.9999499999999999,0.9999500000000001,0.0,1.6544799111422939,1.0038432592857505,3.222884318463217,0.865,0.05343320542922527,0.12066471252293995,1.0,1.0,50.0,50.0,0.0,0.02
STRATCAP,1.5,0.7,400,dollars,DIFF,STRAT-2000,DEF-0.25,0.7710271257066844,0.9063727510606526,0.9138140083656253,0.0,1.067502132396116,0.9134053768851191,1.4463487889010607,0.3,0.0322407141296809,0.05415126438787836,0.7839325280205415,0.9139625294951297,66.61231094878208,66.61830000345131,0.16585718349647363,0.015012240016268772
STRATCAP,1.5,0.7,400,dollars,DIFF,STRAT-2000,DEF-0.5,0.7160728273167314,0.8704644404884175,0.8861902652422613,0.0,0.9432727498736918,0.8802093522230714,1.1023193236916813,0.3,0.027871148687200344,0.04127080936158533,0.7307386774940793,0.8862514173064254,99.75579748447323,99.78266537130517,0.344911045405286,0.010024480032537548
STRATCAP,1.5,0.7,400,dollars,DIFF,STRAT-2000,DEF-0.75,0.7503398457035374,0.9305549478688269,0.9515296559100572,0.08,0.9526439220941323,0.9412974969969174,0.9839737228769463,0.08,0.027665917726187962,0.03657500035758831,0.7651828876927718,0.9515871027747902,198.5419063250331,198.70163587536854,0.5848762822154339,0.005036720048806322
STRATCAP,1.5,0.7,400,dollars,DIFF,STRAT-2000,RA-EST,11.285799333907697,11.837506733512136,13.160700126461059,0.635,11.53929466655072,11.850289976315015,13.252516605519265,0.645,0.29591372416153594,0.33554825225915436,11.295696497955168,13.152559931890526,20424.853846008427,22956.23668868687,2.6920013242711462,4.8960065075094665e-05
STRATCAP,1.5,0.7,400,dollars,DIFF,STRAT-2000,SRSWOR,,,,0.0,1.6545626392742576,1.0038934539584483,3.223045470736754,0.875,0.05343587722308643,0.12067074606024296,0.9742237032841276,0.9999767194998835,,,,
STRATCAP,1.5,0.7,400,dollars,EXP,STRAT-2000,ST-NEY-EST,,,,0.0,1.52820348349403,1.4924954827004924,1.6261246554352464,1.0,0.0572159022140426,0.060882068571459495,1.7009909329058122,2.277825010870723,,,,
STRATCAP,1.5,0.7,400,dollars,HT,STRAT-2000,DEF-0.0,0.99995,0.99995,0.99995,0.0,26.708083140997886,26.70808314099789,26.70808314099789,1.0,0.99995,0.99995,1.0,1.0,50.0,50.0,0.0,0.02
STRATCAP,1.5,0.7,400,dollars,HT,STRAT-2000,DEF-0.25,0.27097922519906575,0.26610918342971634,0.2835671436543101,0.0,7.237697560977887,7.107621576702758,7.57391354445183,1.0,0.27097922519906575,0.2835671436543101,0.4198891569766474,0.430089462245857,66.60742842218491,66.60852328268673,0.2934815763621197,0.015013340458989404
STRATCAP,1.5,0.7,400,dollars,HT,STRAT-2000,DEF-0.5,0.1283940953826777,0.12452246496616984,0.13823198920971944,0.0,3.4293316408758137,3.3259226433706295,3.6920960653619783,1.0,0.1283940953826777,0.13823198920971944,0.30298937093490297,0.3111512704882674,99.73390079733836,99.73881036561932,0.5510493489754793,0.010026680917978807
STRATCAP,1.5,0.7,400,dollars,HT,STRAT-2000,DEF-0.75,0.06394147938982063,0.061187504120839536,0.07087670203848427,0.0,1.7078397396887168,1.6342826613826027,1.8930755045788015,1.0,0.06394147938982063,0.07087670203848427,0.24918119946227055,0.25502182230522374,198.41185685682413,198.44100605582116,0.895553858107246,0.0050400213769682106
STRATCAP,1.5,0.7,400,dollars,HT,STRAT-2000,RA-EST,0.03560104209112869,0.03481727056835444,0.037439976306837236,0.0,0.9508831362328419,0.9299490545349558,1.0,0.0,0.03560104209112869,0.037439976306837236,0.22541148112833784,0.22702872708651703,18739.9855969778,19093.18151370374,2.0056305176068903,5.3361835957614823e-05
STRATCAP,1.5,0.7,400,rate,DIFF,STRAT-2000,DEF-0.0,0.9999499999999999,0.99995,0.9999500000000001,0.0,1.0465663698649486,1.000152960892253,1.1547871269935344,0.59,0.9061620446784917,0.99995,1.0,1.0,50.0,50.0,0.0,0.02
STRATCAP,1.5,0.7,400,rate,DIFF,STRAT-2000,DEF-0.25,0.9732061343460761,0.9629023067722657,0.9999500000000001,0.0,1.0198162187371975,0.9631780917408975,1.1547871269935344,0.3,0.88300162778101,0.99995,0.9732706914760879,1.0,66.66108419035109,66.66121397200406,0.08863383925414679,0.015001256162358456
STRATCAP,1.5,0.7,400,rate,DIFF,STRAT-2000,DEF-0.5,0.9512514832524933,0.9322990141733473,0.9999500000000001,0.0,0.9978564348375136,0.9325611562626176,1.1547871269935344,0.3,0.863988738668827,0.99995,0.9513280549639069,1.0,99.97488306302103,99.97546688716555,0.1961016579642692,0.010002512324716915
STRATCAP,1.5,0.7,400,rate,DIFF,STRAT-2000,DEF-0.75,0.9348629093496771,0.9087341384613276,0.9999500000000001,0.0,0.9814640719994808,0.9089645484936177,1.1547871269935344,0.3,0.8497961564767036,0.99995,0.9349485770361219,1.0,199.84937404337933,199.85287351240933,0.35171623571734456,0.005003768487075371
STRATCAP,1.5,0.7,400,rate,DIFF,STRAT-2000,RA-EST,2.2309263850190684,1.7855379055233485,1.8199771897280355,0.635,2.2778057537879444,1.7856819725945776,1.8209627293059412,0.935,1.9721778327384465,1.5768028917243644,2.2304684550135416,1.8185867339011057,199018.85956203862,203756.1839999624,9.434121568240204,5.024649433827757e-06
STRATCAP,1.5,0.7,400,rate,DIFF,STRAT-2000,SRSWOR,,,,0.0,1.0466187007999885,1.0002029710408051,1.1548448692369961,0.62,0.9062073550462442,0.9999999999999999,0.9994851881160471,0.9999911172139999,,,,
STRATCAP,1.5,0.7,400,rate,EXP,STRAT-2000,ST-NEY-EST,,,,0.0,0.9012279368123256,0.9006775769469004,0.9069072233353386,0.0,0.780388743821294,0.7853065355302057,0.8642540095041695,0.9040171893536023,,,,
STRATCAP,1.5,0.7,400,rate,HT,STRAT-2000,DEF-0.0,0.99995,0.9999500000000001,0.9999500000000001,0.0,1.1547871269935341,1.1547871269935341,1.1547871269935341,1.0,0.99995,0.9999500000000001,1.0,1.0,50.0,50.0,0.0,0.02
STRATCAP,1.5,0.7,400,rate,HT,STRAT-2000,DEF-0.25,0.985969875618526,0.9805009714170382,0.9999500000000001,0.0,1.1386422520802937,1.1323265161228568,1.1547871269935341,1.0,0.985969875618526,0.9999500000000001,0.9956738786271676,1.0,51.07838949650438,51.18886336814181,0.028152332188505165,0.019577751175501725
STRATCAP,1.5,0.7,400,rate,HT,STRAT-2000,DEF-0.5,0.9763763605626528,0.9669195637803221,0.9999500000000001,0.0,1.1275632304400707,1.116642097196579,1.1547871269935341,1.0,0.9763763605626528,0.9999500000000001,0.992681021283867,1.0,52.20432133332815,52.43563959409375,0.055862287062210414,0.019155502351003453
STRATCAP,1.5,0.7,400,rate,HT,STRAT-2000,DEF-0.75,0.9709002989423209,0.9588776974814643,0.9999500000000001,0.0,1.1212392287742048,1.1073549891622534,1.1547871269935341,1.0,0.9709002989423209,0.9999500000000001,0.9909406712409884,1.0,53.38101033347003,53.74466596462593,0.08322016600259817,0.018733253526505178
STRATCAP,1.5,0.7,400,rate,HT,STRAT-2000,RA-EST,0.9693351261893625,0.9562409554100217,0.9999500000000001,0.0,1.1194316970509812,1.1043099611095466,1.1547871269935341,1.0,0.9693351261893625,0.9999500000000001,0.990390852984801,1.0,54.61196785315248,55.12072396757361,0.11030337213799979,0.018311004702006903
