dgp,sigma,prevalence,n,estimand,estimator,info,design,rel_bestconv_mean,rel_bestconv_median,rel_bestconv_p90,share_worse_than_bestconv,rel_fixed_equal_mean,rel_fixed_equal_p90,max_weight_median,max_weight_p90,cv_weights_median,lambda
MAIN,0.0,0.05,100,dollars,DIFF,COR-10000,DEF-0.0,3.7690563526389425,3.7684895771914872,3.771940182035906,1.0,0.99995,0.9999500000000002,200.0,200.0,0.0,0.0
MAIN,0.0,0.05,100,dollars,DIFF,COR-10000,DEF-0.25,1.7051448688434367,1.7041937165907322,1.7267448474872082,1.0,0.45238431869974927,0.4579367161946124,266.3734635687731,266.43630910614684,0.27570586016777715,0.25
MAIN,0.0,0.05,100,dollars,DIFF,COR-10000,DEF-0.5,1.2770369169467437,1.2760778753420503,1.2909500338171729,1.0,0.33880483969914643,0.3424529498197579,398.68348112346155,398.9651788193746,0.5166503113563876,0.5
MAIN,0.0,0.05,100,dollars,DIFF,COR-10000,DEF-0.75,1.0820762067410203,1.0813765752939442,1.0901378211775758,1.0,0.2870805748331405,0.2891383898349065,792.1525435120732,793.8230331982953,0.8321595199610392,0.75
MAIN,0.0,0.05,100,dollars,DIFF,COR-10000,RA-EST,1.0028916793147082,1.0024900826579102,1.0054904376821414,1.0,0.2660722243373905,0.26665645921096937,60566.49003706778,77108.04670980964,1.7691722201322846,1.0
MAIN,0.0,0.05,100,dollars,DIFF,COR-2000,DEF-0.0,3.7833261027526395,3.7781454860770944,3.799878529250634,1.0,0.99995,0.9999500000000002,200.0,200.0,0.0,0.0
MAIN,0.0,0.05,100,dollars,DIFF,COR-2000,DEF-0.25,1.7135866766528702,1.7083169078829292,1.75993865715208,1.0,0.4529253533061952,0.4652212276223764,266.3832889170261,266.5077289776119,0.2773201169176827,0.25
MAIN,0.0,0.05,100,dollars,DIFF,COR-2000,DEF-0.5,1.2854419819774818,1.2836710808230647,1.3179839578330514,1.0,0.3397592177210519,0.3482263455529357,398.727504603835,399.28563204998346,0.5193926974952776,0.5
MAIN,0.0,0.05,100,dollars,DIFF,COR-2000,DEF-0.75,1.0910864607790172,1.0897772424367014,1.1120883269851412,1.0,0.2883857876800425,0.29366392698485283,792.4132978514854,795.7290492489666,0.837145935976923,0.75
MAIN,0.0,0.05,100,dollars,DIFF,COR-2000,RA-EST,1.014554077372772,1.0113827727537328,1.0274559518741222,1.0,0.2681512858976845,0.27098049767904564,62668.61082533257,111800.74433820379,1.7935821237397596,1.0
MAIN,0.0,0.05,100,dollars,DIFF,COR-500,DEF-0.0,3.8728536610607978,3.816049935709079,4.017197210895222,1.0,0.99995,0.9999500000000002,200.0,200.0,0.0,0.0
MAIN,0.0,0.05,100,dollars,DIFF,COR-500,DEF-0.25,1.7883058541645094,1.7623922815610231,1.940204754996783,1.0,0.462424126364022,0.500693562384384,266.4529956790169,266.66645391743447,0.2791887935696489,0.25
MAIN,0.0,0.05,100,dollars,DIFF,COR-500,DEF-0.5,1.3893990026278564,1.327765145454543,1.8127850927708906,1.0,0.35925882291480293,0.45751671474167344,399.04001897299946,399.99904262998626,0.5231852449422315,0.5
MAIN,0.0,0.05,100,dollars,DIFF,COR-500,DEF-0.75,1.281738145148407,1.1309193113558342,2.42164226978045,1.0,0.3313844973036749,0.6116165415368633,794.2676289722161,799.9942558074799,0.8444708423788714,0.75
MAIN,0.0,0.05,100,dollars,DIFF,COR-500,RA-EST,23.202945608686782,1.0566629470221653,109.64807285708173,0.98,6.0296978380114785,28.126041296514014,83135.88445310263,83791558.49883223,1.845386786866909,1.0
MAIN,0.0,0.05,100,dollars,DIFF,KS-2000,DEF-0.0,3.7901095469182082,3.7820888014455765,3.811611499078639,1.0,0.99995,0.9999500000000002,200.0,200.0,0.0,0.0
MAIN,0.0,0.05,100,dollars,DIFF,KS-2000,DEF-0.25,1.7165027872293848,1.7111064365883553,1.7629516243881347,1.0,0.4529165043671641,0.465876184343817,266.3829438556713,266.520125227128,0.277559099188495,0.25
MAIN,0.0,0.05,100,dollars,DIFF,KS-2000,DEF-0.5,1.2885711828376674,1.2850072558813272,1.3195998537544682,1.0,0.340000214272915,0.3487121798812131,398.7259584129583,399.3412875276778,0.5199631683209686,0.5
MAIN,0.0,0.05,100,dollars,DIFF,KS-2000,DEF-0.75,1.094694964477926,1.0914190800399337,1.1182316430134671,1.0,0.28883813678450126,0.29491154537318764,792.4041377437406,796.0607002190958,0.8381683186124157,0.75
MAIN,0.0,0.05,100,dollars,DIFF,KS-2000,RA-EST,1.0197367098788623,1.015079550739016,1.0360942706348713,1.0,0.2690442267721723,0.27211948610183084,62592.35621190942,121255.97734137745,1.8015515165497642,1.0
MAIN,0.0,0.05,100,dollars,DIFF,MIS-G-10000,DEF-0.0,3.7677626196863914,3.766697009675661,3.7710154239865283,1.0,0.99995,0.9999500000000002,200.0,200.0,0.0,0.0
MAIN,0.0,0.05,100,dollars,DIFF,MIS-G-10000,DEF-0.25,1.7009784805673964,1.6997810219062792,1.7208334549677191,1.0,0.4514345318978242,0.4566678944678599,266.37784312888,266.4151013313193,0.2763431623967558,0.25
MAIN,0.0,0.05,100,dollars,DIFF,MIS-G-10000,DEF-0.5,1.2738206585635914,1.2729873762455988,1.2867521212640352,1.0,0.3380680453313185,0.34147939111497205,398.70310338908723,398.87008784172076,0.5176965188810088,0.5
MAIN,0.0,0.05,100,dollars,DIFF,MIS-G-10000,DEF-0.75,1.079534705482677,1.0789311883792456,1.0871129487958733,1.0,0.28650496519675384,0.28852333913401906,792.2687535089387,793.2586129317258,0.8340123604021314,0.75
MAIN,0.0,0.05,100,dollars,DIFF,MIS-G-10000,RA-EST,1.0010841725459647,1.00069639246998,1.002614523918893,1.0,0.2656840149337483,0.26594157817860264,61485.76557370919,70601.9740353843,1.7787619338833165,1.0
MAIN,0.0,0.05,100,dollars,DIFF,MIS-G-2000,DEF-0.0,3.7775962156910343,3.7726426316688615,3.792771960438024,1.0,0.99995,0.9999500000000002,200.0,200.0,0.0,0.0
MAIN,0.0,0.05,100,dollars,DIFF,MIS-G-2000,DEF-0.25,1.7080823627827,1.7045117380024286,1.7610881565194436,1.0,0.4521495100893594,0.4654860730505109,266.3700393142569,266.45482206446144,0.2763291736731446,0.25
MAIN,0.0,0.05,100,dollars,DIFF,MIS-G-2000,DEF-0.5,1.2789500573982786,1.2765018337494085,1.313115954004609,1.0,0.33855292456384545,0.34711003581487077,398.6681399103886,399.0482115253803,0.5174451538570946,0.5
MAIN,0.0,0.05,100,dollars,DIFF,MIS-G-2000,DEF-0.75,1.0835557914320555,1.082180250167831,1.1039864987129224,1.0,0.28682868917640425,0.2917337727414228,792.0617029715543,794.3163174862369,0.8333967206999332,0.75
MAIN,0.0,0.05,100,dollars,DIFF,MIS-G-2000,RA-EST,1.0045660557829363,1.0037147474858052,1.0100384490968146,1.0,0.265916064753656,0.26690629976725266,59866.37417872914,83852.34039578965,1.7754642364953652,1.0
MAIN,0.0,0.05,100,dollars,DIFF,MIS-I-2000,DEF-0.0,3.7827756203231417,3.7763552205326825,3.8014934630061954,1.0,0.99995,0.9999500000000002,200.0,200.0,0.0,0.0
MAIN,0.0,0.05,100,dollars,DIFF,MIS-I-2000,DEF-0.25,1.7084052643571417,1.7051831109750073,1.7490254287628135,1.0,0.45163186049906684,0.4630540338045302,266.39238992823084,266.47511819709626,0.2778555592517116,0.25
MAIN,0.0,0.05,100,dollars,DIFF,MIS-I-2000,DEF-0.5,1.2810089562405294,1.2784888682313222,1.308773390362503,1.0,0.3386445533705818,0.346427352488821,398.7682884019795,399.13926847834,0.5203598105562781,0.5
MAIN,0.0,0.05,100,dollars,DIFF,MIS-I-2000,DEF-0.75,1.087200892715102,1.085112834406738,1.1052205855388253,1.0,0.28740638815556013,0.29216937850254576,792.6549652545244,794.8577423272076,0.8386896153408068,0.75
MAIN,0.0,0.05,100,dollars,DIFF,MIS-I-2000,RA-EST,1.011133189043466,1.0089440833124033,1.0208486874247893,1.0,0.2672889447161282,0.2693233779253926,64750.298530286775,92748.23534885213,1.8011419304145544,1.0
MAIN,0.0,0.05,100,dollars,HT,COR-10000,DEF-0.0,3.910100735446701,3.910100735446701,3.910100735446701,1.0,0.9999499999999999,0.9999499999999999,200.0,200.0,0.0,0.0
MAIN,0.0,0.05,100,dollars,HT,COR-10000,DEF-0.25,1.7407763784749206,1.740324724698687,1.7640001158700145,1.0,0.44517762007406075,0.45111674486378844,266.3733064202727,266.4385377478623,0.2756787457834611,0.25
MAIN,0.0,0.05,100,dollars,HT,COR-10000,DEF-0.5,1.290829755697263,1.2902519518691435,1.3060773318764098,1.0,0.33011047580133956,0.3340098162101733,398.6827770571932,398.9751733104082,0.5166055787816966,0.5
MAIN,0.0,0.05,100,dollars,HT,COR-10000,DEF-0.75,1.0859509466285515,1.0853494147769776,1.0947959548966186,1.0,0.27771577321195645,0.27997775228003363,792.1483742212608,793.882387334882,0.8321173524501464,0.75
MAIN,0.0,0.05,100,dollars,HT,COR-10000,RA-EST,1.0027660003530605,1.0023732870924844,1.0052423733936147,1.0,0.25644246271278986,0.25707575821831324,60534.03535443933,77862.00140761057,1.7688152882932684,1.0
MAIN,0.0,0.05,100,dollars,HT,COR-2000,DEF-0.0,3.910100735446701,3.910100735446701,3.910100735446701,1.0,0.9999499999999999,0.9999499999999999,200.0,200.0,0.0,0.0
MAIN,0.0,0.05,100,dollars,HT,COR-2000,DEF-0.25,1.7451514184250825,1.7408675743243711,1.7957894445780096,1.0,0.4462964713503219,0.45924639199880735,266.38375337944564,266.51089045651975,0.27742334424149384,0.25
MAIN,0.0,0.05,100,dollars,HT,COR-2000,DEF-0.5,1.2970593885606172,1.2951217863317737,1.3322124400454174,1.0,0.33170361158048706,0.3406934806939768,398.7295858360593,399.2998251652036,0.5195677944977208,0.5
MAIN,0.0,0.05,100,dollars,HT,COR-2000,DEF-0.75,1.093716742650564,1.0931064204804484,1.116032949795122,1.0,0.27970175982908235,0.28540879728003726,792.4256279762504,795.8136084747247,0.8374573309147431,0.75
MAIN,0.0,0.05,100,dollars,HT,COR-2000,RA-EST,1.0139724920222712,1.0108431822892046,1.0257463228852957,1.0,0.25930835597304297,0.2623193377783842,62771.60642099315,114068.85909380512,1.795032861321461,1.0
MAIN,0.0,0.05,100,dollars,HT,COR-500,DEF-0.0,3.910100735446701,3.910100735446701,3.910100735446701,1.0,0.9999499999999999,0.9999499999999999,200.0,200.0,0.0,0.0
MAIN,0.0,0.05,100,dollars,HT,COR-500,DEF-0.25,1.799133830656881,1.7793034631650066,1.944302265711256,1.0,0.4601016689049113,0.49722633306424496,266.45834844853374,266.6664574003662,0.2793939434591809,0.25
MAIN,0.0,0.05,100,dollars,HT,COR-500,DEF-0.5,1.3897586387397536,1.332285328849618,1.7925689277186785,1.0,0.35541006353358173,0.4584227927998675,399.0640303694868,399.9990583031295,0.5240291446811938,0.5
MAIN,0.0,0.05,100,dollars,HT,COR-500,DEF-0.75,1.2776148545144905,1.127928075465262,2.4051939273102216,1.0,0.32673096173462496,0.6150925079271886,794.4103410545396,799.9943498454462,0.8457143192449664,0.75
MAIN,0.0,0.05,100,dollars,HT,COR-500,RA-EST,23.86048357714341,1.054834448600367,110.98358156308477,0.98,6.101963137847086,28.382397255892737,85273.12965175242,85195691.94683108,1.8506930973257685,1.0
MAIN,0.0,0.05,100,dollars,HT,KS-2000,DEF-0.0,3.910100735446701,3.910100735446701,3.910100735446701,1.0,0.9999499999999999,0.9999499999999999,200.0,200.0,0.0,0.0
MAIN,0.0,0.05,100,dollars,HT,KS-2000,DEF-0.25,1.7462493625770168,1.7426806319223642,1.7986098594356106,1.0,0.44657725420708416,0.45996767107258957,266.38335520949806,266.5238000149417,0.2777020199075514,0.25
MAIN,0.0,0.05,100,dollars,HT,KS-2000,DEF-0.5,1.2992072710291587,1.2967398151054579,1.3337955268609067,1.0,0.3322529005169452,0.3410983315579962,398.7278016579138,399.35778823635064,0.5202088078023368,0.5
MAIN,0.0,0.05,100,dollars,HT,KS-2000,DEF-0.75,1.096760604139353,1.0940447545642078,1.1215837773339719,1.0,0.28048018204928815,0.2868283387120917,792.4150577452383,796.1590635919127,0.8386017156674548,0.75
MAIN,0.0,0.05,100,dollars,HT,KS-2000,RA-EST,1.018972866583379,1.0144442474036561,1.0336207025768414,1.0,0.2605871272581537,0.2643330930510246,62683.332747853245,124376.7523814428,1.8035222060290677,1.0
MAIN,0.0,0.05,100,dollars,HT,MIS-G-10000,DEF-0.0,3.910100735446701,3.910100735446701,3.910100735446701,1.0,0.9999499999999999,0.9999499999999999,200.0,200.0,0.0,0.0
MAIN,0.0,0.05,100,dollars,HT,MIS-G-10000,DEF-0.25,1.7367511469934018,1.7360975180023397,1.7583112030912396,1.0,0.44414822710127716,0.4496618901891848,266.3778902637131,266.41686542994023,0.27634795013255375,0.25
MAIN,0.0,0.05,100,dollars,HT,MIS-G-10000,DEF-0.5,1.2876750579385456,1.2870755693725966,1.3018284998019336,1.0,0.32930370885663346,0.33292324071753776,398.7033145799752,398.8779965188569,0.5177067583148639,0.5
MAIN,0.0,0.05,100,dollars,HT,MIS-G-10000,DEF-0.75,1.0834571083860345,1.0829705883021545,1.0917758633119752,1.0,0.2770780112412741,0.27920540885862577,792.2700043806399,793.3055351807931,0.8340317199867011,0.75
MAIN,0.0,0.05,100,dollars,HT,MIS-G-10000,RA-EST,1.0010339974098827,1.0006635445082086,1.0024712714095265,1.0,0.25599952876806303,0.25636709017713744,61495.81252649714,71101.03322735897,1.7788586693553445,1.0
MAIN,0.0,0.05,100,dollars,HT,MIS-G-2000,DEF-0.0,3.910100735446701,3.910100735446701,3.910100735446701,1.0,0.9999499999999999,0.9999499999999999,200.0,200.0,0.0,0.0
MAIN,0.0,0.05,100,dollars,HT,MIS-G-2000,DEF-0.25,1.741644580509833,1.7396273152358603,1.7982618902968137,1.0,0.44539964980770436,0.45987868315031294,266.36962509159906,266.4580716335873,0.2763476790311587,0.25
MAIN,0.0,0.05,100,dollars,HT,MIS-G-2000,DEF-0.5,1.291782159194905,1.2903065610056683,1.32859614434765,1.0,0.3303540388044186,0.3397686669544736,398.6662841806492,399.0627885842082,0.517497820751368,0.5
MAIN,0.0,0.05,100,dollars,HT,MIS-G-2000,DEF-0.75,1.0869822611606719,1.0857960364457893,1.1088400013327027,1.0,0.2779795165362767,0.2835693078904693,792.0507155267089,794.4029595689541,0.8334411675766917,0.75
MAIN,0.0,0.05,100,dollars,HT,MIS-G-2000,RA-EST,1.004355871170815,1.0035017862466349,1.0093613846387515,1.0,0.25684904848430246,0.2581291339682616,59782.80507212237,85159.65083623,1.775343517642039,1.0
MAIN,0.0,0.05,100,dollars,HT,MIS-I-2000,DEF-0.0,3.910100735446701,3.910100735446701,3.910100735446701,1.0,0.9999499999999999,0.9999499999999999,200.0,200.0,0.0,0.0
MAIN,0.0,0.05,100,dollars,HT,MIS-I-2000,DEF-0.25,1.7400063265557772,1.7391613890729263,1.7863749294057385,1.0,0.4449806907700234,0.4568387700260101,266.3935892598336,266.47910305074294,0.2779676423458337,0.25
MAIN,0.0,0.05,100,dollars,HT,MIS-I-2000,DEF-0.5,1.2926548451127489,1.291362286883421,1.3235137147614109,1.0,0.33057721522430905,0.33846891131935974,398.77366330632196,399.15714944734736,0.5205679587641845,0.5
MAIN,0.0,0.05,100,dollars,HT,MIS-I-2000,DEF-0.75,1.089878275322648,1.0885348576261737,1.1094821265321237,1.0,0.2787201290056731,0.28373352184213047,792.6868219440078,794.9641201918218,0.8390850251354648,0.75
MAIN,0.0,0.05,100,dollars,HT,MIS-I-2000,RA-EST,1.0106457801566406,1.00839152646589,1.0199966146259598,1.0,0.25845759898361786,0.2608489355655199,65034.95864288904,94720.74391960313,1.8028627374062105,1.0
MAIN,0.0,0.05,100,rate,DIFF,COR-10000,DEF-0.0,1.000464814144938,1.0004207846658795,1.000895144735146,1.0,0.99995,0.9999500000000002,200.0,200.0,0.0,0.0
MAIN,0.0,0.05,100,rate,DIFF,COR-10000,DEF-0.25,1.0006049191718465,1.0005288029562769,1.0011593061714708,1.0,1.0000900038574496,1.0002204064038411,210.247029789757,219.94974642726166,0.01090890458709416,0.25
MAIN,0.0,0.05,100,rate,DIFF,COR-10000,DEF-0.5,1.0010313777309832,1.0008754854815258,1.0019109625239473,1.0,1.0005161533903928,1.0010152315174095,221.60078168283297,244.32040970048158,0.021929298790980715,0.5
MAIN,0.0,0.05,100,rate,DIFF,COR-10000,DEF-0.75,1.0017536962466727,1.0015012791788585,1.0032575493768818,1.0,1.0012379463735848,1.0023748875004026,234.25078725042914,274.76464197853136,0.033046713824536694,0.75
MAIN,0.0,0.05,100,rate,DIFF,COR-10000,RA-EST,1.0027878411170539,1.002383046364698,1.0052417087566006,1.0,1.0022713346102419,1.0044063165711283,248.43247589780802,313.8760945432379,0.04440516778387531,1.0
MAIN,0.0,0.05,100,rate,DIFF,COR-2000,DEF-0.0,1.0024960924175115,1.0019349314105792,1.0048576684715884,1.0,0.99995,0.9999500000000002,200.0,200.0,0.0,0.0
MAIN,0.0,0.05,100,rate,DIFF,COR-2000,DEF-0.25,1.003105419548515,1.0024441192276914,1.0059131249903501,1.0,1.0005573179582432,1.0010549722075155,220.8165913563443,239.27849910722477,0.0233774813779024,0.25
MAIN,0.0,0.05,100,rate,DIFF,COR-2000,DEF-0.5,1.005109456091004,1.0040857465992825,1.0095179699879542,1.0,1.0025545053880802,1.0046107333767482,246.46992513194743,297.75629699592025,0.04660073757278727,0.5
MAIN,0.0,0.05,100,rate,DIFF,COR-2000,DEF-0.75,1.0086604176747531,1.0068777571299155,1.0158320120205622,1.0,1.0060932419297113,1.01108356053384,278.8673202546328,394.064988915024,0.06994728927626065,0.75
MAIN,0.0,0.05,100,rate,DIFF,COR-2000,RA-EST,1.014133240428703,1.010869675314774,1.026769356287495,1.0,1.011547015817622,1.021571336970647,321.0707139562684,582.4772056022738,0.09450564694638106,1.0
MAIN,0.0,0.05,100,rate,DIFF,COR-500,DEF-0.0,1.0129185315761513,1.0098921738086963,1.0246878881555166,0.98,0.99995,0.9999500000000002,200.0,200.0,0.0,0.0
MAIN,0.0,0.05,100,rate,DIFF,COR-500,DEF-0.25,1.0156468735816429,1.0128594457720386,1.027598879036538,0.98,1.0026442706749605,1.0105959296049927,240.7972335271969,266.61197057745835,0.05058316532982933,0.25
MAIN,0.0,0.05,100,rate,DIFF,COR-500,DEF-0.5,1.0283178262194301,1.0206837483855165,1.0691674588167492,0.98,1.0151059309879766,1.0580709120762073,302.50731938047375,399.7539685263418,0.10082954974594824,0.5
MAIN,0.0,0.05,100,rate,DIFF,COR-500,DEF-0.75,1.064150990225781,1.0334801062558665,1.2541642957113999,0.98,1.0503445649852279,1.2445338904630718,406.7585182902739,798.525624881933,0.15274484650134024,0.75
MAIN,0.0,0.05,100,rate,DIFF,COR-500,RA-EST,22.63147622920179,1.0559624518512245,168.97750029650567,0.98,22.337981328137683,164.95614802262807,620.725800613819,324963.5412895903,0.21358594781562046,1.0
MAIN,0.0,0.05,100,rate,DIFF,KS-2000,DEF-0.0,1.003324253394603,1.0028897869669615,1.0064053609628787,1.0,0.99995,0.9999500000000001,200.0,200.0,0.0,0.0
MAIN,0.0,0.05,100,rate,DIFF,KS-2000,DEF-0.25,1.0041317855656735,1.0035674157189836,1.0079345396459023,1.0,1.0007540648892566,1.0014185663388009,223.17293110189883,240.4681544555704,0.027242070373987855,0.25
MAIN,0.0,0.05,100,rate,DIFF,KS-2000,DEF-0.5,1.0068155949368085,1.0057430840460737,1.0128842923725818,1.0,1.0034258489311154,1.0063049836096802,252.41944493757092,301.4673424834168,0.054477800915384754,0.5
MAIN,0.0,0.05,100,rate,DIFF,KS-2000,DEF-0.75,1.011598064425432,1.0094184928645322,1.0221091437194953,1.0,1.0081865914086696,1.0144605041112202,290.4874817336455,403.93244807774465,0.08182389340992409,0.75
MAIN,0.0,0.05,100,rate,DIFF,KS-2000,RA-EST,1.0192626829489908,1.014715408791809,1.035638759114361,1.0,1.015815199283648,1.0283935054623747,342.07711136521374,611.9163625648189,0.10970254134494495,1.0
MAIN,0.0,0.05,100,rate,DIFF,MIS-G-10000,DEF-0.0,1.000155882404686,1.0000808145339275,1.0004432532896244,0.78,0.99995,0.9999500000000002,200.0,200.0,0.0,0.0
MAIN,0.0,0.05,100,rate,DIFF,MIS-G-10000,DEF-0.25,1.0002111781375789,1.0001167770143902,1.0005759625106285,0.82,1.000005274063047,1.0000844189509408,204.8001255154068,209.58153825333747,0.005939367740276754,0.25
MAIN,0.0,0.05,100,rate,DIFF,MIS-G-10000,DEF-0.5,1.0003775313552445,1.000224272721151,1.0009899032407918,0.915,1.0001715618855083,1.0004884763202524,209.83635946032786,220.12735217540913,0.011878652942576898,0.5
MAIN,0.0,0.05,100,rate,DIFF,MIS-G-10000,DEF-0.75,1.0006552524188668,1.000399454466892,1.0016499987600713,0.945,1.0004491736636894,1.0011623135014243,215.12656403252734,231.7907240273037,0.017819751381551723,0.75
MAIN,0.0,0.05,100,rate,DIFF,MIS-G-10000,RA-EST,1.001045077701302,1.0006501369608427,1.0025924104742376,0.975,1.0008388453805763,1.002107071845641,220.69045006410894,244.75924268162748,0.023764563625952563,1.0
MAIN,0.0,0.05,100,rate,DIFF,MIS-G-2000,DEF-0.0,1.0008317471065613,1.0007115233610624,1.0018703154437851,0.97,0.99995,0.9999500000000001,200.0,200.0,0.0,0.0
MAIN,0.0,0.05,100,rate,DIFF,MIS-G-2000,DEF-0.25,1.001060745404561,1.0008814594226236,1.002366763484054,0.985,1.0001786695680832,1.0004297325714864,210.94782986652828,217.36330687124962,0.013568737669974823,0.25
MAIN,0.0,0.05,100,rate,DIFF,MIS-G-2000,DEF-0.5,1.0017615652232903,1.0014201505008549,1.003873819537916,0.995,1.0008784736496428,1.0018972376790383,223.16361651057676,238.02808045065834,0.027136462476425427,0.5
MAIN,0.0,0.05,100,rate,DIFF,MIS-G-2000,DEF-0.75,1.0029390318113827,1.002373121060911,1.0064251490031078,0.995,1.0020542284822078,1.0043281757595222,236.8811786805274,263.0348585789054,0.04072541121441568,0.75
MAIN,0.0,0.05,100,rate,DIFF,MIS-G-2000,RA-EST,1.004605065130995,1.0036374371781644,1.0100705158493624,0.995,1.003717831615874,1.0077612343011784,252.39559050157976,293.91277843093127,0.05435807926786657,1.0
MAIN,0.0,0.05,100,rate,DIFF,MIS-I-2000,DEF-0.0,1.0019114311890889,1.0015496408910471,1.0037196804949255,1.0,0.99995,0.9999500000000001,200.0,200.0,0.0,0.0
MAIN,0.0,0.05,100,rate,DIFF,MIS-I-2000,DEF-0.25,1.0024438768278552,1.0020322086276134,1.004713081243672,1.0,1.000481067854503,1.0009576819152515,213.82160660882155,223.1353536849616,0.02116222683271611,0.25
MAIN,0.0,0.05,100,rate,DIFF,MIS-I-2000,DEF-0.5,1.0040892352286277,1.003428952820173,1.0077006651320786,1.0,1.002122106304254,1.004119605740766,229.69542699280618,252.32329752024603,0.04241319546381321,0.5
MAIN,0.0,0.05,100,rate,DIFF,MIS-I-2000,DEF-0.75,1.006907641171012,1.0057756472262596,1.0130375531082703,1.0,1.0049330638929646,1.0095354437920367,248.11518582873586,290.2964693087133,0.06367737868833911,0.75
MAIN,0.0,0.05,100,rate,DIFF,MIS-I-2000,RA-EST,1.0110202035616254,1.0089553056583267,1.0212915273821055,1.0,1.0090346657345608,1.0174024490846292,269.7467931222212,341.72390765903776,0.08508638807187094,1.0
MAIN,0.0,0.05,100,rate,HT,COR-10000,DEF-0.0,0.99995,0.9999500000000001,0.9999500000000001,0.0,0.99995,0.9999500000000001,200.0,200.0,0.0,0.0
MAIN,0.0,0.05,100,rate,HT,COR-10000,DEF-0.25,1.0001145125565019,1.0000902201759119,1.0002470198531255,0.895,1.0001145125565019,1.0002470198531255,210.67938968410843,220.58509814569075,0.011514014018421788,0.25
MAIN,0.0,0.05,100,rate,HT,COR-10000,DEF-0.5,1.000612007028969,1.0005174942744863,1.001156181094618,1.0,1.000612007028969,1.001156181094618,222.5636088233705,245.8938521767613,0.0231636634794024,0.5
MAIN,0.0,0.05,100,rate,HT,COR-10000,DEF-0.75,1.0014532563390783,1.0012375072915647,1.0026951204921681,1.0,1.0014532563390783,1.0026951204921681,235.86873659445405,277.7628959327913,0.034890032244390703,0.75
MAIN,0.0,0.05,100,rate,HT,COR-10000,RA-EST,1.0026570319792614,1.0022675297538675,1.0050054564109818,1.0,1.0026570319792614,1.0050054564109818,250.86580764424082,319.12279684947475,0.04680950233389537,1.0
MAIN,0.0,0.05,100,rate,HT,COR-2000,DEF-0.0,0.99995,0.9999500000000001,0.9999500000000001,0.0,0.99995,0.9999500000000001,200.0,200.0,0.0,0.0
MAIN,0.0,0.05,100,rate,HT,COR-2000,DEF-0.25,1.0007264750817837,1.000593929634831,1.0013569470459103,1.0,1.0007264750817837,1.0013569470459103,221.52544874992873,239.92049169405007,0.02467435085873082,0.25
MAIN,0.0,0.05,100,rate,HT,COR-2000,DEF-0.5,1.0030955913391315,1.0025095811250075,1.0056700072152986,1.0,1.0030955913391315,1.0056700072152986,248.24318557174934,299.75219751915483,0.04919409891654532,0.5
MAIN,0.0,0.05,100,rate,HT,COR-2000,DEF-0.75,1.0072247280374944,1.00566445345333,1.013606147599408,1.0,1.0072247280374944,1.013606147599408,282.28957323783993,399.34213853364275,0.07350384705863758,0.75
MAIN,0.0,0.05,100,rate,HT,COR-2000,RA-EST,1.013539173242894,1.0103612313491386,1.025749625385964,1.0,1.013539173242894,1.025749625385964,327.1592743889069,598.0441727515521,0.09921292350689084,1.0
MAIN,0.0,0.05,100,rate,HT,COR-500,DEF-0.0,0.99995,0.9999500000000001,0.9999500000000001,0.0,0.99995,0.9999500000000001,200.0,200.0,0.0,0.0
MAIN,0.0,0.05,100,rate,HT,COR-500,DEF-0.25,1.0041015452901083,1.0030175447523193,1.01022230476654,0.98,1.0041015452901083,1.01022230476654,241.37484706593781,266.61356470362495,0.05385491737606485,0.25
MAIN,0.0,0.05,100,rate,HT,COR-500,DEF-0.5,1.0185983565524113,1.012175287928052,1.0563425606716461,0.98,1.0185983565524113,1.0563425606716461,304.3359509621961,399.7611362974569,0.10751329678459992,0.5
MAIN,0.0,0.05,100,rate,HT,COR-500,DEF-0.75,1.056852619509745,1.027724633045395,1.2432280855782223,0.98,1.056852619509745,1.2432280855782223,411.7429475023956,798.5685274217841,0.16205332553737278,0.75
MAIN,0.0,0.05,100,rate,HT,COR-500,RA-EST,23.267667177596856,1.053509165311135,172.4058487511462,0.98,23.267667177596856,172.4058487511462,636.3665559258443,334719.5911617182,0.22502342975956097,1.0
MAIN,0.0,0.05,100,rate,HT,KS-2000,DEF-0.0,0.99995,0.9999500000000001,0.9999500000000001,0.0,0.99995,0.9999500000000001,200.0,200.0,0.0,0.0
MAIN,0.0,0.05,100,rate,HT,KS-2000,DEF-0.25,1.0009940786234492,1.000825181048664,1.001959883947754,1.0,1.0009940786234492,1.001959883947754,223.8244414080081,241.06079713328387,0.0287659075455884,0.25
MAIN,0.0,0.05,100,rate,HT,KS-2000,DEF-0.5,1.0041691127106036,1.003444867065452,1.0079547453215378,1.0,1.0041691127106036,1.0079547453215378,254.09256969472716,303.3371480486281,0.05748406495194286,0.5
MAIN,0.0,0.05,100,rate,HT,KS-2000,DEF-0.75,1.0097177069166023,1.0077824468167402,1.0186701095513906,1.0,1.0097177069166023,1.0186701095513906,293.82742787717166,408.99931490237077,0.0860549298909053,0.75
MAIN,0.0,0.05,100,rate,HT,KS-2000,RA-EST,1.0185034839087592,1.0140424390064369,1.0342382039475067,1.0,1.0185034839087592,1.0342382039475067,348.29364898802487,627.6202989398594,0.1154293229470986,1.0
MAIN,0.0,0.05,100,rate,HT,MIS-G-10000,DEF-0.0,0.99995,0.9999500000000001,0.9999500000000001,0.0,0.99995,0.9999500000000001,200.0,200.0,0.0,0.0
MAIN,0.0,0.05,100,rate,HT,MIS-G-10000,DEF-0.25,1.0000150151863574,0.9999916321277151,1.0001070044206695,0.435,1.0000150151863574,1.0001070044206695,205.03914082217517,209.97291761229332,0.006273963157642757,0.25
MAIN,0.0,0.05,100,rate,HT,MIS-G-10000,DEF-0.5,1.0002100101706843,1.0001165288033589,1.0005778011486735,0.82,1.0002100101706843,1.0005778011486735,210.3388120659193,220.99266157482447,0.012547937082024,0.5
MAIN,0.0,0.05,100,rate,HT,MIS-G-10000,DEF-0.75,1.0005353204903162,1.0003247786707705,1.0013633285472787,0.94,1.0005353204903162,1.0013633285472787,215.9197577241352,233.2331918422979,0.01882413647965643,0.75
MAIN,0.0,0.05,100,rate,HT,MIS-G-10000,RA-EST,1.0009918353918419,1.00061658840087,1.0024662234335597,0.975,1.0009918353918419,1.0024662234335597,221.80498443806505,246.90927508878934,0.02510478292262551,1.0
MAIN,0.0,0.05,100,rate,HT,MIS-G-2000,DEF-0.0,0.99995,0.9999500000000001,0.9999500000000001,0.0,0.99995,0.9999500000000001,200.0,200.0,0.0,0.0
MAIN,0.0,0.05,100,rate,HT,MIS-G-2000,DEF-0.25,1.000225425540303,1.0001661380438276,1.0005419579218715,0.86,1.000225425540303,1.0005419579218715,211.41810707446433,217.99025826151322,0.01429523125931137,0.25
MAIN,0.0,0.05,100,rate,HT,MIS-G-2000,DEF-0.5,1.0010508018617321,1.0008142863209102,1.0023159883974042,0.985,1.0010508018617321,1.0023159883974042,224.21889312583,239.536924573798,0.028586062825108897,0.5
MAIN,0.0,0.05,100,rate,HT,MIS-G-2000,DEF-0.75,1.0024313607910187,1.0018964066713196,1.0052872201521428,0.995,1.0024313607910187,1.0052872201521428,238.669701054853,265.8102475807783,0.04289850824026607,0.75
MAIN,0.0,0.05,100,rate,HT,MIS-G-2000,RA-EST,1.0043814065688603,1.0034176461127264,1.009494828334758,0.995,1.0043814065688603,1.009494828334758,255.11154398030078,298.55716504629993,0.057258845004250936,1.0
MAIN,0.0,0.05,100,rate,HT,MIS-I-2000,DEF-0.0,0.99995,0.9999500000000001,0.9999500000000001,0.0,0.99995,0.9999500000000001,200.0,200.0,0.0,0.0
MAIN,0.0,0.05,100,rate,HT,MIS-I-2000,DEF-0.25,1.0005837823201196,1.0004807126518993,1.0011328017447052,0.99,1.0005837823201196,1.0011328017447052,214.43744970894437,223.77704596505734,0.022399886712872796,0.25
MAIN,0.0,0.05,100,rate,HT,MIS-I-2000,DEF-0.5,1.0025032600367836,1.0020739235919978,1.0048205990972392,1.0,1.0025032600367836,1.0048205990972392,231.12147622516088,253.97037201955564,0.04480992428169883,0.5
MAIN,0.0,0.05,100,rate,HT,MIS-I-2000,DEF-0.75,1.0057756662156705,1.00475127828033,1.0110828483317198,1.0,1.0057756662156705,1.0110828483317198,250.62069772558237,293.58222707441047,0.06737242828163996,0.75
MAIN,0.0,0.05,100,rate,HT,MIS-I-2000,RA-EST,1.01054204896799,1.0085199406102814,1.020385919072456,1.0,1.01054204896799,1.020385919072456,273.71330711905216,347.8340328748032,0.09001163854438787,1.0
MAIN,0.0,0.05,400,dollars,DIFF,COR-10000,DEF-0.0,3.935493008462391,3.934901204943915,3.9385041840372543,1.0,0.9999499999999999,0.9999500000000001,50.0,50.0,0.0,0.0
MAIN,0.0,0.05,400,dollars,DIFF,COR-10000,DEF-0.25,1.7474762032902225,1.7465052106044527,1.7703676501966414,1.0,0.4440082450781137,0.4496459247675342,66.59336589219328,66.60907727653671,0.27570586016777715,0.25
MAIN,0.0,0.05,400,dollars,DIFF,COR-10000,DEF-0.5,1.2936377378427235,1.2926580563593926,1.3083763026863349,1.0,0.328694422005885,0.3323979916655235,99.67087028086539,99.74129470484365,0.5166503113563876,0.5
MAIN,0.0,0.05,400,dollars,DIFF,COR-10000,DEF-0.75,1.086964859762035,1.0862454570826312,1.095509465114762,1.0,0.2761817385179204,0.27827329646457094,198.0381358780183,198.45575829957383,0.8321595199610392,0.75
MAIN,0.0,0.05,400,dollars,DIFF,COR-10000,RA-EST,1.0030278843218488,1.002603692876992,1.0057603006765623,1.0,0.25485431231469907,0.25544421350720387,15141.622509266945,19277.01167745241,1.7691722201322846,1.0
MAIN,0.0,0.05,400,dollars,DIFF,COR-2000,DEF-0.0,3.950392892292899,3.944983506282564,3.9676762525457474,1.0,0.9999499999999999,0.9999500000000001,50.0,50.0,0.0,0.0
MAIN,0.0,0.05,400,dollars,DIFF,COR-2000,DEF-0.25,1.7562251526543406,1.7505411985475527,1.8053431644739546,1.0,0.44456445521596444,0.4570578416005884,66.59582222925653,66.62693224440298,0.2773201169176827,0.25
MAIN,0.0,0.05,400,dollars,DIFF,COR-2000,DEF-0.5,1.3023687430158788,1.3006246413814104,1.3367969587854667,1.0,0.3296755668610984,0.3382804716745621,99.68187615095874,99.82140801249587,0.5193926974952776,0.5
MAIN,0.0,0.05,400,dollars,DIFF,COR-2000,DEF-0.75,1.0963542719398114,1.0950270470533012,1.1185665078826652,1.0,0.2775233015368119,0.2828779237709319,198.10332446287134,198.93226231224165,0.837145935976923,0.75
MAIN,0.0,0.05,400,dollars,DIFF,COR-2000,RA-EST,1.0152414059906334,1.0119139360186373,1.02871810601031,1.0,0.2569846877839996,0.2598361307851424,15667.152706333143,27950.186084550947,1.7935821237397596,1.0
MAIN,0.0,0.05,400,dollars,DIFF,COR-500,DEF-0.0,4.043873871832984,3.9845617674066895,4.194591446217957,1.0,0.9999499999999999,0.9999500000000001,50.0,50.0,0.0,0.0
MAIN,0.0,0.05,400,dollars,DIFF,COR-500,DEF-0.25,1.8343275803434032,1.8078546248453438,1.9946180797878184,1.0,0.45427943582635083,0.4931191438639673,66.613240756808,66.66661347935862,0.2791887935696489,0.25
MAIN,0.0,0.05,400,dollars,DIFF,COR-500,DEF-0.5,1.4114640820266728,1.347223336863931,1.8598271302663132,1.0,0.349544554505421,0.4494817915189939,99.75996812707322,99.99976065749657,0.5231852449422315,0.5
MAIN,0.0,0.05,400,dollars,DIFF,COR-500,DEF-0.75,1.2974056514469425,1.1370121566934355,2.506108662393362,1.0,0.32126212054731446,0.6059706696683159,198.5666896334253,199.99856395186998,0.8444708423788714,0.75
MAIN,0.0,0.05,400,dollars,DIFF,COR-500,RA-EST,24.534445203141544,1.0591938403773589,116.18112189543798,0.98,6.106195531768187,28.541495547865296,20780.772435954557,20947889.624708056,1.845386786866909,1.0
MAIN,0.0,0.05,400,dollars,DIFF,KS-2000,DEF-0.0,3.9574758845830513,3.949100953359724,3.9799273351527473,1.0,0.9999499999999999,0.9999500000000001,50.0,50.0,0.0,0.0
MAIN,0.0,0.05,400,dollars,DIFF,KS-2000,DEF-0.25,1.759224746950296,1.7536125221225534,1.8084817993098492,1.0,0.4445594243978108,0.45770734803443525,66.59573596391782,66.630031306782,0.277559099188495,0.25
MAIN,0.0,0.05,400,dollars,DIFF,KS-2000,DEF-0.5,1.3055997881544616,1.3018091417175135,1.3385981045592628,1.0,0.32992550522765557,0.3387709774105347,99.68148960323957,99.83532188191946,0.5199631683209686,0.5
MAIN,0.0,0.05,400,dollars,DIFF,KS-2000,DEF-0.75,1.1000999018736048,1.0967416459443569,1.125060940651304,1.0,0.27798935576542283,0.28413708617284705,198.10103443593516,199.01517505477395,0.8381683186124157,0.75
MAIN,0.0,0.05,400,dollars,DIFF,KS-2000,RA-EST,1.0206610842910655,1.0158091973661647,1.03734142732206,1.0,0.25789931938360544,0.2609847954499899,15648.089052977355,30313.994335344363,1.8015515165497642,1.0
MAIN,0.0,0.05,400,dollars,DIFF,MIS-G-10000,DEF-0.0,3.934142145935218,3.9330294799640555,3.937538589867961,1.0,0.9999499999999999,0.9999500000000001,50.0,50.0,0.0,0.0
MAIN,0.0,0.05,400,dollars,DIFF,MIS-G-10000,DEF-0.25,1.7430794722898517,1.7418385970524435,1.7640959726218888,1.0,0.4430438071630649,0.44835525273665167,66.59446078222,66.60377533282983,0.2763431623967558,0.25
MAIN,0.0,0.05,400,dollars,DIFF,MIS-G-10000,DEF-0.5,1.2902479139103198,1.2893866279075406,1.3039375646055809,1.0,0.3279461445581214,0.331407038575901,99.67577584727181,99.71752196043019,0.5176965188810088,0.5
MAIN,0.0,0.05,400,dollars,DIFF,MIS-G-10000,DEF-0.75,1.0842900929124,1.0836708124988554,1.0923173936212762,1.0,0.27559704203039515,0.2776442942056857,198.0671883772347,198.31465323293145,0.8340123604021314,0.75
MAIN,0.0,0.05,400,dollars,DIFF,MIS-G-10000,RA-EST,1.0011310598365777,1.0007296908048209,1.0027358420237058,1.0,0.25445983508198167,0.2547209212396241,15371.441393427298,17650.493508846073,1.7787619338833165,1.0
MAIN,0.0,0.05,400,dollars,DIFF,MIS-G-2000,DEF-0.0,3.9444099808263626,3.93923765293786,3.960255866841882,1.0,0.9999499999999999,0.9999500000000001,50.0,50.0,0.0,0.0
MAIN,0.0,0.05,400,dollars,DIFF,MIS-G-2000,DEF-0.25,1.7504866310392961,1.7468302413414192,1.8066170306702687,1.0,0.44377807319133694,0.4573321764562348,66.59250982856423,66.61370551611536,0.2763291736731446,0.25
MAIN,0.0,0.05,400,dollars,DIFF,MIS-G-2000,DEF-0.5,1.2955888040542185,1.293110944621087,1.331767215222879,1.0,0.32845356365979017,0.33720955562899485,99.66703497759715,99.76205288134507,0.5174451538570946,0.5
MAIN,0.0,0.05,400,dollars,DIFF,MIS-G-2000,DEF-0.75,1.0884772359664574,1.087091381791959,1.1101051580719723,1.0,0.27594616871507394,0.28091418009537283,198.01542574288857,198.57907937155923,0.8333967206999332,0.75
MAIN,0.0,0.05,400,dollars,DIFF,MIS-G-2000,RA-EST,1.0047622570686525,1.0038883854629295,1.0104576802191685,1.0,0.2547198208085244,0.25571022812901567,14966.593544682284,20963.085098947413,1.7754642364953652,1.0
MAIN,0.0,0.05,400,dollars,DIFF,MIS-I-2000,DEF-0.0,3.9498181012709894,3.9431141849262006,3.969362499688138,1.0,0.9999499999999999,0.9999500000000001,50.0,50.0,0.0,0.0
MAIN,0.0,0.05,400,dollars,DIFF,MIS-I-2000,DEF-0.25,1.7507480526886314,1.7474864199689135,1.7938942406072196,1.0,0.4432529253582249,0.4548465992496928,66.59809748205771,66.61877954927407,0.2778555592517116,0.25
MAIN,0.0,0.05,400,dollars,DIFF,MIS-I-2000,DEF-0.5,1.2976892578031638,1.295123602619944,1.327156788650122,1.0,0.3285466367594131,0.336440855918066,99.69207210049487,99.784817119585,0.5203598105562781,0.5
MAIN,0.0,0.05,400,dollars,DIFF,MIS-I-2000,DEF-0.75,1.0922591850248913,1.0901784784586561,1.111418065049188,1.0,0.2765326943243881,0.28138197099413875,198.1637413136311,198.7144355818019,0.8386896153408068,0.75
MAIN,0.0,0.05,400,dollars,DIFF,MIS-I-2000,RA-EST,1.0116423455745014,1.0092876665037975,1.0218922823565089,1.0,0.25611376758274074,0.2581507393597593,16187.574632571694,23187.058837213033,1.8011419304145544,1.0
MAIN,0.0,0.05,400,dollars,HT,COR-10000,DEF-0.0,4.0827657288700285,4.0827657288700285,4.0827657288700285,1.0,0.9999499999999999,0.9999499999999999,50.0,50.0,0.0,0.0
MAIN,0.0,0.05,400,dollars,HT,COR-10000,DEF-0.25,1.7839917371113092,1.7835116904345336,1.8085791048879223,1.0,0.4369348270242724,0.4429567592243913,66.59332660506817,66.60963443696558,0.2756787457834611,0.25
MAIN,0.0,0.05,400,dollars,HT,COR-10000,DEF-0.5,1.3077108327927565,1.3071007003582331,1.323832608888109,1.0,0.3202842225319229,0.32423276405429174,99.6706942642983,99.74379332760205,0.5166055787816966,0.5
MAIN,0.0,0.05,400,dollars,HT,COR-10000,DEF-0.75,1.090954835116421,1.0903193752982752,1.100293911347836,1.0,0.26719639573260295,0.2694837200362161,198.0370935553152,198.4705968337205,0.8321173524501464,0.75
MAIN,0.0,0.05,400,dollars,HT,COR-10000,RA-EST,1.0029226925468322,1.00250683418209,1.005541774391768,1.0,0.24563558455502318,0.24627704945033288,15133.508838609832,19465.500351902643,1.7688152882932684,1.0
MAIN,0.0,0.05,400,dollars,HT,COR-2000,DEF-0.0,4.0827657288700285,4.0827657288700285,4.0827657288700285,1.0,0.9999499999999999,0.9999499999999999,50.0,50.0,0.0,0.0
MAIN,0.0,0.05,400,dollars,HT,COR-2000,DEF-0.25,1.7886333213442847,1.784092965322377,1.8422517115893826,1.0,0.438071642717846,0.45120384595607216,66.59593834486141,66.62772261412994,0.27742334424149384,0.25
MAIN,0.0,0.05,400,dollars,HT,COR-2000,DEF-0.5,1.3143124424274493,1.3122655998612407,1.3514900804719787,1.0,0.3219010871753023,0.33100662534021585,99.68239645901483,99.8249562913009,0.5195677944977208,0.5
MAIN,0.0,0.05,400,dollars,HT,COR-2000,DEF-0.75,1.0991726686828276,1.0985311460150626,1.1227464194438617,1.0,0.2692091055524736,0.2749827829170135,198.1064069940626,198.95340211868117,0.8374573309147431,0.75
MAIN,0.0,0.05,400,dollars,HT,COR-2000,RA-EST,1.0147675554060047,1.0114520460553917,1.0272115818766208,1.0,0.2485366255166136,0.25158441348575983,15692.901605248288,28517.21477345128,1.795032861321461,1.0
MAIN,0.0,0.05,400,dollars,HT,COR-500,DEF-0.0,4.0827657288700285,4.0827657288700285,4.0827657288700285,1.0,0.9999499999999999,0.9999499999999999,50.0,50.0,0.0,0.0
MAIN,0.0,0.05,400,dollars,HT,COR-500,DEF-0.25,1.8459605483518906,1.8247857270964802,1.9997792427882273,1.0,0.4521122133635982,0.48978545099611465,66.61457604207496,66.66661435009155,0.2793939434591809,0.25
MAIN,0.0,0.05,400,dollars,HT,COR-500,DEF-0.5,1.4125363384973944,1.351760147399332,1.8398818383166007,1.0,0.34595806016804986,0.45062341716429477,99.76595793271514,99.99976457578238,0.5240291446811938,0.5
MAIN,0.0,0.05,400,dollars,HT,COR-500,DEF-0.75,1.29397386341366,1.1353730510578521,2.489282889539424,1.0,0.3169197672967142,0.609674566383671,198.6022900805158,199.99858746136155,0.8457143192449664,0.75
MAIN,0.0,0.05,400,dollars,HT,COR-500,RA-EST,25.23126746729122,1.057973709936433,117.59715747267526,0.98,6.179635957437281,28.801867514290834,21313.765505669293,21298922.98670777,1.8506930973257685,1.0
MAIN,0.0,0.05,400,dollars,HT,KS-2000,DEF-0.0,4.0827657288700285,4.0827657288700285,4.0827657288700285,1.0,0.9999499999999999,0.9999499999999999,50.0,50.0,0.0,0.0
MAIN,0.0,0.05,400,dollars,HT,KS-2000,DEF-0.25,1.789806015038455,1.7860190278216463,1.845226150611735,1.0,0.4383588585752717,0.4519323448457756,66.59583880237452,66.63095000373542,0.2777020199075514,0.25
MAIN,0.0,0.05,400,dollars,HT,KS-2000,DEF-0.5,1.316590116521325,1.3139739859256796,1.3531747388068396,1.0,0.3224589345663652,0.3314192314542606,99.68195041447845,99.83944705908766,0.5202088078023368,0.5
MAIN,0.0,0.05,400,dollars,HT,KS-2000,DEF-0.75,1.1023925363910767,1.099523933034324,1.1286361581465214,1.0,0.2699977147768767,0.2764252963029957,198.10376443630958,199.03976589797819,0.8386017156674548,0.75
MAIN,0.0,0.05,400,dollars,HT,KS-2000,RA-EST,1.0200499604396323,1.0152611540762004,1.035483397220855,1.0,0.24983039088650116,0.253610344509668,15670.833186963311,31094.1880953607,1.8035222060290677,1.0
MAIN,0.0,0.05,400,dollars,HT,MIS-G-10000,DEF-0.0,4.0827657288700285,4.0827657288700285,4.0827657288700285,1.0,0.9999499999999999,0.9999499999999999,50.0,50.0,0.0,0.0
MAIN,0.0,0.05,400,dollars,HT,MIS-G-10000,DEF-0.25,1.7797290733309028,1.7790360806562855,1.802554063437454,1.0,0.43589081643677374,0.4414811075219696,66.59447256592827,66.60421635748506,0.27634795013255375,0.25
MAIN,0.0,0.05,400,dollars,HT,MIS-G-10000,DEF-0.5,1.3043734801899434,1.3037396355943032,1.3193342304166062,1.0,0.3194668389354101,0.3231310222813627,99.6758286449938,99.71949912971422,0.5177067583148639,0.5
MAIN,0.0,0.05,400,dollars,HT,MIS-G-10000,DEF-0.75,1.0883183227017346,1.0878082969616516,1.0971023321380189,1.0,0.2665506617463437,0.26870203922404273,198.06750109515997,198.32638379519827,0.8340317199867011,0.75
MAIN,0.0,0.05,400,dollars,HT,MIS-G-10000,RA-EST,1.0010916762001398,1.0007013366973223,1.0026116390924562,1.0,0.24518713247193447,0.24555940141781699,15373.953131624285,17775.258306839743,1.7788586693553445,1.0
MAIN,0.0,0.05,400,dollars,HT,MIS-G-2000,DEF-0.0,4.0827657288700285,4.0827657288700285,4.0827657288700285,1.0,0.9999499999999999,0.9999499999999999,50.0,50.0,0.0,0.0
MAIN,0.0,0.05,400,dollars,HT,MIS-G-2000,DEF-0.25,1.7849132921262068,1.782776788871931,1.8448549574980384,1.0,0.43716053405679467,0.45184143231767826,66.59240627289977,66.61451790839682,0.2763476790311587,0.25
MAIN,0.0,0.05,400,dollars,HT,MIS-G-2000,DEF-0.5,1.3087202212972011,1.3071590053035123,1.3476385493985283,1.0,0.3205314417215723,0.3300633092763861,99.6665710451623,99.76569714605205,0.517497820751368,0.5
MAIN,0.0,0.05,400,dollars,HT,MIS-G-2000,DEF-0.75,1.0920445701981965,1.0907924876572732,1.1151275107863194,1.0,0.2674632933866407,0.27311676164172033,198.01267888167723,198.60073989223852,0.8334411675766917,0.75
MAIN,0.0,0.05,400,dollars,HT,MIS-G-2000,RA-EST,1.004598640249285,1.0037012388091497,1.0098726224392371,1.0,0.24604605726307432,0.2473377597121155,14945.701268030592,21289.9127090575,1.775343517642039,1.0
MAIN,0.0,0.05,400,dollars,HT,MIS-I-2000,DEF-0.0,4.0827657288700285,4.0827657288700285,4.0827657288700285,1.0,0.9999499999999999,0.9999499999999999,50.0,50.0,0.0,0.0
MAIN,0.0,0.05,400,dollars,HT,MIS-I-2000,DEF-0.25,1.7831861262502338,1.782283153828693,1.8322735295101882,1.0,0.4367375170060081,0.4487599920019899,66.5983973149584,66.61977576268573,0.2779676423458337,0.25
MAIN,0.0,0.05,400,dollars,HT,MIS-I-2000,DEF-0.5,1.3096516654358359,1.3082744200259204,1.3422935953495012,1.0,0.3207595707959009,0.3287542244166962,99.69341582658049,99.78928736183684,0.5205679587641845,0.5
MAIN,0.0,0.05,400,dollars,HT,MIS-I-2000,DEF-0.75,1.09511208506747,1.093687264235726,1.1158307645768688,1.0,0.26821458839037804,0.2732890023908985,198.17170548600194,198.74103004795546,0.8390850251354648,0.75
MAIN,0.0,0.05,400,dollars,HT,MIS-I-2000,RA-EST,1.0112471192803199,1.0088650264785017,1.0210454428644828,1.0,0.24767440114772898,0.2500742042024822,16258.73966072226,23680.185979900783,1.8028627374062105,1.0
MAIN,0.0,0.05,400,rate,DIFF,COR-10000,DEF-0.0,1.000464814144938,1.0004207846658795,1.0008951447351457,1.0,0.9999499999999999,0.9999500000000001,50.0,50.0,0.0,0.0
MAIN,0.0,0.05,400,rate,DIFF,COR-10000,DEF-0.25,1.0006070586414735,1.0005303917487645,1.001162512173447,1.0,1.0000921417814013,1.0002245866532475,52.56175744743925,54.987436606815415,0.01090890458709416,0.25
MAIN,0.0,0.05,400,rate,DIFF,COR-10000,DEF-0.5,1.0010400389479215,1.0008836019282845,1.001926900794229,1.0,1.0005248083349927,1.0010312502233185,55.40019542070824,61.080102425120394,0.021929298790980715,0.5
MAIN,0.0,0.05,400,rate,DIFF,COR-10000,DEF-0.75,1.0017734069947013,1.0015185245474054,1.0032932568973678,1.0,1.001257642809234,1.0024116945643804,58.562696812607285,68.69116049463284,0.033046713824536694,0.75
MAIN,0.0,0.05,400,rate,DIFF,COR-10000,RA-EST,1.0028233735631542,1.0024130728204363,1.0053090046666049,1.0,1.0023068411671516,1.0044740942791688,62.108118974452005,78.46902363580948,0.04440516778387531,1.0
MAIN,0.0,0.05,400,rate,DIFF,COR-2000,DEF-0.0,1.0024960924175115,1.001934931410579,1.0048576684715882,1.0,0.9999499999999999,0.9999500000000001,50.0,50.0,0.0,0.0
MAIN,0.0,0.05,400,rate,DIFF,COR-2000,DEF-0.25,1.0031148544832431,1.0024499325478695,1.0059271894238873,1.0,1.0005667214175802,1.0010738391247551,55.204147839086076,59.819624776806194,0.0233774813779024,0.25
MAIN,0.0,0.05,400,rate,DIFF,COR-2000,DEF-0.5,1.0051496592207705,1.0041190134772453,1.009617008978021,1.0,1.0025945715384885,1.0046819676203598,61.61748128298686,74.43907424898006,0.04660073757278727,0.5
MAIN,0.0,0.05,400,rate,DIFF,COR-2000,DEF-0.75,1.008755052084715,1.0069499563583464,1.0159981418306578,1.0,1.0061875516238246,1.011255249163137,69.7168300636582,98.516247228756,0.06994728927626065,0.75
MAIN,0.0,0.05,400,rate,DIFF,COR-2000,RA-EST,1.0143117080116864,1.0110082677906946,1.0271092437143494,1.0,1.0117248665540841,1.0219039479358403,80.2676784890671,145.61930140056845,0.09450564694638106,1.0
MAIN,0.0,0.05,400,rate,DIFF,COR-500,DEF-0.0,1.012918531576151,1.0098921738086961,1.0246878881555166,0.98,0.9999499999999999,0.9999500000000001,50.0,50.0,0.0,0.0
MAIN,0.0,0.05,400,rate,DIFF,COR-500,DEF-0.25,1.0156891082325439,1.012886250735217,1.027663976279012,0.98,1.0026859518663929,1.010765838454842,60.19930838179923,66.65299264436459,0.05058316532982933,0.25
MAIN,0.0,0.05,400,rate,DIFF,COR-500,DEF-0.5,1.0285542540013797,1.020753031881763,1.0697778041180441,0.98,1.0153385744294705,1.058966361042103,75.62682984511844,99.93849213158545,0.10082954974594824,0.5
MAIN,0.0,0.05,400,rate,DIFF,COR-500,DEF-0.75,1.0649359086381163,1.0338507555310477,1.257954104360205,0.98,1.0511165762517347,1.2482945983002258,101.68962957256848,199.63140622048326,0.15274484650134024,0.75
MAIN,0.0,0.05,400,rate,DIFF,COR-500,RA-EST,22.962373064027815,1.0566304306985754,171.54831144049746,0.98,22.664584291523774,167.4655065348288,155.18145015345476,81240.88532239757,0.21358594781562046,1.0
MAIN,0.0,0.05,400,rate,DIFF,KS-2000,DEF-0.0,1.003324253394603,1.0028897869669615,1.0064053609628785,1.0,0.9999499999999999,0.9999500000000001,50.0,50.0,0.0,0.0
MAIN,0.0,0.05,400,rate,DIFF,KS-2000,DEF-0.25,1.0041440488476443,1.003579476395818,1.0079557964865908,1.0,1.0007662754553974,1.0014384006462682,55.793232775474706,60.1170386138926,0.027242070373987855,0.25
MAIN,0.0,0.05,400,rate,DIFF,KS-2000,DEF-0.5,1.006868822236161,1.0057866899277152,1.0129844211639614,1.0,1.003478839885841,1.0063984695513761,63.10486123439273,75.3668356208542,0.054477800915384754,0.5
MAIN,0.0,0.05,400,rate,DIFF,KS-2000,DEF-0.75,1.0117243602322887,1.00951986099839,1.0223310664086807,1.0,1.0083123188248775,1.0146876525004493,72.62187043341137,100.98311201943616,0.08182389340992409,0.75
MAIN,0.0,0.05,400,rate,DIFF,KS-2000,RA-EST,1.019506143857932,1.0149018164980401,1.03607639742103,1.0,1.0160575412071085,1.0288345731605808,85.51927784130343,152.97909064120472,0.10970254134494495,1.0
MAIN,0.0,0.05,400,rate,DIFF,MIS-G-10000,DEF-0.0,1.000155882404686,1.0000808145339275,1.0004432532896244,0.78,0.9999499999999999,0.9999500000000001,50.0,50.0,0.0,0.0
MAIN,0.0,0.05,400,rate,DIFF,MIS-G-10000,DEF-0.25,1.0002120216439558,1.0001172956477071,1.0005780041031587,0.825,1.0000061172381751,1.0000863933731226,51.2000313788517,52.39538456333437,0.005939367740276754,0.25
MAIN,0.0,0.05,400,rate,DIFF,MIS-G-10000,DEF-0.5,1.0003809179764434,1.000226392082538,1.0009983691031932,0.915,1.000174947175045,1.000496787242214,52.459089865081964,55.03183804385228,0.011878652942576898,0.5
MAIN,0.0,0.05,400,rate,DIFF,MIS-G-10000,DEF-0.75,1.0006628865136897,1.0004043209791478,1.0016684511923735,0.945,1.0004568047547482,1.0011807609431742,53.781641008131835,57.947681006825924,0.017819751381551723,0.75
MAIN,0.0,0.05,400,rate,DIFF,MIS-G-10000,RA-EST,1.0010586748994859,1.0006588504641913,1.0026252128417148,0.98,1.0008524372252383,1.0021399429589,55.172612516027236,61.18981067040687,0.023764563625952563,1.0
MAIN,0.0,0.05,400,rate,DIFF,MIS-G-2000,DEF-0.0,1.0008317471065613,1.0007115233610624,1.001870315443785,0.97,0.9999499999999999,0.9999500000000001,50.0,50.0,0.0,0.0
MAIN,0.0,0.05,400,rate,DIFF,MIS-G-2000,DEF-0.25,1.001064255328386,1.0008842466248926,1.0023740831803545,0.985,1.0001821744240804,1.0004360465378819,52.73695746663207,54.340826717812405,0.013568737669974823,0.25
MAIN,0.0,0.05,400,rate,DIFF,MIS-G-2000,DEF-0.5,1.0017758014422906,1.0014310214030333,1.0039039958795508,0.995,1.0008926892261751,1.001928074344895,55.79090412764419,59.507020112664584,0.027136462476425427,0.5
MAIN,0.0,0.05,400,rate,DIFF,MIS-G-2000,DEF-0.75,1.0029712845474708,1.0023981535320523,1.0064949736051647,0.995,1.0020864343564597,1.0043939064550944,59.22029467013185,65.75871464472635,0.04072541121441568,0.75
MAIN,0.0,0.05,400,rate,DIFF,MIS-G-2000,RA-EST,1.004662807048344,1.0036820936717916,1.010190412106891,0.995,1.0037754894642599,1.0078790689488162,63.09889762539494,73.47819460773282,0.05435807926786657,1.0
MAIN,0.0,0.05,400,rate,DIFF,MIS-I-2000,DEF-0.0,1.0019114311890887,1.001549640891047,1.0037196804949255,1.0,0.9999499999999999,0.9999500000000001,50.0,50.0,0.0,0.0
MAIN,0.0,0.05,400,rate,DIFF,MIS-I-2000,DEF-0.25,1.0024519951204391,1.0020381315782152,1.0047283479170965,1.0,1.000489164946773,1.0009730590405135,53.45540165220539,55.7838384212404,0.02116222683271611,0.25
MAIN,0.0,0.05,400,rate,DIFF,MIS-I-2000,DEF-0.5,1.004122495144474,1.0034563344901233,1.0077678840121782,1.0,1.0021552788166694,1.0041847945818343,57.423856748201544,63.08082438006151,0.04241319546381321,0.5
MAIN,0.0,0.05,400,rate,DIFF,MIS-I-2000,DEF-0.75,1.0069839864541004,1.0058378685198899,1.0131988570002797,1.0,1.0050092077161872,1.0096814151515197,62.028796457183965,72.57411732717833,0.06367737868833911,0.75
MAIN,0.0,0.05,400,rate,DIFF,MIS-I-2000,RA-EST,1.0111594316437662,1.0090666269813453,1.0215590497257523,1.0,1.0091735245727498,1.0176692834612664,67.4366982805553,85.43097691475944,0.08508638807187094,1.0
MAIN,0.0,0.05,400,rate,HT,COR-10000,DEF-0.0,0.9999499999999999,0.9999499999999999,0.9999499999999999,0.0,0.9999499999999999,0.9999499999999999,50.0,50.0,0.0,0.0
MAIN,0.0,0.05,400,rate,HT,COR-10000,DEF-0.25,1.0001169055598575,1.0000922604645008,1.0002513410516043,0.895,1.0001169055598575,1.0002513410516043,52.66984742102711,55.14627453642269,0.011514014018421788,0.25
MAIN,0.0,0.05,400,rate,HT,COR-10000,DEF-0.5,1.0006216395972316,1.0005257566527006,1.001173729674818,1.0,1.0006216395972316,1.001173729674818,55.64090220584262,61.473463044190325,0.0231636634794024,0.5
MAIN,0.0,0.05,400,rate,HT,COR-10000,DEF-0.75,1.0014751399000439,1.0012562442777497,1.0027351886485492,1.0,1.0014751399000439,1.0027351886485492,58.96718414861351,69.44072398319783,0.034890032244390703,0.75
MAIN,0.0,0.05,400,rate,HT,COR-10000,RA-EST,1.0026964652371273,1.0023014398016317,1.0050793708011931,1.0,1.0026964652371273,1.0050793708011931,62.716451911060204,79.78069921236869,0.04680950233389537,1.0
MAIN,0.0,0.05,400,rate,HT,COR-2000,DEF-0.0,0.9999499999999999,0.9999499999999999,0.9999499999999999,0.0,0.9999499999999999,0.9999499999999999,50.0,50.0,0.0,0.0
MAIN,0.0,0.05,400,rate,HT,COR-2000,DEF-0.25,1.0007377679223928,1.0006033046046823,1.0013774578552015,1.0,1.0007377679223928,1.0013774578552015,55.38136218748218,59.98012292351252,0.02467435085873082,0.25
MAIN,0.0,0.05,400,rate,HT,COR-2000,DEF-0.5,1.0031413700264742,1.0025467709663998,1.0057534861021178,1.0,1.0031413700264742,1.0057534861021178,62.060796392937334,74.93804937978871,0.04919409891654532,0.5
MAIN,0.0,0.05,400,rate,HT,COR-2000,DEF-0.75,1.0073307469333013,1.0057479423240114,1.013806215469166,1.0,1.0073307469333013,1.013806215469166,70.57239330945998,99.83553463341069,0.07350384705863758,0.75
MAIN,0.0,0.05,400,rate,HT,COR-2000,RA-EST,1.0137376952663217,1.01051405968209,1.0261248551408286,1.0,1.0137376952663217,1.0261248551408286,81.78981859722673,149.51104318788802,0.09921292350689084,1.0
MAIN,0.0,0.05,400,rate,HT,COR-500,DEF-0.0,0.9999499999999999,0.9999499999999999,0.9999499999999999,0.0,0.9999499999999999,0.9999499999999999,50.0,50.0,0.0,0.0
MAIN,0.0,0.05,400,rate,HT,COR-500,DEF-0.25,1.0041620097367039,1.0030620519170084,1.0103733013164975,0.98,1.0041620097367039,1.0103733013164975,60.343711766484454,66.65339117590624,0.05385491737606485,0.25
MAIN,0.0,0.05,400,rate,HT,COR-500,DEF-0.5,1.018871465907984,1.0123522077023357,1.0571824781046006,0.98,1.018871465907984,1.0571824781046006,76.08398774054902,99.94028407436423,0.10751329678459992,0.5
MAIN,0.0,0.05,400,rate,HT,COR-500,DEF-0.75,1.0576958241009837,1.0281255671380531,1.2469007435647246,0.98,1.0576958241009837,1.2469007435647246,102.9357368755989,199.64213185544602,0.16205332553737278,0.75
MAIN,0.0,0.05,400,rate,HT,COR-500,RA-EST,23.608450184880553,1.0542992076046886,175.02926610913934,0.98,23.608450184880553,175.02926610913934,159.09163898146107,83679.89779042955,0.22502342975956097,1.0
MAIN,0.0,0.05,400,rate,HT,KS-2000,DEF-0.0,0.9999499999999999,0.9999499999999999,0.9999499999999999,0.0,0.9999499999999999,0.9999499999999999,50.0,50.0,0.0,0.0
MAIN,0.0,0.05,400,rate,HT,KS-2000,DEF-0.25,1.0010092593562887,1.0008378916678766,1.0019891892869288,1.0,1.0010092593562887,1.0019891892869288,55.95611035200203,60.26519928332097,0.0287659075455884,0.25
MAIN,0.0,0.05,400,rate,HT,KS-2000,DEF-0.5,1.0042304903736448,1.0034954768384758,1.0080707559725446,1.0,1.0042304903736448,1.0080707559725446,63.52314242368179,75.83428701215702,0.05748406495194286,0.5
MAIN,0.0,0.05,400,rate,HT,KS-2000,DEF-0.75,1.00986001001417,1.0078963100840699,1.0189422508201211,1.0,1.00986001001417,1.0189422508201211,73.45685696929291,102.24982872559269,0.0860549298909053,0.75
MAIN,0.0,0.05,400,rate,HT,KS-2000,RA-EST,1.0187746579421377,1.0142482389097929,1.0347373207332855,1.0,1.0187746579421377,1.0347373207332855,87.07341224700622,156.90507473496484,0.1154293229470986,1.0
MAIN,0.0,0.05,400,rate,HT,MIS-G-10000,DEF-0.0,0.9999499999999999,0.9999499999999999,0.9999499999999999,0.0,0.9999499999999999,0.9999499999999999,50.0,50.0,0.0,0.0
MAIN,0.0,0.05,400,rate,HT,MIS-G-10000,DEF-0.25,1.0000159607036587,0.9999922376058692,1.0001092876984217,0.435,1.0000159607036587,1.0001092876984217,51.25978520554379,52.49322940307333,0.006273963157642757,0.25
MAIN,0.0,0.05,400,rate,HT,MIS-G-10000,DEF-0.5,1.0002137914639955,1.0001189507200694,1.000586930939927,0.825,1.0002137914639955,1.000586930939927,52.58470301647983,55.24816539370612,0.012547937082024,0.5
MAIN,0.0,0.05,400,rate,HT,MIS-G-10000,DEF-0.75,1.000543832948743,1.0003302293420844,1.0013838824341084,0.94,1.000543832948743,1.0013838824341084,53.9799394310338,58.30829796057448,0.01882413647965643,0.75
MAIN,0.0,0.05,400,rate,HT,MIS-G-10000,RA-EST,1.001006988006447,1.000626283304249,1.0025028193301881,0.975,1.001006988006447,1.0025028193301881,55.45124610951626,61.727318772197336,0.02510478292262551,1.0
MAIN,0.0,0.05,400,rate,HT,MIS-G-2000,DEF-0.0,0.9999499999999999,0.9999499999999999,0.9999499999999999,0.0,0.9999499999999999,0.9999499999999999,50.0,50.0,0.0,0.0
MAIN,0.0,0.05,400,rate,HT,MIS-G-2000,DEF-0.25,1.0002294305114958,1.0001692812407517,1.0005505652980011,0.86,1.0002294305114958,1.0005505652980011,52.85452676861608,54.497564565378305,0.01429523125931137,0.25
MAIN,0.0,0.05,400,rate,HT,MIS-G-2000,DEF-0.5,1.0010668079372245,1.0008268550290544,1.0023503896102437,0.985,1.0010668079372245,1.0023503896102437,56.0547232814575,59.8842311434495,0.028586062825108897,0.5
MAIN,0.0,0.05,400,rate,HT,MIS-G-2000,DEF-0.75,1.0024674440953312,1.0019247132020905,1.0053648329902074,0.995,1.0024674440953312,1.0053648329902074,59.66742526371325,66.45256189519458,0.04289850824026607,0.75
MAIN,0.0,0.05,400,rate,HT,MIS-G-2000,RA-EST,1.0044458620229892,1.0034680815066501,1.0096336683406955,0.995,1.0044458620229892,1.0096336683406955,63.777885995075195,74.63929126157498,0.057258845004250936,1.0
MAIN,0.0,0.05,400,rate,HT,MIS-I-2000,DEF-0.0,0.9999499999999999,0.9999499999999999,0.9999499999999999,0.0,0.9999499999999999,0.9999499999999999,50.0,50.0,0.0,0.0
MAIN,0.0,0.05,400,rate,HT,MIS-I-2000,DEF-0.25,1.0005930003570858,1.0004884296701595,1.0011500330603653,0.99,1.0005930003570858,1.0011500330603653,53.60936242723609,55.944261491264335,0.022399886712872796,0.25
MAIN,0.0,0.05,400,rate,HT,MIS-I-2000,DEF-0.5,1.0025404095723889,1.0021048199862692,1.0048918785704108,1.0,1.0025404095723889,1.0048918785704108,57.78036905629022,63.49259300488891,0.04480992428169883,0.5
MAIN,0.0,0.05,400,rate,HT,MIS-I-2000,DEF-0.75,1.0058604894175305,1.0048210822972372,1.0112450959486239,1.0,1.0058604894175305,1.0112450959486239,62.655174431395594,73.39555676860262,0.06737242828163996,0.75
MAIN,0.0,0.05,400,rate,HT,MIS-I-2000,RA-EST,1.010696446283777,1.00864456157751,1.0206832204898413,1.0,1.010696446283777,1.0206832204898413,68.42832677976304,86.9585082187008,0.09001163854438787,1.0
MAIN,0.0,0.25,100,dollars,DIFF,COR-10000,DEF-0.0,3.768889413183095,3.7680546034237343,3.7723221989199187,1.0,0.99995,0.9999500000000002,200.0,200.0,0.0,0.0
MAIN,0.0,0.25,100,dollars,DIFF,COR-10000,DEF-0.25,1.7013053867833645,1.7008395022924718,1.7069953892160352,1.0,0.4513852594515145,0.45284383641815734,266.37730555062046,266.3978048454906,0.27628713056327636,0.25
MAIN,0.0,0.25,100,dollars,DIFF,COR-10000,DEF-0.5,1.2738853631552391,1.2736417802771425,1.2776086570358594,1.0,0.33798347115603666,0.33890348584775076,398.7006947410295,398.7925565710644,0.5176277989128204,0.5
MAIN,0.0,0.25,100,dollars,DIFF,COR-10000,DEF-0.75,1.0794359714406796,1.0792956705715373,1.081671117913711,1.0,0.2863927318495955,0.28692118686055984,792.2544873741928,792.7988145565665,0.8338646310652515,0.75
MAIN,0.0,0.25,100,dollars,DIFF,COR-10000,RA-EST,1.0006954580094718,1.0005885365592637,1.0013622324754914,1.0,0.2655014977620884,0.2656084948442673,61371.36821206779,66055.70734225902,1.7777819775559063,1.0
MAIN,0.0,0.25,100,dollars,DIFF,COR-2000,DEF-0.0,3.7848716791744152,3.779309333970917,3.807335653472438,1.0,0.99995,0.9999500000000001,200.0,200.0,0.0,0.0
MAIN,0.0,0.25,100,dollars,DIFF,COR-2000,DEF-0.25,1.707253678772599,1.7052939647736205,1.7224084339558863,1.0,0.4510555885193004,0.454647083297409,266.3780738414471,266.4209248078459,0.27660190678344554,0.25
MAIN,0.0,0.25,100,dollars,DIFF,COR-2000,DEF-0.5,1.2779198608035467,1.2766114519993963,1.2877553980486078,1.0,0.3376266321572616,0.3398494204620343,398.70413714326924,398.8961960259892,0.5181747480034886,0.5
MAIN,0.0,0.25,100,dollars,DIFF,COR-2000,DEF-0.75,1.082641013571033,1.081697071792123,1.0884865366019842,1.0,0.2860341963501202,0.287356893274029,792.274876914364,793.413527196598,0.8348397648355734,0.75
MAIN,0.0,0.25,100,dollars,DIFF,COR-2000,RA-EST,1.0036668081691298,1.0029786047771476,1.007571351709684,1.0,0.2651688340946607,0.26579331648655047,61535.616097103484,72276.97253620958,1.7823764709066863,1.0
MAIN,0.0,0.25,100,dollars,DIFF,COR-500,DEF-0.0,3.8450463873592273,3.8201316494657,3.915781107342891,1.0,0.99995,0.9999500000000001,200.0,200.0,0.0,0.0
MAIN,0.0,0.25,100,dollars,DIFF,COR-500,DEF-0.25,1.7300041085726008,1.723619053705988,1.764302044639676,1.0,0.4500187477347504,0.457641251221852,266.37835375616146,266.4728114013132,0.27612910823829917,0.25
MAIN,0.0,0.25,100,dollars,DIFF,COR-500,DEF-0.5,1.29343081205474,1.2901829415502086,1.3162980195850102,1.0,0.3364726168104615,0.34192844193440575,398.70539130481177,399.1289177896467,0.5173282634976286,0.5
MAIN,0.0,0.25,100,dollars,DIFF,COR-500,DEF-0.75,1.095012484281858,1.09182662656806,1.1101519285777748,1.0,0.28486204603689463,0.28884969554555595,792.2823049649917,794.796171632903,0.8333132966595318,0.75
MAIN,0.0,0.25,100,dollars,DIFF,COR-500,RA-EST,1.0152284794341293,1.01186861082868,1.0283372834457005,1.0,0.2641001549547162,0.2669516754951695,61594.93400990912,91640.12297858385,1.7749741280408151,1.0
MAIN,0.0,0.25,100,dollars,DIFF,KS-2000,DEF-0.0,3.784402288805154,3.7810377654630587,3.8027810956913917,1.0,0.99995,0.9999500000000002,200.0,200.0,0.0,0.0
MAIN,0.0,0.25,100,dollars,DIFF,KS-2000,DEF-0.25,1.7076272090468343,1.7043350861788285,1.7241096875422277,1.0,0.45120867867809894,0.45473813839564897,266.37244454310303,266.42247474478285,0.27637553697931305,0.25
MAIN,0.0,0.25,100,dollars,DIFF,KS-2000,DEF-0.5,1.2782864902234217,1.276671910439382,1.2889441300237603,1.0,0.337763792195662,0.3399924761658771,398.67891565761016,398.90314517470404,0.5177688662714695,0.5
MAIN,0.0,0.25,100,dollars,DIFF,KS-2000,DEF-0.75,1.08298601550428,1.0819397428479198,1.0895779619964514,1.0,0.2861592412320842,0.2874078497645463,792.1255086679769,793.454766901159,0.834116293916989,0.75
MAIN,0.0,0.25,100,dollars,DIFF,KS-2000,RA-EST,1.0039791247797307,1.0034588178626285,1.0075136960197066,1.0,0.2652826341271717,0.2658293036543818,60356.76803326863,72735.81525039116,1.778873727322177,1.0
MAIN,0.0,0.25,100,dollars,DIFF,MIS-G-10000,DEF-0.0,3.767684314856262,3.766872632962958,3.7712991683741226,1.0,0.99995,0.9999500000000001,200.0,200.0,0.0,0.0
MAIN,0.0,0.25,100,dollars,DIFF,MIS-G-10000,DEF-0.25,1.7007437694431682,1.7001133660123595,1.7067415480595016,1.0,0.45138042532569145,0.45288722966777084,266.37735889794635,266.38964301385266,0.2762611175975186,0.25
MAIN,0.0,0.25,100,dollars,DIFF,MIS-G-10000,DEF-0.5,1.2734291118480987,1.2731509967430665,1.2772587649513232,1.0,0.3379703812581558,0.33892345952894454,398.70093376544696,398.75597823835693,0.5175814028201761,0.5
MAIN,0.0,0.25,100,dollars,DIFF,MIS-G-10000,DEF-0.75,1.0790145420030406,1.0788041780116138,1.0812657277092925,1.0,0.28637242221815257,0.2869031712500644,792.255903067517,792.5820101364537,0.8337821281434393,0.75
MAIN,0.0,0.25,100,dollars,DIFF,MIS-G-10000,RA-EST,1.0002474848018403,1.0001955731476453,1.0005420506229217,1.0,0.26546751688210024,0.2655790147217871,61382.695995101625,64107.559840502545,1.7775381216414678,1.0
MAIN,0.0,0.25,100,dollars,DIFF,MIS-G-2000,DEF-0.0,3.775739110128985,3.7717408048430725,3.7892322872019375,1.0,0.99995,0.9999500000000002,200.0,200.0,0.0,0.0
MAIN,0.0,0.25,100,dollars,DIFF,MIS-G-2000,DEF-0.25,1.7037899128866194,1.702708772300464,1.7155051735993514,1.0,0.45122699421332696,0.45383972414277074,266.3769570551648,266.40184523645553,0.2760049293688661,0.25
MAIN,0.0,0.25,100,dollars,DIFF,MIS-G-2000,DEF-0.5,1.2753072273090873,1.274698435086728,1.2826316450905606,1.0,0.33774934910459625,0.339449075096197,398.6991333019291,398.8106657730535,0.5170997963758264,0.5
MAIN,0.0,0.25,100,dollars,DIFF,MIS-G-2000,DEF-0.75,1.0803183792474642,1.0799020330054763,1.0846855621702092,1.0,0.28610916499851163,0.28717568394566184,792.2452393924531,792.9061792586233,0.8328905372054181,0.75
MAIN,0.0,0.25,100,dollars,DIFF,MIS-G-2000,RA-EST,1.001204566162242,1.0007408558259145,1.0030552452128878,1.0,0.26515670817446957,0.26562053506136335,61297.50070624291,67064.52548114065,1.7731898182569288,1.0
MAIN,0.0,0.25,100,dollars,DIFF,MIS-I-2000,DEF-0.0,3.779969275064186,3.7755826742619463,3.798162482003968,1.0,0.99995,0.9999500000000002,200.0,200.0,0.0,0.0
MAIN,0.0,0.25,100,dollars,DIFF,MIS-I-2000,DEF-0.25,1.707013356955519,1.7039761866349505,1.721923900609886,1.0,0.4515720116467009,0.45459276249562836,266.3754109401989,266.3997947275849,0.27598985785023,0.25
MAIN,0.0,0.25,100,dollars,DIFF,MIS-I-2000,DEF-0.5,1.2775825231196434,1.2757343204390337,1.2872748273509622,1.0,0.33797167813645723,0.3398323443380482,398.6922060041686,398.80147516901565,0.5171378394462594,0.5
MAIN,0.0,0.25,100,dollars,DIFF,MIS-I-2000,DEF-0.75,1.0820418105914786,1.0808888006936463,1.087994216568071,1.0,0.2862441480672245,0.2873173312826812,792.2042125265702,792.8516881610158,0.8329598599317856,0.75
MAIN,0.0,0.25,100,dollars,DIFF,MIS-I-2000,RA-EST,1.0024353575797207,1.0020206815263473,1.004698399516832,1.0,0.2651859545881702,0.26574217210390455,60971.81198791257,66548.72251416734,1.7736523249450318,1.0
MAIN,0.0,0.25,100,dollars,HT,COR-10000,DEF-0.0,4.6824442320742365,4.6824442320742365,4.6824442320742365,1.0,0.9999499999999999,0.9999499999999999,200.0,200.0,0.0,0.0
MAIN,0.0,0.25,100,dollars,HT,COR-10000,DEF-0.25,1.930885028280101,1.9309719904322518,1.9416700432087395,1.0,0.4123462850455313,0.41464945730843183,266.3774043408557,266.4064949290947,0.2763143283259982,0.25
MAIN,0.0,0.25,100,dollars,HT,COR-10000,DEF-0.5,1.3630818635801913,1.363051663842458,1.3701212379025867,1.0,0.2910902174019534,0.29259349688694175,398.7011373741101,398.83150724756223,0.5176788454176457,0.5
MAIN,0.0,0.25,100,dollars,HT,COR-10000,DEF-0.75,1.104996614281203,1.1049357177661454,1.1090668562793318,1.0,0.2359753388800149,0.2368445512580608,792.2571090047054,793.0297668327007,0.8339615237324335,0.75
MAIN,0.0,0.25,100,dollars,HT,COR-10000,RA-EST,1.0005283003942713,1.0004519984112243,1.0010372333571353,1.0,0.21366581733661313,0.21377450149620866,61392.350597796496,68264.28857406347,1.7780704194517574,1.0
MAIN,0.0,0.25,100,dollars,HT,COR-2000,DEF-0.0,4.6824442320742365,4.6824442320742365,4.6824442320742365,1.0,0.9999499999999999,0.9999499999999999,200.0,200.0,0.0,0.0
MAIN,0.0,0.25,100,dollars,HT,COR-2000,DEF-0.25,1.9319949013293125,1.930303840111997,1.9595506101382225,1.0,0.4125833017617063,0.4184679059679295,266.3787038899078,266.43372570821316,0.27685238059562284,0.25
MAIN,0.0,0.25,100,dollars,HT,COR-2000,DEF-0.5,1.3644735712793843,1.3632227615691492,1.3824027367747949,1.0,0.29138742075234797,0.29521624778125927,398.70696019513264,398.95359389344407,0.5185703439898883,0.5
MAIN,0.0,0.25,100,dollars,HT,COR-2000,DEF-0.75,1.1066347145967546,1.1058168234895989,1.1170811654555495,1.0,0.23632516011212168,0.23855603100316158,792.2915990308969,793.754242688206,0.8354624427795629,0.75
MAIN,0.0,0.25,100,dollars,HT,COR-2000,RA-EST,1.0028027735424696,1.0022613377113063,1.005908613512627,1.0,0.21415153789447086,0.21481479932893396,61671.603115181526,76255.34631855747,1.7850688190160626,1.0
MAIN,0.0,0.25,100,dollars,HT,COR-500,DEF-0.0,4.6824442320742365,4.6824442320742365,4.6824442320742365,1.0,0.9999499999999999,0.9999499999999999,200.0,200.0,0.0,0.0
MAIN,0.0,0.25,100,dollars,HT,COR-500,DEF-0.25,1.9369858753441946,1.9384501713586393,1.9877982886674082,1.0,0.4136491392215516,0.42450028238189197,266.38119893400096,266.4962224859566,0.27612921806082,0.25
MAIN,0.0,0.25,100,dollars,HT,COR-500,DEF-0.5,1.370318064884127,1.3700102399987533,1.404717092741771,1.0,0.2926355298787804,0.29998154537868377,398.71813967997394,399.2339804384068,0.5173198488328301,0.5
MAIN,0.0,0.25,100,dollars,HT,COR-500,DEF-0.75,1.113281928626496,1.1119991562657525,1.1336385909458235,1.0,0.2377446925912294,0.24209191884259135,792.3578191883659,795.4214194831483,0.833288411974425,0.75
MAIN,0.0,0.25,100,dollars,HT,COR-500,RA-EST,1.0118413373740727,1.0085513514043212,1.0223796972808288,1.0,0.2160817502911293,0.2183322486348315,62209.38156998004,104238.65048328607,1.7755472585668968,1.0
MAIN,0.0,0.25,100,dollars,HT,KS-2000,DEF-0.0,4.6824442320742365,4.6824442320742365,4.6824442320742365,1.0,0.9999499999999999,0.9999499999999999,200.0,200.0,0.0,0.0
MAIN,0.0,0.25,100,dollars,HT,KS-2000,DEF-0.25,1.9326966940710661,1.9319987863287809,1.9602078636553273,1.0,0.41273317170512386,0.41860826442643007,266.3702012430774,266.43576573223373,0.27646296562944206,0.25
MAIN,0.0,0.25,100,dollars,HT,KS-2000,DEF-0.5,1.3649911513359922,1.3642431677128166,1.382617390848401,1.0,0.29149795152472957,0.2952620878020399,398.66886545511386,398.9627420827276,0.5179634305841432,0.5
MAIN,0.0,0.25,100,dollars,HT,KS-2000,DEF-0.75,1.107025591497991,1.106476342793491,1.1176797297808405,1.0,0.23640863304591853,0.23868385620884686,792.0660005324733,793.8085632402879,0.834445590912881,0.75
MAIN,0.0,0.25,100,dollars,HT,KS-2000,RA-EST,1.0030523520563441,1.0026580121525985,1.0055309463832454,1.0,0.21420483613414654,0.21473414738150906,59901.054283017125,76926.81829502499,1.7800213686296495,1.0
MAIN,0.0,0.25,100,dollars,HT,MIS-G-10000,DEF-0.0,4.6824442320742365,4.6824442320742365,4.6824442320742365,1.0,0.9999499999999999,0.9999499999999999,200.0,200.0,0.0,0.0
MAIN,0.0,0.25,100,dollars,HT,MIS-G-10000,DEF-0.25,1.9308230932847585,1.9308440645802278,1.9421975075140328,1.0,0.412333058641644,0.4147620988917453,266.37740213168763,266.3952383714291,0.27626164412465976,0.25
MAIN,0.0,0.25,100,dollars,HT,MIS-G-10000,DEF-0.5,1.3629344218617967,1.3628949165574595,1.3703213688294154,1.0,0.2910587307810773,0.2926362354461992,398.70112747583795,398.78105409465184,0.5175880951179943,0.5
MAIN,0.0,0.25,100,dollars,HT,MIS-G-10000,DEF-0.75,1.1047807629549873,1.1046990445575968,1.109079570027734,1.0,0.23592924318235103,0.23684726631713784,792.2570503788284,792.7306294181442,0.8337914896166431,0.75
MAIN,0.0,0.25,100,dollars,HT,MIS-G-10000,RA-EST,1.0001882021084245,1.0001485207046987,1.0004024810104173,1.0,0.2135931883283266,0.21363894823008472,61391.88099147884,65430.480047829275,1.7775751629896426,1.0
MAIN,0.0,0.25,100,dollars,HT,MIS-G-2000,DEF-0.0,4.6824442320742365,4.6824442320742365,4.6824442320742365,1.0,0.9999499999999999,0.9999499999999999,200.0,200.0,0.0,0.0
MAIN,0.0,0.25,100,dollars,HT,MIS-G-2000,DEF-0.25,1.9320745711345313,1.9331207344114767,1.952636364432681,1.0,0.41260031548739745,0.41699134807410626,266.3768075968337,266.4119627296538,0.27588083666360697,0.25
MAIN,0.0,0.25,100,dollars,HT,MIS-G-2000,DEF-0.5,1.3639624744179903,1.3647182593667606,1.3774101228301516,1.0,0.2912782744857357,0.29415006010949823,398.69846365666604,398.8560176096296,0.5168678616236377,0.5
MAIN,0.0,0.25,100,dollars,HT,MIS-G-2000,DEF-0.75,1.105634830647877,1.1061180830810455,1.113673014972993,1.0,0.23611163189798273,0.2378282102526894,792.2412733530643,793.1751432383801,0.8324585359837906,0.75
MAIN,0.0,0.25,100,dollars,HT,MIS-G-2000,RA-EST,1.000917987797018,1.0005696332433696,1.0022687783567967,1.0,0.21374903624944236,0.21403750162207794,61265.93076431604,69731.14789945396,1.771055993063323,1.0
MAIN,0.0,0.25,100,dollars,HT,MIS-I-2000,DEF-0.0,4.6824442320742365,4.6824442320742365,4.6824442320742365,1.0,0.9999499999999999,0.9999499999999999,200.0,200.0,0.0,0.0
MAIN,0.0,0.25,100,dollars,HT,MIS-I-2000,DEF-0.25,1.9351142727668107,1.9339637068283322,1.960699884258292,1.0,0.41324945288157666,0.4187133369008793,266.37460904766203,266.40899633194766,0.27589650556950224,0.25
MAIN,0.0,0.25,100,dollars,HT,MIS-I-2000,DEF-0.5,1.3661887186038506,1.3653325908200236,1.3828359864327144,1.0,0.29175369560413417,0.29530876954424556,398.6886132282816,398.8427199716873,0.5169728144608527,0.5
MAIN,0.0,0.25,100,dollars,HT,MIS-I-2000,DEF-0.75,1.1072733535311574,1.1066622355163886,1.1171747987415388,1.0,0.23646154337069458,0.23857602667202266,792.182935522502,793.0962676311697,0.8326283051427834,0.75
MAIN,0.0,0.25,100,dollars,HT,MIS-I-2000,RA-EST,1.001869046438665,1.0015261856205906,1.0035432240440156,1.0,0.21395213767288282,0.21430966331835724,60804.336379616274,68927.68307909649,1.7718987658847314,1.0
MAIN,0.0,0.25,100,rate,DIFF,COR-10000,DEF-0.0,1.0004608471773904,1.0003834303450776,1.000929977003798,0.995,0.99995,0.9999500000000001,200.0,200.0,0.0,0.0
MAIN,0.0,0.25,100,rate,DIFF,COR-10000,DEF-0.25,1.000471943149568,1.0003946230128047,1.0009527853973847,0.995,0.9999610875097279,0.9999755963465087,202.9904732213322,207.36424442360715,0.003026273391856654,0.25
MAIN,0.0,0.25,100,rate,DIFF,COR-10000,DEF-0.5,1.0005048766951112,1.000421635891652,1.0010284531919635,0.995,0.9999939961212435,1.0000428362796965,206.07173334440557,215.29157855211312,0.0060503965841089465,0.5
MAIN,0.0,0.25,100,rate,DIFF,COR-10000,DEF-0.75,1.0005598132395013,1.0004704361319048,1.0011394905913635,0.995,1.000048891093459,1.0001489269648767,209.24797835726372,223.8491574339616,0.009072729135883544,0.75
MAIN,0.0,0.25,100,rate,DIFF,COR-10000,RA-EST,1.0006369528758068,1.0005362764236079,1.001304136295295,0.995,1.0001259723176714,1.000296149980584,212.5236691201248,233.11525779733418,0.012106590723552574,1.0
MAIN,0.0,0.25,100,rate,DIFF,COR-2000,DEF-0.0,1.0025849656365684,1.0021158868087685,1.0051264311186927,1.0,0.99995,0.9999500000000002,200.0,200.0,0.0,0.0
MAIN,0.0,0.25,100,rate,DIFF,COR-2000,DEF-0.25,1.0026465225395567,1.0021600991801787,1.0051820288011444,1.0,1.0000113239990394,1.0000991685463685,207.55009967768132,218.30603240010024,0.006704336481753014,0.25
MAIN,0.0,0.25,100,rate,DIFF,COR-2000,DEF-0.5,1.0028275108925813,1.0022925262283842,1.0056311872895851,1.0,1.0001916158459405,1.0004753146060323,215.6926367467358,240.30080975056896,0.013466818577140265,0.5
MAIN,0.0,0.25,100,rate,DIFF,COR-2000,DEF-0.75,1.0031320495950518,1.002507177022478,1.0062741757546527,1.0,1.0004949751786498,1.0011440254400767,224.5001938206039,267.22420088376634,0.020169431059052254,0.75
MAIN,0.0,0.25,100,rate,DIFF,COR-2000,RA-EST,1.0035659413087616,1.0028630380077654,1.0072587666983406,1.0,1.0009271769437167,1.0020727101894085,234.05771580121777,300.9418516754793,0.02687427455824702,1.0
MAIN,0.0,0.25,100,rate,DIFF,COR-500,DEF-0.0,1.0100756319068944,1.0082857592713368,1.018811849091806,1.0,0.99995,0.9999500000000002,200.0,200.0,0.0,0.0
MAIN,0.0,0.25,100,rate,DIFF,COR-500,DEF-0.25,1.0103593248574863,1.008357919549153,1.019104443472178,1.0,1.0002297048926696,1.0007131704009788,217.27819413512918,234.42802197509374,0.01308569025630796,0.25
MAIN,0.0,0.25,100,rate,DIFF,COR-500,DEF-0.5,1.0111813068741347,1.0091779861208598,1.020992663187816,1.0,1.001040048539028,1.0024502872746506,237.82404500753898,283.1736505349518,0.0261921166270983,0.5
MAIN,0.0,0.25,100,rate,DIFF,COR-500,DEF-0.75,1.0126333849784408,1.0103013285828613,1.0230097269652865,1.0,1.0024712969762681,1.005394995960368,262.66133179335736,357.5131289693313,0.039379107815042266,0.75
MAIN,0.0,0.25,100,rate,DIFF,COR-500,RA-EST,1.0149182478099243,1.0118341732810474,1.0271396824451908,1.0,1.0047224286945144,1.0100951841663677,293.29138300581883,484.7795367989049,0.053090346610944576,1.0
MAIN,0.0,0.25,100,rate,DIFF,KS-2000,DEF-0.0,1.002807781373282,1.0024828777909438,1.005365358165769,1.0,0.99995,0.9999500000000002,200.0,200.0,0.0,0.0
MAIN,0.0,0.25,100,rate,DIFF,KS-2000,DEF-0.25,1.0028774069843351,1.002557831385727,1.0055123263633825,1.0,1.0000193491819234,1.0000805462803024,207.58878707344292,216.39187290032356,0.007296907180605928,0.25
MAIN,0.0,0.25,100,rate,DIFF,KS-2000,DEF-0.5,1.003078191335033,1.0027209275901239,1.0058587705887225,1.0,1.0002193436094617,1.0004402912741948,215.77620389785278,235.71065360634915,0.01461817755877148,0.5
MAIN,0.0,0.25,100,rate,DIFF,KS-2000,DEF-0.75,1.0034145960103744,1.0029612237767984,1.0064405534236989,1.0,1.000554423227894,1.001056912728096,224.63599450522793,258.817162280404,0.02195478669793654,0.75
MAIN,0.0,0.25,100,rate,DIFF,KS-2000,RA-EST,1.0038928419283193,1.0033558395437838,1.0072180893126306,1.0,1.001030778598596,1.00193271603996,234.25453458701213,286.9464900430041,0.029231850261587037,1.0
MAIN,0.0,0.25,100,rate,DIFF,MIS-G-10000,DEF-0.0,1.0001413734303928,1.0001091847136383,1.0003814334632855,0.81,0.99995,0.9999500000000002,200.0,200.0,0.0,0.0
MAIN,0.0,0.25,100,rate,DIFF,MIS-G-10000,DEF-0.25,1.000145282767792,1.0001121828676791,1.0003894689719521,0.815,0.9999539080044494,0.9999581693884123,201.53030049765803,202.574724335932,0.001796947630704491,0.25
MAIN,0.0,0.25,100,rate,DIFF,MIS-G-10000,DEF-0.5,1.0001571659964472,1.000121575370272,1.0004184327078212,0.82,0.9999657871208245,0.9999842803060525,203.08420807823654,205.21660553093162,0.0035941689821294993,0.5
MAIN,0.0,0.25,100,rate,DIFF,MIS-G-10000,DEF-0.75,1.000177030170554,1.0001375028842987,1.0004600695897674,0.825,0.9999856443998195,1.0000286880418536,204.66227344457025,207.92830580608938,0.005391715704485177,0.75
MAIN,0.0,0.25,100,rate,DIFF,MIS-G-10000,RA-EST,1.0002048844149265,1.000160182828861,1.000518811971403,0.855,1.0000134889616974,1.0000898893524022,206.26506456895478,210.71262998112866,0.007189639552818559,1.0
MAIN,0.0,0.25,100,rate,DIFF,MIS-G-2000,DEF-0.0,1.0008688719370478,1.0005243049703347,1.002179089664553,0.955,0.99995,0.9999500000000002,200.0,200.0,0.0,0.0
MAIN,0.0,0.25,100,rate,DIFF,MIS-G-2000,DEF-0.25,1.0008888847890054,1.0005347675164655,1.0022267023546685,0.96,0.9999699740639939,0.9999999310166969,202.9261813218173,206.16727006416622,0.0034405155630949343,0.25
MAIN,0.0,0.25,100,rate,DIFF,MIS-G-2000,DEF-0.5,1.000948321415664,1.0005758921427765,1.0023703484391173,0.96,1.00002929512683,1.0001489764959162,205.93926019609648,212.72702357346012,0.00688239364431115,0.5
MAIN,0.0,0.25,100,rate,DIFF,MIS-G-2000,DEF-0.75,1.0010473834474554,1.000640918884964,1.002619717682886,0.96,1.000128164239375,1.0003950718775891,209.04316584089574,219.7179613626093,0.010326001587247637,0.75
MAIN,0.0,0.25,100,rate,DIFF,MIS-G-2000,RA-EST,1.00118633554716,1.000713823424979,1.0029718971934343,0.97,1.0002668453004748,1.000739783649758,212.2420679899181,227.18404578789324,0.01377170876084925,1.0
MAIN,0.0,0.25,100,rate,DIFF,MIS-I-2000,DEF-0.0,1.0017656341717256,1.0014646382879555,1.0034696835038066,1.0,0.99995,0.9999500000000002,200.0,200.0,0.0,0.0
MAIN,0.0,0.25,100,rate,DIFF,MIS-I-2000,DEF-0.25,1.0018054964700047,1.0015067118242325,1.0035754765887597,1.0,0.9999897530073403,1.0000435708969087,204.07494468059758,207.67478810133517,0.005512057345097191,0.25
MAIN,0.0,0.25,100,rate,DIFF,MIS-I-2000,DEF-0.5,1.0019239073645527,1.0015994374934762,1.0038202595394778,1.0,1.0001078358377051,1.000285348291392,208.3193947669649,215.96211393470134,0.011014862887018646,0.5
MAIN,0.0,0.25,100,rate,DIFF,MIS-I-2000,DEF-0.75,1.0021215850886975,1.0017351984387575,1.0042195151001618,1.0,1.000304964183231,1.0006673712749061,212.74415127683335,224.93835819720823,0.016509780711623127,0.75
MAIN,0.0,0.25,100,rate,DIFF,MIS-I-2000,RA-EST,1.002399448052644,1.0019705077242747,1.004719730329655,1.0,1.0005820531804517,1.0012221591433355,217.36095280841073,234.69315165425658,0.021991281450268796,1.0
MAIN,0.0,0.25,100,rate,HT,COR-10000,DEF-0.0,0.9999500000000003,0.9999500000000003,0.9999500000000003,0.0,0.9999500000000003,0.9999500000000003,200.0,200.0,0.0,0.0
MAIN,0.0,0.25,100,rate,HT,COR-10000,DEF-0.25,0.9999822015677958,0.9999774382226349,1.0000134125816602,0.16,0.9999822015677958,1.0000134125816602,204.2435456784986,209.76552051954405,0.004527844227079449,0.25
MAIN,0.0,0.25,100,rate,HT,COR-10000,DEF-0.5,1.0000789862992834,1.0000597215938307,1.000207062456432,0.83,1.0000789862992834,1.000207062456432,208.671073610198,220.5337304092972,0.009054405946087276,0.5
MAIN,0.0,0.25,100,rate,HT,COR-10000,DEF-0.75,1.0002407698745748,1.000197487250591,1.000531391400569,0.98,1.0002407698745748,1.000531391400569,213.2948140872856,232.46743063971138,0.013598387705502766,0.75
MAIN,0.0,0.25,100,rate,HT,COR-10000,RA-EST,1.0004681720150088,1.000390115247876,1.0009844178248932,0.995,1.0004681720150088,1.0009844178248932,218.12810599626465,245.76668678069134,0.018134330799738176,1.0
MAIN,0.0,0.25,100,rate,HT,COR-2000,DEF-0.0,0.9999500000000003,0.9999500000000003,0.9999500000000003,0.0,0.9999500000000003,0.9999500000000003,200.0,200.0,0.0,0.0
MAIN,0.0,0.25,100,rate,HT,COR-2000,DEF-0.25,1.0001183989898594,1.0000870730697953,1.0002852818053054,0.87,1.0001183989898594,1.0002852818053054,210.11629388456112,221.9993135719491,0.010120093749174483,0.25
MAIN,0.0,0.25,100,rate,HT,COR-2000,DEF-0.5,1.0006263443856043,1.0005008353765472,1.0013142295625193,0.995,1.0006263443856043,1.0013142295625193,221.31051179402772,249.43657672714022,0.020287012197697615,0.5
MAIN,0.0,0.25,100,rate,HT,COR-2000,DEF-0.75,1.001481995180346,1.001196617942035,1.0031027567089204,1.0,1.001481995180346,1.0031027567089204,233.76463485581274,284.61248048503194,0.030518831425373347,0.75
MAIN,0.0,0.25,100,rate,HT,COR-2000,RA-EST,1.0027001452373852,1.0021724558348648,1.0057399130474285,1.0,1.0027001452373852,1.0057399130474285,247.7040513848387,331.3386870891404,0.0407504300322995,1.0
MAIN,0.0,0.25,100,rate,HT,COR-500,DEF-0.0,0.9999500000000003,0.9999500000000003,0.9999500000000003,0.0,0.9999500000000003,0.9999500000000003,200.0,200.0,0.0,0.0
MAIN,0.0,0.25,100,rate,HT,COR-500,DEF-0.25,1.000605805034213,1.0004741958988044,1.0011561696744864,0.995,1.000605805034213,1.0011561696744864,220.8605696244456,238.14369829381175,0.01979044953537127,0.25
MAIN,0.0,0.25,100,rate,HT,COR-500,DEF-0.5,1.0026249628715747,1.0020501093436875,1.0048550330707313,1.0,1.0026249628715747,1.0048550330707313,246.57962242426225,294.26558725030895,0.03961279772207811,0.5
MAIN,0.0,0.25,100,rate,HT,COR-500,DEF-0.75,1.006165935870079,1.0046538436992773,1.0115975759452394,1.0,1.006165935870079,1.0115975759452394,279.07825097961705,384.995048294456,0.059285187388122634,0.75
MAIN,0.0,0.25,100,rate,HT,COR-500,RA-EST,1.0116189083228624,1.0085330779681252,1.0219445033869858,1.0,1.0116189083228624,1.0219445033869858,321.4441768495236,556.6127072830197,0.08007918630930178,1.0
MAIN,0.0,0.25,100,rate,HT,KS-2000,DEF-0.0,0.9999500000000003,0.9999500000000003,0.9999500000000003,0.0,0.9999500000000003,0.9999500000000003,200.0,200.0,0.0,0.0
MAIN,0.0,0.25,100,rate,HT,KS-2000,DEF-0.25,1.000133948602442,1.0001108243345724,1.0002863603007413,0.94,1.000133948602442,1.0002863603007413,210.12912313420424,219.92444556889973,0.010961967843963253,0.25
MAIN,0.0,0.25,100,rate,HT,KS-2000,DEF-0.5,1.0006892035647001,1.0005936446133015,1.0013087119433137,1.0,1.0006892035647001,1.0013087119433137,221.33897263492267,244.2580169963345,0.021929876229051633,0.5
MAIN,0.0,0.25,100,rate,HT,KS-2000,DEF-0.75,1.001625004268329,1.0014079361275259,1.0029914451320596,1.0,1.001625004268329,1.0029914451320596,233.81225784688885,274.6463795401976,0.03300597257848489,0.75
MAIN,0.0,0.25,100,rate,HT,KS-2000,RA-EST,1.0029574149140676,1.0025404434883987,1.0054301423946046,1.0,1.0029574149140676,1.0054301423946046,247.77533325135414,313.67055729694374,0.043994515721156514,1.0
MAIN,0.0,0.25,100,rate,HT,MIS-G-10000,DEF-0.0,0.9999500000000003,0.9999500000000003,0.9999500000000003,0.0,0.9999500000000003,0.9999500000000003,200.0,200.0,0.0,0.0
MAIN,0.0,0.25,100,rate,HT,MIS-G-10000,DEF-0.25,0.9999619578434461,0.999959855079414,0.9999763281212014,0.01,0.9999619578434461,0.9999763281212014,202.23954820708457,203.7251808950393,0.002713584570969024,0.25
MAIN,0.0,0.25,100,rate,HT,MIS-G-10000,DEF-0.5,0.9999978348430867,0.9999894244616896,1.0000553334002582,0.395,0.9999978348430867,1.0000553334002582,204.5298269598179,207.59176531251967,0.005427454058053279,0.5
MAIN,0.0,0.25,100,rate,HT,MIS-G-10000,DEF-0.75,1.000057646658243,1.000038718233192,1.0001870749266022,0.66,1.000057646658243,1.0001870749266022,206.872579976382,211.60796028802557,0.008141785809812037,0.75
MAIN,0.0,0.25,100,rate,HT,MIS-G-10000,RA-EST,1.0001414229340018,1.0001077516516603,1.000371648909945,0.805,1.0001414229340018,1.000371648909945,209.26963182629714,215.78262050017412,0.010856757498800378,1.0
MAIN,0.0,0.25,100,rate,HT,MIS-G-2000,DEF-0.0,0.9999500000000003,0.9999500000000003,0.9999500000000003,0.0,0.9999500000000003,0.9999500000000003,200.0,200.0,0.0,0.0
MAIN,0.0,0.25,100,rate,HT,MIS-G-2000,DEF-0.25,1.0000081525160753,0.9999854553149556,1.0000969194000142,0.37,1.0000081525160753,1.0000969194000142,204.12695934363217,208.44739864384474,0.005146695663618282,0.25
MAIN,0.0,0.25,100,rate,HT,MIS-G-2000,DEF-0.5,1.0001827120407907,1.0000918382624284,1.0005380302221984,0.8,1.0001827120407907,1.0005380302221984,208.4278258567933,217.63985470339063,0.010294010326234032,0.5
MAIN,0.0,0.25,100,rate,HT,MIS-G-2000,DEF-0.75,1.000474120987276,1.0002692247055507,1.00127473295506,0.925,1.000474120987276,1.00127473295506,212.91382866925005,227.68048682680777,0.015443160277691294,0.75
MAIN,0.0,0.25,100,rate,HT,MIS-G-2000,RA-EST,1.0008832154196998,1.0005177579053517,1.002309609198628,0.955,1.0008832154196998,1.002309609198628,217.59718492878702,238.69236346064878,0.020595365700264462,1.0
MAIN,0.0,0.25,100,rate,HT,MIS-I-2000,DEF-0.0,0.9999500000000003,0.9999500000000003,0.9999500000000003,0.0,0.9999500000000003,0.9999500000000003,200.0,200.0,0.0,0.0
MAIN,0.0,0.25,100,rate,HT,MIS-I-2000,DEF-0.25,1.0000649679704985,1.000044136740991,1.0001643099176707,0.765,1.0000649679704985,1.0001643099176707,205.71144609106983,210.19339185304852,0.008386609614959722,0.25
MAIN,0.0,0.25,100,rate,HT,MIS-I-2000,DEF-0.5,1.0004104602978772,1.0003270811372902,1.0008060405590191,0.99,1.0004104602978772,1.0008060405590191,211.75870203077824,221.4816382483739,0.01678503405606098,0.5
MAIN,0.0,0.25,100,rate,HT,MIS-I-2000,DEF-0.75,1.000988235513253,1.0007999233892302,1.0018830321369678,1.0,1.000988235513253,1.0018830321369678,218.17228261432294,234.0511447197579,0.025199534345247302,0.75
MAIN,0.0,0.25,100,rate,HT,MIS-I-2000,RA-EST,1.0018012647526913,1.0014648356701819,1.00340797478393,1.0,1.0018012647526913,1.00340797478393,224.9865154463632,248.13317836591145,0.033642102296997364,1.0
MAIN,0.0,0.25,400,dollars,DIFF,COR-10000,DEF-0.0,3.935318697175997,3.9344470232969213,3.938903070292986,1.0,0.9999499999999999,0.9999500000000001,50.0,50.0,0.0,0.0
MAIN,0.0,0.25,400,dollars,DIFF,COR-10000,DEF-0.25,1.7434078877699095,1.7429372479615277,1.7494230442886542,1.0,0.44299374391822255,0.44447815453283673,66.59432638765512,66.59945121137265,0.27628713056327636,0.25
MAIN,0.0,0.25,400,dollars,DIFF,COR-10000,DEF-0.5,1.2902982076226217,1.2900516275929759,1.2942284091977303,1.0,0.32786020055664006,0.32879901198145844,99.67517368525738,99.6981391427661,0.5176277989128204,0.5
MAIN,0.0,0.25,400,dollars,DIFF,COR-10000,DEF-0.75,1.0841669498725297,1.084049093147843,1.08653761353037,1.0,0.2754829724077984,0.2760195251452999,198.0636218435482,198.19970363914163,0.8338646310652515,0.75
MAIN,0.0,0.25,400,dollars,DIFF,COR-10000,RA-EST,1.0007003014563296,1.0005925389125978,1.0013716247457969,1.0,0.25427435614557664,0.25437864288917267,15342.842053016948,16513.926835564755,1.7777819775559063,1.0
MAIN,0.0,0.25,400,dollars,DIFF,COR-2000,DEF-0.0,3.9520067193713104,3.9461987481947336,3.975462673732472,1.0,0.9999499999999999,0.9999500000000001,50.0,50.0,0.0,0.0
MAIN,0.0,0.25,400,dollars,DIFF,COR-2000,DEF-0.25,1.7494915742404533,1.7473798117107764,1.7655558572790577,1.0,0.4426673193466521,0.4463116414668396,66.59451846036177,66.60523120196147,0.27660190678344554,0.25
MAIN,0.0,0.25,400,dollars,DIFF,COR-2000,DEF-0.5,1.2943800825052671,1.2930364082714814,1.3047269952437912,1.0,0.3275129770696505,0.32978891267177896,99.67603428581731,99.7240490064973,0.5181747480034886,0.5
MAIN,0.0,0.25,400,dollars,DIFF,COR-2000,DEF-0.75,1.087391051002876,1.0863531228075445,1.09356503044623,1.0,0.27513942803097036,0.2764627955451859,198.068719228591,198.3533817991495,0.8348397648355734,0.75
MAIN,0.0,0.25,400,dollars,DIFF,COR-2000,RA-EST,1.003692927352479,1.003007794353752,1.0076839337536032,1.0,0.25396115247048245,0.2545572527104825,15383.904024275871,18069.243134052394,1.7823764709066863,1.0
MAIN,0.0,0.25,400,dollars,DIFF,COR-500,DEF-0.0,4.014838664874535,3.9888237243658855,4.08869693864546,1.0,0.9999499999999999,0.9999500000000001,50.0,50.0,0.0,0.0
MAIN,0.0,0.25,400,dollars,DIFF,COR-500,DEF-0.25,1.772780404341626,1.766478329088283,1.8074553729181193,1.0,0.441646063330476,0.44936901786434436,66.59458843904036,66.6182028503283,0.27612910823829917,0.25
MAIN,0.0,0.25,400,dollars,DIFF,COR-500,DEF-0.5,1.3101030447418696,1.3066596576126215,1.3329739869852926,1.0,0.3263987301714518,0.33193857140790756,99.67634782620294,99.78222944741168,0.5173282634976286,0.5
MAIN,0.0,0.25,400,dollars,DIFF,COR-500,DEF-0.75,1.0998739553861114,1.0966207776360375,1.1144639570599817,1.0,0.2740277722733817,0.2780180521818305,198.07057624124792,198.69904290822575,0.8333132966595318,0.75
MAIN,0.0,0.25,400,dollars,DIFF,COR-500,RA-EST,1.0153858670731088,1.0119996311002626,1.0291240316051364,1.0,0.2529708333731439,0.25574481548617634,15398.73350247728,22910.030744645963,1.7749741280408151,1.0
MAIN,0.0,0.25,400,dollars,DIFF,KS-2000,DEF-0.0,3.95151660133018,3.9480035049870184,3.970706992568036,1.0,0.9999499999999999,0.9999500000000001,50.0,50.0,0.0,0.0
MAIN,0.0,0.25,400,dollars,DIFF,KS-2000,DEF-0.25,1.7498889257116976,1.746504946444293,1.7673336762197804,1.0,0.4428212280751967,0.4463968004343165,66.59311113577576,66.60561868619571,0.27637553697931305,0.25
MAIN,0.0,0.25,400,dollars,DIFF,KS-2000,DEF-0.5,1.2947651115368615,1.2931133971084403,1.3059451498884418,1.0,0.32764947021133556,0.32991448841013743,99.66972891440254,99.72578629367601,0.5177688662714695,0.5
MAIN,0.0,0.25,400,dollars,DIFF,KS-2000,DEF-0.75,1.0877491921472626,1.0866117751867557,1.0946787904031223,1.0,0.27526263928033656,0.2765256505632977,198.03137716699422,198.36369172528975,0.834116293916989,0.75
MAIN,0.0,0.25,400,dollars,DIFF,KS-2000,RA-EST,1.0040134674742007,1.0035005676517592,1.0075358761250521,1.0,0.2540722166667412,0.254609025632967,15089.192008317157,18183.95381259779,1.778873727322177,1.0
MAIN,0.0,0.25,400,dollars,DIFF,MIS-G-10000,DEF-0.0,3.9340603832650256,3.9332128585486714,3.9378348640408825,1.0,0.9999499999999999,0.9999500000000001,50.0,50.0,0.0,0.0
MAIN,0.0,0.25,400,dollars,DIFF,MIS-G-10000,DEF-0.25,1.7428320198672926,1.7421893570905431,1.7491800291309207,1.0,0.44298890513361383,0.44451884427777716,66.59433972448659,66.59741075346317,0.2762611175975186,0.25
MAIN,0.0,0.25,400,dollars,DIFF,MIS-G-10000,DEF-0.5,1.289834321188923,1.2895639777299375,1.2938851880084494,1.0,0.3278470519635372,0.32881522130417434,99.67523344136174,99.68899455958923,0.5175814028201761,0.5
MAIN,0.0,0.25,400,dollars,DIFF,MIS-G-10000,DEF-0.75,1.0837402790274282,1.0835372986476077,1.0861149320172154,1.0,0.2754625709144387,0.2760052763945866,198.06397576687925,198.14550253411343,0.8337821281434393,0.75
MAIN,0.0,0.25,400,dollars,DIFF,MIS-G-10000,RA-EST,1.00024582036074,1.0001899995697983,1.0005312523015644,1.0,0.25424015893558677,0.2543478565789166,15345.673998775406,16026.889960125636,1.7775381216414678,1.0
MAIN,0.0,0.25,400,dollars,DIFF,MIS-G-2000,DEF-0.0,3.9424708678835962,3.938296002605344,3.956559886211851,1.0,0.9999499999999999,0.9999500000000001,50.0,50.0,0.0,0.0
MAIN,0.0,0.25,400,dollars,DIFF,MIS-G-2000,DEF-0.25,1.7459563008238235,1.7449087444310196,1.7583436832204593,1.0,0.44283908510531594,0.44548956915125804,66.5942392637912,66.60046130911388,0.2760049293688661,0.25
MAIN,0.0,0.25,400,dollars,DIFF,MIS-G-2000,DEF-0.5,1.291739549297431,1.2911705040232149,1.299488186832691,1.0,0.3276334339919796,0.3293653728638209,99.67478332548228,99.70266644326337,0.5170997963758264,0.5
MAIN,0.0,0.25,400,dollars,DIFF,MIS-G-2000,DEF-0.75,1.0850518040331716,1.084628055412284,1.089657174521982,1.0,0.27520988377059724,0.2762864572228132,198.06130984811327,198.22654481465582,0.8328905372054181,0.75
MAIN,0.0,0.25,400,dollars,DIFF,MIS-G-2000,RA-EST,1.0012008760128768,1.0007375961065454,1.0029916204017149,1.0,0.2539419932806763,0.25438950967700463,15324.375176560727,16766.131370285162,1.7731898182569288,1.0
MAIN,0.0,0.25,400,dollars,DIFF,MIS-I-2000,DEF-0.0,3.9468878314334965,3.9423075240109116,3.965884426871209,1.0,0.9999499999999999,0.9999500000000001,50.0,50.0,0.0,0.0
MAIN,0.0,0.25,400,dollars,DIFF,MIS-I-2000,DEF-0.25,1.7493103073887935,1.7461232756644116,1.7649923072825335,1.0,0.44319045286447106,0.44625368693199985,66.59385273504972,66.59994868189622,0.27598985785023,0.25
MAIN,0.0,0.25,400,dollars,DIFF,MIS-I-2000,DEF-0.5,1.2940919181703194,1.2921472715555054,1.304287078904968,1.0,0.3278611122885837,0.3297820337576534,99.67305150104215,99.70036879225391,0.5171378394462594,0.5
MAIN,0.0,0.25,400,dollars,DIFF,MIS-I-2000,DEF-0.75,1.0868219278884361,1.0856157569611673,1.0930521184770274,1.0,0.27534957624912443,0.2764260037897476,198.05105313164256,198.21292204025394,0.8329598599317856,0.75
MAIN,0.0,0.25,400,dollars,DIFF,MIS-I-2000,RA-EST,1.0024508362587226,1.0020434582220594,1.0047011637092107,1.0,0.2539748526834078,0.25451369693952736,15242.952996978143,16637.180628541835,1.7736523249450318,1.0
MAIN,0.0,0.25,400,dollars,HT,COR-10000,DEF-0.0,4.889214915807999,4.889214915807999,4.889214915807999,1.0,0.99995,0.9999500000000001,50.0,50.0,0.0,0.0
MAIN,0.0,0.25,400,dollars,HT,COR-10000,DEF-0.25,1.9785654105491588,1.9786558054296521,1.989920005853246,1.0,0.4046593402719477,0.4069816001377621,66.59435108521393,66.60162373227368,0.2763143283259982,0.25
MAIN,0.0,0.25,400,dollars,HT,COR-10000,DEF-0.5,1.3811751607123224,1.3811415589385678,1.3885435606376955,1.0,0.28248013755518114,0.2839871344109655,99.67528434352752,99.70787681189056,0.5176788454176457,0.5
MAIN,0.0,0.25,400,dollars,HT,COR-10000,DEF-0.75,1.1103489603109906,1.110283848509002,1.1145831845959184,1.0,0.22709033290255484,0.2279563231784218,198.06427725117635,198.25744170817518,0.8339615237324335,0.75
MAIN,0.0,0.25,400,dollars,HT,COR-10000,RA-EST,1.0005508438933355,1.0004710018129956,1.0010838944663079,1.0,0.2046342477431873,0.2047432680930026,15348.087649449124,17066.072143515867,1.7780704194517574,1.0
MAIN,0.0,0.25,400,dollars,HT,COR-2000,DEF-0.0,4.889214915807999,4.889214915807999,4.889214915807999,1.0,0.99995,0.9999500000000001,50.0,50.0,0.0,0.0
MAIN,0.0,0.25,400,dollars,HT,COR-2000,DEF-0.25,1.979742748951118,1.9779725909411416,2.0087615315776564,1.0,0.40490013139185377,0.4108350989044471,66.59467597247695,66.60843142705329,0.27685238059562284,0.25
MAIN,0.0,0.25,400,dollars,HT,COR-2000,DEF-0.5,1.3826453767387756,1.381326349208601,1.4013936869559147,1.0,0.282780828472019,0.28661526265510506,99.67674004878316,99.73839847336102,0.5185703439898883,0.5
MAIN,0.0,0.25,400,dollars,HT,COR-2000,DEF-0.75,1.1120675148354338,1.1112149800333393,1.1229361313994815,1.0,0.22744181440343147,0.22966468112546504,198.07289975772423,198.4385606720515,0.8354624427795629,0.75
MAIN,0.0,0.25,400,dollars,HT,COR-2000,RA-EST,1.0029228350337709,1.0023556182198687,1.0061801385961275,1.0,0.20511937113860396,0.20578556003667167,15417.900778795381,19063.836579639366,1.7850688190160626,1.0
MAIN,0.0,0.25,400,dollars,HT,COR-500,DEF-0.0,4.889214915807999,4.889214915807999,4.889214915807999,1.0,0.99995,0.9999500000000001,50.0,50.0,0.0,0.0
MAIN,0.0,0.25,400,dollars,HT,COR-500,DEF-0.25,1.985030640805587,1.9865431892495813,2.0385170986550847,1.0,0.40598161943255756,0.41692075474315293,66.59529973350024,66.62405562148915,0.27612921806082,0.25
MAIN,0.0,0.25,400,dollars,HT,COR-500,DEF-0.5,1.3888156990136764,1.388431533205643,1.424805483085321,1.0,0.2840427925838518,0.2914034803838671,99.67953491999349,99.8084951096017,0.5173198488328301,0.5
MAIN,0.0,0.25,400,dollars,HT,COR-500,DEF-0.75,1.1190459792028558,1.1176964665742886,1.140230238495343,1.0,0.22886906101957874,0.23320169937651258,198.08945479709146,198.85535487078707,0.833288411974425,0.75
MAIN,0.0,0.25,400,dollars,HT,COR-500,RA-EST,1.0123686575976019,1.008910869579306,1.0232931943063648,1.0,0.20705124577192469,0.20928554937077193,15552.34539249501,26059.662620821517,1.7755472585668968,1.0
MAIN,0.0,0.25,400,dollars,HT,KS-2000,DEF-0.0,4.889214915807999,4.889214915807999,4.889214915807999,1.0,0.99995,0.9999500000000001,50.0,50.0,0.0,0.0
MAIN,0.0,0.25,400,dollars,HT,KS-2000,DEF-0.25,1.9804820150257776,1.9797487850364888,2.0094443155546866,1.0,0.4050513272636012,0.4109747429678782,66.59255031076935,66.60894143305843,0.27646296562944206,0.25
MAIN,0.0,0.25,400,dollars,HT,KS-2000,DEF-0.5,1.3831872418006734,1.382397022133812,1.4016446456951583,1.0,0.2828916515751092,0.28666658913504667,99.66721636377846,99.7406855206819,0.5179634305841432,0.5
MAIN,0.0,0.25,400,dollars,HT,KS-2000,DEF-0.75,1.1124755400815123,1.1118938321058722,1.1235806735658571,1.0,0.22752526437481588,0.22979650391304254,198.0165001331183,198.45214081007197,0.834445590912881,0.75
MAIN,0.0,0.25,400,dollars,HT,KS-2000,RA-EST,1.0031843872234887,1.0027685184918318,1.0057725940192477,1.0,0.20517286420786185,0.20570220837251524,14975.263570754281,19231.704573756248,1.7800213686296495,1.0
MAIN,0.0,0.25,400,dollars,HT,MIS-G-10000,DEF-0.0,4.889214915807999,4.889214915807999,4.889214915807999,1.0,0.99995,0.9999500000000001,50.0,50.0,0.0,0.0
MAIN,0.0,0.25,400,dollars,HT,MIS-G-10000,DEF-0.25,1.978498985609772,1.9785200758183954,1.9904741027745423,1.0,0.4046457549378432,0.407094924920164,66.59435053292191,66.59880959285728,0.27626164412465976,0.25
MAIN,0.0,0.25,400,dollars,HT,MIS-G-10000,DEF-0.5,1.3810186345282494,1.3809758452215921,1.3887434928596494,1.0,0.28244812457140783,0.2840280248665468,99.67528186895949,99.69526352366296,0.5175880951179943,0.5
MAIN,0.0,0.25,400,dollars,HT,MIS-G-10000,DEF-0.75,1.1101218009707159,1.1100393732799652,1.1145903479328638,1.0,0.22704387391349026,0.22795778823547122,198.0642625947071,198.18265735453605,0.8337914896166431,0.75
MAIN,0.0,0.25,400,dollars,HT,MIS-G-10000,RA-EST,1.0001953769306575,1.000153268734372,1.0004169386569957,1.0,0.20456154707540106,0.20460686123157273,15347.97024786971,16357.620011957319,1.7775751629896426,1.0
MAIN,0.0,0.25,400,dollars,HT,MIS-G-2000,DEF-0.0,4.889214915807999,4.889214915807999,4.889214915807999,1.0,0.99995,0.9999500000000001,50.0,50.0,0.0,0.0
MAIN,0.0,0.25,400,dollars,HT,MIS-G-2000,DEF-0.25,1.9798203681495032,1.9809230619491425,2.0014818879792218,1.0,0.4049160061935882,0.40934625463361773,66.59420189920843,66.60299068241345,0.27588083666360697,0.25
MAIN,0.0,0.25,400,dollars,HT,MIS-G-2000,DEF-0.5,1.382099012076115,1.3828930866080071,1.3961460327712993,1.0,0.2826690851034342,0.28554200408654834,99.67461591416651,99.7140044024074,0.5168678616236377,0.5
MAIN,0.0,0.25,400,dollars,HT,MIS-G-2000,DEF-0.75,1.1110146335645594,1.1115179205578696,1.1193943339131465,1.0,0.22722647745364705,0.22894030707821056,198.0603183382661,198.29378580959502,0.8324585359837906,0.75
MAIN,0.0,0.25,400,dollars,HT,MIS-G-2000,RA-EST,1.0009541696199302,1.0005927956076297,1.0023489696789327,1.0,0.20471673656138276,0.20500200328477627,15316.48269107901,17432.78697486349,1.771055993063323,1.0
MAIN,0.0,0.25,400,dollars,HT,MIS-I-2000,DEF-0.0,4.889214915807999,4.889214915807999,4.889214915807999,1.0,0.99995,0.9999500000000001,50.0,50.0,0.0,0.0
MAIN,0.0,0.25,400,dollars,HT,MIS-I-2000,DEF-0.25,1.9830235495325486,1.9818147374688313,2.00996459865676,1.0,0.40557112593758227,0.41108115209426704,66.59365226191551,66.60224908298692,0.27589650556950224,0.25
MAIN,0.0,0.25,400,dollars,HT,MIS-I-2000,DEF-0.5,1.3844308052563479,1.38353675138947,1.4018279616835116,1.0,0.2831459871481848,0.2867040812121409,99.6721533070704,99.71067999292183,0.5169728144608527,0.5
MAIN,0.0,0.25,400,dollars,HT,MIS-I-2000,DEF-0.75,1.1127245432122597,1.1120884631093775,1.1230318195861793,1.0,0.22757619089060183,0.22968425142538768,198.0457338806255,198.27406690779242,0.8326283051427834,0.75
MAIN,0.0,0.25,400,dollars,HT,MIS-I-2000,RA-EST,1.0019476206121476,1.0015928113314292,1.0037008304967756,1.0,0.20491991873618465,0.20527848800636858,15201.084094904068,17231.920769774122,1.7718987658847314,1.0
MAIN,0.0,0.25,400,rate,DIFF,COR-10000,DEF-0.0,1.0004608471773904,1.0003834303450776,1.0009299770037978,0.995,0.9999499999999999,0.9999500000000001,50.0,50.0,0.0,0.0
MAIN,0.0,0.25,400,rate,DIFF,COR-10000,DEF-0.25,1.0004721123731308,1.0003947472573302,1.000953176787843,0.995,0.9999612566045554,0.9999759481065058,50.74761830533305,51.84106110590179,0.003026273391856654,0.25
MAIN,0.0,0.25,400,rate,DIFF,COR-10000,DEF-0.5,1.0005055493378436,1.00042227343559,1.0010301421214047,0.995,0.999994668254428,1.0000441946316938,51.51793333610139,53.82289463802828,0.0060503965841089465,0.5
MAIN,0.0,0.25,400,rate,DIFF,COR-10000,DEF-0.75,1.0005613260290271,1.0004718332741265,1.0011427490740077,0.995,1.0000504027379984,1.0001518777163607,52.31199458931593,55.9622893584904,0.009072729135883544,0.75
MAIN,0.0,0.25,400,rate,DIFF,COR-10000,RA-EST,1.0006396456023943,1.000538472256686,1.001309886203088,0.995,1.0001286630061188,1.0003014125079182,53.1309172800312,58.278814449333545,0.012106590723552574,1.0
MAIN,0.0,0.25,400,rate,DIFF,COR-2000,DEF-0.0,1.0025849656365684,1.0021158868087683,1.0051264311186925,1.0,0.9999499999999999,0.9999500000000001,50.0,50.0,0.0,0.0
MAIN,0.0,0.25,400,rate,DIFF,COR-2000,DEF-0.25,1.002647419324141,1.0021605062636927,1.0051828643330916,1.0,1.0000122173534018,1.0001011600666811,51.88752491942033,54.57650810002506,0.006704336481753014,0.25
MAIN,0.0,0.25,400,rate,DIFF,COR-2000,DEF-0.5,1.0028311311693254,1.0022951260029591,1.0056388128827787,1.0,1.0001952221713117,1.000482600253393,53.92315918668395,60.07520243764224,0.013466818577140265,0.5
MAIN,0.0,0.25,400,rate,DIFF,COR-2000,DEF-0.75,1.0031402831149345,1.002514965197249,1.0062995155946588,1.0,1.0005031768402657,1.0011622622163772,56.125048455150974,66.80605022094159,0.020169431059052254,0.75
MAIN,0.0,0.25,400,rate,DIFF,COR-2000,RA-EST,1.0035807666380034,1.002876857249042,1.0072876283807886,1.0,1.000941944697845,1.002103495340021,58.51442895030444,75.23546291886983,0.02687427455824702,1.0
MAIN,0.0,0.25,400,rate,DIFF,COR-500,DEF-0.0,1.0100756319068944,1.0082857592713368,1.0188118490918059,1.0,0.9999499999999999,0.9999500000000001,50.0,50.0,0.0,0.0
MAIN,0.0,0.25,400,rate,DIFF,COR-500,DEF-0.25,1.0103637326519668,1.0083600723302846,1.0191109002478385,1.0,1.0002340509099255,1.0007243151486314,54.319548533782296,58.607005493773435,0.01308569025630796,0.25
MAIN,0.0,0.25,400,rate,DIFF,COR-500,DEF-0.5,1.0111983457242801,1.0091930132778608,1.02102105574296,1.0,1.0010568469668537,1.002491045508711,59.456011251884746,70.79341263373794,0.0261921166270983,0.5
MAIN,0.0,0.25,400,rate,DIFF,COR-500,DEF-0.75,1.0126726833349364,1.0103226105462364,1.0230645675226442,1.0,1.0025100358114025,1.0054746217515826,65.66533294833934,89.37828224233283,0.039379107815042266,0.75
MAIN,0.0,0.25,400,rate,DIFF,COR-500,RA-EST,1.0149925364786947,1.0118916767438737,1.0272348850939947,1.0,1.0047956415013903,1.0102527901325202,73.32284575145471,121.19488419972623,0.053090346610944576,1.0
MAIN,0.0,0.25,400,rate,DIFF,KS-2000,DEF-0.0,1.0028077813732819,1.0024828777909438,1.0053653581657687,1.0,0.9999499999999999,0.9999500000000001,50.0,50.0,0.0,0.0
MAIN,0.0,0.25,400,rate,DIFF,KS-2000,DEF-0.25,1.0028784097839167,1.0025587147218031,1.0055144510395642,1.0,1.000020348014453,1.0000822953120403,51.89719676836073,54.09796822508089,0.007296907180605928,0.25
MAIN,0.0,0.25,400,rate,DIFF,KS-2000,DEF-0.5,1.003082203111492,1.0027230555106152,1.0058641919063538,1.0,1.000223339597767,1.0004472076539699,53.944050974463195,58.92766340158729,0.01461817755877148,0.5
MAIN,0.0,0.25,400,rate,DIFF,KS-2000,DEF-0.75,1.0034236912289338,1.0029687599392876,1.0064545361520767,1.0,1.000563482651937,1.0010729253133734,56.15899862630698,64.704290570101,0.02195478669793654,0.75
MAIN,0.0,0.25,400,rate,DIFF,KS-2000,RA-EST,1.0039091902706492,1.00337010052483,1.0072437838142538,1.0,1.0010470624901526,1.001964028387379,58.56363364675303,71.73662251075102,0.029231850261587037,1.0
MAIN,0.0,0.25,400,rate,DIFF,MIS-G-10000,DEF-0.0,1.0001413734303926,1.0001091847136383,1.0003814334632855,0.81,0.9999499999999999,0.9999500000000001,50.0,50.0,0.0,0.0
MAIN,0.0,0.25,400,rate,DIFF,MIS-G-10000,DEF-0.25,1.0001453435737722,1.0001122315297546,1.0003896028114396,0.815,0.9999539687892799,0.999958301069322,50.38257512441451,50.643681083983,0.001796947630704491,0.25
MAIN,0.0,0.25,400,rate,DIFF,MIS-G-10000,DEF-0.5,1.0001574096420507,1.0001217733825456,1.0004190209224928,0.82,0.9999660306815937,0.9999848357689282,50.771052019559136,51.304151382732904,0.0035941689821294993,0.5
MAIN,0.0,0.25,400,rate,DIFF,MIS-G-10000,DEF-0.75,1.0001775787973977,1.0001379484330337,1.0004612328456333,0.825,0.9999861928355561,1.0000299371797832,51.16556836114256,51.982076451522346,0.005391715704485177,0.75
MAIN,0.0,0.25,400,rate,DIFF,MIS-G-10000,RA-EST,1.0002058603042956,1.0001609889881165,1.0005209388423733,0.855,1.0000144645110283,1.0000920008845442,51.566266142238696,52.678157495282164,0.007189639552818559,1.0
MAIN,0.0,0.25,400,rate,DIFF,MIS-G-2000,DEF-0.0,1.0008688719370478,1.0005243049703347,1.002179089664553,0.955,0.9999499999999999,0.9999500000000001,50.0,50.0,0.0,0.0
MAIN,0.0,0.25,400,rate,DIFF,MIS-G-2000,DEF-0.25,1.0008891808429718,1.0005349445563818,1.0022274156677298,0.96,0.9999702695465505,1.00000067807271,50.731545330454324,51.541817516041554,0.0034405155630949343,0.25
MAIN,0.0,0.25,400,rate,DIFF,MIS-G-2000,DEF-0.5,1.0009495165965558,1.0005766731706043,1.0023732366591607,0.96,1.0000304879904645,1.000151936852382,51.48481504902412,53.18175589336503,0.00688239364431115,0.5
MAIN,0.0,0.25,400,rate,DIFF,MIS-G-2000,DEF-0.75,1.0010500839142626,1.0006424413636352,1.0026268796842128,0.96,1.0001308594597689,1.0004017374838154,52.260791460223935,54.92949034065232,0.010326001587247637,0.75
MAIN,0.0,0.25,400,rate,DIFF,MIS-G-2000,RA-EST,1.00119115150968,1.0007165050887632,1.002983880783997,0.97,1.0002716518924253,1.000751592781156,53.060516997479525,56.79601144697331,0.01377170876084925,1.0
MAIN,0.0,0.25,400,rate,DIFF,MIS-I-2000,DEF-0.0,1.0017656341717256,1.0014646382879553,1.0034696835038064,1.0,0.9999499999999999,0.9999500000000001,50.0,50.0,0.0,0.0
MAIN,0.0,0.25,400,rate,DIFF,MIS-I-2000,DEF-0.25,1.0018060917765996,1.0015074295007038,1.0035766575868568,1.0,0.999990346665361,1.0000446423618348,51.018736170149396,51.91869702533379,0.005512057345097191,0.25
MAIN,0.0,0.25,400,rate,DIFF,MIS-I-2000,DEF-0.5,1.0019262993297078,1.0016012688779992,1.0038250508131121,1.0,1.0001102211598767,1.000289227487687,52.079848691741226,53.990528483675334,0.011014862887018646,0.5
MAIN,0.0,0.25,400,rate,DIFF,MIS-I-2000,DEF-0.75,1.0021269860573567,1.0017404021692422,1.004229741188251,1.0,1.0003103501297688,1.000678053619936,53.18603781920834,56.23458954930206,0.016509780711623127,0.75
MAIN,0.0,0.25,400,rate,DIFF,MIS-I-2000,RA-EST,1.0024090844266438,1.001978742385748,1.0047354365532954,1.0,1.0005916627183566,1.0012409294576603,54.34023820210268,58.673287913564145,0.021991281450268796,1.0
MAIN,0.0,0.25,400,rate,HT,COR-10000,DEF-0.0,0.99995,0.99995,0.99995,0.0,0.99995,0.99995,50.0,50.0,0.0,0.0
MAIN,0.0,0.25,400,rate,HT,COR-10000,DEF-0.25,0.9999825717837504,0.999977753537222,1.0000141453137905,0.16,0.9999825717837504,1.0000141453137905,51.06088641962465,52.441380129886014,0.004527844227079449,0.25
MAIN,0.0,0.25,400,rate,HT,COR-10000,DEF-0.5,1.0000804699173016,1.00006098237249,1.0002100269739402,0.835,1.0000804699173016,1.0002100269739402,52.1677684025495,55.1334326023243,0.009054405946087276,0.5
MAIN,0.0,0.25,400,rate,HT,COR-10000,DEF-0.75,1.0002441164392202,1.0002003404351845,1.0005380844031666,0.98,1.0002441164392202,1.0005380844031666,53.3237035218214,58.116857659927845,0.013598387705502766,0.75
MAIN,0.0,0.25,400,rate,HT,COR-10000,RA-EST,1.0004741405497146,1.0003951441522072,1.0009960754939937,0.995,1.0004741405497146,1.0009960754939937,54.53202649906616,61.441671695172836,0.018134330799738176,1.0
MAIN,0.0,0.25,400,rate,HT,COR-2000,DEF-0.0,0.99995,0.99995,0.99995,0.0,0.99995,0.99995,50.0,50.0,0.0,0.0
MAIN,0.0,0.25,400,rate,HT,COR-2000,DEF-0.25,1.0001203355204724,1.000088641163242,1.0002891441570005,0.87,1.0001203355204724,1.0002891441570005,52.52907347114028,55.499828392987276,0.010120093749174483,0.25
MAIN,0.0,0.25,400,rate,HT,COR-2000,DEF-0.5,1.0006341325392594,1.0005071948007762,1.0013299054966085,0.995,1.0006341325392594,1.0013299054966085,55.32762794850693,62.359144181785055,0.020287012197697615,0.5
MAIN,0.0,0.25,400,rate,HT,COR-2000,DEF-0.75,1.0014996748223828,1.001211062888066,1.0031398498971238,1.0,1.0014996748223828,1.0031398498971238,58.441158713953186,71.15312012125798,0.030518831425373347,0.75
MAIN,0.0,0.25,400,rate,HT,COR-2000,RA-EST,1.0027319824870777,1.002197923843665,1.0058083861070117,1.0,1.0027319824870777,1.0058083861070117,61.92601284620967,82.8346717722851,0.0407504300322995,1.0
MAIN,0.0,0.25,400,rate,HT,COR-500,DEF-0.0,0.99995,0.99995,0.99995,0.0,0.99995,0.99995,50.0,50.0,0.0,0.0
MAIN,0.0,0.25,400,rate,HT,COR-500,DEF-0.25,1.0006133662910213,1.000480256452985,1.0011703627534778,0.995,1.0006133662910213,1.0011703627534778,55.2151424061114,59.53592457345294,0.01979044953537127,0.25
MAIN,0.0,0.25,400,rate,HT,COR-500,DEF-0.5,1.002655999344052,1.0020740497712395,1.004911477395088,1.0,1.002655999344052,1.004911477395088,61.644905606065564,73.56639681257724,0.03961279772207811,0.5
MAIN,0.0,0.25,400,rate,HT,COR-500,DEF-0.75,1.0062387853548476,1.0047073557808326,1.0117367849105454,1.0,1.0062387853548476,1.0117367849105454,69.76956274490426,96.248762073614,0.059285187388122634,0.75
MAIN,0.0,0.25,400,rate,HT,COR-500,RA-EST,1.011757878146535,1.0086335766550474,1.0222114493177779,1.0,1.011757878146535,1.0222114493177779,80.3610442123809,139.15317682075494,0.08007918630930178,1.0
MAIN,0.0,0.25,400,rate,HT,KS-2000,DEF-0.0,0.99995,0.99995,0.99995,0.0,0.99995,0.99995,50.0,50.0,0.0,0.0
MAIN,0.0,0.25,400,rate,HT,KS-2000,DEF-0.25,1.0001360644634372,1.0001126726088065,1.0002902400992186,0.945,1.0001360644634372,1.0002902400992186,52.53228078355106,54.98111139222493,0.010961967843963253,0.25
MAIN,0.0,0.25,400,rate,HT,KS-2000,DEF-0.5,1.0006977191490893,1.0006010430030816,1.001324235174642,1.0,1.0006977191490893,1.001324235174642,55.33474315873067,61.064504249083626,0.021929876229051633,0.5
MAIN,0.0,0.25,400,rate,HT,KS-2000,DEF-0.75,1.0016443447360104,1.0014244981319922,1.003026132367156,1.0,1.0016443447360104,1.003026132367156,58.453064461722214,68.6615948850494,0.03300597257848489,0.75
MAIN,0.0,0.25,400,rate,HT,KS-2000,RA-EST,1.0029922511028642,1.0025703006118565,1.0054932902002671,1.0,1.0029922511028642,1.0054932902002671,61.943833312838535,78.41763932423594,0.043994515721156514,1.0
MAIN,0.0,0.25,400,rate,HT,MIS-G-10000,DEF-0.0,0.99995,0.99995,0.99995,0.0,0.99995,0.99995,50.0,50.0,0.0,0.0
MAIN,0.0,0.25,400,rate,HT,MIS-G-10000,DEF-0.25,0.999962095278254,0.9999599683498144,0.9999766307282658,0.01,0.999962095278254,0.9999766307282658,50.55988705177114,50.931295223759825,0.002713584570969024,0.25
MAIN,0.0,0.25,400,rate,HT,MIS-G-10000,DEF-0.5,0.9999983846351925,0.9999898776066356,1.0000565441480465,0.395,0.9999983846351925,1.0000565441480465,51.13245673995448,51.89794132812992,0.005427454058053279,0.5
MAIN,0.0,0.25,400,rate,HT,MIS-G-10000,DEF-0.75,1.0000588839691391,1.0000397380109574,1.0001898002513876,0.66,1.0000588839691391,1.0001898002513876,51.7181449940955,52.90199007200639,0.008141785809812037,0.75
MAIN,0.0,0.25,400,rate,HT,MIS-G-10000,RA-EST,1.0001436233777958,1.0001095650536325,1.0003764967175734,0.805,1.0001436233777958,1.0003764967175734,52.317407956574286,53.94565512504353,0.010856757498800378,1.0
MAIN,0.0,0.25,400,rate,HT,MIS-G-2000,DEF-0.0,0.99995,0.99995,0.99995,0.0,0.99995,0.99995,50.0,50.0,0.0,0.0
MAIN,0.0,0.25,400,rate,HT,MIS-G-2000,DEF-0.25,1.0000088208594562,0.9999858628108922,1.0000986079667393,0.375,1.0000088208594562,1.0000986079667393,51.03173983590804,52.111849660961184,0.005146695663618282,0.25
MAIN,0.0,0.25,400,rate,HT,MIS-G-2000,DEF-0.5,1.000185386968888,1.0000934685053213,1.0005447898675317,0.8,1.000185386968888,1.0005447898675317,52.106956464198326,54.409963675847656,0.010294010326234032,0.5
MAIN,0.0,0.25,400,rate,HT,MIS-G-2000,DEF-0.75,1.0004801474941811,1.0002728941042953,1.0012899675703946,0.925,1.0004801474941811,1.0012899675703946,53.22845716731251,56.92012170670194,0.015443160277691294,0.75
MAIN,0.0,0.25,400,rate,HT,MIS-G-2000,RA-EST,1.0008939512649473,1.0005242850561245,1.0023367620954087,0.955,1.0008939512649473,1.0023367620954087,54.399296232196754,59.673090865162195,0.020595365700264462,1.0
MAIN,0.0,0.25,400,rate,HT,MIS-I-2000,DEF-0.0,0.99995,0.99995,0.99995,0.0,0.99995,0.99995,50.0,50.0,0.0,0.0
MAIN,0.0,0.25,400,rate,HT,MIS-I-2000,DEF-0.25,1.0000662895348809,1.0000452190766107,1.0001667709933135,0.77,1.0000662895348809,1.0001667709933135,51.42786152276746,52.54834796326213,0.008386609614959722,0.25
MAIN,0.0,0.25,400,rate,HT,MIS-I-2000,DEF-0.5,1.0004157555439506,1.0003314186481722,1.0008158664675404,0.99,1.0004157555439506,1.0008158664675404,52.93967550769456,55.37040956209348,0.01678503405606098,0.5
MAIN,0.0,0.25,400,rate,HT,MIS-I-2000,DEF-0.75,1.0010001834211502,1.0008097055785958,1.0019053420569795,1.0,1.0010001834211502,1.0019053420569795,54.543070653580735,58.512786179939475,0.025199534345247302,0.75
MAIN,0.0,0.25,400,rate,HT,MIS-I-2000,RA-EST,1.001822589689996,1.0014822962776693,1.0034478549429675,1.0,1.001822589689996,1.0034478549429675,56.2466288615908,62.03329459147786,0.033642102296997364,1.0
MAIN,0.0,0.7,100,dollars,DIFF,COR-10000,DEF-0.0,3.769260884815387,3.768434646298083,3.7732730580373475,1.0,0.99995,0.9999500000000002,200.0,200.0,0.0,0.0
MAIN,0.0,0.7,100,dollars,DIFF,COR-10000,DEF-0.25,1.7016412985482197,1.7012948743994256,1.7061009927642714,1.0,0.45142995328638685,0.45244382502870406,266.3763624959761,266.39030525477745,0.2761778706015075,0.25
MAIN,0.0,0.7,100,dollars,DIFF,COR-10000,DEF-0.5,1.2740512561177195,1.273893343331855,1.276873152020026,1.0,0.33799423489618263,0.33864569693821145,398.69646938494043,398.75894599356707,0.517426601635278,0.5
MAIN,0.0,0.7,100,dollars,DIFF,COR-10000,DEF-0.75,1.079489573495959,1.0794210947656249,1.0810794996423083,1.0,0.28637878772223774,0.28673878833853506,792.2294619849107,792.5995974801828,0.8335054239365545,0.75
MAIN,0.0,0.7,100,dollars,DIFF,COR-10000,RA-EST,1.0006071266873315,1.0005173416430067,1.0010696862501738,1.0,0.26545195693614704,0.265587971812233,61171.78971923726,64261.36882349983,1.7761187849442304,1.0
MAIN,0.0,0.7,100,dollars,DIFF,COR-2000,DEF-0.0,3.781901331855621,3.779344842853396,3.800497340890286,1.0,0.99995,0.9999500000000002,200.0,200.0,0.0,0.0
MAIN,0.0,0.7,100,dollars,DIFF,COR-2000,DEF-0.25,1.707103323362154,1.704825595050539,1.7189099590918058,1.0,0.45136516791457326,0.45337937542702056,266.3742317581286,266.40700998239026,0.2761834580366511,0.25
MAIN,0.0,0.7,100,dollars,DIFF,COR-2000,DEF-0.5,1.2777681600784014,1.2764032131249161,1.2853096472690884,1.0,0.33784775796845695,0.3390277278274729,398.6869228337413,398.8338159926154,0.5174448953346844,0.5
MAIN,0.0,0.7,100,dollars,DIFF,COR-2000,DEF-0.75,1.082365620563792,1.0816097371731308,1.086840666391514,1.0,0.28618290376664474,0.2869007430695148,792.1729247739797,793.0434592687238,0.8335446513610086,0.75
MAIN,0.0,0.7,100,dollars,DIFF,COR-2000,RA-EST,1.0030203529733235,1.0026478325285968,1.0056673338849453,1.0,0.26520417292745385,0.26568099881481616,60725.592458467254,68400.28901136096,1.776099217123661,1.0
MAIN,0.0,0.7,100,dollars,DIFF,COR-500,DEF-0.0,3.837146925285862,3.8196058775251034,3.9147310372410944,1.0,0.99995,0.9999500000000001,200.0,200.0,0.0,0.0
MAIN,0.0,0.7,100,dollars,DIFF,COR-500,DEF-0.25,1.729490157985707,1.7209347269208717,1.7628931563196601,1.0,0.45071979302248794,0.45614578432950365,266.37432374325476,266.4377548348291,0.27658860657476714,0.25
MAIN,0.0,0.7,100,dollars,DIFF,COR-500,DEF-0.5,1.2932881482974894,1.287350605299673,1.3173904774051883,1.0,0.33705010813902114,0.3408479343154526,398.6873349573226,398.9716622555439,0.5181357477632658,0.5
MAIN,0.0,0.7,100,dollars,DIFF,COR-500,DEF-0.75,1.0948645694733028,1.0907911393193779,1.112242159271879,1.0,0.2853429730436621,0.2879435169562058,792.1753653684556,793.861535760744,0.8347253593298125,0.75
MAIN,0.0,0.7,100,dollars,DIFF,COR-500,RA-EST,1.0146380733089273,1.0121503354408574,1.0270177403203733,1.0,0.2644369248916478,0.26669714203433526,60744.72064273621,77595.83896882451,1.7818447470701964,1.0
MAIN,0.0,0.7,100,dollars,DIFF,KS-2000,DEF-0.0,3.7840673101134645,3.779392440867177,3.8046484212023537,1.0,0.99995,0.9999500000000002,200.0,200.0,0.0,0.0
MAIN,0.0,0.7,100,dollars,DIFF,KS-2000,DEF-0.25,1.7075306413522957,1.7052066370917096,1.7185590643568684,1.0,0.45122014839299934,0.4537068831140172,266.38012891387746,266.41081908497665,0.27630946728986516,0.25
MAIN,0.0,0.7,100,dollars,DIFF,KS-2000,DEF-0.5,1.2781167936483282,1.2768541391203048,1.2858744768135668,1.0,0.3377470785685397,0.33931385221067234,398.7133451767816,398.8508908583607,0.5176525898795727,0.5
MAIN,0.0,0.7,100,dollars,DIFF,KS-2000,DEF-0.75,1.0827332343277434,1.0819750982775063,1.0878399701036967,1.0,0.2861169090285986,0.28703530232086527,792.3294180254907,793.1447324035423,0.8338918139114346,0.75
MAIN,0.0,0.7,100,dollars,DIFF,KS-2000,RA-EST,1.003537846841959,1.0030499782838511,1.0064164050317796,1.0,0.2651899128826868,0.2657409867687659,61976.748686804596,69419.14862997147,1.7781831125295762,1.0
MAIN,0.0,0.7,100,dollars,DIFF,MIS-G-10000,DEF-0.0,3.7677414253490626,3.7667890845801097,3.771576582654637,1.0,0.99995,0.9999500000000001,200.0,200.0,0.0,0.0
MAIN,0.0,0.7,100,dollars,DIFF,MIS-G-10000,DEF-0.25,1.7007745074613478,1.7004109007780182,1.7051943595149115,1.0,0.45138182188007975,0.4524147694019857,266.3766051194608,266.38685292966113,0.27624637743316743,0.25
MAIN,0.0,0.7,100,dollars,DIFF,MIS-G-10000,DEF-0.5,1.2734344250229868,1.2732647386129181,1.276335818679076,1.0,0.337966735259785,0.3386296788134874,398.6975564535004,398.7434751307908,0.5175493805694094,0.5
MAIN,0.0,0.7,100,dollars,DIFF,MIS-G-10000,DEF-0.75,1.0790053581385823,1.0788824979279714,1.0806115178669033,1.0,0.28636569893407793,0.2867172723909486,792.2359002292085,792.5079207119356,0.833740480575935,0.75
MAIN,0.0,0.7,100,dollars,DIFF,MIS-G-10000,RA-EST,1.0002207989485203,1.0001494764081327,1.0005330911916928,1.0,0.26545644928109036,0.2655723164506643,61223.00771317558,63467.67162467216,1.7773901319977643,1.0
MAIN,0.0,0.7,100,dollars,DIFF,MIS-G-2000,DEF-0.0,3.7774304162665064,3.771777947547147,3.795947112268289,1.0,0.99995,0.9999500000000002,200.0,200.0,0.0,0.0
MAIN,0.0,0.7,100,dollars,DIFF,MIS-G-2000,DEF-0.25,1.7040936494651426,1.7019877932409995,1.7137359519595865,1.0,0.4511073792669316,0.4532792458105588,266.3764607014617,266.3973952691053,0.2762613194818064,0.25
MAIN,0.0,0.7,100,dollars,DIFF,MIS-G-2000,DEF-0.5,1.2753450922223448,1.2738965867072631,1.2813945715620625,1.0,0.3376100750644441,0.33908866641920327,398.69690939168737,398.7907208944156,0.5175785117072188,0.5
MAIN,0.0,0.7,100,dollars,DIFF,MIS-G-2000,DEF-0.75,1.0802309636750083,1.0794223765369002,1.083917329812864,1.0,0.28595974659975676,0.2869358361701558,792.2320679484336,792.7879324042092,0.8337843999381533,0.75
MAIN,0.0,0.7,100,dollars,DIFF,MIS-G-2000,RA-EST,1.0010151021559273,1.0006252825794726,1.0023999985594412,1.0,0.2649895505137287,0.26557952726267914,61192.50973726599,65955.15381057058,1.7776044616873858,1.0
MAIN,0.0,0.7,100,dollars,DIFF,MIS-I-2000,DEF-0.0,3.7821505330927447,3.777437010039576,3.798355571736844,1.0,0.99995,0.9999500000000002,200.0,200.0,0.0,0.0
MAIN,0.0,0.7,100,dollars,DIFF,MIS-I-2000,DEF-0.25,1.7062445301207865,1.7037180778113954,1.7195754511082777,1.0,0.45111416675205646,0.4535056726286063,266.37629824678703,266.4002331435701,0.2763279543295628,0.25
MAIN,0.0,0.7,100,dollars,DIFF,MIS-I-2000,DEF-0.5,1.2769492795121353,1.2756379001062266,1.2847592094287534,1.0,0.3376143488025868,0.33909135568127596,398.69618151838415,398.8034401737366,0.5177175041263072,0.5
MAIN,0.0,0.7,100,dollars,DIFF,MIS-I-2000,DEF-0.75,1.0815953217393217,1.0807549135745007,1.086747507949298,1.0,0.28596530474892495,0.28686306981949583,792.227757080123,792.8633382613039,0.8340126863768886,0.75
MAIN,0.0,0.7,100,dollars,DIFF,MIS-I-2000,RA-EST,1.0023128192733242,1.0016539234861126,1.0046081977988912,1.0,0.2650039554302295,0.2656470607602842,61158.23439837349,66658.34516343454,1.7788068378664954,1.0
MAIN,0.0,0.7,100,dollars,HT,COR-10000,DEF-0.0,10.185391645545424,10.185391645545424,10.185391645545424,1.0,0.9999500000000002,0.9999500000000002,200.0,200.0,0.0,0.0
MAIN,0.0,0.7,100,dollars,HT,COR-10000,DEF-0.25,3.3151291946589656,3.3143402505386783,3.327178671205731,1.0,0.3254625402302553,0.326645496614481,266.37788951352667,266.3873759933657,0.2763297022475757,0.25
MAIN,0.0,0.7,100,dollars,HT,COR-10000,DEF-0.5,1.9018939168985716,1.9013730550127956,1.9096165489951349,1.0,0.18671828127831272,0.18747645005902286,398.70331121658967,398.7458190779398,0.5176930702991991,0.5
MAIN,0.0,0.7,100,dollars,HT,COR-10000,DEF-0.75,1.2604111961867377,1.2600665556648911,1.2648527210972949,1.0,0.12374076711896898,0.12417681346739329,792.269984422091,792.5218094876717,0.8339842605419123,0.75
MAIN,0.0,0.7,100,dollars,HT,COR-10000,RA-EST,1.0001834168807349,1.0001537514141439,1.0003233297203755,1.0,0.0981929259585515,0.09820666189025325,61495.60587356427,63586.651309289635,1.778580606868323,1.0
MAIN,0.0,0.7,100,dollars,HT,COR-2000,DEF-0.0,10.185391645545424,10.185391645545424,10.185391645545424,1.0,0.9999500000000002,0.9999500000000002,200.0,200.0,0.0,0.0
MAIN,0.0,0.7,100,dollars,HT,COR-2000,DEF-0.25,3.315043932529138,3.3147317576003976,3.3377972617767724,1.0,0.32545416962756385,0.3276879758839117,266.37923206278947,266.4034228664021,0.27635188595362264,0.25
MAIN,0.0,0.7,100,dollars,HT,COR-2000,DEF-0.5,1.9019774062749184,1.9017613615163296,1.9166688018518696,1.0,0.18672647784107468,0.18816880441214937,398.70932666392474,398.8177370743674,0.517719718196145,0.5
MAIN,0.0,0.7,100,dollars,HT,COR-2000,DEF-0.75,1.2606792149945836,1.260454901810418,1.2691331295944508,1.0,0.12376707984372538,0.12459704222497898,792.3056146739507,792.9481083991434,0.8340439056977877,0.75
MAIN,0.0,0.7,100,dollars,HT,COR-2000,RA-EST,1.0008848625976876,1.000752721905684,1.0016579458730708,1.0,0.09826179033501108,0.0983376877229684,61783.15142647337,67466.84803237068,1.7788880163846499,1.0
MAIN,0.0,0.7,100,dollars,HT,COR-500,DEF-0.0,10.185391645545424,10.185391645545424,10.185391645545424,1.0,0.9999500000000002,0.9999500000000002,200.0,200.0,0.0,0.0
MAIN,0.0,0.7,100,dollars,HT,COR-500,DEF-0.25,3.320530144540411,3.3199324533246872,3.368039881898324,1.0,0.3259927780475034,0.3306570426653321,266.37909635061726,266.4228509018274,0.2761847367224082,0.25
MAIN,0.0,0.7,100,dollars,HT,COR-500,DEF-0.5,1.9063733329045436,1.9057145219675258,1.9371434665461182,1.0,0.187158047581961,0.19017890296049222,398.70871858460407,398.9048317085519,0.5174379734009162,0.5
MAIN,0.0,0.7,100,dollars,HT,COR-500,DEF-0.75,1.264385863021299,1.2639677235312494,1.2830184740539503,1.0,0.12413097971358805,0.12596023479287094,792.3020128514753,793.4647762004041,0.8335234633926878,0.75
MAIN,0.0,0.7,100,dollars,HT,COR-500,RA-EST,1.0043563692922453,1.0034781919703448,1.009282612585768,1.0,0.0986026052236306,0.09908623876005063,61753.968657862344,72848.33939996388,1.7767109665811633,1.0
MAIN,0.0,0.7,100,dollars,HT,KS-2000,DEF-0.0,10.185391645545424,10.185391645545424,10.185391645545424,1.0,0.9999500000000002,0.9999500000000002,200.0,200.0,0.0,0.0
MAIN,0.0,0.7,100,dollars,HT,KS-2000,DEF-0.25,3.316517504037244,3.3160534626421514,3.3430415872637584,1.0,0.32559883739104406,0.328202837113917,266.37477391030893,266.40341443811326,0.2762777524375338,0.25
MAIN,0.0,0.7,100,dollars,HT,KS-2000,DEF-0.5,1.90296884485828,1.902661280320639,1.9200934507090341,1.0,0.18682381224371067,0.18850501903637737,398.689351861623,398.81769929622305,0.5175963167557347,0.5
MAIN,0.0,0.7,100,dollars,HT,KS-2000,DEF-0.75,1.2613144541663868,1.2611917421381484,1.2712331746505237,1.0,0.12382944439797622,0.12480321397829967,792.1873096103134,792.9478843836247,0.8338190835243453,0.75
MAIN,0.0,0.7,100,dollars,HT,KS-2000,RA-EST,1.001064869858745,1.000950614638277,1.0018159993354074,1.0,0.09827946253328859,0.09835320460883433,60838.5027519845,67464.68103490447,1.7776288913626326,1.0
MAIN,0.0,0.7,100,dollars,HT,MIS-G-10000,DEF-0.0,10.185391645545424,10.185391645545424,10.185391645545424,1.0,0.9999500000000002,0.9999500000000002,200.0,200.0,0.0,0.0
MAIN,0.0,0.7,100,dollars,HT,MIS-G-10000,DEF-0.25,3.3154874861925436,3.3149676191569686,3.326215338132561,1.0,0.3254977154725502,0.32655092146803216,266.3777753170939,266.38336176097624,0.276278307047102,0.25
MAIN,0.0,0.7,100,dollars,HT,MIS-G-10000,DEF-0.5,1.9020863736095404,1.9017716368806097,1.9088963478268601,1.0,0.18673717570032713,0.18740574436764856,398.70279955183423,398.7278310122708,0.5175946154852809,0.5
MAIN,0.0,0.7,100,dollars,HT,MIS-G-10000,DEF-0.75,1.2604779464025557,1.260322856073493,1.2643907787217146,1.0,0.12374732031600155,0.12413146231207828,792.2669538655733,792.4152316095152,0.8337980557574134,0.75
MAIN,0.0,0.7,100,dollars,HT,MIS-G-10000,RA-EST,1.000066504013916,1.0000455182609793,1.0001673048129047,1.0,0.09818144804731904,0.098191344157597,61471.270721059176,62684.72774463809,1.7775862842510457,1.0
MAIN,0.0,0.7,100,dollars,HT,MIS-G-2000,DEF-0.0,10.185391645545424,10.185391645545424,10.185391645545424,1.0,0.9999500000000002,0.9999500000000002,200.0,200.0,0.0,0.0
MAIN,0.0,0.7,100,dollars,HT,MIS-G-2000,DEF-0.25,3.3157809341104616,3.3152532015328626,3.3385150746068835,1.0,0.3255265246981287,0.32775844710038016,266.37791714173454,266.3912553151415,0.27626983064061694,0.25
MAIN,0.0,0.7,100,dollars,HT,MIS-G-2000,DEF-0.5,1.9022679861266818,1.9019592270362375,1.9169678377844608,1.0,0.18675500549449076,0.18819816224061595,398.70343500677484,398.76320362661886,0.5175769929084474,0.5
MAIN,0.0,0.7,100,dollars,HT,MIS-G-2000,DEF-0.75,1.260625784286159,1.260511490383728,1.269110093529104,1.0,0.12376183428825258,0.12459478066112899,792.2707176258473,792.6248296841065,0.8337633628950323,0.75
MAIN,0.0,0.7,100,dollars,HT,MIS-G-2000,RA-EST,1.0003121099299392,1.0001880282651407,1.000790524796596,1.0,0.09820556038823573,0.09825252872902827,61501.496759108,64483.24969854149,1.7774278357193698,1.0
MAIN,0.0,0.7,100,dollars,HT,MIS-I-2000,DEF-0.0,10.185391645545424,10.185391645545424,10.185391645545424,1.0,0.9999500000000002,0.9999500000000002,200.0,200.0,0.0,0.0
MAIN,0.0,0.7,100,dollars,HT,MIS-I-2000,DEF-0.25,3.3162323025627427,3.315789321677152,3.3369736922003654,1.0,0.32557083775938017,0.32760712200743963,266.37776612749315,266.39529819273537,0.2762442453958773,0.25
MAIN,0.0,0.7,100,dollars,HT,MIS-I-2000,DEF-0.5,1.902696740946993,1.9025700856435044,1.9160485868645611,1.0,0.1867970984642547,0.18810791485599468,398.7027583778226,398.7813221986065,0.5175121631288075,0.5
MAIN,0.0,0.7,100,dollars,HT,MIS-I-2000,DEF-0.75,1.2610309055031141,1.2610075549976845,1.268807405560506,1.0,0.12380160703092087,0.12456506429432321,792.2667100053552,792.7322186246525,0.8336379896836645,0.75
MAIN,0.0,0.7,100,dollars,HT,MIS-I-2000,RA-EST,1.00071079328562,1.0005386280495503,1.001373680273498,1.0,0.09824470109439477,0.09830977997074986,61469.325820025355,65444.93516209799,1.7769037125197058,1.0
MAIN,0.0,0.7,100,rate,DIFF,COR-10000,DEF-0.0,1.0004535852825487,1.0003860203140649,1.0008360581283882,0.995,0.99995,0.9999500000000002,200.0,200.0,0.0,0.0
MAIN,0.0,0.7,100,rate,DIFF,COR-10000,DEF-0.25,1.000459689707919,1.0003915014740796,1.0008538667858713,0.995,0.9999561001536205,0.9999622012135739,202.45785124266314,205.09199492000093,0.0022701047885432405,0.25
MAIN,0.0,0.7,100,rate,DIFF,COR-10000,DEF-0.5,1.000477958075169,1.0004076371780122,1.0008768126411096,0.995,0.9999743556036194,0.9999930350627416,204.9768649087017,210.45005821553994,0.0045421886076632174,0.5
MAIN,0.0,0.7,100,rate,DIFF,COR-10000,DEF-0.75,1.000508451846894,1.0004318978175188,1.0009245339435122,0.995,1.000004827763046,1.0000475298157738,207.5593527748639,216.09560425907338,0.006813191617851664,0.75
MAIN,0.0,0.7,100,rate,DIFF,COR-10000,RA-EST,1.0005512420792457,1.0004655751043712,1.0010048088249042,0.995,1.0000475876301003,1.000121063332866,210.20774461076755,222.05240891381047,0.009084277242231771,1.0
MAIN,0.0,0.7,100,rate,DIFF,COR-2000,DEF-0.0,1.0023680512783553,1.0021052145532057,1.0042993722428526,1.0,0.99995,0.9999500000000002,200.0,200.0,0.0,0.0
MAIN,0.0,0.7,100,rate,DIFF,COR-2000,DEF-0.25,1.0024084817710015,1.0021558243191895,1.004362847032581,1.0,0.9999902840774668,1.0000455335085408,205.79965983922153,212.95569634098655,0.0051163539884929235,0.25
MAIN,0.0,0.7,100,rate,DIFF,COR-2000,DEF-0.5,1.0025146401364944,1.0022248698149325,1.004628668998916,1.0,1.0000960636502345,1.0002749340068262,211.94573975847248,227.70615586637484,0.01023433172302934,0.5
MAIN,0.0,0.7,100,rate,DIFF,COR-2000,DEF-0.75,1.0026883944733258,1.0023628718084692,1.0049227528179883,1.0,1.0002691990600503,1.0006196181079112,218.47023475324505,244.65207834297476,0.015355292291651935,0.75
MAIN,0.0,0.7,100,rate,DIFF,COR-2000,RA-EST,1.0029320592278312,1.0025715822776355,1.005575696034862,1.0,1.000511995018818,1.001091571235306,225.40920519397503,264.32303479002945,0.020559875953742028,1.0
MAIN,0.0,0.7,100,rate,DIFF,COR-500,DEF-0.0,1.0106599334983029,1.0092485342603623,1.0203909911370825,1.0,0.99995,0.9999500000000002,200.0,200.0,0.0,0.0
MAIN,0.0,0.7,100,rate,DIFF,COR-500,DEF-0.25,1.0109014607766003,1.009426137460426,1.0207813055411599,1.0,1.00018761357363,1.0005404138944403,213.78343943590883,233.60167934277897,0.010564457477964567,0.25
MAIN,0.0,0.7,100,rate,DIFF,COR-500,DEF-0.5,1.0115076419362676,1.0099907727785444,1.021980370521741,1.0,1.0007839802390175,1.0017930211653836,229.6073359468911,280.7740941114276,0.0212096061024374,0.5
MAIN,0.0,0.7,100,rate,DIFF,COR-500,DEF-0.75,1.0125596543543829,1.0107938297903143,1.0234089107461504,1.0,1.0018185087933498,1.0036207434381361,247.96100269366306,351.81872256929415,0.03211064379776331,0.75
MAIN,0.0,0.7,100,rate,DIFF,COR-500,RA-EST,1.0142825493079,1.0118938014291416,1.0262919581580547,1.0,1.0035108793713807,1.006681817202236,269.5037992353326,470.99536770868525,0.04308786658396774,1.0
MAIN,0.0,0.7,100,rate,DIFF,KS-2000,DEF-0.0,1.002861223857625,1.0025311856665275,1.0051676670063872,1.0,0.99995,0.9999500000000002,200.0,200.0,0.0,0.0
MAIN,0.0,0.7,100,rate,DIFF,KS-2000,DEF-0.25,1.0029006107628973,1.002561475432136,1.005190773753729,1.0,0.9999892345911349,1.000034862537516,206.13541904147837,212.96249380483368,0.0054976308560099885,0.25
MAIN,0.0,0.7,100,rate,DIFF,KS-2000,DEF-0.5,1.0030140059909525,1.0026329714424906,1.0053996750614824,1.0,1.0001021834047625,1.000243845549268,212.65918624854453,227.72172008410797,0.010995726261246456,0.5
MAIN,0.0,0.7,100,rate,DIFF,KS-2000,DEF-0.75,1.0032032498101477,1.0028215581262292,1.0058954446195185,1.0,1.0002906781844687,1.0005846981310191,219.6093781784761,244.67907018206728,0.01654081763375324,0.75
MAIN,0.0,0.7,100,rate,DIFF,KS-2000,RA-EST,1.0034706217695746,1.0030498712993088,1.0063507049510692,1.0,1.000556987843927,1.0010880120428283,227.02921733461838,264.3651187064019,0.022093807546230138,1.0
MAIN,0.0,0.7,100,rate,DIFF,MIS-G-10000,DEF-0.0,1.0001403951744323,1.000081212421572,1.0004221536056412,0.715,0.99995,0.9999500000000002,200.0,200.0,0.0,0.0
MAIN,0.0,0.7,100,rate,DIFF,MIS-G-10000,DEF-0.25,1.0001427557902658,1.0000828635756944,1.0004260143180668,0.715,0.9999523596381795,0.9999561625916175,201.0286641641772,202.094784412622,0.001227110016342822,0.25
MAIN,0.0,0.7,100,rate,DIFF,MIS-G-10000,DEF-0.5,1.0001497237671588,1.0000876984115037,1.000440269930416,0.72,0.9999593247530635,0.9999723749611769,202.06796455364167,204.23391468152604,0.0024542928201331544,0.5
MAIN,0.0,0.7,100,rate,DIFF,MIS-G-10000,DEF-0.75,1.0001613037867187,1.000095718086031,1.0004649325828419,0.725,0.9999709000234855,0.9999997941225051,203.11806699134132,206.41881405645685,0.0036815648580139967,0.75
MAIN,0.0,0.7,100,rate,DIFF,MIS-G-10000,RA-EST,1.0001775013636838,1.0001069239382194,1.0005007859680874,0.725,0.9999870909609127,1.0000377847801,204.17914076523112,208.65096735030315,0.00490894259222601,1.0
MAIN,0.0,0.7,100,rate,DIFF,MIS-G-2000,DEF-0.0,1.0008339233347925,1.0004925441234662,1.0020963023336726,0.94,0.99995,0.9999500000000002,200.0,200.0,0.0,0.0
MAIN,0.0,0.7,100,rate,DIFF,MIS-G-2000,DEF-0.25,1.0008441380709987,1.0005023920709346,1.0021004786640397,0.94,0.9999601961816275,0.9999761272913528,202.23526879334813,204.71691447084913,0.002546436302612058,0.25
MAIN,0.0,0.7,100,rate,DIFF,MIS-G-2000,DEF-0.5,1.0008754910113808,1.0005248903518416,1.0021450768188398,0.945,0.9999914907471443,1.0000489446461647,204.52106659996377,209.66169590805595,0.0050937857107932714,0.5
MAIN,0.0,0.7,100,rate,DIFF,MIS-G-2000,DEF-0.75,1.0009280795124353,1.0005594791257253,1.0022362342370543,0.945,1.0000439807755415,1.000180551543036,206.8591263455229,214.85126487501168,0.007642196568537079,0.75
MAIN,0.0,0.7,100,rate,DIFF,MIS-G-2000,RA-EST,1.0010020193578968,1.0006095132401356,1.0024021180605154,0.955,1.000117781719597,1.0003577834749933,209.25126111452886,220.30425973268078,0.01019181792151597,1.0
MAIN,0.0,0.7,100,rate,DIFF,MIS-I-2000,DEF-0.0,1.001909981256701,1.0013938552768247,1.0037788771424523,1.0,0.99995,0.9999500000000002,200.0,200.0,0.0,0.0
MAIN,0.0,0.7,100,rate,DIFF,MIS-I-2000,DEF-0.25,1.001932313797103,1.001399520918731,1.0038661096585273,1.0,0.9999722734540957,1.0000042717242066,203.2743991959008,206.63734428953154,0.0041411041655336454,0.25
MAIN,0.0,0.7,100,rate,DIFF,MIS-I-2000,DEF-0.5,1.0020016561137701,1.0014290315247187,1.004024531061837,1.0,1.000041414532416,1.0001460027361677,206.65780007930582,213.73035401841085,0.008277608856334516,0.5
MAIN,0.0,0.7,100,rate,DIFF,MIS-I-2000,DEF-0.75,1.0021183085645513,1.001487288431679,1.0042898683307224,1.0,1.000157722608738,1.0003823524495365,210.15573763492688,221.32762048559164,0.012416300891909803,0.75
MAIN,0.0,0.7,100,rate,DIFF,MIS-I-2000,RA-EST,1.0022826473061182,1.0016059878807693,1.0046171292302628,1.0,1.0003215725573618,1.0007322557660507,213.7741280477493,229.48489853789553,0.016560959428407563,1.0
MAIN,0.0,0.7,100,rate,HT,COR-10000,DEF-0.0,0.9999499999999998,0.9999499999999998,0.9999499999999998,0.0,0.9999499999999998,0.9999499999999998,200.0,200.0,0.0,0.0
MAIN,0.0,0.7,100,rate,HT,COR-10000,DEF-0.25,0.9999612983682461,0.999959629392813,0.999969983023896,0.0,0.9999612983682461,0.999969983023896,201.803874812252,203.59329341501072,0.0016983710025014333,0.25
MAIN,0.0,0.7,100,rate,HT,COR-10000,DEF-0.5,0.9999952194421369,0.999988531934892,1.0000299326127253,0.375,0.9999952194421369,1.0000299326127253,203.64058549266088,207.31806710443917,0.003397369296539254,0.5
MAIN,0.0,0.7,100,rate,HT,COR-10000,DEF-0.75,1.0000518086521808,1.0000367546274118,1.000129880773947,0.785,1.0000518086521808,1.000129880773947,205.51103684329877,211.18167196810757,0.005097747192600818,0.75
MAIN,0.0,0.7,100,rate,HT,COR-10000,RA-EST,1.0001311202064875,1.0001043414696351,1.0002698869320248,0.925,1.0001311202064875,1.0002698869320248,207.41616721726223,215.19201728708998,0.00679943501896833,1.0
MAIN,0.0,0.7,100,rate,HT,COR-2000,DEF-0.0,0.9999499999999998,0.9999499999999998,0.9999499999999998,0.0,0.9999499999999998,0.9999499999999998,200.0,200.0,0.0,0.0
MAIN,0.0,0.7,100,rate,HT,COR-2000,DEF-0.25,1.0000040811265791,0.9999975863596214,1.0000519652071114,0.46,1.0000040811265791,1.0000519652071114,203.91045273022877,208.20636266584415,0.003775495149381841,0.25
MAIN,0.0,0.7,100,rate,HT,COR-2000,DEF-0.5,1.0001667709736446,1.0001405761064652,1.0003613244593934,0.925,1.0001667709736446,1.0003613244593934,207.97689120689517,217.1149860458254,0.007555546844462309,0.5
MAIN,0.0,0.7,100,rate,HT,COR-2000,DEF-0.75,1.0004389102321014,1.000377821460038,1.0008800089174004,0.985,1.0004389102321014,1.0008800089174004,212.20883990418423,226.82004397294043,0.011320683023620388,0.75
MAIN,0.0,0.7,100,rate,HT,COR-2000,RA-EST,1.0008215897370871,1.000708129076977,1.0016307562615752,1.0,1.0008215897370871,1.0016307562615752,216.6166149336172,237.43333663980744,0.015070031680993535,1.0
MAIN,0.0,0.7,100,rate,HT,COR-500,DEF-0.0,0.9999499999999998,0.9999499999999998,0.9999499999999998,0.0,0.9999499999999998,0.9999499999999998,200.0,200.0,0.0,0.0
MAIN,0.0,0.7,100,rate,HT,COR-500,DEF-0.25,1.0002045148095347,1.0001538732725612,1.0004455733903985,0.94,1.0002045148095347,1.0004455733903985,208.83188613612583,223.55503192370975,0.007814659052623319,0.25
MAIN,0.0,0.7,100,rate,HT,COR-500,DEF-0.5,1.000981751634537,1.0007687575416573,1.0019585787644398,0.995,1.000981751634537,1.0019585787644398,218.47983731638396,253.39991972937887,0.015660488151836287,0.5
MAIN,0.0,0.7,100,rate,HT,COR-500,DEF-0.75,1.0023117655897769,1.001803920559015,1.0045542376774863,0.995,1.0023117655897769,1.0045542376774863,229.06243960064432,292.44269972697657,0.02356532560264686,0.75
MAIN,0.0,0.7,100,rate,HT,COR-500,RA-EST,1.0042528625439093,1.0032969305070627,1.008226182750812,1.0,1.0042528625439093,1.008226182750812,240.72242521812012,345.71118571670746,0.03165904987662274,1.0
MAIN,0.0,0.7,100,rate,HT,KS-2000,DEF-0.0,0.9999499999999998,0.9999499999999998,0.9999499999999998,0.0,0.9999499999999998,0.9999499999999998,200.0,200.0,0.0,0.0
MAIN,0.0,0.7,100,rate,HT,KS-2000,DEF-0.25,1.000015932788798,1.000007722004822,1.0000707745409374,0.59,1.000015932788798,1.0000707745409374,204.3285672821865,209.2219623885677,0.004158182698835246,0.25
MAIN,0.0,0.7,100,rate,HT,KS-2000,DEF-0.5,1.0002144123366061,1.0001810729937781,1.000433722515421,0.985,1.0002144123366061,1.000433722515421,208.8486452943615,219.3355178308934,0.008319463374323467,0.5
MAIN,0.0,0.7,100,rate,HT,KS-2000,DEF-0.75,1.0005466789472155,1.0004744695833088,1.0010400154390617,1.0,1.0005466789472155,1.0010400154390617,213.5732312666256,230.47654160140814,0.012533551671135111,0.75
MAIN,0.0,0.7,100,rate,HT,KS-2000,RA-EST,1.0010142912988567,1.0008863946590378,1.0018911451228483,1.0,1.0010142912988567,1.0018911451228483,218.51652576591465,242.8099972482879,0.016747525873565802,1.0
MAIN,0.0,0.7,100,rate,HT,MIS-G-10000,DEF-0.0,0.9999499999999998,0.9999499999999998,0.9999499999999998,0.0,0.9999499999999998,0.9999499999999998,200.0,200.0,0.0,0.0
MAIN,0.0,0.7,100,rate,HT,MIS-G-10000,DEF-0.25,0.9999542533693798,0.9999529261193989,0.9999605669109334,0.0,0.9999542533693798,0.9999605669109334,200.7870799608819,201.44566240806043,0.0009362226977158903,0.25
MAIN,0.0,0.7,100,rate,HT,MIS-G-10000,DEF-0.5,0.9999670158816965,0.9999617049065758,0.9999922729428918,0.06,0.9999670158816965,0.9999922729428918,201.5803793609042,202.91237882480905,0.0018724795740124316,0.5
MAIN,0.0,0.7,100,rate,HT,MIS-G-10000,DEF-0.75,0.9999882917706374,0.9999763371439052,1.0000451278418074,0.295,0.9999882917706374,1.0000451278418074,202.37997221087605,204.4006126124287,0.0028087780088076877,0.75
MAIN,0.0,0.7,100,rate,HT,MIS-G-10000,RA-EST,1.0000180861090298,0.9999968237990934,1.0001191437549195,0.48,1.0000180861090298,1.0001191437549195,203.1859337005825,205.91084083238354,0.003745125386201401,1.0
MAIN,0.0,0.7,100,rate,HT,MIS-G-2000,DEF-0.0,0.9999499999999998,0.9999499999999998,0.9999499999999998,0.0,0.9999499999999998,0.9999499999999998,200.0,200.0,0.0,0.0
MAIN,0.0,0.7,100,rate,HT,MIS-G-2000,DEF-0.25,0.9999699152930147,0.9999619792113231,0.999998220765863,0.09,0.9999699152930147,0.999998220765863,201.67635419238763,203.52273582486376,0.0018942945810606622,0.25
MAIN,0.0,0.7,100,rate,HT,MIS-G-2000,DEF-0.5,1.0000297148022221,0.9999979251915365,1.0001430322194416,0.485,1.0000297148022221,1.0001430322194416,203.38104760702907,207.17179456524397,0.0037889179550098075,0.5
MAIN,0.0,0.7,100,rate,HT,MIS-G-2000,DEF-0.75,1.0001294933177882,1.0000578528021422,1.000384703585457,0.745,1.0001294933177882,1.000384703585457,205.11480499478222,210.9540951260331,0.005683931579540077,0.75
MAIN,0.0,0.7,100,rate,HT,MIS-G-2000,RA-EST,1.0002693650457237,1.0001417800358992,1.0007235539196335,0.825,1.0002693650457237,1.0007235539196335,206.87837603220004,214.87707109330492,0.0075793970539327635,1.0
MAIN,0.0,0.7,100,rate,HT,MIS-I-2000,DEF-0.0,0.9999499999999998,0.9999499999999998,0.9999499999999998,0.0,0.9999499999999998,0.9999499999999998,200.0,200.0,0.0,0.0
MAIN,0.0,0.7,100,rate,HT,MIS-I-2000,DEF-0.25,0.9999942839303538,0.999983314753742,1.000035179908554,0.365,0.9999942839303538,1.000035179908554,202.50879694815472,204.52373820570267,0.0031590130938117912,0.25
MAIN,0.0,0.7,100,rate,HT,MIS-I-2000,DEF-0.5,1.0001274946240222,1.0000832815850182,1.0002905110448546,0.9,1.0001274946240222,1.0002905110448546,205.08133652626805,209.2568545780269,0.006318528562965022,0.5
MAIN,0.0,0.7,100,rate,HT,MIS-I-2000,DEF-0.75,1.0003502399305813,1.0002502209970174,1.0007176552767245,0.96,1.0003502399305813,1.0007176552767245,207.72007941576481,214.21422989830438,0.009483111301537773,0.75
MAIN,0.0,0.7,100,rate,HT,MIS-I-2000,RA-EST,1.0006632242082736,1.000484350959395,1.0013197273572048,0.985,1.0006632242082736,1.0013197273572048,210.42761460845531,219.41218929577835,0.012651527589782947,1.0
MAIN,0.0,0.7,400,dollars,DIFF,COR-10000,DEF-0.0,3.9357065725153255,3.9348438483732746,3.939895918119753,1.0,0.9999499999999999,0.9999500000000001,50.0,50.0,0.0,0.0
MAIN,0.0,0.7,400,dollars,DIFF,COR-10000,DEF-0.25,1.7437600220513056,1.7434197992418903,1.748477868550229,1.0,0.44303961781728474,0.4440683559504493,66.59409062399402,66.59757631369436,0.2761778706015075,0.25
MAIN,0.0,0.7,400,dollars,DIFF,COR-10000,DEF-0.5,1.2904717157058037,1.2903245474354024,1.2934486950697266,1.0,0.32787203492051425,0.3285345783032537,99.67411734623511,99.68973649839177,0.517426601635278,0.5
MAIN,0.0,0.7,400,dollars,DIFF,COR-10000,DEF-0.75,1.0842227214942735,1.0841574280896498,1.0859042039900215,1.0,0.27547005209150455,0.2758351023579504,198.05736549622767,198.1498993700457,0.8335054239365545,0.75
MAIN,0.0,0.7,400,dollars,DIFF,COR-10000,RA-EST,1.000606615932429,1.0005172357198213,1.0010752003224952,1.0,0.2542255507881748,0.2543577806062936,15292.947429809316,16065.342205874958,1.7761187849442304,1.0
MAIN,0.0,0.7,400,dollars,DIFF,COR-2000,DEF-0.0,3.9489052053550413,3.9462358251035567,3.9683223901073963,1.0,0.9999499999999999,0.9999500000000001,50.0,50.0,0.0,0.0
MAIN,0.0,0.7,400,dollars,DIFF,COR-2000,DEF-0.25,1.7493700602493032,1.7470738599554996,1.7617623372975504,1.0,0.4429792551294283,0.44503382084671034,66.59355793953215,66.60175249559757,0.2761834580366511,0.25
MAIN,0.0,0.7,400,dollars,DIFF,COR-2000,DEF-0.5,1.2942492780837223,1.292765541301652,1.3021664122537497,1.0,0.32773315221508653,0.32893850091558546,99.67173070843532,99.70845399815386,0.5174448953346844,0.5
MAIN,0.0,0.7,400,dollars,DIFF,COR-2000,DEF-0.75,1.0871228187386712,1.086363029204922,1.0918291600000745,1.0,0.27528451322700465,0.275993152092831,198.04323119349493,198.26086481718096,0.8335446513610086,0.75
MAIN,0.0,0.7,400,dollars,DIFF,COR-2000,RA-EST,1.0030265144602355,1.0026513684656568,1.005661470472201,1.0,0.25398994262613145,0.25445318650028387,15181.398114616813,17100.07225284024,1.776099217123661,1.0
MAIN,0.0,0.7,400,dollars,DIFF,COR-500,DEF-0.0,4.006590372768588,3.9882747350161214,4.087600498805519,1.0,0.9999499999999999,0.9999500000000001,50.0,50.0,0.0,0.0
MAIN,0.0,0.7,400,dollars,DIFF,COR-500,DEF-0.25,1.7723206058075638,1.7633020206397234,1.8070444032631687,1.0,0.4423483460585046,0.44784769289154697,66.59358093581369,66.60943870870727,0.27658860657476714,0.25
MAIN,0.0,0.7,400,dollars,DIFF,COR-500,DEF-0.5,1.3100024014243505,1.3037065903773986,1.334823622966041,1.0,0.32696763326679845,0.33080636404585445,99.67183373933065,99.74291556388597,0.5181357477632658,0.5
MAIN,0.0,0.7,400,dollars,DIFF,COR-500,DEF-0.75,1.0997392268299284,1.0954821238590164,1.117802094889392,1.0,0.2744920763099801,0.27705609470829334,198.0438413421139,198.465383940186,0.8347253593298125,0.75
MAIN,0.0,0.7,400,dollars,DIFF,COR-500,RA-EST,1.0147590081387843,1.0121645631942031,1.027379646077868,1.0,0.25328349178292475,0.25546361116214417,15186.180160684053,19398.959742206127,1.7818447470701964,1.0
MAIN,0.0,0.7,400,dollars,DIFF,KS-2000,DEF-0.0,3.9511668304125327,3.9462855249840905,3.972656776759448,1.0,0.9999499999999999,0.9999500000000001,50.0,50.0,0.0,0.0
MAIN,0.0,0.7,400,dollars,DIFF,KS-2000,DEF-0.25,1.7497906612400933,1.7473337154433222,1.7613949111317473,1.0,0.4428325519902476,0.44535544852766606,66.59503222846936,66.60270477124416,0.27630946728986516,0.25
MAIN,0.0,0.7,400,dollars,DIFF,KS-2000,DEF-0.5,1.2945885533868924,1.2932972887379584,1.3027437227267022,1.0,0.3276319795588642,0.32921868010256794,99.6783362941954,99.71272271459017,0.5176525898795727,0.5
MAIN,0.0,0.7,400,dollars,DIFF,KS-2000,DEF-0.75,1.087484253217203,1.0866783027207831,1.0928035765581594,1.0,0.2752190573303464,0.27613880917546907,198.08235450637267,198.28618310088558,0.8338918139114346,0.75
MAIN,0.0,0.7,400,dollars,DIFF,KS-2000,RA-EST,1.003548882011664,1.0030592255632964,1.0064877188977568,1.0,0.2539775177328548,0.25451375136619325,15494.187171701149,17354.78715749287,1.7781831125295762,1.0
MAIN,0.0,0.7,400,dollars,DIFF,MIS-G-10000,DEF-0.0,3.9341200156833556,3.9331256207772505,3.938124528577377,1.0,0.9999499999999999,0.9999500000000001,50.0,50.0,0.0,0.0
MAIN,0.0,0.7,400,dollars,DIFF,MIS-G-10000,DEF-0.25,1.7428642794683369,1.742503855365697,1.7475381632920168,1.0,0.44299047126316965,0.44403860605546636,66.5941512798652,66.59671323241528,0.27624637743316743,0.25
MAIN,0.0,0.7,400,dollars,DIFF,MIS-G-10000,DEF-0.5,1.2898400278388198,1.2896808744554327,1.2929005707051597,1.0,0.3278435997046556,0.3285247329141855,99.6743891133751,99.6858687826977,0.5175493805694094,0.5
MAIN,0.0,0.7,400,dollars,DIFF,MIS-G-10000,DEF-0.75,1.0837308361446818,1.0836167148685625,1.0854270468581915,1.0,0.27545604955489883,0.275818161957557,198.05897505730212,198.1269801779839,0.833740480575935,0.75
MAIN,0.0,0.7,400,dollars,DIFF,MIS-G-10000,RA-EST,1.0002178540549953,1.0001466270475508,1.0005247125300265,1.0,0.254229234299263,0.2543410243831383,15305.751928293896,15866.91790616804,1.7773901319977643,1.0
MAIN,0.0,0.7,400,dollars,DIFF,MIS-G-2000,DEF-0.0,3.9442368599135977,3.938334785483212,3.9635712292720755,1.0,0.9999499999999999,0.9999500000000001,50.0,50.0,0.0,0.0
MAIN,0.0,0.7,400,dollars,DIFF,MIS-G-2000,DEF-0.25,1.7462588907442196,1.744075575863354,1.756410533121707,1.0,0.4427195415073564,0.44492195564958165,66.59411517536543,66.59934881727632,0.2762613194818064,0.25
MAIN,0.0,0.7,400,dollars,DIFF,MIS-G-2000,DEF-0.5,1.2917668373249425,1.2903282816402442,1.2981804232271883,1.0,0.3274955688874039,0.3289812438194796,99.67422734792184,99.6976802236039,0.5175785117072188,0.5
MAIN,0.0,0.7,400,dollars,DIFF,MIS-G-2000,DEF-0.75,1.084951914988196,1.084050835206268,1.0888411673023868,1.0,0.2750631277548622,0.2760430556226462,198.0580169871084,198.1969831010523,0.8337843999381533,0.75
MAIN,0.0,0.7,400,dollars,DIFF,MIS-G-2000,RA-EST,1.0009976096984357,1.0006197161694057,1.0023190550159713,1.0,0.2537784284821713,0.2543470653374219,15298.127434316497,16488.788452642646,1.7776044616873858,1.0
MAIN,0.0,0.7,400,dollars,DIFF,MIS-I-2000,DEF-0.0,3.949165410996625,3.944243744859161,3.9660860431970595,1.0,0.9999499999999999,0.9999500000000001,50.0,50.0,0.0,0.0
MAIN,0.0,0.7,400,dollars,DIFF,MIS-I-2000,DEF-0.25,1.7484671138080279,1.7458978873917324,1.7616107051221057,1.0,0.4427272494015764,0.4451610827401734,66.59407456169676,66.60005828589253,0.2763279543295628,0.25
MAIN,0.0,0.7,400,dollars,DIFF,MIS-I-2000,DEF-0.5,1.2933983935579394,1.292160259989716,1.3016419021966075,1.0,0.3275014181814487,0.328982604966223,99.67404537959604,99.70086004343415,0.5177175041263072,0.5
MAIN,0.0,0.7,400,dollars,DIFF,MIS-I-2000,DEF-0.75,1.0863316601469015,1.0855078266610867,1.0915441436134652,1.0,0.27507086506314554,0.275955215679068,198.05693927003074,198.21583456532596,0.8340126863768886,0.75
MAIN,0.0,0.7,400,dollars,DIFF,MIS-I-2000,RA-EST,1.0023087187864386,1.0016605577864621,1.0046091377516195,1.0,0.2537956305237036,0.254416812737197,15289.558599593372,16664.586290858635,1.7788068378664954,1.0
MAIN,0.0,0.7,400,dollars,HT,COR-10000,DEF-0.0,10.635165372741023,10.635165372741024,10.635165372741024,1.0,0.9999499999999997,0.9999499999999997,50.0,50.0,0.0,0.0
MAIN,0.0,0.7,400,dollars,HT,COR-10000,DEF-0.25,3.396375720600207,3.3955596549575864,3.408906947627182,1.0,0.31933738524828076,0.3205156086257696,66.59447237838167,66.59684399834143,0.2763297022475757,0.25
MAIN,0.0,0.7,400,dollars,HT,COR-10000,DEF-0.5,1.9300216934922287,1.9294915290977608,1.9378808517480135,1.0,0.18146640176880952,0.18220534329180782,99.67582780414742,99.68645476948495,0.5176930702991991,0.5
MAIN,0.0,0.7,400,dollars,HT,COR-10000,DEF-0.75,1.2693947034616202,1.26905794243042,1.2738493863025289,1.0,0.1193522798413523,0.11977112242166459,198.06749610552276,198.13045237191793,0.8339842605419123,0.75
MAIN,0.0,0.7,400,dollars,HT,COR-10000,RA-EST,1.000185147585671,1.000156017367321,1.000327091795291,1.0,0.09404039366343434,0.09405373968180217,15373.901468391068,15896.662827322409,1.778580606868323,1.0
MAIN,0.0,0.7,400,dollars,HT,COR-2000,DEF-0.0,10.635165372741023,10.635165372741024,10.635165372741024,1.0,0.9999499999999997,0.9999499999999997,50.0,50.0,0.0,0.0
MAIN,0.0,0.7,400,dollars,HT,COR-2000,DEF-0.25,3.3962921085628146,3.395970577621756,3.4199422114086553,1.0,0.3193295237948985,0.32155317707266634,66.59480801569737,66.60085571660052,0.27635188595362264,0.25
MAIN,0.0,0.7,400,dollars,HT,COR-2000,DEF-0.5,1.9301139374227245,1.9298790552060612,1.9450867961567888,1.0,0.18147507481855216,0.18288286769871767,99.67733166598119,99.70443426859185,0.517719718196145,0.5
MAIN,0.0,0.7,400,dollars,HT,COR-2000,DEF-0.75,1.269669430567554,1.2694595739892258,1.2781641717819903,1.0,0.1193781105040595,0.12017681143438516,198.07640366848767,198.23702709978585,0.8340439056977877,0.75
MAIN,0.0,0.7,400,dollars,HT,COR-2000,RA-EST,1.0008945273938006,1.0007647254849121,1.0016682882034953,1.0,0.0941070916708727,0.09417984297228991,15445.787856618343,16866.71200809267,1.7788880163846499,1.0
MAIN,0.0,0.7,400,dollars,HT,COR-500,DEF-0.0,10.635165372741023,10.635165372741024,10.635165372741024,1.0,0.9999499999999997,0.9999499999999997,50.0,50.0,0.0,0.0
MAIN,0.0,0.7,400,dollars,HT,COR-500,DEF-0.25,3.4020325929230095,3.4013810850228334,3.4514714044384043,1.0,0.3198692612728591,0.324517645932822,66.59477408765432,66.60571272545685,0.2761847367224082,0.25
MAIN,0.0,0.7,400,dollars,HT,COR-500,DEF-0.5,1.9346477077901856,1.9339758598536818,1.9659362083911671,1.0,0.18190135344422945,0.18484319168363691,99.67717964615102,99.72620792713798,0.5174379734009162,0.5
MAIN,0.0,0.7,400,dollars,HT,COR-500,DEF-0.75,1.2734450170725204,1.2732480442837015,1.2921805718318555,1.0,0.11973310241940084,0.12149467521352174,198.07550321286882,198.36619405010103,0.8335234633926878,0.75
MAIN,0.0,0.7,400,dollars,HT,COR-500,RA-EST,1.0044171333751188,1.0035038211036231,1.009437193651431,1.0,0.09443829760209851,0.09491029865684135,15438.492164465586,18212.08484999097,1.7767109665811633,1.0
MAIN,0.0,0.7,400,dollars,HT,KS-2000,DEF-0.0,10.635165372741023,10.635165372741024,10.635165372741024,1.0,0.9999499999999997,0.9999499999999997,50.0,50.0,0.0,0.0
MAIN,0.0,0.7,400,dollars,HT,KS-2000,DEF-0.25,3.397825845088457,3.3973486241038584,3.4254176202989903,1.0,0.31947373028206294,0.3220679913635587,66.59369347757723,66.60085360952831,0.2762777524375338,0.25
MAIN,0.0,0.7,400,dollars,HT,KS-2000,DEF-0.5,1.9311255925899686,1.9308435731748244,1.9485694187297438,1.0,0.18157019365770805,0.18321031427051734,99.67233796540575,99.70442482405576,0.5175963167557347,0.5
MAIN,0.0,0.7,400,dollars,HT,KS-2000,DEF-0.75,1.2703099136034226,1.27019096317437,1.2802678825097136,1.0,0.11943833063127617,0.12037460859770702,198.04682740257834,198.23697109590617,0.8338190835243453,0.75
MAIN,0.0,0.7,400,dollars,HT,KS-2000,RA-EST,1.0010780489113005,1.0009666071552803,1.0018203984989225,1.0,0.09412434691185789,0.09419414483639653,15209.625687996126,16866.170258726117,1.7776288913626326,1.0
MAIN,0.0,0.7,400,dollars,HT,MIS-G-10000,DEF-0.0,10.635165372741023,10.635165372741024,10.635165372741024,1.0,0.9999499999999997,0.9999499999999997,50.0,50.0,0.0,0.0
MAIN,0.0,0.7,400,dollars,HT,MIS-G-10000,DEF-0.25,3.396746898592425,3.3962064979204936,3.4078967114910115,1.0,0.31937228451127386,0.32042062320815184,66.59444382927347,66.59584044024406,0.276278307047102,0.25
MAIN,0.0,0.7,400,dollars,HT,MIS-G-10000,DEF-0.5,1.9302149078449995,1.9298975525156266,1.937133618370101,1.0,0.18148456835910515,0.18213508617872531,99.67569988795856,99.6819577530677,0.5175946154852809,0.5
MAIN,0.0,0.7,400,dollars,HT,MIS-G-10000,DEF-0.75,1.2694590269830675,1.2693043657615006,1.2733740534559368,1.0,0.11935832773087889,0.11972643020830531,198.06673846639333,198.1038079023788,0.8337980557574134,0.75
MAIN,0.0,0.7,400,dollars,HT,MIS-G-10000,RA-EST,1.000066435983409,1.0000457191902425,1.000166198819589,1.0,0.09402923204417207,0.0940386120438751,15367.817680264794,15671.181936159523,1.7775862842510457,1.0
MAIN,0.0,0.7,400,dollars,HT,MIS-G-2000,DEF-0.0,10.635165372741023,10.635165372741024,10.635165372741024,1.0,0.9999499999999997,0.9999499999999997,50.0,50.0,0.0,0.0
MAIN,0.0,0.7,400,dollars,HT,MIS-G-2000,DEF-0.25,3.3970528660009878,3.3964972743144832,3.4206820841688796,1.0,0.3194010524805032,0.3216227421184984,66.59447928543364,66.59781382878538,0.27626983064061694,0.25
MAIN,0.0,0.7,400,dollars,HT,MIS-G-2000,DEF-0.5,1.9303980947661024,1.9300869353489476,1.9453570897134265,1.0,0.18150179214033815,0.18290828150588354,99.67585875169371,99.69080090665472,0.5175769929084474,0.5
MAIN,0.0,0.7,400,dollars,HT,MIS-G-2000,DEF-0.75,1.2696028923348297,1.2695298303196407,1.2781282009039068,1.0,0.11937185438076656,0.12017342934503546,198.06767940646182,198.15620742102664,0.8337633628950323,0.75
MAIN,0.0,0.7,400,dollars,HT,MIS-G-2000,RA-EST,1.0003107582978865,1.0001898474606286,1.000802514524053,1.0,0.09405220395761199,0.09409844034615145,15375.374189777,16120.812424635373,1.7774278357193698,1.0
MAIN,0.0,0.7,400,dollars,HT,MIS-I-2000,DEF-0.0,10.635165372741023,10.635165372741024,10.635165372741024,1.0,0.9999499999999997,0.9999499999999997,50.0,50.0,0.0,0.0
MAIN,0.0,0.7,400,dollars,HT,MIS-I-2000,DEF-0.25,3.397527089627616,3.397069936410814,3.4190823784300433,1.0,0.31944564040168993,0.321472333008956,66.59444153187329,66.59882454818384,0.2762442453958773,0.25
MAIN,0.0,0.7,400,dollars,HT,MIS-I-2000,DEF-0.5,1.9308442703539754,1.9307587595350584,1.9444299390733424,1.0,0.18154374290118266,0.18282110803466248,99.67568959445565,99.69533054965163,0.5175121631288075,0.5
MAIN,0.0,0.7,400,dollars,HT,MIS-I-2000,DEF-0.75,1.2700200450232482,1.2700012225352402,1.2778166910315472,1.0,0.11941107632195547,0.12014414025681268,198.0666775013388,198.18305465616314,0.8336379896836645,0.75
MAIN,0.0,0.7,400,dollars,HT,MIS-I-2000,RA-EST,1.0007171164403492,1.0005413330454491,1.001394256282895,1.0,0.09409041096336265,0.09415407767298327,15367.331455006339,16361.233790524497,1.7769037125197058,1.0
MAIN,0.0,0.7,400,rate,DIFF,COR-10000,DEF-0.0,1.0004535852825485,1.0003860203140649,1.000836058128388,0.995,0.9999499999999999,0.9999500000000001,50.0,50.0,0.0,0.0
MAIN,0.0,0.7,400,rate,DIFF,COR-10000,DEF-0.25,1.0004597837067577,1.0003915820718223,1.0008541597893446,0.995,0.9999561940861867,0.9999623929814739,50.614462810665785,51.27299873000023,0.0022701047885432405,0.25
MAIN,0.0,0.7,400,rate,DIFF,COR-10000,DEF-0.5,1.0004783322220145,1.0004079614423587,1.0008771473282068,0.995,0.9999747294856159,0.9999937242256347,51.24421622717543,52.612514553884985,0.0045421886076632174,0.5
MAIN,0.0,0.7,400,rate,DIFF,COR-10000,DEF-0.75,1.0005092932316688,1.0004325355054338,1.0009263354173592,0.995,1.0000056685513319,1.000049068238883,51.889838193715974,54.023901064768346,0.006813191617851664,0.75
MAIN,0.0,0.7,400,rate,DIFF,COR-10000,RA-EST,1.000552738879466,1.0004667282563242,1.0010072898277254,0.995,1.0000490833682414,1.000123522467578,52.55193615269189,55.51310222845262,0.009084277242231771,1.0
MAIN,0.0,0.7,400,rate,DIFF,COR-2000,DEF-0.0,1.002368051278355,1.0021052145532057,1.0042993722428524,1.0,0.9999499999999999,0.9999500000000001,50.0,50.0,0.0,0.0
MAIN,0.0,0.7,400,rate,DIFF,COR-2000,DEF-0.25,1.0024090365375629,1.0021562222457276,1.0043637396146907,1.0,0.999990836854209,1.00004651836817,51.44991495980538,53.23892408524664,0.0051163539884929235,0.25
MAIN,0.0,0.7,400,rate,DIFF,COR-2000,DEF-0.5,1.0025167551078313,1.0022260312286293,1.0046329559469742,1.0,1.0000981710872712,1.0002794166916196,52.98643493961812,56.92653896659371,0.01023433172302934,0.5
MAIN,0.0,0.7,400,rate,DIFF,COR-2000,DEF-0.75,1.0026931036803184,1.0023654237051822,1.0049251557485095,1.0,1.000273891514877,1.0006290611090631,54.61755868831126,61.16301958574369,0.015355292291651935,0.75
MAIN,0.0,0.7,400,rate,DIFF,COR-2000,RA-EST,1.00294043212587,1.0025781879866296,1.0055900399284112,1.0,1.000520338124448,1.0011080706281468,56.35230129849376,66.08075869750736,0.020559875953742028,1.0
MAIN,0.0,0.7,400,rate,DIFF,COR-500,DEF-0.0,1.0106599334983026,1.009248534260362,1.0203909911370825,1.0,0.9999499999999999,0.9999500000000001,50.0,50.0,0.0,0.0
MAIN,0.0,0.7,400,rate,DIFF,COR-500,DEF-0.25,1.0109051759860124,1.0094287600006346,1.0207864559827973,1.0,1.0001912658429386,1.000548640813143,53.44585985897721,58.40041983569474,0.010564457477964567,0.25
MAIN,0.0,0.7,400,rate,DIFF,COR-500,DEF-0.5,1.0115206430316286,1.0099987855105215,1.022009186443731,1.0,1.0007967653162124,1.001817270373083,57.40183398672278,70.1935235278569,0.0212096061024374,0.5
MAIN,0.0,0.7,400,rate,DIFF,COR-500,DEF-0.75,1.0125887545123446,1.0108169690920488,1.0234615899947381,1.0,1.001847122647144,1.0036709600583396,61.990250673415765,87.95468064232354,0.03211064379776331,0.75
MAIN,0.0,0.7,400,rate,DIFF,COR-500,RA-EST,1.0143380063557847,1.011909627903016,1.0263936150071644,1.0,1.0035653804099385,1.0067990911397822,67.37594980883316,117.74884192717131,0.04308786658396774,1.0
MAIN,0.0,0.7,400,rate,DIFF,KS-2000,DEF-0.0,1.0028612238576249,1.0025311856665273,1.0051676670063872,1.0,0.9999499999999999,0.9999500000000001,50.0,50.0,0.0,0.0
MAIN,0.0,0.7,400,rate,DIFF,KS-2000,DEF-0.25,1.0029012119024712,1.0025618423008527,1.0051915424848337,1.0,0.9999898333328455,1.0000356753222919,51.53385476036959,53.24062345120842,0.0054976308560099885,0.25
MAIN,0.0,0.7,400,rate,DIFF,KS-2000,DEF-0.5,1.0030163404056054,1.0026350346660022,1.0054075197890078,1.0,1.0001045085247098,1.000248779405859,53.16479656213613,56.93043002102699,0.010995726261246456,0.5
MAIN,0.0,0.7,400,rate,DIFF,KS-2000,DEF-0.75,1.003208477802706,1.0028264852076079,1.0059081737595583,1.0,1.0002958853560178,1.000595061692424,54.90234454461903,61.16976754551682,0.01654081763375324,0.75
MAIN,0.0,0.7,400,rate,DIFF,KS-2000,RA-EST,1.0034799385338595,1.0030582873698661,1.006366325203777,1.0,1.000566267468651,1.001105715991143,56.757304333654595,66.09127967660048,0.022093807546230138,1.0
MAIN,0.0,0.7,400,rate,DIFF,MIS-G-10000,DEF-0.0,1.0001403951744323,1.0000812124215717,1.000422153605641,0.715,0.9999499999999999,0.9999500000000001,50.0,50.0,0.0,0.0
MAIN,0.0,0.7,400,rate,DIFF,MIS-G-10000,DEF-0.25,1.0001427910460785,1.000082887963266,1.0004260939999188,0.715,0.9999523948795741,0.9999562529981709,50.2571660410443,50.5236961031555,0.001227110016342822,0.25
MAIN,0.0,0.7,400,rate,DIFF,MIS-G-10000,DEF-0.5,1.0001498647894453,1.000087795913477,1.000440588353773,0.72,0.9999594657176754,0.999972684714836,50.51699113841042,51.05847867038151,0.0024542928201331544,0.5
MAIN,0.0,0.7,400,rate,DIFF,MIS-G-10000,DEF-0.75,1.0001616211577962,1.0000959374469471,1.0004656489931911,0.725,0.999971217264751,1.0000004938292393,50.77951674783533,51.60470351411421,0.0036815648580139967,0.75
MAIN,0.0,0.7,400,rate,DIFF,MIS-G-10000,RA-EST,1.0001780657502775,1.000107313923112,1.0005021887888603,0.725,0.999987655116626,1.0000392670089366,51.04478519130778,52.16274183757579,0.00490894259222601,1.0
MAIN,0.0,0.7,400,rate,DIFF,MIS-G-2000,DEF-0.0,1.0008339233347923,1.0004925441234662,1.0020963023336724,0.94,0.9999499999999999,0.9999500000000001,50.0,50.0,0.0,0.0
MAIN,0.0,0.7,400,rate,DIFF,MIS-G-2000,DEF-0.25,1.00084429981503,1.0005025049476952,1.0021007884796396,0.94,0.9999603576206454,0.9999764107203892,50.55881719833703,51.17922861771228,0.002546436302612058,0.25
MAIN,0.0,0.7,400,rate,DIFF,MIS-G-2000,DEF-0.5,1.0008761378815887,1.0005252413725167,1.0021463140347877,0.945,0.9999921363981105,1.0000507736240458,51.13026664999094,52.41542397701399,0.0050937857107932714,0.5
MAIN,0.0,0.7,400,rate,DIFF,MIS-G-2000,DEF-0.75,1.0009295363811306,1.0005604481896841,1.002239554903471,0.945,1.0000454348973042,1.0001840406947977,51.714781586380724,53.71281621875292,0.007642196568537079,0.75
MAIN,0.0,0.7,400,rate,DIFF,MIS-G-2000,RA-EST,1.0010046128696046,1.0006112043006206,1.0024080284414338,0.955,1.000120370338154,1.0003638958556291,52.312815278632215,55.076064933170194,0.01019181792151597,1.0
MAIN,0.0,0.7,400,rate,DIFF,MIS-I-2000,DEF-0.0,1.001909981256701,1.0013938552768247,1.003778877142452,1.0,0.9999499999999999,0.9999500000000001,50.0,50.0,0.0,0.0
MAIN,0.0,0.7,400,rate,DIFF,MIS-I-2000,DEF-0.25,1.0019326498910401,1.0013996934179645,1.0038669725099467,1.0,0.9999726086125916,1.0000050246128747,50.8185997989752,51.659336072382885,0.0041411041655336454,0.25
MAIN,0.0,0.7,400,rate,DIFF,MIS-I-2000,DEF-0.5,1.002003047408542,1.0014297896494178,1.0040264859477275,1.0,1.000042801782003,1.0001486425408537,51.664450019826454,53.43258850460271,0.008277608856334516,0.5
MAIN,0.0,0.7,400,rate,DIFF,MIS-I-2000,DEF-0.75,1.0021214787643051,1.0014896275202285,1.00429689825348,1.0,1.0001608834641988,1.0003879693556417,52.53893440873172,55.33190512139791,0.012416300891909803,0.75
MAIN,0.0,0.7,400,rate,DIFF,MIS-I-2000,RA-EST,1.0022883258724316,1.001611670417983,1.0046281594433444,1.0,1.0003272342712806,1.0007437850481478,53.44353201193732,57.37122463447388,0.016560959428407563,1.0
MAIN,0.0,0.7,400,rate,HT,COR-10000,DEF-0.0,0.9999500000000013,0.9999500000000013,0.9999500000000013,0.0,0.9999500000000013,0.9999500000000013,50.0,50.0,0.0,0.0
MAIN,0.0,0.7,400,rate,HT,COR-10000,DEF-0.25,0.9999613504898879,0.9999596737664853,0.999970075064802,0.0,0.9999613504898879,0.999970075064802,50.450968703063,50.89832335375268,0.0016983710025014333,0.25
MAIN,0.0,0.7,400,rate,HT,COR-10000,DEF-0.5,0.9999954283260132,0.9999887099629248,1.0000303007838751,0.375,0.9999954283260132,1.0000303007838751,50.91014637316522,51.82951677610979,0.003397369296539254,0.5
MAIN,0.0,0.7,400,rate,HT,COR-10000,DEF-0.75,1.0000522796337152,1.0000371560744394,1.0001307096534084,0.785,1.0000522796337152,1.0001307096534084,51.37775921082469,52.79541799202689,0.005097747192600818,0.75
MAIN,0.0,0.7,400,rate,HT,COR-10000,RA-EST,1.0001319594499296,1.000105056851691,1.0002713582563059,0.925,1.0001319594499296,1.0002713582563059,51.85404180431556,53.798004321772495,0.00679943501896833,1.0
MAIN,0.0,0.7,400,rate,HT,COR-2000,DEF-0.0,0.9999500000000013,0.9999500000000013,0.9999500000000013,0.0,0.9999500000000013,0.9999500000000013,50.0,50.0,0.0,0.0
MAIN,0.0,0.7,400,rate,HT,COR-2000,DEF-0.25,1.000004331319981,0.9999978061961582,1.0000524505121282,0.46,1.000004331319981,1.0000524505121282,50.97761318255719,52.05159066646104,0.003775495149381841,0.25
MAIN,0.0,0.7,400,rate,HT,COR-2000,DEF-0.5,1.0001677785768164,1.0001414589810258,1.0003632591779876,0.925,1.0001677785768164,1.0003632591779876,51.994222801723794,54.27874651145635,0.007555546844462309,0.5
MAIN,0.0,0.7,400,rate,HT,COR-2000,DEF-0.75,1.0004411953167724,1.000379745101279,1.0008844313156415,0.985,1.0004411953167724,1.0008844313156415,53.05220997604606,56.705010993235106,0.011320683023620388,0.75
MAIN,0.0,0.7,400,rate,HT,COR-2000,RA-EST,1.0008256890508487,1.0007115114786935,1.001639525204859,1.0,1.0008256890508487,1.001639525204859,54.1541537334043,59.35833415995186,0.015070031680993535,1.0
MAIN,0.0,0.7,400,rate,HT,COR-500,DEF-0.0,0.9999500000000013,0.9999500000000013,0.9999500000000013,0.0,0.9999500000000013,0.9999500000000013,50.0,50.0,0.0,0.0
MAIN,0.0,0.7,400,rate,HT,COR-500,DEF-0.25,1.0002057162962177,1.0001548198048922,1.0004478336949945,0.94,1.0002057162962177,1.0004478336949945,52.20797153403146,55.88875798092744,0.007814659052623319,0.25
MAIN,0.0,0.7,400,rate,HT,COR-500,DEF-0.5,1.0009867670643644,1.000772593596519,1.0019693021526914,0.995,1.0009867670643644,1.0019693021526914,54.61995932909599,63.349979932344716,0.015660488151836287,0.5
MAIN,0.0,0.7,400,rate,HT,COR-500,DEF-0.75,1.0023236671632616,1.0018125085192031,1.004576578001736,0.995,1.0023236671632616,1.004576578001736,57.26560990016108,73.11067493174414,0.02356532560264686,0.75
MAIN,0.0,0.7,400,rate,HT,COR-500,RA-EST,1.0042756144262746,1.0033150263282558,1.0082657983948211,1.0,1.0042756144262746,1.0082657983948211,60.18060630453003,86.42779642917687,0.03165904987662274,1.0
MAIN,0.0,0.7,400,rate,HT,KS-2000,DEF-0.0,0.9999500000000013,0.9999500000000013,0.9999500000000013,0.0,0.9999500000000013,0.9999500000000013,50.0,50.0,0.0,0.0
MAIN,0.0,0.7,400,rate,HT,KS-2000,DEF-0.25,1.0000162381653304,1.0000079880007189,1.0000713324306207,0.59,1.0000162381653304,1.0000713324306207,51.082141820546624,52.305490597141926,0.004158182698835246,0.25
MAIN,0.0,0.7,400,rate,HT,KS-2000,DEF-0.5,1.0002156442630756,1.0001821771309838,1.0004359636162625,0.985,1.0002156442630756,1.0004359636162625,52.21216132359037,54.83387945772335,0.008319463374323467,0.5
MAIN,0.0,0.7,400,rate,HT,KS-2000,DEF-0.75,1.0005494775635528,1.0004770236048195,1.001045082961018,1.0,1.0005494775635528,1.001045082961018,53.3933078166564,57.619135400352036,0.012533551671135111,0.75
MAIN,0.0,0.7,400,rate,HT,KS-2000,RA-EST,1.0010193205727849,1.0008908337894462,1.0019002050382484,1.0,1.0010193205727849,1.0019002050382484,54.62913144147866,60.70249931207198,0.016747525873565802,1.0
MAIN,0.0,0.7,400,rate,HT,MIS-G-10000,DEF-0.0,0.9999500000000013,0.9999500000000013,0.9999500000000013,0.0,0.9999500000000013,0.9999500000000013,50.0,50.0,0.0,0.0
MAIN,0.0,0.7,400,rate,HT,MIS-G-10000,DEF-0.25,0.9999542729734346,0.999952939603145,0.9999606156124224,0.0,0.9999542729734346,0.9999606156124224,50.196769990220474,50.36141560201511,0.0009362226977158903,0.25
MAIN,0.0,0.7,400,rate,HT,MIS-G-10000,DEF-0.5,0.9999670943346769,0.9999617588481164,0.9999924678298503,0.06,0.9999670943346769,0.9999924678298503,50.39509484022605,50.72809470620226,0.0018724795740124316,0.5
MAIN,0.0,0.7,400,rate,HT,MIS-G-10000,DEF-0.75,0.9999884683821016,0.9999764585292414,1.0000455665470551,0.295,0.9999884683821016,1.0000455665470551,50.59499305271901,51.10015315310717,0.0028087780088076877,0.75
MAIN,0.0,0.7,400,rate,HT,MIS-G-10000,RA-EST,1.000018400265992,0.9999970396289938,1.000119924096659,0.48,1.000018400265992,1.000119924096659,50.796483425145624,51.477710208095885,0.003745125386201401,1.0
MAIN,0.0,0.7,400,rate,HT,MIS-G-2000,DEF-0.0,0.9999500000000013,0.9999500000000013,0.9999500000000013,0.0,0.9999500000000013,0.9999500000000013,50.0,50.0,0.0,0.0
MAIN,0.0,0.7,400,rate,HT,MIS-G-2000,DEF-0.25,0.9999700071837695,0.9999620344278112,0.9999984432896987,0.09,0.9999700071837695,0.9999984432896987,50.41908854809691,50.88068395621594,0.0018942945810606622,0.25
MAIN,0.0,0.7,400,rate,HT,MIS-G-2000,DEF-0.5,1.0000300831852689,0.9999981461850955,1.0001439247251405,0.485,1.0000300831852689,1.0001439247251405,50.84526190175727,51.79294864131099,0.0037889179550098075,0.5
MAIN,0.0,0.7,400,rate,HT,MIS-G-2000,DEF-0.75,1.0001303242430046,1.0000583503604052,1.0003867175477648,0.745,1.0001303242430046,1.0003867175477648,51.278701248695555,52.73852378150828,0.005683931579540077,0.75
MAIN,0.0,0.7,400,rate,HT,MIS-G-2000,RA-EST,1.0002708463068248,1.0001426652211935,1.0007271457178102,0.825,1.0002708463068248,1.0007271457178102,51.71959400805001,53.71926777332623,0.0075793970539327635,1.0
MAIN,0.0,0.7,400,rate,HT,MIS-I-2000,DEF-0.0,0.9999500000000013,0.9999500000000013,0.9999500000000013,0.0,0.9999500000000013,0.9999500000000013,50.0,50.0,0.0,0.0
MAIN,0.0,0.7,400,rate,HT,MIS-I-2000,DEF-0.25,0.9999944888580328,0.9999834680143105,1.0000355710430584,0.365,0.9999944888580328,1.0000355710430584,50.62719923703868,51.13093455142567,0.0031590130938117912,0.25
MAIN,0.0,0.7,400,rate,HT,MIS-I-2000,DEF-0.5,1.0001283198250013,1.0000838987202818,1.0002920929961372,0.9,1.0001283198250013,1.0002920929961372,51.27033413156701,52.31421364450672,0.006318528562965022,0.5
MAIN,0.0,0.7,400,rate,HT,MIS-I-2000,DEF-0.75,1.0003521100448742,1.0002516147120444,1.000721237682846,0.96,1.0003521100448742,1.000721237682846,51.930019853941204,53.553557474576095,0.009483111301537773,0.75
MAIN,0.0,0.7,400,rate,HT,MIS-I-2000,RA-EST,1.0006665746411723,1.0004868382272518,1.001326147992,0.985,1.0006665746411723,1.001326147992,52.60690365211383,54.85304732394459,0.012651527589782947,1.0
MAIN,0.75,0.05,100,dollars,DIFF,COR-10000,DEF-0.0,4.815931302777003,4.812806270421811,4.824422812028388,1.0,0.99995,0.9999500000000002,200.0,200.0,0.0,0.0
MAIN,0.75,0.05,100,dollars,DIFF,COR-10000,DEF-0.25,1.7133750214903005,1.7128171871170756,1.7322189921441253,1.0,0.3557562780196605,0.3595162598326066,266.5332720897495,266.55468990945553,0.30899384136086716,0.25
MAIN,0.75,0.05,100,dollars,DIFF,COR-10000,DEF-0.5,1.21872281012318,1.2186081087630065,1.2303182335195255,1.0,0.25304930992006436,0.25538152451112783,399.40032435665466,399.49652742252323,0.5745105444390131,0.5
MAIN,0.75,0.05,100,dollars,DIFF,COR-10000,DEF-0.75,1.0014936775406766,1.0012792249619036,1.0088164902432737,0.61,0.20794488316617152,0.20933249147143435,796.412702245568,796.986749992717,0.9374367544005691,0.75
MAIN,0.75,0.05,100,dollars,DIFF,COR-10000,RA-EST,0.9103869531469916,0.9100355714681702,0.9117853562696588,0.0,0.1890276008879446,0.18939143123016275,133205.82722151632,158696.7312672516,2.411759996779124,1.0
MAIN,0.75,0.05,100,dollars,DIFF,COR-2000,DEF-0.0,4.83344143401956,4.820912982918779,4.866670438936938,1.0,0.99995,0.9999500000000002,200.0,200.0,0.0,0.0
MAIN,0.75,0.05,100,dollars,DIFF,COR-2000,DEF-0.25,1.7190089314856964,1.7141453068675045,1.7578888097281107,1.0,0.3556420858014435,0.3637776579298881,266.5381282648285,266.57265104023367,0.30977962773160117,0.25
MAIN,0.75,0.05,100,dollars,DIFF,COR-2000,DEF-0.5,1.223239069157737,1.2204468718094703,1.2482177606780842,1.0,0.25307551495635017,0.25809891455541406,399.4221342786271,399.57722778543535,0.5757940339930534,0.5
MAIN,0.75,0.05,100,dollars,DIFF,COR-2000,DEF-0.75,1.0058838755951955,1.0048010411472323,1.0232124204418926,0.645,0.20810799817384987,0.2114485900946421,796.5427947163362,797.4687174997522,0.9396451707008238,0.75
MAIN,0.75,0.05,100,dollars,DIFF,COR-2000,RA-EST,0.9162224207341158,0.9143974645143846,0.9244029114892764,0.0,0.18955770512257458,0.19134928671691634,138241.0564248991,189027.46446644227,2.4300943895280662,1.0
MAIN,0.75,0.05,100,dollars,DIFF,COR-500,DEF-0.0,4.93985662944674,4.852583834237825,5.164349331810592,1.0,0.99995,0.9999500000000002,200.0,200.0,0.0,0.0
MAIN,0.75,0.05,100,dollars,DIFF,COR-500,DEF-0.25,1.7620820215627728,1.7345055792357875,1.8670711478456767,1.0,0.35737073646808903,0.38104356711385107,266.56846623538115,266.62912889722355,0.31283268952319415,0.25
MAIN,0.75,0.05,100,dollars,DIFF,COR-500,DEF-0.5,1.2711544612082177,1.2399165321955068,1.3530142933924334,1.0,0.257857190956117,0.27314857848919033,399.55842328351764,399.83112760630496,0.5811397920597043,0.5
MAIN,0.75,0.05,100,dollars,DIFF,COR-500,DEF-0.75,1.0771046873587569,1.0217299118825809,1.1182833379314656,0.735,0.21847613294511295,0.2258448725725966,797.3563765429685,798.9876209120547,0.9501466090981474,0.75
MAIN,0.75,0.05,100,dollars,DIFF,COR-500,RA-EST,4.1458362460714815,0.9357922746578976,1.0215216393064943,0.145,0.8378691989272399,0.20923887314119244,180969.87567169746,473802.48862025235,2.531699533536872,1.0
MAIN,0.75,0.05,100,dollars,DIFF,KS-2000,DEF-0.0,4.842994095092413,4.827259123295239,4.891992330890175,1.0,0.99995,0.9999500000000002,200.0,200.0,0.0,0.0
MAIN,0.75,0.05,100,dollars,DIFF,KS-2000,DEF-0.25,1.721161844247099,1.7163048558277982,1.7611284370720426,1.0,0.3553977679086254,0.3641564935837933,266.53904190863614,266.5814219711518,0.30971764458143913,0.25
MAIN,0.75,0.05,100,dollars,DIFF,KS-2000,DEF-0.5,1.2247713412966772,1.221901647359498,1.2512890652497644,1.0,0.25290103900780386,0.2585481591865912,399.4262377866476,399.6166439649041,0.5758400301080282,0.5
MAIN,0.75,0.05,100,dollars,DIFF,KS-2000,DEF-0.75,1.007315590824374,1.0054332867681688,1.024965935459916,0.635,0.20799849754613883,0.2117614090757691,796.5672745750043,797.7042642407933,0.9400692001537256,0.75
MAIN,0.75,0.05,100,dollars,DIFF,KS-2000,RA-EST,0.9181743456172478,0.9165773506336583,0.9269251897636307,0.0,0.18958797096647748,0.19140757490518742,139230.7880505661,208484.75668270868,2.4336928899918093,1.0
MAIN,0.75,0.05,100,dollars,DIFF,MIS-G-10000,DEF-0.0,4.822267715756925,4.819873492786202,4.831196511419929,1.0,0.99995,0.9999500000000002,200.0,200.0,0.0,0.0
MAIN,0.75,0.05,100,dollars,DIFF,MIS-G-10000,DEF-0.25,1.7352200095383505,1.733123328490679,1.7547852919629732,1.0,0.35981652259467184,0.3637252694903457,266.51933391549017,266.5390371673988,0.3077974312864883,0.25
MAIN,0.75,0.05,100,dollars,DIFF,MIS-G-10000,DEF-0.5,1.235962514997477,1.2347130055248137,1.2483799974675047,1.0,0.25629028574755425,0.2585799106971373,399.33773442027984,399.4262164914566,0.5725103846532207,0.5
MAIN,0.75,0.05,100,dollars,DIFF,MIS-G-10000,DEF-0.75,1.016410098191363,1.0156739055850992,1.0236893923712815,1.0,0.2107638673350736,0.21206210745210327,796.0395209664016,796.5671475265295,0.9338842899471892,0.75
MAIN,0.75,0.05,100,dollars,DIFF,MIS-G-10000,RA-EST,0.923939975224663,0.9237438531241298,0.9249654081188557,0.0,0.19158941514771727,0.191842843193588,120597.46024981022,139225.50951015786,2.384812410546199,1.0
MAIN,0.75,0.05,100,dollars,DIFF,MIS-G-2000,DEF-0.0,4.841972358419222,4.828137657682165,4.883370412100946,1.0,0.99995,0.9999500000000002,200.0,200.0,0.0,0.0
MAIN,0.75,0.05,100,dollars,DIFF,MIS-G-2000,DEF-0.25,1.7351180735561684,1.7318624512759073,1.7744714077455181,1.0,0.3583576418219331,0.3662886669850308,266.5258475973721,266.5655293420424,0.3084994200888353,0.25
MAIN,0.75,0.05,100,dollars,DIFF,MIS-G-2000,DEF-0.5,1.2356678658894797,1.2347128381832233,1.2598181260625019,1.0,0.2552069432122719,0.26008313053043675,399.366982746028,399.5452269985508,0.5737903486113105,0.5
MAIN,0.75,0.05,100,dollars,DIFF,MIS-G-2000,DEF-0.75,1.0165592497991207,1.0159909591855039,1.030290075010106,0.975,0.20995329729434584,0.2128695704287768,796.2138798925614,797.2775524770653,0.9363960334412054,0.75
MAIN,0.75,0.05,100,dollars,DIFF,MIS-G-2000,RA-EST,0.9258031347353036,0.9249836090619519,0.9290259739039812,0.0,0.19120540774082012,0.192455909916491,126179.06933702703,175712.1551395991,2.402861510394577,1.0
MAIN,0.75,0.05,100,dollars,DIFF,MIS-I-2000,DEF-0.0,4.837834170483547,4.826201338465141,4.871809909444499,1.0,0.99995,0.9999500000000002,200.0,200.0,0.0,0.0
MAIN,0.75,0.05,100,dollars,DIFF,MIS-I-2000,DEF-0.25,1.7173985892446249,1.7174024020340264,1.7541895252133575,1.0,0.3550078896289041,0.3624179720437001,266.54313864365406,266.5797120898172,0.31024838618902684,0.25
MAIN,0.75,0.05,100,dollars,DIFF,MIS-I-2000,DEF-0.5,1.2225364063792952,1.222974993176861,1.246315112930085,1.0,0.2527148607411849,0.2574067079798698,399.44463841761785,399.60895942589167,0.5768011178111305,0.5
MAIN,0.75,0.05,100,dollars,DIFF,MIS-I-2000,DEF-0.75,1.0059827694673296,1.0058981114641583,1.0213460855901386,0.685,0.20794898131812536,0.2111902355523345,796.6770576922643,797.6583350026076,0.9420266456613297,0.75
MAIN,0.75,0.05,100,dollars,DIFF,MIS-I-2000,RA-EST,0.9178505407955717,0.917033126556067,0.9258755585527876,0.0,0.18972505176868043,0.191587007741267,143850.51561368484,204383.12207273752,2.451228575431455,1.0
MAIN,0.75,0.05,100,dollars,HT,COR-10000,DEF-0.0,5.286258891740582,5.286258891740582,5.286258891740582,1.0,0.99995,0.99995,200.0,200.0,0.0,0.0
MAIN,0.75,0.05,100,dollars,HT,COR-10000,DEF-0.25,1.71554117577581,1.7157918978088098,1.7385119568811944,1.0,0.32451218032421814,0.32885733878821577,266.5397684870107,266.56138945057575,0.3136019166835341,0.25
MAIN,0.75,0.05,100,dollars,HT,COR-10000,DEF-0.5,1.1881567231963517,1.1882576179871318,1.2021314382237842,1.0,0.22475201076824156,0.22739547121500753,399.42950115628696,399.5266262935861,0.581426739603365,0.5
MAIN,0.75,0.05,100,dollars,HT,COR-10000,DEF-0.75,0.9589939756981809,0.9588341667531948,0.9674435561457211,0.0,0.1814035304812036,0.18300185514549858,796.5867432374245,797.1664643678479,0.9485632814742468,0.75
MAIN,0.75,0.05,100,dollars,HT,COR-10000,RA-EST,0.863178438805232,0.862766042467286,0.8648937229700483,0.0,0.16327904053883582,0.16360350410290528,140028.21980320546,168799.66986101674,2.4691817327972116,1.0
MAIN,0.75,0.05,100,dollars,HT,COR-2000,DEF-0.0,5.286258891740582,5.286258891740582,5.286258891740582,1.0,0.99995,0.99995,200.0,200.0,0.0,0.0
MAIN,0.75,0.05,100,dollars,HT,COR-2000,DEF-0.25,1.7203061525189094,1.715497890370996,1.767357272756218,1.0,0.3254135244679389,0.33431372565838896,266.5447191528385,266.57836913460125,0.3143976905583923,0.25
MAIN,0.75,0.05,100,dollars,HT,COR-2000,DEF-0.5,1.193749550569433,1.190561323596211,1.223263263714533,1.0,0.2258099513357099,0.23139277239382222,399.4517376331056,399.6029240621163,0.5825547451777142,0.5
MAIN,0.75,0.05,100,dollars,HT,COR-2000,DEF-0.75,0.9653112163727912,0.9636860936311051,0.9837548677875664,0.035,0.18259850124255736,0.18608730676833665,796.7194189138322,797.6222650832581,0.9506540603576921,0.75
MAIN,0.75,0.05,100,dollars,HT,COR-2000,RA-EST,0.8718185160058753,0.870130780444664,0.8820372567057194,0.0,0.16491339961464313,0.16684637905664026,145715.8575656069,201272.96675177122,2.4869939388767683,1.0
MAIN,0.75,0.05,100,dollars,HT,COR-500,DEF-0.0,5.286258891740582,5.286258891740582,5.286258891740582,1.0,0.99995,0.99995,200.0,200.0,0.0,0.0
MAIN,0.75,0.05,100,dollars,HT,COR-500,DEF-0.25,1.7569615354866377,1.7325648944776444,1.8932643790283936,1.0,0.3323472655028036,0.35813034408272937,266.57373984556307,266.6327564507709,0.3184520863670405,0.25
MAIN,0.75,0.05,100,dollars,HT,COR-500,DEF-0.5,1.2444604794263123,1.2103455739730853,1.337772658486135,1.0,0.2354024428025325,0.25305339697669454,399.58212054880914,399.8474428528716,0.5896794258743353,0.5
MAIN,0.75,0.05,100,dollars,HT,COR-500,DEF-0.75,1.0429655762805938,0.9857787527783908,1.0880233400129675,0.405,0.19728761859001281,0.20581075598583415,797.4979511064669,799.0853552453785,0.9633676093115593,0.75
MAIN,0.75,0.05,100,dollars,HT,COR-500,RA-EST,4.171087381932133,0.9047956886868284,1.0014017668064654,0.105,0.7890038897035008,0.18942539841979147,191244.22107015832,524557.1249265232,2.615808112558871,1.0
MAIN,0.75,0.05,100,dollars,HT,KS-2000,DEF-0.0,5.286258891740582,5.286258891740582,5.286258891740582,1.0,0.99995,0.99995,200.0,200.0,0.0,0.0
MAIN,0.75,0.05,100,dollars,HT,KS-2000,DEF-0.25,1.7220641105912202,1.7199862021672785,1.7716715792674491,1.0,0.32574606023858643,0.33512982091294524,266.5455657504089,266.58752813661107,0.3146196106622742,0.25
MAIN,0.75,0.05,100,dollars,HT,KS-2000,DEF-0.5,1.19576486997584,1.193551410997617,1.2266632957288401,1.0,0.22619116963804944,0.23203592326522932,399.4555403860494,399.6440878625225,0.5832693686997572,0.5
MAIN,0.75,0.05,100,dollars,HT,KS-2000,DEF-0.75,0.9676330457884833,0.9649815734900721,0.9881443780354284,0.05,0.18303769905177725,0.18691762757975353,796.7421112609422,797.8683206287934,0.9520735194891298,0.75
MAIN,0.75,0.05,100,dollars,HT,KS-2000,RA-EST,0.8751486085217955,0.8734311741448519,0.8856677131714036,0.0,0.16554332071375863,0.1675331170725428,146734.6885434952,224574.62716139696,2.4953069215926282,1.0
MAIN,0.75,0.05,100,dollars,HT,MIS-G-10000,DEF-0.0,5.286258891740582,5.286258891740582,5.286258891740582,1.0,0.99995,0.99995,200.0,200.0,0.0,0.0
MAIN,0.75,0.05,100,dollars,HT,MIS-G-10000,DEF-0.25,1.7759582285836906,1.7744959601037338,1.800423525514843,1.0,0.33594068452586306,0.3405685459619591,266.52532068271137,266.5449206656795,0.31102781060446616,0.25
MAIN,0.75,0.05,100,dollars,HT,MIS-G-10000,DEF-0.5,1.234871995018915,1.2338652053717665,1.2494953527406683,1.0,0.23358868279199696,0.23635484064641343,399.3646166389958,399.452642784705,0.5774232488447757,0.5
MAIN,0.75,0.05,100,dollars,HT,MIS-G-10000,DEF-0.75,0.9986892707192263,0.9981053780494447,1.0070944581385355,0.395,0.18891230200927087,0.19050222927769694,796.1997728421218,796.7248201748931,0.9419078133127252,0.75
MAIN,0.75,0.05,100,dollars,HT,MIS-G-10000,RA-EST,0.8992211377823474,0.8988917790484574,0.9005200366875072,0.0,0.17009688612306892,0.17034258615154163,125708.26636017254,145956.84024815852,2.4285122256900036,1.0
MAIN,0.75,0.05,100,dollars,HT,MIS-G-2000,DEF-0.0,5.286258891740582,5.286258891740582,5.286258891740582,1.0,0.99995,0.99995,200.0,200.0,0.0,0.0
MAIN,0.75,0.05,100,dollars,HT,MIS-G-2000,DEF-0.25,1.7727699934847694,1.7723608238089175,1.8214847624008328,1.0,0.3353375972097751,0.3445524945833651,266.5323164471023,266.57084093097234,0.31184491485600435,0.25
MAIN,0.75,0.05,100,dollars,HT,MIS-G-2000,DEF-0.5,1.2338247732146608,1.2339732919015252,1.2635419135859969,1.0,0.23339059006430246,0.2390118914653266,399.3960325878621,399.5690938798889,0.5788603839707138,0.5
MAIN,0.75,0.05,100,dollars,HT,MIS-G-2000,DEF-0.75,0.9991392713785653,0.9984765614390982,1.0161349966335613,0.43,0.1889974242419351,0.1922123397080101,796.3871059186745,797.4201217291661,0.9447207143399895,0.75
MAIN,0.75,0.05,100,dollars,HT,MIS-G-2000,RA-EST,0.9023268160971234,0.9012729591157422,0.9074082652885775,0.0,0.17068435697806478,0.17164556512603002,132257.96546203434,185456.06760838607,2.4523677609186336,1.0
MAIN,0.75,0.05,100,dollars,HT,MIS-I-2000,DEF-0.0,5.286258891740582,5.286258891740582,5.286258891740582,1.0,0.99995,0.99995,200.0,200.0,0.0,0.0
MAIN,0.75,0.05,100,dollars,HT,MIS-I-2000,DEF-0.25,1.727501247458092,1.7257501853260415,1.7751896943729915,1.0,0.326774550352554,0.33579530841021554,266.54925182481253,266.58484114335243,0.31458294906177897,0.25
MAIN,0.75,0.05,100,dollars,HT,MIS-I-2000,DEF-0.5,1.1992509178454354,1.1984250419631728,1.2278917075317108,1.0,0.22685059128927584,0.23226828993652487,399.47209809036417,399.6320109770396,0.5832994955145827,0.5
MAIN,0.75,0.05,100,dollars,HT,MIS-I-2000,DEF-0.75,0.9703255242087045,0.968594840484001,0.9864610344740717,0.02,0.18354700891560302,0.18659920590789622,796.8409269869182,797.7961208832581,0.9526070864439653,0.75
MAIN,0.75,0.05,100,dollars,HT,MIS-I-2000,RA-EST,0.877708768867971,0.8758701691943351,0.8872160164313712,0.0,0.1660276012589582,0.16782599448859659,151344.05832577345,217198.0263856323,2.508455735019533,1.0
MAIN,0.75,0.05,100,rate,DIFF,COR-10000,DEF-0.0,0.99995,0.99995,0.9999500000000002,0.0,0.99995,0.9999500000000002,200.0,200.0,0.0,0.0
MAIN,0.75,0.05,100,rate,DIFF,COR-10000,DEF-0.25,0.9484079180372551,0.9484558591310583,0.95138227097512,0.0,0.9484079180372551,0.95138227097512,252.10418120325198,255.61264646075182,0.0837117542013523,0.25
MAIN,0.75,0.05,100,rate,DIFF,COR-10000,DEF-0.5,0.9166967555401697,0.916596062889488,0.9202804112390028,0.0,0.9166967555401697,0.9202804112390028,340.92134166186486,354.0651906490231,0.16498374351644834,0.5
MAIN,0.75,0.05,100,rate,DIFF,COR-10000,DEF-0.75,0.898939674344254,0.898624379749152,0.9016339008923161,0.0,0.898939674344254,0.9016339008923161,526.3598298392546,575.8687713248897,0.24864556251677172,0.75
MAIN,0.75,0.05,100,rate,DIFF,COR-10000,RA-EST,0.8933868107186217,0.893048674531387,0.8949112206874675,0.0,0.8933868107186217,0.8949112206874675,1154.133603425833,1541.6196141785,0.3405976717753258,1.0
MAIN,0.75,0.05,100,rate,DIFF,COR-2000,DEF-0.0,0.99995,0.99995,0.9999500000000002,0.0,0.99995,0.9999500000000002,200.0,200.0,0.0,0.0
MAIN,0.75,0.05,100,rate,DIFF,COR-2000,DEF-0.25,0.9478926077341621,0.9477959922637924,0.9552017153536075,0.0,0.9478926077341621,0.9552017153536075,252.99976098118347,260.5103080948682,0.08787721252029185,0.25
MAIN,0.75,0.05,100,rate,DIFF,COR-2000,DEF-0.5,0.9171528041141233,0.9169940096662279,0.9265982150591695,0.0,0.9171528041141233,0.9265982150591695,344.2168719079724,373.5193939386456,0.17376433838272073,0.5
MAIN,0.75,0.05,100,rate,DIFF,COR-2000,DEF-0.75,0.901518365898697,0.9005652055501352,0.910171755777597,0.0,0.901518365898697,0.910171755777597,538.295426178008,659.6971108286843,0.262416401687288,0.75
MAIN,0.75,0.05,100,rate,DIFF,COR-2000,RA-EST,0.8998226866422925,0.8982595214865567,0.9090477810831672,0.0,0.8998226866422925,0.9090477810831672,1234.1428705752746,2821.8867323664676,0.3613656057886374,1.0
MAIN,0.75,0.05,100,rate,DIFF,COR-500,DEF-0.0,1.0013084561041985,0.9999500000000001,1.0021993919742855,0.155,0.99995,0.9999500000000002,200.0,200.0,0.0,0.0
MAIN,0.75,0.05,100,rate,DIFF,COR-500,DEF-0.25,0.9503177977397005,0.9513029608112766,0.9660227722529907,0.005,0.9490431900650574,0.9652487619887894,257.2967550081024,265.82456693828607,0.09820790453836012,0.25
MAIN,0.75,0.05,100,rate,DIFF,COR-500,DEF-0.5,0.9264968580212333,0.9229475767723389,0.9516014109083779,0.01,0.9252550683502702,0.9512165756675905,360.60400444779987,396.23433422438325,0.1960845234974477,0.5
MAIN,0.75,0.05,100,rate,DIFF,COR-500,DEF-0.75,0.9261879161331342,0.9111784816283841,0.9589041821193883,0.04,0.9249383551082415,0.9589041821193883,602.5237626392243,777.8235509280024,0.30157080888088594,0.75
MAIN,0.75,0.05,100,rate,DIFF,COR-500,RA-EST,3.48693907788907,0.9256382802351593,1.023129423513962,0.115,3.4855472637885283,1.020613742712866,1830.7176747008361,21044.588695565173,0.43866322678608777,1.0
MAIN,0.75,0.05,100,rate,DIFF,KS-2000,DEF-0.0,0.99995,0.99995,0.9999500000000002,0.0,0.99995,0.9999500000000002,200.0,200.0,0.0,0.0
MAIN,0.75,0.05,100,rate,DIFF,KS-2000,DEF-0.25,0.947797911944395,0.9474034594737444,0.9545214362767027,0.0,0.947797911944395,0.9545214362767027,252.52246257186343,260.12673631838186,0.08872584729016109,0.25
MAIN,0.75,0.05,100,rate,DIFF,KS-2000,DEF-0.5,0.9173723390933168,0.9167499669335499,0.926107778880848,0.0,0.9173723390933168,0.926107778880848,342.4555238718573,371.9463601536058,0.17518908575138528,0.5
MAIN,0.75,0.05,100,rate,DIFF,KS-2000,DEF-0.75,0.9024943601109584,0.9012821485495015,0.9100785163428573,0.0,0.9024943601109584,0.9100785163428573,531.8781277036135,652.3843279098302,0.26604550022202633,0.75
MAIN,0.75,0.05,100,rate,DIFF,KS-2000,RA-EST,0.9022080880275439,0.9010476075081784,0.9110696929283936,0.0,0.9022080880275439,0.9110696929283936,1190.2364595384101,2651.740588605969,0.36962130892394607,1.0
MAIN,0.75,0.05,100,rate,DIFF,MIS-G-10000,DEF-0.0,0.99995,0.99995,0.9999500000000002,0.0,0.99995,0.9999500000000002,200.0,200.0,0.0,0.0
MAIN,0.75,0.05,100,rate,DIFF,MIS-G-10000,DEF-0.25,0.960382410444025,0.9604945938264573,0.9634911451561826,0.0,0.960382410444025,0.9634911451561826,245.29167383475806,247.75711862309598,0.07514201446431308,0.25
MAIN,0.75,0.05,100,rate,DIFF,MIS-G-10000,DEF-0.5,0.9339720601166861,0.934064213412187,0.937969061985721,0.0,0.9339720601166861,0.937969061985721,317.1021279774874,325.4761292070054,0.15043606143380034,0.5
MAIN,0.75,0.05,100,rate,DIFF,MIS-G-10000,DEF-0.75,0.9182569330080679,0.9181546625248558,0.9214148981632896,0.0,0.9182569330080679,0.9214148981632896,448.3628567170177,474.2409152417849,0.2294849425828422,0.75
MAIN,0.75,0.05,100,rate,DIFF,MIS-G-10000,RA-EST,0.9128367875212362,0.9125608803298837,0.9139747931957284,0.0,0.9128367875212362,0.9139747931957284,765.0450607367616,873.4815490679568,0.31714827012633745,1.0
MAIN,0.75,0.05,100,rate,DIFF,MIS-G-2000,DEF-0.0,0.99995,0.99995,0.9999500000000002,0.0,0.99995,0.9999500000000002,200.0,200.0,0.0,0.0
MAIN,0.75,0.05,100,rate,DIFF,MIS-G-2000,DEF-0.25,0.9599048709983293,0.9598803496770105,0.9655872887360917,0.0,0.9599048709983293,0.9655872887360917,246.15267834161816,250.52660323121688,0.07683205755406242,0.25
MAIN,0.75,0.05,100,rate,DIFF,MIS-G-2000,DEF-0.5,0.9337699016925183,0.9334550526518917,0.9411568548934791,0.0,0.9337699016925183,0.9411568548934791,319.99609950010597,335.2122988516306,0.15398736736131446,0.5
MAIN,0.75,0.05,100,rate,DIFF,MIS-G-2000,DEF-0.75,0.9189530645446604,0.9183907830867406,0.9249481260164368,0.0,0.9189530645446604,0.9249481260164368,457.1311823465884,506.3865227118024,0.23526834641627564,0.75
MAIN,0.75,0.05,100,rate,DIFF,MIS-G-2000,RA-EST,0.9152792590449929,0.9144488963340909,0.9201773393069792,0.0,0.9152792590449929,0.9201773393069792,799.9550379419701,1034.8025814812318,0.3260944603598595,1.0
MAIN,0.75,0.05,100,rate,DIFF,MIS-I-2000,DEF-0.0,0.9999649876305778,0.99995,0.9999500000000002,0.005,0.99995,0.9999500000000002,200.0,200.0,0.0,0.0
MAIN,0.75,0.05,100,rate,DIFF,MIS-I-2000,DEF-0.25,0.9465266096162334,0.9462161754634275,0.953945621292948,0.0,0.9465123237549464,0.9536515695900536,247.5798465306895,251.77616173491057,0.09292861453205016,0.25
MAIN,0.75,0.05,100,rate,DIFF,MIS-I-2000,DEF-0.5,0.9152728123125827,0.9149637971126615,0.9237469674975132,0.0,0.9152588886427441,0.9237469674975132,324.8649747414403,339.72425528583744,0.1850787682355075,0.5
MAIN,0.75,0.05,100,rate,DIFF,MIS-I-2000,DEF-0.75,0.9006563711681074,0.8999114800991235,0.906508928655234,0.0,0.9006425372341806,0.906508928655234,472.2989731413269,522.0990207932548,0.28250996544639934,0.75
MAIN,0.75,0.05,100,rate,DIFF,MIS-I-2000,RA-EST,0.9022886392450118,0.9010042446906535,0.9109829139339447,0.0,0.9022746013715803,0.9109829139339447,864.7497590051406,1127.2346698332383,0.39521997490572924,1.0
MAIN,0.75,0.05,100,rate,HT,COR-10000,DEF-0.0,0.9999500000000002,0.9999500000000002,0.9999500000000002,0.0,0.9999500000000002,0.9999500000000002,200.0,200.0,0.0,0.0
MAIN,0.75,0.05,100,rate,HT,COR-10000,DEF-0.25,0.9254273617417239,0.9255939822532411,0.9295632436647403,0.0,0.9254273617417239,0.9295632436647403,252.60531136570648,256.0369817533624,0.09292310837489401,0.25
MAIN,0.75,0.05,100,rate,HT,COR-10000,DEF-0.5,0.8844919185745109,0.8845131040184753,0.8890215143429663,0.0,0.8844919185745109,0.8890215143429663,342.7604194268615,355.69831330789316,0.1801699400336293,0.5
MAIN,0.75,0.05,100,rate,HT,COR-10000,DEF-0.75,0.8627360433841577,0.8624588555142645,0.8660262018245964,0.0,0.8627360433841577,0.8660262018245964,532.9825521343522,582.3923163293729,0.2690019929221371,0.75
MAIN,0.75,0.05,100,rate,HT,COR-10000,RA-EST,0.8561279429282977,0.8557382318234202,0.8578180075182233,0.0,0.8561279429282977,0.8578180075182233,1197.6390311917642,1605.8233508179667,0.3671092154386385,1.0
MAIN,0.75,0.05,100,rate,HT,COR-2000,DEF-0.0,0.9999500000000002,0.9999500000000002,0.9999500000000002,0.0,0.9999500000000002,0.9999500000000002,200.0,200.0,0.0,0.0
MAIN,0.75,0.05,100,rate,HT,COR-2000,DEF-0.25,0.925014903296514,0.9242066756071953,0.9346694492223205,0.0,0.925014903296514,0.9346694492223205,253.46543350632192,260.7017273662602,0.09756950160821107,0.25
MAIN,0.75,0.05,100,rate,HT,COR-2000,DEF-0.5,0.8857334506270527,0.8853136180048911,0.8970001673079735,0.0,0.8857334506270527,0.8970001673079735,345.9463235041523,374.30753200731436,0.18992632588869518,0.5
MAIN,0.75,0.05,100,rate,HT,COR-2000,DEF-0.75,0.8668200348182235,0.8657454310808437,0.8757443640600459,0.0,0.8668200348182235,0.8757443640600459,544.6826827028192,663.3980173233881,0.28462632435768903,0.75
MAIN,0.75,0.05,100,rate,HT,COR-2000,RA-EST,0.8649036743750357,0.8631296067260291,0.8753927908643973,0.0,0.8649036743750357,0.8753927908643973,1280.0251402254744,2914.716683414486,0.3906798953077185,1.0
MAIN,0.75,0.05,100,rate,HT,COR-500,DEF-0.0,0.9999500000000002,0.9999500000000002,0.9999500000000002,0.0,0.9999500000000002,0.9999500000000002,200.0,200.0,0.0,0.0
MAIN,0.75,0.05,100,rate,HT,COR-500,DEF-0.25,0.9283013414237858,0.9273815849787909,0.9480729559378062,0.0,0.9283013414237858,0.9480729559378062,257.6616945893801,265.86761637390566,0.11099177574274785,0.25
MAIN,0.75,0.05,100,rate,HT,COR-500,DEF-0.5,0.8988401988612417,0.8944075804152194,0.9264574359380738,0.005,0.8988401988612417,0.9264574359380738,362.04126075861734,396.4256940612342,0.21635306696539047,0.5
MAIN,0.75,0.05,100,rate,HT,COR-500,DEF-0.75,0.8980460115925857,0.8844821316055347,0.9344354690334876,0.025,0.8980460115925857,0.9344354690334876,608.5782571487379,778.930704935958,0.3276957860857086,0.75
MAIN,0.75,0.05,100,rate,HT,COR-500,RA-EST,3.4811349942174314,0.9013641407703896,1.0096767427766307,0.11,3.4811349942174314,1.0096767427766307,1907.5551799334721,22181.969871314035,0.47075937404101503,1.0
MAIN,0.75,0.05,100,rate,HT,KS-2000,DEF-0.0,0.9999500000000002,0.9999500000000002,0.9999500000000002,0.0,0.9999500000000002,0.9999500000000002,200.0,200.0,0.0,0.0
MAIN,0.75,0.05,100,rate,HT,KS-2000,DEF-0.25,0.9251373687682587,0.9245328054897508,0.9345500538181268,0.0,0.9251373687682587,0.9345500538181268,253.01529967477083,260.37063983889504,0.10072733238003956,0.25
MAIN,0.75,0.05,100,rate,HT,KS-2000,DEF-0.5,0.8863840886767155,0.8858513334939588,0.8976727732845047,0.0,0.8863840886767155,0.8976727732845047,344.27433719668096,372.94541853977904,0.1943052317815325,0.5
MAIN,0.75,0.05,100,rate,HT,KS-2000,DEF-0.75,0.8684912842482744,0.8670411348517311,0.8777715759641018,0.0,0.8684912842482744,0.8777715759641018,538.5057490608583,657.014751730518,0.2913642425047573,0.75
MAIN,0.75,0.05,100,rate,HT,KS-2000,RA-EST,0.8683479167633159,0.8667189145518923,0.8787488201230611,0.0,0.8683479167633159,0.8787488201230611,1235.6048745168832,2757.0221082549465,0.40285459725484163,1.0
MAIN,0.75,0.05,100,rate,HT,MIS-G-10000,DEF-0.0,0.9999500000000002,0.9999500000000002,0.9999500000000002,0.0,0.9999500000000002,0.9999500000000002,200.0,200.0,0.0,0.0
MAIN,0.75,0.05,100,rate,HT,MIS-G-10000,DEF-0.25,0.9513979449354467,0.9515010718226831,0.955117944932147,0.0,0.9513979449354467,0.955117944932147,245.8986825906034,248.276657983656,0.08006915461424452,0.25
MAIN,0.75,0.05,100,rate,HT,MIS-G-10000,DEF-0.5,0.9199196252473983,0.919906857880578,0.9247334508578473,0.0,0.9199196252473983,0.9247334508578473,319.1390150702672,327.27549578128446,0.1594949104528346,0.5
MAIN,0.75,0.05,100,rate,HT,MIS-G-10000,DEF-0.75,0.9014565094595142,0.9013127616952188,0.9053286747123266,0.0,0.9014565094595142,0.9053286747123266,454.5154927877087,480.0089489121378,0.24256385760636112,0.75
MAIN,0.75,0.05,100,rate,HT,MIS-G-10000,RA-EST,0.8950768497243453,0.894707042390239,0.8963325902111722,0.0,0.8950768497243453,0.8963325902111722,789.3554127388177,900.0421527391012,0.3349610507301605,1.0
MAIN,0.75,0.05,100,rate,HT,MIS-G-2000,DEF-0.0,0.9999500000000002,0.9999500000000002,0.9999500000000002,0.0,0.9999500000000002,0.9999500000000002,200.0,200.0,0.0,0.0
MAIN,0.75,0.05,100,rate,HT,MIS-G-2000,DEF-0.25,0.9509153069675542,0.9506126518439892,0.958121375325202,0.0,0.9509153069675542,0.958121375325202,246.68024470772622,251.10521554649335,0.0823492417716031,0.25
MAIN,0.75,0.05,100,rate,HT,MIS-G-2000,DEF-0.5,0.9199025704257875,0.9193699947719569,0.9289648420385127,0.0,0.9199025704257875,0.9289648420385127,321.78534283173417,337.29215788216896,0.1639952802107038,0.5
MAIN,0.75,0.05,100,rate,HT,MIS-G-2000,DEF-0.75,0.9026035767631789,0.9019186430378772,0.9097758723486677,0.0,0.9026035767631789,0.9097758723486677,462.64330506055376,513.5623760691426,0.2495819285094007,0.75
MAIN,0.75,0.05,100,rate,HT,MIS-G-2000,RA-EST,0.8983370478135084,0.8972286573206301,0.9039882175608006,0.0,0.8983370478135084,0.9039882175608006,822.8268060637815,1075.7575444109193,0.34536320269856724,1.0
MAIN,0.75,0.05,100,rate,HT,MIS-I-2000,DEF-0.0,0.9999500000000002,0.9999500000000002,0.9999500000000002,0.0,0.9999500000000002,0.9999500000000002,200.0,200.0,0.0,0.0
MAIN,0.75,0.05,100,rate,HT,MIS-I-2000,DEF-0.25,0.9279641262782213,0.9273602209154381,0.9386103394842081,0.0,0.9279641262782213,0.9386103394842081,248.1735888808585,252.29037709362245,0.10021364897377513,0.25
MAIN,0.75,0.05,100,rate,HT,MIS-I-2000,DEF-0.5,0.8883697484083583,0.8875552144735845,0.901038820181403,0.0,0.8883697484083583,0.901038820181403,326.91754712099004,341.6031767768448,0.197866966091695,0.5
MAIN,0.75,0.05,100,rate,HT,MIS-I-2000,DEF-0.75,0.8700151476190864,0.8684760911979497,0.8783485928345801,0.0,0.8700151476190864,0.8783485928345801,478.8554481567855,528.8040397922472,0.30122486509616075,0.75
MAIN,0.75,0.05,100,rate,HT,MIS-I-2000,RA-EST,0.8709976249835263,0.8696077574981966,0.8809781218775803,0.0,0.8709976249835263,0.8809781218775803,894.6541046497812,1169.9390212760914,0.41985975131169373,1.0
MAIN,0.75,0.05,400,dollars,DIFF,COR-10000,DEF-0.0,5.1141481525873385,5.110759186037343,5.123288197880969,1.0,0.9999499999999999,0.9999500000000001,50.0,50.0,0.0,0.0
MAIN,0.75,0.05,400,dollars,DIFF,COR-10000,DEF-0.25,1.7705314060791582,1.7700735504478824,1.7904867341923258,1.0,0.34618710053539203,0.3498954306969882,66.63330210843438,66.63865591613005,0.30887723827106445,0.25
MAIN,0.75,0.05,400,dollars,DIFF,COR-10000,DEF-0.5,1.2363919861840678,1.2363718278675564,1.2487502031651996,1.0,0.24174836440593545,0.24408659858903956,99.85000961928509,99.87405745513425,0.5743704520973327,0.5
MAIN,0.75,0.05,400,dollars,DIFF,COR-10000,DEF-0.75,1.0018971402412822,1.0016461080913737,1.0097065249041934,0.635,0.19589813341554,0.19731217397963885,199.102749303159,199.24624333490624,0.9372567059806496,0.75
MAIN,0.75,0.05,400,dollars,DIFF,COR-10000,RA-EST,0.9034872009329235,0.9031104299809865,0.9049979977915964,0.0,0.1766559327377458,0.177013376338066,33285.57017059355,39650.71545496461,2.411103931172267,1.0
MAIN,0.75,0.05,400,dollars,DIFF,COR-2000,DEF-0.0,5.133388341318558,5.11964388216024,5.1700324708283905,1.0,0.9999499999999999,0.9999500000000001,50.0,50.0,0.0,0.0
MAIN,0.75,0.05,400,dollars,DIFF,COR-2000,DEF-0.25,1.7766578535298498,1.7710381645606859,1.8182353720342015,1.0,0.34609241007753405,0.3541779311928853,66.63451559665677,66.64314129127617,0.30966722869288676,0.25
MAIN,0.75,0.05,400,dollars,DIFF,COR-2000,DEF-0.5,1.2412637024318236,1.2382791504381934,1.2679124224030025,1.0,0.24180004298181645,0.2469153334767582,99.85545959948561,99.89421047299545,0.5756349349296525,0.5
MAIN,0.75,0.05,400,dollars,DIFF,COR-2000,DEF-0.75,1.006633960947711,1.0054915332364027,1.0251487421538115,0.645,0.19609479319654713,0.19944810392872042,199.13525741374957,199.36660297524224,0.9394630103568615,0.75
MAIN,0.75,0.05,400,dollars,DIFF,COR-2000,RA-EST,0.9097907555981899,0.9077640579211377,0.9185220544353313,0.0,0.17722916749355813,0.1790256244689744,34542.571592734734,47213.72287915355,2.42945402922213,1.0
MAIN,0.75,0.05,400,dollars,DIFF,COR-500,DEF-0.0,5.249533628147158,5.154966943191738,5.491326830932839,1.0,0.9999499999999999,0.9999500000000001,50.0,50.0,0.0,0.0
MAIN,0.75,0.05,400,dollars,DIFF,COR-500,DEF-0.25,1.8233542838581809,1.7932856043037362,1.9353259032193684,1.0,0.3480086707903983,0.37161803321136677,66.64209584668603,66.65726776736615,0.3126515595939961,0.25
MAIN,0.75,0.05,400,dollars,DIFF,COR-500,DEF-0.5,1.2927413689071594,1.2592098270975676,1.3809591738303186,1.0,0.24679268606242172,0.26228713322134745,99.88951275333154,99.95771688196781,0.5809577280980016,0.5
MAIN,0.75,0.05,400,dollars,DIFF,COR-500,DEF-0.75,1.0831990172232753,1.0230310052580152,1.1275111761631744,0.735,0.20676973226355,0.21437334285992252,199.33853818862173,199.74651576841813,0.9499237696984995,0.75
MAIN,0.75,0.05,400,dollars,DIFF,COR-500,RA-EST,4.390333711677422,0.9306991164479865,1.0227399721845067,0.14,0.8345015723828575,0.1972744048742613,45204.301096541596,118267.93103753318,2.530856312040963,1.0
MAIN,0.75,0.05,400,dollars,DIFF,KS-2000,DEF-0.0,5.144003915221408,5.126594098565178,5.197151380448473,1.0,0.9999499999999999,0.9999500000000001,50.0,50.0,0.0,0.0
MAIN,0.75,0.05,400,dollars,DIFF,KS-2000,DEF-0.25,1.7790528715662646,1.7734116942110338,1.8206894806777816,1.0,0.34585710777684314,0.3545405716679614,66.63474769001536,66.64533744136705,0.3095953670441649,0.25
MAIN,0.75,0.05,400,dollars,DIFF,KS-2000,DEF-0.5,1.2429398313674114,1.2398483988113527,1.271086355906526,1.0,0.2416357366463805,0.2472747602900215,99.85650201450093,99.90407986361569,0.5756750115883977,0.5
MAIN,0.75,0.05,400,dollars,DIFF,KS-2000,DEF-0.75,1.0081925390043636,1.006182629249893,1.0271155067003255,0.645,0.19599881936806682,0.1998626509119141,199.14147601921263,199.4255811555,0.9398470051832468,0.75
MAIN,0.75,0.05,400,dollars,DIFF,KS-2000,RA-EST,0.9119135340444344,0.9101163864204669,0.9213271077719497,0.0,0.1772772754420141,0.17905754565632356,34793.73687364621,52077.03831600082,2.432874512131507,1.0
MAIN,0.75,0.05,400,dollars,DIFF,MIS-G-10000,DEF-0.0,5.121392301073539,5.1187242181986985,5.131191676059004,1.0,0.9999499999999999,0.9999500000000001,50.0,50.0,0.0,0.0
MAIN,0.75,0.05,400,dollars,DIFF,MIS-G-10000,DEF-0.25,1.7935196094603967,1.7912278267532895,1.8140765460095563,1.0,0.35018371468940673,0.35405926938915916,66.62982311971183,66.63474549735949,0.307735476781279,0.25
MAIN,0.75,0.05,400,dollars,DIFF,MIS-G-10000,DEF-0.5,1.2547383171988717,1.2533927573244759,1.2679152527546735,1.0,0.24498712811288692,0.24727668253107749,99.8343870917123,99.85649216635117,0.5724430491598314,0.5
MAIN,0.75,0.05,400,dollars,DIFF,MIS-G-10000,DEF-0.75,1.0178517247121865,1.0170617558361728,1.025628259924825,1.0,0.19873528309003682,0.20003093266420532,199.00960300082562,199.14141726681558,0.9337859806447577,0.75
MAIN,0.75,0.05,400,dollars,DIFF,MIS-G-10000,RA-EST,0.9180490490995358,0.9178268988421237,0.9191406548833941,0.0,0.17924908883218443,0.17950066982674,30140.883414169195,34791.32842610456,2.3844241873332095,1.0
MAIN,0.75,0.05,400,dollars,DIFF,MIS-G-2000,DEF-0.0,5.143011039538638,5.12813986443806,5.188397433361554,1.0,0.9999499999999999,0.9999500000000001,50.0,50.0,0.0,0.0
MAIN,0.75,0.05,400,dollars,DIFF,MIS-G-2000,DEF-0.25,1.7935755040112977,1.7900586906896074,1.8349817633800405,1.0,0.34874987417528336,0.3566151830865783,66.63145175000528,66.64136357568204,0.30843830035778474,0.25
MAIN,0.75,0.05,400,dollars,DIFF,MIS-G-2000,DEF-0.5,1.2544686547016957,1.2534224873777373,1.280147496108672,1.0,0.24392593349408004,0.24877948256935428,99.84170011082941,99.8862224583788,0.5737311026089764,0.5
MAIN,0.75,0.05,400,dollars,DIFF,MIS-G-2000,DEF-0.75,1.0180422837744685,1.0174138547333456,1.0327101014245377,0.975,0.19795352403602284,0.20085325133817117,199.05319824230355,199.31888466471995,0.936277602192751,0.75
MAIN,0.75,0.05,400,dollars,DIFF,MIS-G-2000,RA-EST,0.9200879981564749,0.9191982952206821,0.9235528089147158,0.0,0.1789027819778395,0.18011574450686565,31535.672577521567,43895.45726491536,2.4024638098954614,1.0
MAIN,0.75,0.05,400,dollars,DIFF,MIS-I-2000,DEF-0.0,5.138487558519987,5.125553568928689,5.175650716463301,1.0,0.9999499999999999,0.9999500000000001,50.0,50.0,0.0,0.0
MAIN,0.75,0.05,400,dollars,DIFF,MIS-I-2000,DEF-0.25,1.7748831815615427,1.7746296424819623,1.8135060633347553,1.0,0.3454262173481317,0.35278140757692866,66.63577441523508,66.6449127312326,0.3101071356084943,0.25
MAIN,0.75,0.05,400,dollars,DIFF,MIS-I-2000,DEF-0.5,1.2404940904943913,1.241010447891695,1.265580526529282,1.0,0.24142545858076186,0.2461093316748054,99.86111358422933,99.90217113566135,0.5766756900038582,0.5
MAIN,0.75,0.05,400,dollars,DIFF,MIS-I-2000,DEF-0.75,1.0067365518706728,1.0065457677276486,1.0232135817774972,0.7,0.19593016600299595,0.19919042622118577,199.16898983030705,199.41417303383628,0.9418640982245519,0.75
MAIN,0.75,0.05,400,dollars,DIFF,MIS-I-2000,RA-EST,0.9115543445579466,0.9106442628692152,0.9201521194802607,0.0,0.1773995422213566,0.17924625538703776,35950.71067597535,51059.8456091321,2.4503897602676044,1.0
MAIN,0.75,0.05,400,dollars,HT,COR-10000,DEF-0.0,5.620298249657192,5.620298249657192,5.620298249657192,1.0,0.99995,0.99995,50.0,50.0,0.0,0.0
MAIN,0.75,0.05,400,dollars,HT,COR-10000,DEF-0.25,1.771528505319508,1.771821327192066,1.795764688800571,1.0,0.3151861076059959,0.31949815130819037,66.63492246639493,66.64032494541804,0.3134465393398453,0.25
MAIN,0.75,0.05,400,dollars,HT,COR-10000,DEF-0.5,1.2039468907512878,1.2040473288867877,1.2184924443249512,1.0,0.21420334650037137,0.216791256545336,99.85728700814254,99.88155585506072,0.5812606027998444,0.5
MAIN,0.75,0.05,400,dollars,HT,COR-10000,DEF-0.75,0.9583561607199126,0.958198246534716,0.967180070212248,0.0,0.17050843217623338,0.1720783610136219,199.14615913382482,199.29101463367485,0.9483451007476642,0.75
MAIN,0.75,0.05,400,dollars,HT,COR-10000,RA-EST,0.8562023663173365,0.8556861019142169,0.8580593927967938,0.0,0.15233347380652654,0.15266387150886318,34985.37109231396,42163.99044015407,2.4682132398337173,1.0
MAIN,0.75,0.05,400,dollars,HT,COR-2000,DEF-0.0,5.620298249657192,5.620298249657192,5.620298249657192,1.0,0.99995,0.99995,50.0,50.0,0.0,0.0
MAIN,0.75,0.05,400,dollars,HT,COR-2000,DEF-0.25,1.7768059531466844,1.7713109682233368,1.8260420836414957,1.0,0.31612505848019673,0.3248850328625686,66.63616838378653,66.64456863329961,0.3142249560565661,0.25
MAIN,0.75,0.05,400,dollars,HT,COR-2000,DEF-0.5,1.2100222051436291,1.2064938814900057,1.2417221346621259,1.0,0.2152842518823931,0.22092422739863096,99.86288318209895,99.90062472982467,0.5823441501485958,0.5
MAIN,0.75,0.05,400,dollars,HT,COR-2000,DEF-0.75,0.9651718387855371,0.9632929510438514,0.9844686641943585,0.035,0.17172106128931242,0.1751543062365406,199.17954904925764,199.40493108227025,0.9503757032149427,0.75
MAIN,0.75,0.05,400,dollars,HT,COR-2000,RA-EST,0.8654748484107637,0.8636849763960837,0.8767347753675142,0.0,0.15398321160645342,0.15598655083513038,36415.325094793036,50264.35564154598,2.4861939107964606,1.0
MAIN,0.75,0.05,400,dollars,HT,COR-500,DEF-0.0,5.620298249657192,5.620298249657192,5.620298249657192,1.0,0.99995,0.99995,50.0,50.0,0.0,0.0
MAIN,0.75,0.05,400,dollars,HT,COR-500,DEF-0.25,1.8171282052814215,1.7913361524789533,1.963557062608097,1.0,0.323299096979771,0.34935136847492515,66.64339310117569,66.6581535736848,0.3181621916954237,0.25
MAIN,0.75,0.05,400,dollars,HT,COR-500,DEF-0.5,1.264774783458592,1.2284384528666217,1.3638100697241486,1.0,0.2250256994451424,0.24264582031813767,99.8953420287325,99.96170086916287,0.5892663520084612,0.5
MAIN,0.75,0.05,400,dollars,HT,COR-500,DEF-0.75,1.0486394397901442,0.9873092020832487,1.096094249638707,0.435,0.18657141689626755,0.1950144629767784,199.373363831061,199.77038121142485,0.9629094356307574,0.75
MAIN,0.75,0.05,400,dollars,HT,COR-500,RA-EST,4.416590328915154,0.9004444959020659,1.0035814195830108,0.11,0.7857891704711726,0.17855480188675785,47725.00770377645,130590.89256946447,2.613470460983183,1.0
MAIN,0.75,0.05,400,dollars,HT,KS-2000,DEF-0.0,5.620298249657192,5.620298249657192,5.620298249657192,1.0,0.99995,0.99995,50.0,50.0,0.0,0.0
MAIN,0.75,0.05,400,dollars,HT,KS-2000,DEF-0.25,1.7787905269925324,1.7761219871216096,1.8305755038268188,1.0,0.3164781491043957,0.325691608121202,66.63637214000958,66.64684884327173,0.3144818939012317,0.25
MAIN,0.75,0.05,400,dollars,HT,KS-2000,DEF-0.5,1.2122045881137506,1.2099922727044223,1.2450469527443229,1.0,0.2156725362320904,0.2215157710665307,99.86379841492456,99.91087278396188,0.5831068595458702,0.5
MAIN,0.75,0.05,400,dollars,HT,KS-2000,DEF-0.75,0.9676484291400785,0.9648202259935903,0.9894464861675072,0.05,0.17216169031201148,0.1760399483966081,199.1850105467429,199.46618824717123,0.9518596190060582,0.75
MAIN,0.75,0.05,400,dollars,HT,KS-2000,RA-EST,0.8690022155951947,0.867178999055567,0.8800789797547255,0.0,0.15461079232537472,0.15658154366797442,36660.29376722551,56049.60413480692,2.494318544546113,1.0
MAIN,0.75,0.05,400,dollars,HT,MIS-G-10000,DEF-0.0,5.620298249657192,5.620298249657192,5.620298249657192,1.0,0.99995,0.99995,50.0,50.0,0.0,0.0
MAIN,0.75,0.05,400,dollars,HT,MIS-G-10000,DEF-0.25,1.8357363587029514,1.8342706737991077,1.8613421840126654,1.0,0.32660981505687553,0.3311655421519652,66.63131692252306,66.63621011592114,0.3109170185178596,0.25
MAIN,0.75,0.05,400,dollars,HT,MIS-G-10000,DEF-0.5,1.2533811989942207,1.2523290787121713,1.2687279446124846,1.0,0.2229985801929136,0.22572903640703335,99.841094669288,99.86307063353374,0.5772834288131168,0.5
MAIN,0.75,0.05,400,dollars,HT,MIS-G-10000,DEF-0.75,1.0000312550106094,0.9994371614438771,1.0089522866017897,0.475,0.17792316511118472,0.17951037367972375,199.0495885256272,199.1806676145396,0.9417572093442659,0.75
MAIN,0.75,0.05,400,dollars,HT,MIS-G-10000,RA-EST,0.8937228842018993,0.8934123149186641,0.8951742385827016,0.0,0.15900903446043968,0.1592672559548545,31415.284912457442,36465.17739289521,2.4278448857560853,1.0
MAIN,0.75,0.05,400,dollars,HT,MIS-G-2000,DEF-0.0,5.620298249657192,5.620298249657192,5.620298249657192,1.0,0.99995,0.99995,50.0,50.0,0.0,0.0
MAIN,0.75,0.05,400,dollars,HT,MIS-G-2000,DEF-0.25,1.8325248506692609,1.8318131404424176,1.8833834570879433,1.0,0.32603843124134846,0.33508707265312115,66.63306144828286,66.64268427239443,0.3117311410741295,0.25
MAIN,0.75,0.05,400,dollars,HT,MIS-G-2000,DEF-0.5,1.2523370337563309,1.2524366122957025,1.2836118198820528,1.0,0.22281280481530052,0.22837713983761418,99.84892882125965,99.89215681621515,0.5787383542730197,0.5
MAIN,0.75,0.05,400,dollars,HT,MIS-G-2000,DEF-0.75,1.0005435964126344,0.9997856558738059,1.0184552788427554,0.485,0.17801431966601391,0.1812011232928663,199.09630338830846,199.35433351737916,0.9445558376605179,0.75
MAIN,0.75,0.05,400,dollars,HT,MIS-G-2000,RA-EST,0.897038680054711,0.8958341732346395,0.9020813113248585,0.0,0.15959897291490183,0.16049614578982738,33047.10914961804,46313.80101989634,2.4518683512802744,1.0
MAIN,0.75,0.05,400,dollars,HT,MIS-I-2000,DEF-0.0,5.620298249657192,5.620298249657192,5.620298249657192,1.0,0.99995,0.99995,50.0,50.0,0.0,0.0
MAIN,0.75,0.05,400,dollars,HT,MIS-I-2000,DEF-0.25,1.7844053829701507,1.7822077383920607,1.8338063210405346,1.0,0.31747713082839263,0.32626642737978,66.6373004037753,66.6461856940397,0.3144043044461393,0.25
MAIN,0.75,0.05,400,dollars,HT,MIS-I-2000,DEF-0.5,1.2157818111617953,1.2149060980795456,1.2457528165197722,1.0,0.21630898718682587,0.221641356658417,99.86796813604009,99.90789221695823,0.5831306817626412,0.5
MAIN,0.75,0.05,400,dollars,HT,MIS-I-2000,DEF-0.75,0.9703597596788989,0.9686551780151492,0.9873020461040006,0.02,0.1726440837459291,0.17565841475795574,199.20989520675053,199.4483694922672,0.9523849303999323,0.75
MAIN,0.75,0.05,400,dollars,HT,MIS-I-2000,RA-EST,0.8715518742617949,0.8697640546888843,0.8820547949910384,0.0,0.15506442148710511,0.15693307598134795,37819.83453654214,54234.29651849709,2.5076245899421306,1.0
MAIN,0.75,0.05,400,rate,DIFF,COR-10000,DEF-0.0,1.0004041298022834,1.000331381201664,1.0006020454003535,1.0,0.9999499999999999,0.9999500000000001,50.0,50.0,0.0,0.0
MAIN,0.75,0.05,400,rate,DIFF,COR-10000,DEF-0.25,0.9480496749010371,0.9480418929807355,0.9510716524058738,0.0,0.9476193284499881,0.9506393819046812,63.026045300812996,63.903161615187955,0.0837117542013523,0.25
MAIN,0.75,0.05,400,rate,DIFF,COR-10000,DEF-0.5,0.9158388115908093,0.9156832868271876,0.9195706216889248,0.0,0.9154230728282041,0.9190615533301638,85.23033541546621,88.51629766225578,0.16498374351644834,0.5
MAIN,0.75,0.05,400,rate,DIFF,COR-10000,DEF-0.75,0.8978020356671721,0.8975235717918677,0.9006466036510876,0.0,0.8973944436361372,0.9001294338793547,131.58995745981366,143.96719283122243,0.24864556251677172,0.75
MAIN,0.75,0.05,400,rate,DIFF,COR-10000,RA-EST,0.8921619013871601,0.8918059332031196,0.8937578407204393,0.0,0.8917567936969238,0.8933051462433743,288.53340085645823,385.404903544625,0.3405976717753258,1.0
MAIN,0.75,0.05,400,rate,DIFF,COR-2000,DEF-0.0,1.0007668816720703,1.0004773142490877,1.0015431901285123,1.0,0.9999499999999999,0.9999500000000001,50.0,50.0,0.0,0.0
MAIN,0.75,0.05,400,rate,DIFF,COR-2000,DEF-0.25,0.9478711238985517,0.947721296650512,0.9552545423081628,0.0,0.947096682832318,0.9545198229702906,63.24994024529587,65.12757702371705,0.08787721252029185,0.25
MAIN,0.75,0.05,400,rate,DIFF,COR-2000,DEF-0.5,0.9166363839018576,0.9161837301202261,0.9264319479813078,0.0,0.915887068522055,0.9254736750210606,86.0542179769931,93.3798484846614,0.17376433838272073,0.5
MAIN,0.75,0.05,400,rate,DIFF,COR-2000,DEF-0.75,0.9007503680405168,0.899801372401912,0.9097604683536838,0.0,0.9000138491495616,0.9087979386971431,134.573856544502,164.9242777071711,0.262416401687288,0.75
MAIN,0.75,0.05,400,rate,DIFF,COR-2000,RA-EST,0.8990276993368695,0.8971576521275957,0.9084621112131285,0.0,0.8982925619194796,0.9076547403302297,308.53571764381866,705.4716830916169,0.3613656057886374,1.0
MAIN,0.75,0.05,400,rate,DIFF,COR-500,DEF-0.0,1.0036814377917538,1.001172183477197,1.0080532077677058,1.0,0.9999499999999999,0.9999500000000001,50.0,50.0,0.0,0.0
MAIN,0.75,0.05,400,rate,DIFF,COR-500,DEF-0.25,0.9517866309225198,0.9522330522406428,0.969891520597179,0.005,0.9482657756779598,0.964722606463885,64.3241887520256,66.45614173457152,0.09820790453836012,0.25
MAIN,0.75,0.05,400,rate,DIFF,COR-500,DEF-0.5,0.9275474051432606,0.9239644311903452,0.9548229950163685,0.01,0.9241145938480522,0.9504691584897987,90.15100111194997,99.05858355609581,0.1960845234974477,0.5
MAIN,0.75,0.05,400,rate,DIFF,COR-500,DEF-0.75,0.927238972859171,0.9124747453035447,0.9594429506359459,0.045,0.9237933423657125,0.9582925534341281,150.63094065980607,194.4558877320006,0.30157080888088594,0.75
MAIN,0.75,0.05,400,rate,DIFF,COR-500,RA-EST,3.5301466838407562,0.9276213978951735,1.0286436693919194,0.12,3.523594808794237,1.0209110025912473,457.67941867520904,5261.147173891293,0.43866322678608777,1.0
MAIN,0.75,0.05,400,rate,DIFF,KS-2000,DEF-0.0,1.0009325390669261,1.000650776505943,1.002082803446429,1.0,0.9999499999999999,0.9999500000000001,50.0,50.0,0.0,0.0
MAIN,0.75,0.05,400,rate,DIFF,KS-2000,DEF-0.25,0.9479319887110144,0.9473055982144611,0.9550653553753637,0.0,0.9470008568164622,0.9538265524284255,63.13061564296586,65.03168407959546,0.08872584729016109,0.25
MAIN,0.75,0.05,400,rate,DIFF,KS-2000,DEF-0.5,0.9170119640558824,0.9163222477184987,0.9257810415646249,0.0,0.9161106202191476,0.9249780353636518,85.61388096796432,92.98659003840145,0.17518908575138528,0.5
MAIN,0.75,0.05,400,rate,DIFF,KS-2000,DEF-0.75,0.9018928478017518,0.9009851841366618,0.9105441636852264,0.0,0.9010057944753548,0.9087060519429593,132.96953192590337,163.09608197745754,0.26604550022202633,0.75
MAIN,0.75,0.05,400,rate,DIFF,KS-2000,RA-EST,0.9016032559570129,0.900115075278862,0.9105003582087129,0.0,0.9007158622028152,0.909708718186115,297.55911488460254,662.9351471514923,0.36962130892394607,1.0
MAIN,0.75,0.05,400,rate,DIFF,MIS-G-10000,DEF-0.0,1.0004225779576006,1.0003579404913414,1.0006117731967734,1.0,0.9999499999999999,0.9999500000000001,50.0,50.0,0.0,0.0
MAIN,0.75,0.05,400,rate,DIFF,MIS-G-10000,DEF-0.25,0.96023060305479,0.9603002235896938,0.9635056028546811,0.0,0.9597769900792479,0.9629331612732737,61.322918458689514,61.939279655773994,0.07514201446431308,0.25
MAIN,0.75,0.05,400,rate,DIFF,MIS-G-10000,DEF-0.5,0.9334035361458917,0.9334252659441764,0.9375521246607345,0.0,0.9329625758965023,0.9370215387066643,79.27553199437185,81.36903230175135,0.15043606143380034,0.5
MAIN,0.75,0.05,400,rate,DIFF,MIS-G-10000,DEF-0.75,0.9174404969467553,0.9172923967042086,0.9208455615935247,0.0,0.9170070576355418,0.9202131271877244,112.09071417925442,118.56022881044622,0.2294849425828422,0.75
MAIN,0.75,0.05,400,rate,DIFF,MIS-G-10000,RA-EST,0.911934930546505,0.9116364363887695,0.9132080237714275,0.0,0.911504067609277,0.912659864516135,191.2612651841904,218.3703872669892,0.31714827012633745,1.0
MAIN,0.75,0.05,400,rate,DIFF,MIS-G-2000,DEF-0.0,1.0008459919306305,1.0005612964554778,1.0018034353921472,1.0,0.9999499999999999,0.9999500000000001,50.0,50.0,0.0,0.0
MAIN,0.75,0.05,400,rate,DIFF,MIS-G-2000,DEF-0.25,0.9601519257845171,0.9600656166957706,0.9657708442300201,0.0,0.9592927209653108,0.9650620413016342,61.53816958540454,62.63165080780422,0.07683205755406242,0.25
MAIN,0.75,0.05,400,rate,DIFF,MIS-G-2000,DEF-0.5,0.9335939250814711,0.9332335584882776,0.9411749356249735,0.0,0.932758406200317,0.9402577704249008,79.99902487502649,83.80307471290764,0.15398736736131446,0.5
MAIN,0.75,0.05,400,rate,DIFF,MIS-G-2000,DEF-0.75,0.91853787169904,0.9180490451294614,0.9249211632142451,0.0,0.9177153547469481,0.9238044170682257,114.2827955866471,126.5966306779506,0.23526834641627564,0.75
MAIN,0.75,0.05,400,rate,DIFF,MIS-G-2000,RA-EST,0.914805946794705,0.9139278325216735,0.9200733467527134,0.0,0.9139857862352614,0.9189573223257159,199.98875948549252,258.70064537030794,0.3260944603598595,1.0
MAIN,0.75,0.05,400,rate,DIFF,MIS-I-2000,DEF-0.0,1.0007705781432275,1.0005346075000268,1.0013500936228814,1.0,0.9999499999999999,0.9999500000000001,50.0,50.0,0.0,0.0
MAIN,0.75,0.05,400,rate,DIFF,MIS-I-2000,DEF-0.25,0.9464718525722883,0.9463988335099656,0.953833872548485,0.0,0.9456955125832082,0.9529424310457665,61.89496163267238,62.94404043372764,0.09292861453205016,0.25
MAIN,0.75,0.05,400,rate,DIFF,MIS-I-2000,DEF-0.5,0.9147153738652237,0.9142283925262105,0.9231264793384547,0.0,0.9139646748753242,0.9225816485392817,81.21624368536007,84.93106382145936,0.1850787682355075,0.5
MAIN,0.75,0.05,400,rate,DIFF,MIS-I-2000,DEF-0.75,0.8998645070359546,0.8988443447637344,0.906157667345036,0.0,0.8991254249343571,0.905091666484079,118.07474328533172,130.5247551983137,0.28250996544639934,0.75
MAIN,0.75,0.05,400,rate,DIFF,MIS-I-2000,RA-EST,0.9015244548953298,0.9001863654002573,0.9108298040752053,0.0,0.9007831461324598,0.9096176124367343,216.18743975128515,281.80866745830957,0.39521997490572924,1.0
MAIN,0.75,0.05,400,rate,HT,COR-10000,DEF-0.0,1.0052587854646744,1.0052587854646744,1.0052587854646744,1.0,0.99995,0.99995,50.0,50.0,0.0,0.0
MAIN,0.75,0.05,400,rate,HT,COR-10000,DEF-0.25,0.9293437884290539,0.9295130088356087,0.9335539446716418,0.0,0.9244359111072785,0.928623833456875,63.15132784142662,64.0092454383406,0.09292310837489401,0.25
MAIN,0.75,0.05,400,rate,HT,COR-10000,DEF-0.5,0.8876945747857259,0.8877094635449156,0.8922972883176608,0.0,0.8830066475337255,0.8875850540722277,85.69010485671538,88.92457832697329,0.1801699400336293,0.5
MAIN,0.75,0.05,400,rate,HT,COR-10000,DEF-0.75,0.8656054999858239,0.8653249263274904,0.8689445125732858,0.0,0.8610342254414859,0.8643556046575741,133.24563803358805,145.59807908234322,0.2690019929221371,0.75
MAIN,0.75,0.05,400,rate,HT,COR-10000,RA-EST,0.8589614452299424,0.8585573502095529,0.8607073407142225,0.0,0.8544252580301016,0.8561619334163295,299.40975779794104,401.45583770449167,0.3671092154386385,1.0
MAIN,0.75,0.05,400,rate,HT,COR-2000,DEF-0.0,1.0052587854646744,1.0052587854646744,1.0052587854646744,1.0,0.99995,0.99995,50.0,50.0,0.0,0.0
MAIN,0.75,0.05,400,rate,HT,COR-2000,DEF-0.25,0.928926229763077,0.9281036131971376,0.93875065589491,0.0,0.9240205575743565,0.9337931007767374,63.36635837658048,65.17543184156504,0.09756950160821107,0.25
MAIN,0.75,0.05,400,rate,HT,COR-2000,DEF-0.5,0.8889668276332595,0.8885500322551896,0.9004379315811932,0.0,0.8842721815964825,0.8956827064867814,86.48658087603808,93.57688300182859,0.18992632588869518,0.5
MAIN,0.75,0.05,400,rate,HT,COR-2000,DEF-0.75,0.8697788031536272,0.8687040028078377,0.8787986601080736,0.0,0.8651854893378922,0.8741577123037721,136.1706706757048,165.84950433084703,0.28462632435768903,0.75
MAIN,0.75,0.05,400,rate,HT,COR-2000,RA-EST,0.8679215301985131,0.8660879206487383,0.8786672879370271,0.0,0.8633380246667848,0.8740270339109668,320.0062850563686,728.6791708536215,0.3906798953077185,1.0
MAIN,0.75,0.05,400,rate,HT,COR-500,DEF-0.0,1.0052587854646744,1.0052587854646744,1.0052587854646744,1.0,0.99995,0.99995,50.0,50.0,0.0,0.0
MAIN,0.75,0.05,400,rate,HT,COR-500,DEF-0.25,0.9322821802806988,0.9313388969329559,0.9524349649361668,0.005,0.9273587852711627,0.9474051427938379,64.41542364734502,66.46690409347642,0.11099177574274785,0.25
MAIN,0.75,0.05,400,rate,HT,COR-500,DEF-0.5,0.9023409980751153,0.8978303249123754,0.930472419416719,0.005,0.8975757228603888,0.9255585817791833,90.51031518965434,99.10642351530855,0.21635306696539047,0.5
MAIN,0.75,0.05,400,rate,HT,COR-500,DEF-0.75,0.9016350710513966,0.8877916889296005,0.9387210501125368,0.03,0.8968735238469862,0.9337636513429078,152.14456428718447,194.7326762339895,0.3276957860857086,0.75
MAIN,0.75,0.05,400,rate,HT,COR-500,RA-EST,3.5382645461114026,0.9052073081708785,1.0158059082394164,0.115,3.519578922405179,1.0104414232743841,476.88879498336803,5545.492467828509,0.47075937404101503,1.0
MAIN,0.75,0.05,400,rate,HT,KS-2000,DEF-0.0,1.0052587854646744,1.0052587854646744,1.0052587854646744,1.0,0.99995,0.99995,50.0,50.0,0.0,0.0
MAIN,0.75,0.05,400,rate,HT,KS-2000,DEF-0.25,0.9290509213852651,0.9284387105346299,0.9386340777899889,0.0,0.9241445906983737,0.9336771383223909,63.25382491869271,65.09265995972376,0.10072733238003956,0.25
MAIN,0.75,0.05,400,rate,HT,KS-2000,DEF-0.5,0.8896297980888224,0.8890816349687298,0.9011066412450911,0.0,0.884931650895956,0.8963478846857518,86.06858429917024,93.23635463494476,0.1943052317815325,0.5
MAIN,0.75,0.05,400,rate,HT,KS-2000,DEF-0.75,0.8714821684346217,0.8700004100828057,0.8809294784550203,0.0,0.8668798591234227,0.8762772777697377,134.62643726521458,164.2536879326295,0.2913642425047573,0.75
MAIN,0.75,0.05,400,rate,HT,KS-2000,RA-EST,0.8714327277776046,0.8697791301160954,0.8820800208392922,0.0,0.866830679563195,0.8774217441238623,308.9012186292208,689.2555270637366,0.40285459725484163,1.0
MAIN,0.75,0.05,400,rate,HT,MIS-G-10000,DEF-0.0,1.0052587854646744,1.0052587854646744,1.0052587854646744,1.0,0.99995,0.99995,50.0,50.0,0.0,0.0
MAIN,0.75,0.05,400,rate,HT,MIS-G-10000,DEF-0.25,0.9557878528319155,0.9558927823174225,0.9595770190877383,0.0,0.9507403240425192,0.9545094796592578,61.47467064765085,62.069164495914,0.08006915461424452,0.25
MAIN,0.75,0.05,400,rate,HT,MIS-G-10000,DEF-0.5,0.9237329688468783,0.9237199003441645,0.9286320514161156,0.0,0.9188547223404445,0.9237279327872893,79.7847537675668,81.81887394532112,0.1594949104528346,0.5
MAIN,0.75,0.05,400,rate,HT,MIS-G-10000,DEF-0.75,0.904951666026337,0.9048038955599604,0.9088875977407994,0.0,0.9001726038382729,0.9040877498432465,113.62887319692717,120.00223722803445,0.24256385760636112,0.75
MAIN,0.75,0.05,400,rate,HT,MIS-G-10000,RA-EST,0.8984929504993311,0.8981195604783414,0.8997734149816605,0.0,0.8937479968767488,0.8950216992085454,197.33885318470442,225.0105381847753,0.3349610507301605,1.0
MAIN,0.75,0.05,400,rate,HT,MIS-G-2000,DEF-0.0,1.0052587854646744,1.0052587854646744,1.0052587854646744,1.0,0.99995,0.99995,50.0,50.0,0.0,0.0
MAIN,0.75,0.05,400,rate,HT,MIS-G-2000,DEF-0.25,0.955296722674002,0.9549879549455336,0.962636781153741,0.0,0.9502517875497211,0.9575530830797294,61.670061176931554,62.77630388662334,0.0823492417716031,0.25
MAIN,0.75,0.05,400,rate,HT,MIS-G-2000,DEF-0.5,0.9237177442288522,0.9231759037230207,0.9329409253534934,0.0,0.9188395781238357,0.9280140515021725,80.44633570793354,84.32303947054224,0.1639952802107038,0.5
MAIN,0.75,0.05,400,rate,HT,MIS-G-2000,DEF-0.75,0.9061245376601141,0.9054241017410094,0.9134160367853238,0.0,0.9013392815208293,0.9085922741389273,115.66082626513844,128.39059401728565,0.2495819285094007,0.75
MAIN,0.75,0.05,400,rate,HT,MIS-G-2000,RA-EST,0.901821762345174,0.9007149544203961,0.9075910837158719,0.0,0.897059229221475,0.9027980827267069,205.70670151594538,268.9393861027298,0.34536320269856724,1.0
MAIN,0.75,0.05,400,rate,HT,MIS-I-2000,DEF-0.0,1.0052587854646744,1.0052587854646744,1.0052587854646744,1.0,0.99995,0.99995,50.0,50.0,0.0,0.0
MAIN,0.75,0.05,400,rate,HT,MIS-I-2000,DEF-0.25,0.9319222724231209,0.9313065947528607,0.9427621198196311,0.0,0.927000778091928,0.9377833801053289,62.04339722021462,63.07259427340561,0.10021364897377513,0.25
MAIN,0.75,0.05,400,rate,HT,MIS-I-2000,DEF-0.5,0.8916295920516489,0.8908006624961142,0.9045197900867195,0.0,0.8869208839193751,0.8997430086414292,81.72938678024751,85.4007941942112,0.197866966091695,0.5
MAIN,0.75,0.05,400,rate,HT,MIS-I-2000,DEF-0.75,0.872998388156774,0.8714459731045645,0.8814636446635538,0.0,0.8683880716683798,0.8768086230391811,119.71386203919637,132.2010099480618,0.30122486509616075,0.75
MAIN,0.75,0.05,400,rate,HT,MIS-I-2000,RA-EST,0.8740866813302814,0.8726387073266145,0.8841982964669576,0.0,0.8694706175506779,0.8795288331088196,223.6635261624453,292.48475531902284,0.41985975131169373,1.0
MAIN,0.75,0.25,100,dollars,DIFF,COR-10000,DEF-0.0,4.102137035208851,4.1007278833497764,4.105938307689048,1.0,0.99995,0.9999500000000002,200.0,200.0,0.0,0.0
MAIN,0.75,0.25,100,dollars,DIFF,COR-10000,DEF-0.25,1.7379104689976996,1.7378611646607354,1.7404900513931167,1.0,0.42363874488364284,0.4242567845136738,266.47720855575017,266.4895490253876,0.28868884739540507,0.25
MAIN,0.75,0.25,100,dollars,DIFF,COR-10000,DEF-0.5,1.2782349134244062,1.2780778351850124,1.2799789647940256,1.0,0.31158678631592673,0.3120646233045928,399.1486482171297,399.2040279694825,0.5410874810721616,0.5
MAIN,0.75,0.25,100,dollars,DIFF,COR-10000,DEF-0.75,1.0703051139107123,1.0702423787455635,1.0714969839050208,1.0,0.26090116970798466,0.2612375044708927,794.9135411319076,795.2430996165033,0.8795514887986259,0.75
MAIN,0.75,0.25,100,dollars,DIFF,COR-10000,RA-EST,0.9838597760247231,0.9838309902576169,0.9839930266299509,0.0,0.23982900882650524,0.23996310356965442,93768.20633939994,100306.05114715487,2.088680162030035,1.0
MAIN,0.75,0.25,100,dollars,DIFF,COR-2000,DEF-0.0,4.1110712831866225,4.1054403670018225,4.125817652745801,1.0,0.99995,0.9999500000000002,200.0,200.0,0.0,0.0
MAIN,0.75,0.25,100,dollars,DIFF,COR-2000,DEF-0.25,1.7401518340885824,1.7398515687972826,1.746454607629893,1.0,0.42326611905050476,0.4247575153404715,266.47888036992344,266.5069746030509,0.2886804751867499,0.25
MAIN,0.75,0.25,100,dollars,DIFF,COR-2000,DEF-0.5,1.2793620778040753,1.2792892956263069,1.2831902348762392,1.0,0.31118706105273064,0.3124391820610704,399.1561501410749,399.28224536233483,0.5409861062607784,0.5
MAIN,0.75,0.25,100,dollars,DIFF,COR-2000,DEF-0.75,1.0710112542780037,1.0710676867499092,1.0736261503236446,1.0,0.2605093714307265,0.2615088496238568,794.9581735800344,795.708872071551,0.8796102638869838,0.75
MAIN,0.75,0.25,100,dollars,DIFF,COR-2000,RA-EST,0.9846174788623362,0.9843165723825065,0.9853414542696801,0.0,0.23949575297685793,0.2401389612646729,94603.64399949508,111258.79398533532,2.0924191427959316,1.0
MAIN,0.75,0.25,100,dollars,DIFF,COR-500,DEF-0.0,4.143228413199773,4.118115572694473,4.220600500900549,1.0,0.99995,0.9999500000000002,200.0,200.0,0.0,0.0
MAIN,0.75,0.25,100,dollars,DIFF,COR-500,DEF-0.25,1.7508103657278833,1.7468660711736164,1.7745845122185342,1.0,0.4225792238205651,0.4260327281634396,266.47926973245717,266.5263874976052,0.28861555745454526,0.25
MAIN,0.75,0.25,100,dollars,DIFF,COR-500,DEF-0.5,1.2862088763782382,1.2835786743283601,1.3010683009997728,1.0,0.31045474924109423,0.31366344466593243,399.15789738315846,399.3694071822289,0.5412349474602791,0.5
MAIN,0.75,0.25,100,dollars,DIFF,COR-500,DEF-0.75,1.0764057126684994,1.0745949679633802,1.0858502599473825,1.0,0.2598226698795952,0.2626408148338491,794.968569757797,796.2283350217386,0.8800980460333407,0.75
MAIN,0.75,0.25,100,dollars,DIFF,COR-500,RA-EST,0.9904033491240462,0.9870989580073584,0.9987288918041591,0.07,0.23907131399547815,0.24181338888483783,94802.80230259753,126664.79402586842,2.0923969225994936,1.0
MAIN,0.75,0.25,100,dollars,DIFF,KS-2000,DEF-0.0,4.111038686477528,4.106118063443347,4.128604455394585,1.0,0.99995,0.9999500000000001,200.0,200.0,0.0,0.0
MAIN,0.75,0.25,100,dollars,DIFF,KS-2000,DEF-0.25,1.7403510081498297,1.73945959028617,1.7474193307995145,1.0,0.42331693406531756,0.42457586724651997,266.4756704213162,266.50566784507686,0.28871307312308786,0.25
MAIN,0.75,0.25,100,dollars,DIFF,KS-2000,DEF-0.5,1.2796228398770966,1.2791387676868697,1.2842380682506016,1.0,0.3112519453096599,0.3122992755357507,399.1417463201891,399.27637907080197,0.5412199915964825,0.5
MAIN,0.75,0.25,100,dollars,DIFF,KS-2000,DEF-0.75,1.0712886048387886,1.0709914568940078,1.0742467921129888,1.0,0.2605778974842262,0.2614007653838351,794.8724814800034,795.6739266479794,0.8799812461171732,0.75
MAIN,0.75,0.25,100,dollars,DIFF,KS-2000,RA-EST,0.9848667696820848,0.9845079680253077,0.9858656385408184,0.005,0.2395572967000949,0.2401708572622285,93012.53652518243,110355.38573879309,2.0889117814177203,1.0
MAIN,0.75,0.25,100,dollars,DIFF,MIS-G-10000,DEF-0.0,4.084532571099233,4.083365206644999,4.08879760448728,1.0,0.99995,0.9999500000000002,200.0,200.0,0.0,0.0
MAIN,0.75,0.25,100,dollars,DIFF,MIS-G-10000,DEF-0.25,1.740454698538265,1.7405394328765085,1.7428378913475928,1.0,0.42608750390632266,0.4266643531448328,266.4561173974121,266.46818040197036,0.2882712039251208,0.25
MAIN,0.75,0.25,100,dollars,DIFF,MIS-G-10000,DEF-0.5,1.2813017744484256,1.2813095997073982,1.282944437825295,1.0,0.3136805328645167,0.3141298467712557,399.0540221006181,399.10813948287114,0.5402684618951685,0.5
MAIN,0.75,0.25,100,dollars,DIFF,MIS-G-10000,DEF-0.75,1.073463184525513,1.073504531745665,1.0746149276578765,1.0,0.26279877448248806,0.2631315305445313,794.3508524491192,794.6725935663248,0.8780242774700482,0.75
MAIN,0.75,0.25,100,dollars,DIFF,MIS-G-10000,RA-EST,0.9870356179792593,0.9870071300197045,0.9871324721634964,0.0,0.24164010705156755,0.24177498784463086,84368.57744237124,89500.70482464957,2.073358834200267,1.0
MAIN,0.75,0.25,100,dollars,DIFF,MIS-G-2000,DEF-0.0,4.095021900273355,4.088065821241312,4.115419765512133,1.0,0.99995,0.9999500000000002,200.0,200.0,0.0,0.0
MAIN,0.75,0.25,100,dollars,DIFF,MIS-G-2000,DEF-0.25,1.743827982656482,1.7432772653902768,1.7504992282517646,1.0,0.42582282357719037,0.4272300752680651,266.45450802945646,266.4809994052724,0.28804678048051996,0.25
MAIN,0.75,0.25,100,dollars,DIFF,MIS-G-2000,DEF-0.5,1.2830248576173862,1.2826661878261034,1.287704866779536,1.0,0.3133013151006227,0.3144647300144403,399.0468028501565,399.1656591492118,0.539912920872579,0.5
MAIN,0.75,0.25,100,dollars,DIFF,MIS-G-2000,DEF-0.75,1.07434489252661,1.0742160831319878,1.0772830256970138,1.0,0.26234465459493017,0.2632880973676373,794.3079453529831,795.0147519138288,0.8772167270045979,0.75
MAIN,0.75,0.25,100,dollars,DIFF,MIS-G-2000,RA-EST,0.9872424059291022,0.9871414954469084,0.9876293188071549,0.0,0.24107557201623991,0.24177503513758997,83728.07524126067,95684.25029110587,2.0683992048425877,1.0
MAIN,0.75,0.25,100,dollars,DIFF,MIS-I-2000,DEF-0.0,4.112530053866658,4.10616564058469,4.132709589025708,1.0,0.99995,0.9999500000000002,200.0,200.0,0.0,0.0
MAIN,0.75,0.25,100,dollars,DIFF,MIS-I-2000,DEF-0.25,1.74316363774672,1.7422853537487821,1.7502239650944427,1.0,0.4238486540351893,0.4252459546802698,266.48223364996375,266.50777156534315,0.2884967630706906,0.25
MAIN,0.75,0.25,100,dollars,DIFF,MIS-I-2000,DEF-0.5,1.2814588473775554,1.2810755117955555,1.286265121665041,1.0,0.31158676245407935,0.31276592093782796,399.17119786346257,399.2858231393982,0.5409888091106059,0.5
MAIN,0.75,0.25,100,dollars,DIFF,MIS-I-2000,DEF-0.75,1.0726627022160167,1.072420743517064,1.0758166827061793,1.0,0.2608187208064645,0.2618054063768482,795.0477095260921,795.7301858721593,0.8796037147049681,0.75
MAIN,0.75,0.25,100,dollars,DIFF,MIS-I-2000,RA-EST,0.9860434321089957,0.9858071528640273,0.9870465781439909,0.0,0.23975774982874276,0.24045002955806563,96324.85094979013,111817.24488022833,2.0943056590645686,1.0
MAIN,0.75,0.25,100,dollars,HT,COR-10000,DEF-0.0,6.254995332174911,6.254995332174911,6.254995332174911,1.0,0.99995,0.9999500000000001,200.0,200.0,0.0,0.0
MAIN,0.75,0.25,100,dollars,HT,COR-10000,DEF-0.25,2.091264509353091,2.090791665085673,2.1004739234168737,1.0,0.33431838635769395,0.33579064222744803,266.5139963393814,266.5243619643279,0.3011959687514638,0.25
MAIN,0.75,0.25,100,dollars,HT,COR-10000,DEF-0.5,1.3742160255911786,1.3739312807254882,1.380082500008498,1.0,0.21968798405355447,0.22062582345743434,399.31376928023803,399.3603115696312,0.5617501557008581,0.5
MAIN,0.75,0.25,100,dollars,HT,COR-10000,DEF-0.75,1.0566842223537203,1.0564381717488365,1.0601870985424187,1.0,0.16892600745957773,0.1694859920573074,795.8966947521329,796.1741063195083,0.9152469195516659,0.75
MAIN,0.75,0.25,100,dollars,HT,COR-10000,RA-EST,0.9241815937955634,0.9241117839096099,0.9245049682759281,0.0,0.1477435770354995,0.14779527304716197,116378.86840894344,124860.90468605577,2.280369281585516,1.0
MAIN,0.75,0.25,100,dollars,HT,COR-2000,DEF-0.0,6.254995332174911,6.254995332174911,6.254995332174911,1.0,0.99995,0.9999500000000001,200.0,200.0,0.0,0.0
MAIN,0.75,0.25,100,dollars,HT,COR-2000,DEF-0.25,2.090691212022023,2.0899365552555373,2.110308610537238,1.0,0.33422673662244107,0.3373628568916897,266.51581652863337,266.540640976704,0.3015502080790984,0.25
MAIN,0.75,0.25,100,dollars,HT,COR-2000,DEF-0.5,1.3742491336524132,1.3739165955482362,1.386835238074905,1.0,0.21969327684820467,0.2217053447153912,399.32194151796773,399.4334199230951,0.5623755294243984,0.5
MAIN,0.75,0.25,100,dollars,HT,COR-2000,DEF-0.75,1.0572455074568623,1.0571599661424587,1.0650162677268826,1.0,0.16901573686928642,0.1702580034609235,795.9453954030071,796.6101227336954,0.916560576331735,0.75
MAIN,0.75,0.25,100,dollars,HT,COR-2000,RA-EST,0.925858531049911,0.92545851237739,0.9274959557790964,0.0,0.14801165931509122,0.14827342495535104,117783.92347564362,140998.20187922614,2.2919243800894944,1.0
MAIN,0.75,0.25,100,dollars,HT,COR-500,DEF-0.0,6.254995332174911,6.254995332174911,6.254995332174911,1.0,0.99995,0.9999500000000001,200.0,200.0,0.0,0.0
MAIN,0.75,0.25,100,dollars,HT,COR-500,DEF-0.25,2.100572805598792,2.097963232639761,2.1471356987813093,1.0,0.33580644995112463,0.34325019092377673,266.5160837483423,266.5595817690689,0.3010906545196911,0.25
MAIN,0.75,0.25,100,dollars,HT,COR-500,DEF-0.5,1.383069883289991,1.3801631047020373,1.4124836514779737,1.0,0.22110339917950766,0.22580560852381854,399.3231413005865,399.5185046728914,0.5614183614696062,0.5
MAIN,0.75,0.25,100,dollars,HT,COR-500,DEF-0.75,1.0656875723481418,1.0634049047304424,1.0837114721738539,1.0,0.17036532105596233,0.17324669788737465,795.9525457169292,797.1179665638394,0.914622216259142,0.75
MAIN,0.75,0.25,100,dollars,HT,COR-500,RA-EST,0.9357601291150598,0.932223865082467,0.9432087229585185,0.01,0.1495945706458664,0.15078533435042962,117994.27255692215,165951.45257553272,2.2841623296582827,1.0
MAIN,0.75,0.25,100,dollars,HT,KS-2000,DEF-0.0,6.254995332174911,6.254995332174911,6.254995332174911,1.0,0.99995,0.9999500000000001,200.0,200.0,0.0,0.0
MAIN,0.75,0.25,100,dollars,HT,KS-2000,DEF-0.25,2.0926771363271426,2.092721422213563,2.114207934063267,1.0,0.3345442148783703,0.3379862192369493,266.5126769388678,266.5395760350024,0.30110314752968625,0.25
MAIN,0.75,0.25,100,dollars,HT,KS-2000,DEF-0.5,1.3757317691150484,1.375640412228694,1.3902714815189312,1.0,0.21993029722186286,0.2222546771208335,399.3078456110028,399.4286367729496,0.5614811488034468,0.5
MAIN,0.75,0.25,100,dollars,HT,KS-2000,DEF-0.75,1.05836842818364,1.0582100088226647,1.0673310868028052,1.0,0.169195251724392,0.17062806022548452,795.8613964487532,796.5815864806874,0.9148781661785359,0.75
MAIN,0.75,0.25,100,dollars,HT,KS-2000,RA-EST,0.9265294892980133,0.9260429940930776,0.9287478291944044,0.0,0.1481189215374527,0.14847355473245863,115381.30894791259,139816.9390666689,2.278580965000855,1.0
MAIN,0.75,0.25,100,dollars,HT,MIS-G-10000,DEF-0.0,6.254995332174911,6.254995332174911,6.254995332174911,1.0,0.99995,0.9999500000000001,200.0,200.0,0.0,0.0
MAIN,0.75,0.25,100,dollars,HT,MIS-G-10000,DEF-0.25,2.112847285411059,2.112689127324166,2.121715313420877,1.0,0.33776870019056787,0.3391863806423507,266.49312341521477,266.50654660406104,0.2998979721694107,0.25
MAIN,0.75,0.25,100,dollars,HT,MIS-G-10000,DEF-0.5,1.3930711482828966,1.3929697367737854,1.3987750943879067,1.0,0.2227022436867471,0.22361410062744952,399.22007050475503,399.2803239775481,0.5593249110995862,0.5
MAIN,0.75,0.25,100,dollars,HT,MIS-G-10000,DEF-0.75,1.0739386605628067,1.0738618946331464,1.077308369592031,1.0,0.17168437490366287,0.17222307083624658,795.3386008426073,795.6974261614254,0.9105846975855504,0.75
MAIN,0.75,0.25,100,dollars,HT,MIS-G-10000,RA-EST,0.9407571730290054,0.9406886092170406,0.9409990677918159,0.0,0.15039341921351393,0.15043208953303086,102373.37774154198,110961.13018627823,2.243798114563919,1.0
MAIN,0.75,0.25,100,dollars,HT,MIS-G-2000,DEF-0.0,6.254995332174911,6.254995332174911,6.254995332174911,1.0,0.99995,0.9999500000000001,200.0,200.0,0.0,0.0
MAIN,0.75,0.25,100,dollars,HT,MIS-G-2000,DEF-0.25,2.115254024469088,2.115023838662908,2.137787178309287,1.0,0.33815345167210714,0.3417556969154579,266.49213200808936,266.5185602726657,0.2996086100062566,0.25
MAIN,0.75,0.25,100,dollars,HT,MIS-G-2000,DEF-0.5,1.3947124795125083,1.3944676934222882,1.409225763507882,1.0,0.22296463383668183,0.22528478877852853,399.2156207965812,399.3342607329549,0.558887821236713,0.5
MAIN,0.75,0.25,100,dollars,HT,MIS-G-2000,DEF-0.75,1.0750825013553114,1.074839456352986,1.0837553111248153,1.0,0.17186723412892588,0.17325370616742697,795.3121101959397,796.0188166221678,0.9098174354489033,0.75
MAIN,0.75,0.25,100,dollars,HT,MIS-G-2000,RA-EST,0.9414136609359237,0.9411410631155217,0.9425479329347594,0.0,0.15049836814595297,0.15067969766340303,101791.48587018644,119967.84124085114,2.238714514076827,1.0
MAIN,0.75,0.25,100,dollars,HT,MIS-I-2000,DEF-0.0,6.254995332174911,6.254995332174911,6.254995332174911,1.0,0.99995,0.9999500000000001,200.0,200.0,0.0,0.0
MAIN,0.75,0.25,100,dollars,HT,MIS-I-2000,DEF-0.25,2.0947585897771908,2.093425929167931,2.117764227477743,1.0,0.3348769648273062,0.3385547433382406,266.51881805949915,266.5401086797201,0.30139023326295594,0.25
MAIN,0.75,0.25,100,dollars,HT,MIS-I-2000,DEF-0.5,1.3777004020657273,1.376668331207552,1.3931412759431139,1.0,0.22024501120876314,0.22271345459101005,399.3354181990733,399.43102911733575,0.5620635971069777,0.5
MAIN,0.75,0.25,100,dollars,HT,MIS-I-2000,DEF-0.75,1.0603192129628776,1.059744955781719,1.0692805634209939,1.0,0.16950711242714334,0.17093971180007972,796.0257153828081,796.5958589900168,0.9159316739118881,0.75
MAIN,0.75,0.25,100,dollars,HT,MIS-I-2000,RA-EST,0.9288675355825358,0.9283983704698758,0.9311334612913785,0.0,0.1484926915017854,0.14885493196596328,120176.47348315948,140404.7408985657,2.290787555270239,1.0
MAIN,0.75,0.25,100,rate,DIFF,COR-10000,DEF-0.0,0.99995,0.99995,0.9999500000000002,0.0,0.99995,0.9999500000000002,200.0,200.0,0.0,0.0
MAIN,0.75,0.25,100,rate,DIFF,COR-10000,DEF-0.25,0.9882957007242692,0.9882891415949202,0.9888759206958755,0.0,0.9882957007242692,0.9888759206958755,246.7883131865167,250.23133054191803,0.04281670297413319,0.25
MAIN,0.75,0.25,100,rate,DIFF,COR-10000,DEF-0.5,0.9796872867034878,0.9796568074809247,0.9805284649738154,0.0,0.9796872867034878,0.9805284649738154,322.1533925764516,334.1571194307123,0.08743262250578615,0.5
MAIN,0.75,0.25,100,rate,DIFF,COR-10000,DEF-0.75,0.9742600676645239,0.9742018306456957,0.9749497661470816,0.0,0.9742600676645239,0.9749497661470816,463.78604355469247,502.78894180154117,0.1349173796541951,0.75
MAIN,0.75,0.25,100,rate,DIFF,COR-10000,RA-EST,0.9723813488466024,0.9723365086922287,0.9725682293247937,0.0,0.9723813488466024,0.9725682293247937,827.6631823586868,1015.014731756226,0.18689945262951202,1.0
MAIN,0.75,0.25,100,rate,DIFF,COR-2000,DEF-0.0,0.99995,0.99995,0.9999500000000002,0.0,0.99995,0.9999500000000002,200.0,200.0,0.0,0.0
MAIN,0.75,0.25,100,rate,DIFF,COR-2000,DEF-0.25,0.988376789401806,0.9883647078873319,0.9895549208821142,0.0,0.988376789401806,0.9895549208821142,247.21582383914443,254.94139842637983,0.04316211830705338,0.25
MAIN,0.75,0.25,100,rate,DIFF,COR-2000,DEF-0.5,0.9799150486209193,0.9798380917189088,0.9816138267640108,0.0,0.9799150486209193,0.9816138267640108,323.61443449337025,351.50124975804914,0.08836217344880777,0.5
MAIN,0.75,0.25,100,rate,DIFF,COR-2000,DEF-0.75,0.9747321544318146,0.9745289319520574,0.9762732295611454,0.0,0.9747321544318146,0.9762732295611454,468.3521498674756,565.7996291493624,0.1361951769189671,0.75
MAIN,0.75,0.25,100,rate,DIFF,COR-2000,RA-EST,0.973283248693833,0.9729817832220968,0.9742371130234749,0.0,0.973283248693833,0.9742371130234749,847.3182920030022,1449.5271908948548,0.18920474192161305,1.0
MAIN,0.75,0.25,100,rate,DIFF,COR-500,DEF-0.0,1.000403789313546,0.99995,1.0018434582728648,0.17,0.99995,0.9999500000000002,200.0,200.0,0.0,0.0
MAIN,0.75,0.25,100,rate,DIFF,COR-500,DEF-0.25,0.9889125550272031,0.9886102256953573,0.9912654187835925,0.005,0.9884636996378957,0.9907499497538523,249.83828884591628,261.47892431217554,0.04622631451101444,0.25
MAIN,0.75,0.25,100,rate,DIFF,COR-500,DEF-0.5,0.9811531242905729,0.9806976631555208,0.9849147139099793,0.0,0.980707519910366,0.9840469869959221,332.75898553096283,377.52955035271236,0.09462546699789351,0.5
MAIN,0.75,0.25,100,rate,DIFF,COR-500,DEF-0.75,0.9775590657864069,0.9764934412664439,0.9826843602546161,0.01,0.9771148462684522,0.9809302289529276,498.06578233446936,678.7962890373338,0.1478910097368557,0.75
MAIN,0.75,0.25,100,rate,DIFF,COR-500,RA-EST,0.9797983512550305,0.9766934345200238,0.9880308621356152,0.025,0.9793530980468023,0.9875033994477017,989.7508854198859,3360.6727565809224,0.2092487521850358,1.0
MAIN,0.75,0.25,100,rate,DIFF,KS-2000,DEF-0.0,0.9999527662787833,0.99995,0.9999500000000002,0.01,0.99995,0.9999500000000002,200.0,200.0,0.0,0.0
MAIN,0.75,0.25,100,rate,DIFF,KS-2000,DEF-0.25,0.9884167863551047,0.988379378246792,0.9895543856959057,0.0,0.988414055901379,0.9895543856959057,247.1910892397554,254.96114005222213,0.04317513524145963,0.25
MAIN,0.75,0.25,100,rate,DIFF,KS-2000,DEF-0.5,0.9800130711590452,0.9799180026522203,0.9816138577955977,0.0,0.9800103653382365,0.9816138577955977,323.52988242172,351.5763243445658,0.08826911702856488,0.5
MAIN,0.75,0.25,100,rate,DIFF,KS-2000,DEF-0.75,0.9749170532043796,0.9747312345206423,0.9764340488723837,0.0,0.9749143598676687,0.9764340488723837,468.08779364111547,566.0915690854548,0.13598650945943735,0.75
MAIN,0.75,0.25,100,rate,DIFF,KS-2000,RA-EST,0.9736150634270331,0.9732040419920007,0.9746214796700402,0.0,0.9736123680456467,0.9746214796700402,846.1793370916312,1452.0878000881066,0.18885931090185615,1.0
MAIN,0.75,0.25,100,rate,DIFF,MIS-G-10000,DEF-0.0,0.99995,0.99995,0.9999500000000002,0.0,0.99995,0.9999500000000002,200.0,200.0,0.0,0.0
MAIN,0.75,0.25,100,rate,DIFF,MIS-G-10000,DEF-0.25,0.9897935270617251,0.9898001092077784,0.9903086984485895,0.0,0.9897935270617251,0.9903086984485895,237.47885953582744,239.2323030299998,0.039464932162780075,0.25
MAIN,0.75,0.25,100,rate,DIFF,MIS-G-10000,DEF-0.5,0.982217662599762,0.9822145924839409,0.9829521729868675,0.0,0.982217662599762,0.9829521729868675,292.24365622505593,297.6124154493527,0.08049953175174582,0.5
MAIN,0.75,0.25,100,rate,DIFF,MIS-G-10000,DEF-0.75,0.977352818243742,0.9773217354299304,0.9779855558470121,0.0,0.977352818243742,0.9779855558470121,379.8377121816492,393.68343362676876,0.12383419693670714,0.75
MAIN,0.75,0.25,100,rate,DIFF,MIS-G-10000,RA-EST,0.9755021452613011,0.9754614789161649,0.9756480134387184,0.0,0.9755021452613011,0.9756480134387184,542.415763749885,581.3451999652054,0.17071170991666773,1.0
MAIN,0.75,0.25,100,rate,DIFF,MIS-G-2000,DEF-0.0,0.9999590551158422,0.99995,0.9999500000000002,0.01,0.99995,0.9999500000000002,200.0,200.0,0.0,0.0
MAIN,0.75,0.25,100,rate,DIFF,MIS-G-2000,DEF-0.25,0.9898505871405787,0.9898963239536945,0.9907733323243073,0.0,0.989841615910379,0.9907733323243073,237.38716949334173,240.67832403029718,0.03911611215911499,0.25
MAIN,0.75,0.25,100,rate,DIFF,MIS-G-2000,DEF-0.5,0.982332380771565,0.9823607970199522,0.9836400821644649,0.0,0.982323472648462,0.9836400821644649,291.9660997905589,302.1287925188858,0.07979560561923199,0.5
MAIN,0.75,0.25,100,rate,DIFF,MIS-G-2000,DEF-0.75,0.977544012588491,0.9774816520327154,0.9786381673075978,0.0,0.9775351456734523,0.97863199249782,379.13502325178047,405.7173724711372,0.1229857393005298,0.75
MAIN,0.75,0.25,100,rate,DIFF,MIS-G-2000,RA-EST,0.9758084308701125,0.9756978003657448,0.9762996516977369,0.0,0.9757995808066079,0.9762996516977369,540.5083020272318,617.4009756052504,0.16987996016079415,1.0
MAIN,0.75,0.25,100,rate,DIFF,MIS-I-2000,DEF-0.0,0.9999522766943336,0.99995,0.9999500000000002,0.01,0.99995,0.9999500000000002,200.0,200.0,0.0,0.0
MAIN,0.75,0.25,100,rate,DIFF,MIS-I-2000,DEF-0.25,0.988157279050284,0.9881990677379153,0.9892659108532005,0.0,0.9881550276909971,0.9892659108532005,238.2467435861322,241.56080497009853,0.04481287642592832,0.25
MAIN,0.75,0.25,100,rate,DIFF,MIS-I-2000,DEF-0.5,0.9797676308474607,0.9797808415438082,0.9812250538732368,0.0,0.9797653978350153,0.9812250538732368,294.58046047364985,304.92556624084443,0.09164065877597088,0.5
MAIN,0.75,0.25,100,rate,DIFF,MIS-I-2000,DEF-0.75,0.9750020940383303,0.9748577842500341,0.9760821721039644,0.0,0.9749998720046975,0.9760821721039644,385.8043420833437,413.35410619353917,0.14165292835500298,0.75
MAIN,0.75,0.25,100,rate,DIFF,MIS-I-2000,RA-EST,0.9743994422279044,0.9741741333633169,0.9755362174819544,0.0,0.9743972228750328,0.9755362174819544,558.8726079253822,641.4460578368153,0.19650619259410945,1.0
MAIN,0.75,0.25,100,rate,HT,COR-10000,DEF-0.0,1.0132300598972714,1.0132300598972714,1.0132300598972714,1.0,0.9999499999999999,0.9999499999999999,200.0,200.0,0.0,0.0
MAIN,0.75,0.25,100,rate,HT,COR-10000,DEF-0.25,0.9720238659412557,0.9719643437970774,0.973462657709916,0.0,0.9592838815367404,0.9607038155537175,249.74291603035692,252.75279381173056,0.06654486561958575,0.25
MAIN,0.75,0.25,100,rate,HT,COR-10000,DEF-0.5,0.9443207042703097,0.9442304514448651,0.9462552974538408,0.0,0.9319438157320691,0.9338530528643232,332.42082133466516,343.304029416978,0.133181657569161,0.5
MAIN,0.75,0.25,100,rate,HT,COR-10000,DEF-0.75,0.9279340058951333,0.9278507442592054,0.9294304884555777,0.0,0.91577189220868,0.9172487608839621,496.93077724347654,534.9582130373308,0.20239446354650426,0.75
MAIN,0.75,0.25,100,rate,HT,COR-10000,RA-EST,0.9224474636917208,0.9223719361671474,0.9228681382869378,0.0,0.9103572602376758,0.9107724211948329,983.7966250725835,1211.0357384377207,0.2779694951905587,1.0
MAIN,0.75,0.25,100,rate,HT,COR-2000,DEF-0.0,1.0132300598972714,1.0132300598972714,1.0132300598972714,1.0,0.9999499999999999,0.9999499999999999,200.0,200.0,0.0,0.0
MAIN,0.75,0.25,100,rate,HT,COR-2000,DEF-0.25,0.9722576519118404,0.9721667109774467,0.9753537572472533,0.0,0.9595146033545572,0.9625701290961247,250.168385789331,256.7550853561329,0.06689390325519626,0.25
MAIN,0.75,0.25,100,rate,HT,COR-2000,DEF-0.5,0.9449066358060508,0.9445613346535782,0.9490014755561629,0.0,0.9325220676635445,0.9365632377493782,333.93271620278017,358.4840496238212,0.13422954927371766,0.5
MAIN,0.75,0.25,100,rate,HT,COR-2000,DEF-0.75,0.929018933109363,0.9287754135962489,0.9324341283834301,0.0,0.9168425996529291,0.9202130331304453,502.0275082986809,593.7231885521212,0.20396049833136026,0.75
MAIN,0.75,0.25,100,rate,HT,COR-2000,RA-EST,0.9243235305315655,0.9239872069442654,0.9261020870853885,0.0,0.9122087381110157,0.9139639837323069,1010.8875118228034,1726.9702992055836,0.2808268553356956,1.0
MAIN,0.75,0.25,100,rate,HT,COR-500,DEF-0.0,1.0132300598972714,1.0132300598972714,1.0132300598972714,1.0,0.9999499999999999,0.9999499999999999,200.0,200.0,0.0,0.0
MAIN,0.75,0.25,100,rate,HT,COR-500,DEF-0.25,0.9723042721982658,0.9721384941165745,0.9780702690219147,0.0,0.9595606126048314,0.9652510364799307,252.34199325149135,262.3448980067602,0.07059213174295659,0.25
MAIN,0.75,0.25,100,rate,HT,COR-500,DEF-0.5,0.9464038270434924,0.9459481433744887,0.9544037006887837,0.0,0.9339996357274365,0.9418946577646033,341.79249582191676,381.1627489900426,0.1412087394764355,0.5
MAIN,0.75,0.25,100,rate,HT,COR-500,DEF-0.75,0.9334270261102583,0.9319632682040058,0.942259818369436,0.0,0.9211929172863126,0.9299099411579299,529.4849923963275,696.7071217231162,0.21537002276107944,0.75
MAIN,0.75,0.25,100,rate,HT,COR-500,RA-EST,0.9346262918477855,0.931747443375009,0.9428689365481587,0.01,0.9223764646579352,0.9305110758329863,1174.3932420349997,4047.8244925049407,0.30119908187641076,1.0
MAIN,0.75,0.25,100,rate,HT,KS-2000,DEF-0.0,1.0132300598972714,1.0132300598972714,1.0132300598972714,1.0,0.9999499999999999,0.9999499999999999,200.0,200.0,0.0,0.0
MAIN,0.75,0.25,100,rate,HT,KS-2000,DEF-0.25,0.9724245658284797,0.9722775520992331,0.9756983782695451,0.0,0.9596793295875712,0.9629102332885286,250.05704320252505,256.87333298431383,0.0670144309809431,0.25
MAIN,0.75,0.25,100,rate,HT,KS-2000,DEF-0.5,0.9452386584434624,0.9449890051832128,0.9497354646881502,0.0,0.9328497385937904,0.9372876067368173,333.53645943539993,358.94546118216186,0.1339981935004867,0.5
MAIN,0.75,0.25,100,rate,HT,KS-2000,DEF-0.75,0.9295273851308841,0.9291907967896225,0.9333476455048082,0.0,0.9173443875676811,0.9211145770953121,500.6876208185038,595.6253707091727,0.20401579144793958,0.75
MAIN,0.75,0.25,100,rate,HT,KS-2000,RA-EST,0.9250676041116843,0.924521566718112,0.9274321049682718,0.0,0.9129430593731732,0.9152765695256301,1003.7006885862845,1748.6315105665751,0.28092612641727127,1.0
MAIN,0.75,0.25,100,rate,HT,MIS-G-10000,DEF-0.0,1.0132300598972714,1.0132300598972714,1.0132300598972714,1.0,0.9999499999999999,0.9999499999999999,200.0,200.0,0.0,0.0
MAIN,0.75,0.25,100,rate,HT,MIS-G-10000,DEF-0.25,0.9825139139865806,0.9825341030339457,0.9838244688385823,0.0,0.9696364401096534,0.9709298179673849,241.20765244498855,242.86701364586327,0.05806581958050672,0.25
MAIN,0.75,0.25,100,rate,HT,MIS-G-10000,DEF-0.5,0.9608616275534252,0.9608694348513458,0.9626032005589696,0.0,0.9482679427902698,0.9499866895940022,303.80262703801475,309.1229260891215,0.11705271047933072,0.5
MAIN,0.75,0.25,100,rate,HT,MIS-G-10000,DEF-0.75,0.9475235194178179,0.9475191753585548,0.9489478763970121,0.0,0.9351046526767166,0.9365103410960768,410.2705762434181,425.0909917502919,0.17873411327118677,0.75
MAIN,0.75,0.25,100,rate,HT,MIS-G-10000,RA-EST,0.9426505139982412,0.9425926627711927,0.9429390277162921,0.0,0.9302955160727359,0.9305802483401483,631.6240696243328,680.312045624151,0.24562157072621887,1.0
MAIN,0.75,0.25,100,rate,HT,MIS-G-2000,DEF-0.0,1.0132300598972714,1.0132300598972714,1.0132300598972714,1.0,0.9999499999999999,0.9999499999999999,200.0,200.0,0.0,0.0
MAIN,0.75,0.25,100,rate,HT,MIS-G-2000,DEF-0.25,0.9825893124382629,0.9826885741296104,0.9850856635558239,0.0,0.9697108503396137,0.9721744826367629,241.16303013793242,244.33854026530403,0.057910312880463846,0.25
MAIN,0.75,0.25,100,rate,HT,MIS-G-2000,DEF-0.5,0.9610771683490837,0.9611797298076191,0.9644604917855227,0.0,0.9484806585664289,0.9518196379395932,303.66109551904714,313.9358203220351,0.1167973989586131,0.5
MAIN,0.75,0.25,100,rate,HT,MIS-G-2000,DEF-0.75,0.9479546604478454,0.9478739182133537,0.9507806214813271,0.0,0.9355301428887024,0.9383190650173221,409.88360241112866,438.9725700104727,0.1784308410179163,0.75
MAIN,0.75,0.25,100,rate,HT,MIS-G-2000,RA-EST,0.9434210101057129,0.9430684074887519,0.9446682855636799,0.0,0.9310559135512162,0.9322868413962907,630.4024414530334,729.5388667487824,0.24533732280067572,1.0
MAIN,0.75,0.25,100,rate,HT,MIS-I-2000,DEF-0.0,1.0132300598972714,1.0132300598972714,1.0132300598972714,1.0,0.9999499999999999,0.9999499999999999,200.0,200.0,0.0,0.0
MAIN,0.75,0.25,100,rate,HT,MIS-I-2000,DEF-0.25,0.9732432267048615,0.9732581601019836,0.9763181065787404,0.0,0.9604872605558067,0.9635218390307061,242.08308473355513,245.23948378171042,0.06707153181728764,0.25
MAIN,0.75,0.25,100,rate,HT,MIS-I-2000,DEF-0.5,0.9463645035058716,0.9464919987797948,0.9503373239290829,0.0,0.9339608275899757,0.9378815776144991,306.5955090828446,316.92771492259976,0.13498745287524655,0.5
MAIN,0.75,0.25,100,rate,HT,MIS-I-2000,DEF-0.75,0.9310938313512306,0.9309431524708757,0.9342689456395352,0.0,0.9188903029131006,0.9220238020642334,417.983392090955,447.83997848481107,0.20651850752609138,0.75
MAIN,0.75,0.25,100,rate,HT,MIS-I-2000,RA-EST,0.9276541769587462,0.9272883660393518,0.9297497629596798,0.0,0.9154957308944681,0.9175638507663223,656.489892856275,763.0167302195396,0.28491288355734645,1.0
MAIN,0.75,0.25,400,dollars,DIFF,COR-10000,DEF-0.0,4.306322645090299,4.30482286227589,4.3103368278632015,1.0,0.9999499999999999,0.9999500000000001,50.0,50.0,0.0,0.0
MAIN,0.75,0.25,400,dollars,DIFF,COR-10000,DEF-0.25,1.786452476556712,1.786393297169904,1.7891967644069522,1.0,0.4148234919586324,0.41544946494587204,66.61930213893754,66.6223872563469,0.28868884739540507,0.25
MAIN,0.75,0.25,400,dollars,DIFF,COR-10000,DEF-0.5,1.2965306871696398,1.296362870303466,1.2983999610807653,1.0,0.30106118061273457,0.3015435382045018,99.78716205428242,99.80100699237063,0.5410874810721616,0.5
MAIN,0.75,0.25,400,dollars,DIFF,COR-10000,DEF-0.75,1.0749261106661923,1.0748630170227615,1.0761985228140358,1.0,0.2496034838280767,0.249941859850558,198.7283852829769,198.81077490412582,0.8795514887986259,0.75
MAIN,0.75,0.25,400,dollars,DIFF,COR-10000,RA-EST,0.9828008101288758,0.9827705922494688,0.9829419297054685,0.0,0.22821154996010173,0.22834030781944853,23442.051584849985,25076.512786788717,2.088680162030035,1.0
MAIN,0.75,0.25,400,dollars,DIFF,COR-2000,DEF-0.0,4.315872862959208,4.309812885645659,4.33171758896271,1.0,0.9999499999999999,0.9999500000000001,50.0,50.0,0.0,0.0
MAIN,0.75,0.25,400,dollars,DIFF,COR-2000,DEF-0.25,1.7888054632019563,1.7884734810446368,1.795358139007161,1.0,0.4144536108441269,0.41595917802597654,66.61972009248086,66.62674365076272,0.2886804751867499,0.25
MAIN,0.75,0.25,400,dollars,DIFF,COR-2000,DEF-0.5,1.2977068675547405,1.2976460953807243,1.3018000357525297,1.0,0.30067072567545455,0.3019313382702112,99.78903753526872,99.82056134058371,0.5409861062607784,0.5
MAIN,0.75,0.25,400,dollars,DIFF,COR-2000,DEF-0.75,1.0756690566580998,1.0757426874712368,1.078454978417833,1.0,0.2492266554853156,0.25021691669138396,198.7395433950086,198.92721801788775,0.8796102638869838,0.75
MAIN,0.75,0.25,400,dollars,DIFF,COR-2000,RA-EST,0.983613767715663,0.9832844246038428,0.9843765067833418,0.0,0.2278984459987335,0.22851800291310034,23650.91099987377,27814.69849633383,2.0924191427959316,1.0
MAIN,0.75,0.25,400,dollars,DIFF,COR-500,DEF-0.0,4.350233629642554,4.323583613209409,4.431974802715349,1.0,0.9999499999999999,0.9999500000000001,50.0,50.0,0.0,0.0
MAIN,0.75,0.25,400,dollars,DIFF,COR-500,DEF-0.25,1.8000270164904728,1.7957219107912339,1.8256529725238415,1.0,0.4137853835958375,0.4172508098085071,66.61981743311429,66.6315968744013,0.28861555745454526,0.25
MAIN,0.75,0.25,400,dollars,DIFF,COR-500,DEF-0.5,1.3049039714991688,1.3021661184793012,1.32058210905694,1.0,0.29998036142885226,0.30316934716535493,99.78947434578961,99.84235179555722,0.5412349474602791,0.5
MAIN,0.75,0.25,400,dollars,DIFF,COR-500,DEF-0.75,1.0813732800134668,1.0794982422064496,1.091273911243959,1.0,0.24860186261104616,0.25137638963987957,198.74214243944925,199.05708375543466,0.8800980460333407,0.75
MAIN,0.75,0.25,400,dollars,DIFF,COR-500,RA-EST,0.9897886533790065,0.9862746840373015,0.9986540998900255,0.07,0.22755471515449602,0.23028407299971865,23700.70057564938,31666.198506467106,2.0923969225994936,1.0
MAIN,0.75,0.25,400,dollars,DIFF,KS-2000,DEF-0.0,4.315845990002812,4.31070005200975,4.334514215432094,1.0,0.9999499999999999,0.9999500000000001,50.0,50.0,0.0,0.0
MAIN,0.75,0.25,400,dollars,DIFF,KS-2000,DEF-0.25,1.7890201051721781,1.7880584719657593,1.7964580130313534,1.0,0.4145049205291846,0.41577780568701594,66.61891760532905,66.62641696126921,0.28871307312308786,0.25
MAIN,0.75,0.25,400,dollars,DIFF,KS-2000,DEF-0.5,1.2979855710476038,1.2975038456096109,1.3028607543980433,1.0,0.3007361663997482,0.30178914393759976,99.78543658004727,99.81909476770049,0.5412199915964825,0.5
MAIN,0.75,0.25,400,dollars,DIFF,KS-2000,DEF-0.75,1.075964897467436,1.0756565008462724,1.0790963892127676,1.0,0.24929577111737505,0.25011639067269614,198.71812037000086,198.91848166199486,0.8799812461171732,0.75
MAIN,0.75,0.25,400,dollars,DIFF,KS-2000,RA-EST,0.9838799871621506,0.9834922732078577,0.9849480545025002,0.005,0.22796059022817758,0.22855192055029602,23253.134131295606,27588.846434698273,2.0889117814177203,1.0
MAIN,0.75,0.25,400,dollars,DIFF,MIS-G-10000,DEF-0.0,4.28664212335899,4.2854314614451035,4.291141838563728,1.0,0.9999499999999999,0.9999500000000001,50.0,50.0,0.0,0.0
MAIN,0.75,0.25,400,dollars,DIFF,MIS-G-10000,DEF-0.25,1.788945137903645,1.7890132159673962,1.7914799756347572,1.0,0.4173094681937303,0.4178949616021847,66.61402934935302,66.61704510049259,0.2882712039251208,0.25
MAIN,0.75,0.25,400,dollars,DIFF,MIS-G-10000,DEF-0.5,1.299716292929495,1.299717447737272,1.3014778682117145,1.0,0.303186491575733,0.3036426675759817,99.76350552515453,99.77703487071778,0.5402684618951685,0.5
MAIN,0.75,0.25,400,dollars,DIFF,MIS-G-10000,DEF-0.75,1.078270071131386,1.078316042178415,1.079499457130196,1.0,0.2515294711527883,0.2518633600619348,198.5877131122798,198.6681483915812,0.8780242774700482,0.75
MAIN,0.75,0.25,400,dollars,DIFF,MIS-G-10000,RA-EST,0.9861888188017826,0.9861585158373364,0.9862904790993516,0.0,0.23004956285645317,0.23018011590312712,21092.14436059281,22375.176206162392,2.073358834200267,1.0
MAIN,0.75,0.25,400,dollars,DIFF,MIS-G-2000,DEF-0.0,4.297815728562083,4.2905410831217985,4.319584591439414,1.0,0.9999499999999999,0.9999500000000001,50.0,50.0,0.0,0.0
MAIN,0.75,0.25,400,dollars,DIFF,MIS-G-2000,DEF-0.25,1.7924848187334192,1.7919387802010829,1.7995414320626795,1.0,0.41705113433267094,0.4184771698161036,66.61362700736412,66.6202498513181,0.28804678048051996,0.25
MAIN,0.75,0.25,400,dollars,DIFF,MIS-G-2000,DEF-0.5,1.3015159812767398,1.3011275364999357,1.3065112996718802,1.0,0.3028204696403666,0.3039820568877791,99.76170071253912,99.79141478730295,0.539912920872579,0.5
MAIN,0.75,0.25,400,dollars,DIFF,MIS-G-2000,DEF-0.75,1.0791949645078853,1.0790521393423145,1.0823252553745564,1.0,0.2510943895460035,0.2520211798820288,198.57698633824577,198.7536879784572,0.8772167270045979,0.75
MAIN,0.75,0.25,400,dollars,DIFF,MIS-G-2000,RA-EST,0.9864146814546166,0.986300964674057,0.9868332299842236,0.0,0.22950784462910284,0.2301800805763992,20932.018810315167,23921.062572776467,2.0683992048425877,1.0
MAIN,0.75,0.25,400,dollars,DIFF,MIS-I-2000,DEF-0.0,4.317471841211902,4.310703572948633,4.339151572249534,1.0,0.9999499999999999,0.9999500000000001,50.0,50.0,0.0,0.0
MAIN,0.75,0.25,400,dollars,DIFF,MIS-I-2000,DEF-0.25,1.79202209892983,1.7911516275350159,1.7993331454352035,1.0,0.4150454991035859,0.4164546864557333,66.62055841249094,66.62694289133579,0.2884967630706906,0.25
MAIN,0.75,0.25,400,dollars,DIFF,MIS-I-2000,DEF-0.5,1.2999422236750773,1.2995602642422233,1.3049822098717618,1.0,0.3010773781990775,0.30225615918457877,99.79279946586564,99.82145578484955,0.5409888091106059,0.5
MAIN,0.75,0.25,400,dollars,DIFF,MIS-I-2000,DEF-0.75,1.0774278724357214,1.0771753252987626,1.0807986727049126,1.0,0.24954193744155956,0.2505284779994551,198.76192738152304,198.93254646803982,0.8796037147049681,0.75
MAIN,0.75,0.25,400,dollars,DIFF,MIS-I-2000,RA-EST,0.985132293964886,0.984875222169848,0.986197656419245,0.0,0.2281659909921343,0.22884335067440445,24081.21273744753,27954.311220057083,2.0943056590645686,1.0
MAIN,0.75,0.25,400,dollars,HT,COR-10000,DEF-0.0,6.5744853986282585,6.5744853986282585,6.5744853986282585,1.0,0.99995,0.9999500000000001,50.0,50.0,0.0,0.0
MAIN,0.75,0.25,400,dollars,HT,COR-10000,DEF-0.25,2.1467188387270295,2.1462004226402565,2.1561806300055237,1.0,0.3265063913949791,0.3279454877827975,66.62849473493081,66.63108573534065,0.30116868576941297,0.25
MAIN,0.75,0.25,400,dollars,HT,COR-10000,DEF-0.5,1.3927191502402505,1.3924174097454647,1.3987557177840362,1.0,0.21182639094054564,0.21274452602632257,99.82842279019687,99.84005653718275,0.5617167104086384,0.5
MAIN,0.75,0.25,400,dollars,HT,COR-10000,DEF-0.75,1.06177131684783,1.0615093261524482,1.0653917729894735,1.0,0.16149069682374098,0.16204135210690454,198.97405730890404,199.04339926429518,0.9152012743230749,0.75
MAIN,0.75,0.25,400,dollars,HT,COR-10000,RA-EST,0.9248137025758824,0.9247431666121566,0.925226138993856,0.0,0.14066005258505906,0.14072278233060517,29091.39970320955,31211.051601528874,2.2802204221295312,1.0
MAIN,0.75,0.25,400,dollars,HT,COR-2000,DEF-0.0,6.5744853986282585,6.5744853986282585,6.5744853986282585,1.0,0.99995,0.9999500000000001,50.0,50.0,0.0,0.0
MAIN,0.75,0.25,400,dollars,HT,COR-2000,DEF-0.25,2.1461044486659095,2.1453232469343297,2.166470048638184,1.0,0.32641294539816473,0.329510462611683,66.62895132886919,66.63515434756675,0.30151311175867196,0.25
MAIN,0.75,0.25,400,dollars,HT,COR-2000,DEF-0.5,1.3927471228856934,1.3923367649156528,1.4058542742589863,1.0,0.21183064545555552,0.2138241849070933,99.83047279318791,99.85832849612537,0.5623348546952933,0.5
MAIN,0.75,0.25,400,dollars,HT,COR-2000,DEF-0.75,1.0623411935230898,1.0622024421205296,1.0702998380971853,1.0,0.1615773725324656,0.16278784698929952,198.98627384241507,199.15237267212382,0.9165165652357616,0.75
MAIN,0.75,0.25,400,dollars,HT,COR-2000,RA-EST,0.9265342394570532,0.9261479160179469,0.9285026335027429,0.0,0.14092173859544788,0.14122112257862596,29443.79103260409,35242.95108421874,2.291769221054464,1.0
MAIN,0.75,0.25,400,dollars,HT,COR-500,DEF-0.0,6.5744853986282585,6.5744853986282585,6.5744853986282585,1.0,0.99995,0.9999500000000001,50.0,50.0,0.0,0.0
MAIN,0.75,0.25,400,dollars,HT,COR-500,DEF-0.25,2.1566475919766037,2.153699860743185,2.2058063552720486,1.0,0.328016510622559,0.3354933399676415,66.62901752584241,66.63989022084073,0.3010590936911589,0.25
MAIN,0.75,0.25,400,dollars,HT,COR-500,DEF-0.5,1.4020965352221746,1.3990649442351162,1.4322059282449238,1.0,0.21325264950591286,0.21783215432303207,99.83077000914219,99.87960270949023,0.5613662341680818,0.5
MAIN,0.75,0.25,400,dollars,HT,COR-500,DEF-0.75,1.071253640986116,1.0688381823232749,1.0899430146548779,1.0,0.16293291616824773,0.16577548681324114,198.98804515162885,199.27935156366917,0.9145812026630735,0.75
MAIN,0.75,0.25,400,dollars,HT,COR-500,RA-EST,0.936983225269425,0.9331452976075094,0.9453531725996381,0.01,0.14251098288295688,0.1437840146604087,29495.889758228237,41479.76370361205,2.2839993877835942,1.0
MAIN,0.75,0.25,400,dollars,HT,KS-2000,DEF-0.0,6.5744853986282585,6.5744853986282585,6.5744853986282585,1.0,0.99995,0.9999500000000001,50.0,50.0,0.0,0.0
MAIN,0.75,0.25,400,dollars,HT,KS-2000,DEF-0.25,2.148184925124084,2.148163003312793,2.170985512752152,1.0,0.32672937661798085,0.33019724462837197,66.62816657397947,66.6348880389448,0.3010863130089506,0.25
MAIN,0.75,0.25,400,dollars,HT,KS-2000,DEF-0.5,1.3942967998836886,1.3941502373242023,1.4093295822242096,1.0,0.21206634443732963,0.21435276379792936,99.82694945704093,99.85713238024657,0.5614544440942009,0.5
MAIN,0.75,0.25,400,dollars,HT,KS-2000,DEF-0.75,1.0635138291698911,1.0632397063179737,1.0726414237596817,1.0,0.16175572520098985,0.16314399175824246,198.96527793146623,199.14523665742647,0.9148440187896065,0.75
MAIN,0.75,0.25,400,dollars,HT,KS-2000,RA-EST,0.9272398617571063,0.9267574316359714,0.9294162277779907,0.0,0.14102906061019985,0.14136007620619426,28843.33247305006,34947.66286109432,2.278416570358523,1.0
MAIN,0.75,0.25,400,dollars,HT,MIS-G-10000,DEF-0.0,6.5744853986282585,6.5744853986282585,6.5744853986282585,1.0,0.99995,0.9999500000000001,50.0,50.0,0.0,0.0
MAIN,0.75,0.25,400,dollars,HT,MIS-G-10000,DEF-0.25,2.1689854453597195,2.168800445350001,2.1783209034517537,1.0,0.3298930432699691,0.33131292494178444,66.62328085380369,66.62663659989809,0.2998979721694107,0.25
MAIN,0.75,0.25,400,dollars,HT,MIS-G-10000,DEF-0.5,1.4120586823714336,1.4119325832984868,1.4179695289571745,1.0,0.21476784779717076,0.21566686128416473,99.80501762618876,99.82008076491121,0.5593249110995862,0.5
MAIN,0.75,0.25,400,dollars,HT,MIS-G-10000,DEF-0.75,1.0792492264431275,1.0791284409192832,1.0826749459389668,1.0,0.1641490091691398,0.16467004587424514,198.83465021065183,198.92435517335673,0.9105846975855504,0.75
MAIN,0.75,0.25,400,dollars,HT,MIS-G-10000,RA-EST,0.9414067270803443,0.9413259899804669,0.9417072495317209,0.0,0.14318377784220215,0.1432294859709808,25593.344435385494,27740.24709853522,2.243798114563919,1.0
MAIN,0.75,0.25,400,dollars,HT,MIS-G-2000,DEF-0.0,6.5744853986282585,6.5744853986282585,6.5744853986282585,1.0,0.99995,0.9999500000000001,50.0,50.0,0.0,0.0
MAIN,0.75,0.25,400,dollars,HT,MIS-G-2000,DEF-0.25,2.171556021274303,2.1712981420857282,2.195273927041126,1.0,0.33028401643819977,0.3338914044592428,66.62303300202234,66.62963856450747,0.2996086100062566,0.25
MAIN,0.75,0.25,400,dollars,HT,MIS-G-2000,DEF-0.5,1.4137800460997139,1.4134907740248495,1.4289826097377871,1.0,0.2150296595673289,0.21734190190846533,99.8039051991453,99.83355843177972,0.558887821236713,0.5
MAIN,0.75,0.25,400,dollars,HT,MIS-G-2000,DEF-0.75,1.0804310464210103,1.0802077664128884,1.0893560595021992,1.0,0.16432875873358938,0.16568621354402926,198.82802754898492,199.00466391511034,0.9098174354489033,0.75
MAIN,0.75,0.25,400,dollars,HT,MIS-G-2000,RA-EST,0.9420753059094545,0.9417383513251323,0.9432370874856746,0.0,0.14328546570971315,0.1434621675223575,25447.87146754661,29990.741457004486,2.238714514076827,1.0
MAIN,0.75,0.25,400,dollars,HT,MIS-I-2000,DEF-0.0,6.5744853986282585,6.5744853986282585,6.5744853986282585,1.0,0.99995,0.9999500000000001,50.0,50.0,0.0,0.0
MAIN,0.75,0.25,400,dollars,HT,MIS-I-2000,DEF-0.25,2.1504017930593626,2.149075494351874,2.1745589444947355,1.0,0.3270665523750894,0.3307407477095016,66.62969936106009,66.63502122901936,0.30135417424690447,0.25
MAIN,0.75,0.25,400,dollars,HT,MIS-I-2000,DEF-0.5,1.3963708611969974,1.3951964341859755,1.4124135626242227,1.0,0.21238179994213247,0.21482182350587803,99.83383140895344,99.85773059591949,0.5620309479405626,0.5
MAIN,0.75,0.25,400,dollars,HT,MIS-I-2000,DEF-0.75,1.0655472314652836,1.0649314157999323,1.0747904306819804,1.0,0.16206499664993124,0.1634708461569762,199.0062909190221,199.14880555415016,0.9158989345935786,0.75
MAIN,0.75,0.25,400,dollars,HT,MIS-I-2000,RA-EST,0.929661680236462,0.9291408150275036,0.9320641438471032,0.0,0.1413974084338846,0.14176281246808656,30039.927309069317,35094.59235459437,2.2906718914725035,1.0
MAIN,0.75,0.25,400,rate,DIFF,COR-10000,DEF-0.0,1.0000916861591045,1.000044280454632,1.000211495985746,1.0,0.9999499999999999,0.9999500000000001,50.0,50.0,0.0,0.0
MAIN,0.75,0.25,400,rate,DIFF,COR-10000,DEF-0.25,0.9882573922028115,0.9882102749674111,0.9888309709278449,0.0,0.9881173794797036,0.9887064803612248,61.69707829662917,62.55783263547951,0.04281670297413319,0.25
MAIN,0.75,0.25,400,rate,DIFF,COR-10000,DEF-0.5,0.9795160330938644,0.9794425545019044,0.9803878091528646,0.0,0.9793772565126995,0.9802312229100161,80.5383481441129,83.53927985767808,0.08743262250578615,0.5
MAIN,0.75,0.25,400,rate,DIFF,COR-10000,DEF-0.75,0.974005009083676,0.9739083315467352,0.9747479216807333,0.0,0.9738670119039751,0.9745670884986164,115.94651088867312,125.69723545038529,0.1349173796541951,0.75
MAIN,0.75,0.25,400,rate,DIFF,COR-10000,RA-EST,0.9720973002255348,0.9720518964348589,0.9723002728555151,0.0,0.9719595729180146,0.9721487681954379,206.9157955896717,253.7536829390565,0.18689945262951202,1.0
MAIN,0.75,0.25,400,rate,DIFF,COR-2000,DEF-0.0,1.0003779784573386,1.0001760040321188,1.0008912354523996,1.0,0.9999499999999999,0.9999500000000001,50.0,50.0,0.0,0.0
MAIN,0.75,0.25,400,rate,DIFF,COR-2000,DEF-0.25,0.9886227730166582,0.9884940344261259,0.9900386034643347,0.0,0.9881998419360027,0.9893956324557664,61.80395595978611,63.73534960659496,0.04316211830705338,0.25
MAIN,0.75,0.25,400,rate,DIFF,COR-2000,DEF-0.5,0.9800280067039776,0.9798821841747813,0.9820378362810971,0.0,0.979608746628628,0.9813329987610848,80.90360862334256,87.87531243951229,0.08836217344880777,0.5
MAIN,0.75,0.25,400,rate,DIFF,COR-2000,DEF-0.75,0.9747636922532311,0.9746080123606021,0.9766645953072097,0.0,0.9743466527710655,0.9759108405896877,117.0880374668689,141.4499072873406,0.1361951769189671,0.75
MAIN,0.75,0.25,400,rate,DIFF,COR-2000,RA-EST,0.973292138571553,0.9729976394501438,0.974833857444849,0.0,0.9728756686911681,0.973842486345335,211.82957300075054,362.3817977237137,0.18920474192161305,1.0
MAIN,0.75,0.25,400,rate,DIFF,COR-500,DEF-0.0,1.0016163925266164,1.0007352221744426,1.0048403911471742,1.0,0.9999499999999999,0.9999500000000001,50.0,50.0,0.0,0.0
MAIN,0.75,0.25,400,rate,DIFF,COR-500,DEF-0.25,0.9899358880785997,0.9897105494905494,0.9936880178629474,0.015,0.9882883972404517,0.9906098247412871,62.45957221147907,65.36973107804388,0.04622631451101444,0.25
MAIN,0.75,0.25,400,rate,DIFF,COR-500,DEF-0.5,0.9820486994340689,0.9816449993742171,0.9864566132858558,0.0,0.9804138717185816,0.9838121707059372,83.18974638274071,94.38238758817809,0.09462546699789351,0.5
MAIN,0.75,0.25,400,rate,DIFF,COR-500,DEF-0.75,0.9783955395986246,0.977459629187856,0.9840987484599365,0.01,0.9767664423069238,0.9806266263773057,124.51644558361734,169.69907225933346,0.1478910097368557,0.75
MAIN,0.75,0.25,400,rate,DIFF,COR-500,RA-EST,0.9806717550621069,0.9774820126177698,0.9906515329362762,0.025,0.9790390499338548,0.9873132031858576,247.43772135497147,840.1681891452306,0.2092487521850358,1.0
MAIN,0.75,0.25,400,rate,DIFF,KS-2000,DEF-0.0,1.0003908286663978,1.0001934856259802,1.00090980062859,1.0,0.9999499999999999,0.9999500000000001,50.0,50.0,0.0,0.0
MAIN,0.75,0.25,400,rate,DIFF,KS-2000,DEF-0.25,0.9886733585336016,0.988510077737961,0.9901039423060015,0.0,0.9882376696010705,0.9893952772037112,61.79777230993885,63.740285013055534,0.04317513524145963,0.25
MAIN,0.75,0.25,400,rate,DIFF,KS-2000,DEF-0.5,0.9801374677625758,0.9799353810864364,0.9820279979980252,0.0,0.9797055105643375,0.9813331762488539,80.88247060543,87.89408108614145,0.08826911702856488,0.5
MAIN,0.75,0.25,400,rate,DIFF,KS-2000,DEF-0.75,0.9749613584762886,0.974631906247755,0.9769219323178017,0.0,0.9745316396560328,0.9760742972076644,117.02194841027887,141.5228922713637,0.13598650945943735,0.75
MAIN,0.75,0.25,400,rate,DIFF,KS-2000,RA-EST,0.973639037934922,0.9731211339841317,0.9751963814316683,0.0,0.9732098292545908,0.9742313338591699,211.5448342729078,363.02195002202666,0.18885931090185615,1.0
MAIN,0.75,0.25,400,rate,DIFF,MIS-G-10000,DEF-0.0,1.0000760180778032,1.000035672000617,1.0002079156391905,1.0,0.9999499999999999,0.9999500000000001,50.0,50.0,0.0,0.0
MAIN,0.75,0.25,400,rate,DIFF,MIS-G-10000,DEF-0.25,0.9897628321547853,0.9897497963949982,0.9902843021758599,0.0,0.9896381183997481,0.9901610457767798,59.36971488395686,59.80807575749995,0.039464932162780075,0.25
MAIN,0.75,0.25,400,rate,DIFF,MIS-G-10000,DEF-0.5,0.9820700804446987,0.9820371421733005,0.9828339040704404,0.0,0.9819463373115171,0.9826921227012141,73.06091405626398,74.40310386233817,0.08049953175174582,0.5
MAIN,0.75,0.25,400,rate,DIFF,MIS-G-10000,DEF-0.75,0.9771301878849203,0.9770916135358195,0.9777819436370769,0.0,0.9770070644681091,0.9776491786299221,94.9594280454123,98.42085840669219,0.12383419693670714,0.75
MAIN,0.75,0.25,400,rate,DIFF,MIS-G-10000,RA-EST,0.9752509857698773,0.9751963927926934,0.9754833740236357,0.0,0.9751280912110383,0.9752756592774317,135.60394093747124,145.33629999130136,0.17071170991666773,1.0
MAIN,0.75,0.25,400,rate,DIFF,MIS-G-2000,DEF-0.0,1.00043184638084,1.0001929610938807,1.0011253975199388,1.0,0.9999499999999999,0.9999500000000001,50.0,50.0,0.0,0.0
MAIN,0.75,0.25,400,rate,DIFF,MIS-G-2000,DEF-0.25,0.9901639604486667,0.9901265830060566,0.9911939798421788,0.0,0.9896870624842049,0.9906325984470167,59.34679237333543,60.169581007574294,0.03911611215911499,0.25
MAIN,0.75,0.25,400,rate,DIFF,MIS-G-2000,DEF-0.5,0.9825272240598089,0.9825170768681459,0.9839623495504718,0.0,0.9820539864846242,0.9833898789949627,72.99152494763973,75.53219812972145,0.07979560561923199,0.5
MAIN,0.75,0.25,400,rate,DIFF,MIS-G-2000,DEF-0.75,0.9776634235236544,0.9775256695374009,0.9789242792872721,0.0,0.9771924838417305,0.9783048357326353,94.78375581294512,101.4293431177843,0.1229857393005298,0.75
MAIN,0.75,0.25,400,rate,DIFF,MIS-G-2000,RA-EST,0.9759006185607764,0.975639644189525,0.9769896460196966,0.0,0.9754304434350403,0.9759396069156778,135.12707550680796,154.3502439013126,0.16987996016079415,1.0
MAIN,0.75,0.25,400,rate,DIFF,MIS-I-2000,DEF-0.0,1.0004063823782678,1.0001497266912303,1.0010314226105386,1.0,0.9999499999999999,0.9999500000000001,50.0,50.0,0.0,0.0
MAIN,0.75,0.25,400,rate,DIFF,MIS-I-2000,DEF-0.25,0.9884256361052728,0.9883167291045811,0.9898675095867195,0.0,0.9879746745443586,0.9891023369872904,59.56168589653305,60.39020124252463,0.04481287642592832,0.25
MAIN,0.75,0.25,400,rate,DIFF,MIS-I-2000,DEF-0.5,0.9799038888735018,0.979805980033505,0.9816870533532177,0.0,0.9794567819640436,0.980939802724711,73.64511511841246,76.23139156021111,0.09164065877597088,0.5
MAIN,0.75,0.25,400,rate,DIFF,MIS-I-2000,DEF-0.75,0.9750633484355281,0.9748191367659531,0.9765636270775239,0.0,0.9746184322432089,0.9757174881969223,96.45108552083593,103.33852654838479,0.14165292835500298,0.75
MAIN,0.75,0.25,400,rate,DIFF,MIS-I-2000,RA-EST,0.9744512756718615,0.9740697854928817,0.9761220694820748,0.0,0.974006644577677,0.9751611212583627,139.71815198134556,160.36151445920382,0.19650619259410945,1.0
MAIN,0.75,0.25,400,rate,HT,COR-10000,DEF-0.0,1.0162499359207156,1.0162499359207156,1.0162499359207156,1.0,0.99995,0.99995,50.0,50.0,0.0,0.0
MAIN,0.75,0.25,400,rate,HT,COR-10000,DEF-0.25,0.9746419609348542,0.9745822082087182,0.9760921534504908,0.0,0.9590093877386893,0.9604363201839021,62.43572900758923,63.18819845293264,0.06654486561958575,0.25
MAIN,0.75,0.25,400,rate,HT,COR-10000,DEF-0.5,0.9467374476557641,0.9466458906672643,0.9486861917835405,0.0,0.9315524432734026,0.9334699309127051,83.10520533366629,85.8260073542445,0.133181657569161,0.5
MAIN,0.75,0.25,400,rate,HT,COR-10000,DEF-0.75,0.93030990652592,0.9302240135588098,0.931810698701587,0.0,0.9153883883769021,0.9168651088991016,124.23269431086914,133.7395532593327,0.20239446354650426,0.75
MAIN,0.75,0.25,400,rate,HT,COR-10000,RA-EST,0.9249354973070746,0.9248609837282756,0.9253181111708403,0.0,0.9101001809109743,0.9104766579168262,245.94915626814588,302.7589346094302,0.2779694951905587,1.0
MAIN,0.75,0.25,400,rate,HT,COR-2000,DEF-0.0,1.0162499359207156,1.0162499359207156,1.0162499359207156,1.0,0.99995,0.99995,50.0,50.0,0.0,0.0
MAIN,0.75,0.25,400,rate,HT,COR-2000,DEF-0.25,0.9748784821157896,0.9747866539923602,0.97800094918178,0.0,0.9592421152858374,0.9623145001709674,62.54209644733275,64.18877133903322,0.06689390325519626,0.25
MAIN,0.75,0.25,400,rate,HT,COR-2000,DEF-0.5,0.9473304477598902,0.9469743675079796,0.9514526476535187,0.0,0.9321359320719367,0.9361920147716117,83.48317905069504,89.6210124059553,0.13422954927371766,0.5
MAIN,0.75,0.25,400,rate,HT,COR-2000,DEF-0.75,0.9314083564702816,0.9311604196879504,0.9348375670599967,0.0,0.9164692199548832,0.9198434284128437,125.50687707467023,148.4307971380303,0.20396049833136026,0.75
MAIN,0.75,0.25,400,rate,HT,COR-2000,RA-EST,0.9268363231527933,0.9264880047892878,0.9286436735447875,0.0,0.9119705188438415,0.9137488806036751,252.72187795570085,431.7425748013959,0.2808268553356956,1.0
MAIN,0.75,0.25,400,rate,HT,COR-500,DEF-0.0,1.0162499359207156,1.0162499359207156,1.0162499359207156,1.0,0.99995,0.99995,50.0,50.0,0.0,0.0
MAIN,0.75,0.25,400,rate,HT,COR-500,DEF-0.25,0.9749292815503757,0.9747597145151863,0.9807434566856038,0.0,0.959292099933136,0.9650130197787093,63.085498312872836,65.58622450169005,0.07059213174295659,0.25
MAIN,0.75,0.25,400,rate,HT,COR-500,DEF-0.5,0.948856035852148,0.9483901383239346,0.9569317158313321,0.0,0.9336370508016232,0.9415832025402396,85.44812395547919,95.29068724751065,0.1412087394764355,0.5
MAIN,0.75,0.25,400,rate,HT,COR-500,DEF-0.75,0.9358901487546339,0.9344683015823871,0.9448466489592743,0.0,0.9208791274356426,0.9296919716613261,132.37124809908187,174.17678043077905,0.21537002276107944,0.75
MAIN,0.75,0.25,400,rate,HT,COR-500,RA-EST,0.9373070906258849,0.9343959710170078,0.9456028273611379,0.01,0.9222733425534755,0.9304360214921962,293.59831050874993,1011.9561231262352,0.30119908187641076,1.0
MAIN,0.75,0.25,400,rate,HT,KS-2000,DEF-0.0,1.0162499359207156,1.0162499359207156,1.0162499359207156,1.0,0.99995,0.99995,50.0,50.0,0.0,0.0
MAIN,0.75,0.25,400,rate,HT,KS-2000,DEF-0.25,0.9750471669840164,0.9748970820940646,0.9783492811278849,0.0,0.9594080945671354,0.9626572451170635,62.51426080063126,64.21833324607846,0.0670144309809431,0.25
MAIN,0.75,0.25,400,rate,HT,KS-2000,DEF-0.5,0.9476659893390716,0.9474130359897569,0.9521989378934381,0.0,0.9324660917996208,0.9369263350397171,83.38411485884998,89.73636529554047,0.1339981935004867,0.5
MAIN,0.75,0.25,400,rate,HT,KS-2000,DEF-0.75,0.9319222922681695,0.9315732265933652,0.9357629666827534,0.0,0.9169749125831756,0.9207539852749578,125.17190520462594,148.90634267729317,0.20401579144793958,0.75
MAIN,0.75,0.25,400,rate,HT,KS-2000,RA-EST,0.9275889387841328,0.927058536936264,0.9299534462998003,0.0,0.9127110630485269,0.9150376455226991,250.92517214657113,437.1578776416438,0.28092612641727127,1.0
MAIN,0.75,0.25,400,rate,HT,MIS-G-10000,DEF-0.0,1.0162499359207156,1.0162499359207156,1.0162499359207156,1.0,0.99995,0.99995,50.0,50.0,0.0,0.0
MAIN,0.75,0.25,400,rate,HT,MIS-G-10000,DEF-0.25,0.985226635234489,0.9852469866880713,0.9865490850181277,0.0,0.9694242912892912,0.9707255299062968,60.30191311124714,60.71675341146582,0.05806581958050672,0.25
MAIN,0.75,0.25,400,rate,HT,MIS-G-10000,DEF-0.5,0.9633981196671827,0.9634064855115481,0.9651508983148321,0.0,0.9479458897957135,0.949670555103691,75.95065675950369,77.28073152228038,0.11705271047933072,0.5
MAIN,0.75,0.25,400,rate,HT,MIS-G-10000,DEF-0.75,0.9500010521408511,0.9499959996300151,0.9514250234029483,0.0,0.9347637018324558,0.936164833594638,102.56764406085452,106.27274793757297,0.17873411327118677,0.75
MAIN,0.75,0.25,400,rate,HT,MIS-G-10000,RA-EST,0.9451891745340244,0.9451262597768979,0.945478021869938,0.0,0.9300290033661902,0.9303132177935054,157.9060174060832,170.07801140603775,0.24562157072621887,1.0
MAIN,0.75,0.25,400,rate,HT,MIS-G-2000,DEF-0.0,1.0162499359207156,1.0162499359207156,1.0162499359207156,1.0,0.99995,0.99995,50.0,50.0,0.0,0.0
MAIN,0.75,0.25,400,rate,HT,MIS-G-2000,DEF-0.25,0.9853029590022224,0.9854033465147557,0.9878222245303167,0.0,0.9694993908773428,0.9719782491540083,60.290757534483106,61.08463506632601,0.057910312880463846,0.25
MAIN,0.75,0.25,400,rate,HT,MIS-G-2000,DEF-0.5,0.9636163972837726,0.9637193923822747,0.9670225982936052,0.0,0.9481606663924876,0.9515122343280823,75.91527387976178,78.48395508050878,0.1167973989586131,0.5
MAIN,0.75,0.25,400,rate,HT,MIS-G-2000,DEF-0.75,0.9504378245137859,0.9503507572119153,0.9532651078093696,0.0,0.9351934686829899,0.9379754043382749,102.47090060278217,109.74314250261817,0.1784308410179163,0.75
MAIN,0.75,0.25,400,rate,HT,MIS-G-2000,RA-EST,0.9459701640153565,0.9455823805075556,0.9472835620706168,0.0,0.9307974663242229,0.932089798396222,157.60061036325834,182.3847166871956,0.24533732280067572,1.0
MAIN,0.75,0.25,400,rate,HT,MIS-I-2000,DEF-0.0,1.0162499359207156,1.0162499359207156,1.0162499359207156,1.0,0.99995,0.99995,50.0,50.0,0.0,0.0
MAIN,0.75,0.25,400,rate,HT,MIS-I-2000,DEF-0.25,0.9758699180879966,0.9758852564249063,0.9789718937154553,0.0,0.9602176493206911,0.9632698714355854,60.52077118338878,61.309870945427605,0.06707153181728764,0.25
MAIN,0.75,0.25,400,rate,HT,MIS-I-2000,DEF-0.5,0.9487906068800461,0.9489199609989227,0.9527846189143864,0.0,0.9335726712643256,0.9375026221480323,76.64887727071115,79.23192873064994,0.13498745287524655,0.5
MAIN,0.75,0.25,400,rate,HT,MIS-I-2000,DEF-0.75,0.9334845999209659,0.9333159544899186,0.9366660054899647,0.0,0.918512161917414,0.9216425399733182,104.49584802273876,111.95999462120277,0.20651850752609138,0.75
MAIN,0.75,0.25,400,rate,HT,MIS-I-2000,RA-EST,0.9301790391254708,0.9297545354050978,0.932379392412503,0.0,0.915259619997733,0.9174246811619183,164.12247321406875,190.7541825548849,0.28491288355734645,1.0
MAIN,0.75,0.7,100,dollars,DIFF,COR-10000,DEF-0.0,3.1636250229691467,3.163004899043862,3.1658155168207007,1.0,0.99995,0.9999500000000002,200.0,200.0,0.0,0.0
MAIN,0.75,0.7,100,dollars,DIFF,COR-10000,DEF-0.25,1.5673106459060904,1.566857192147212,1.5739708856413055,1.0,0.49539134147665026,0.4973773856927567,266.42175293408945,266.4453985496101,0.26211741388795673,0.25
MAIN,0.75,0.7,100,dollars,DIFF,COR-10000,DEF-0.5,1.200946239494577,1.2007323358264497,1.20527134107124,1.0,0.37959188061704,0.3808331921039091,398.89990890905415,399.00594312415456,0.49380593436177483,0.5
MAIN,0.75,0.7,100,dollars,DIFF,COR-10000,DEF-0.75,1.0308507174730281,1.03070096721257,1.0332877020315265,1.0,0.3258285527786465,0.32649632666332806,793.4355608600639,794.0651566522602,0.7934958402209809,0.75
MAIN,0.75,0.7,100,dollars,DIFF,COR-10000,RA-EST,0.962466127887076,0.962396781821892,0.9627743309515657,0.0,0.30421373980252037,0.3043670631308435,72521.25202936959,80278.42494899067,1.6309393542247193,1.0
MAIN,0.75,0.7,100,dollars,DIFF,COR-2000,DEF-0.0,3.1676318426568537,3.1647026465616332,3.1763775548352027,1.0,0.99995,0.9999500000000002,200.0,200.0,0.0,0.0
MAIN,0.75,0.7,100,dollars,DIFF,COR-2000,DEF-0.25,1.5701750742620093,1.569168904192225,1.5828055537237282,1.0,0.49566965609500785,0.49960861694565634,266.41309404838967,266.48892381347105,0.261777239113274,0.25
MAIN,0.75,0.7,100,dollars,DIFF,COR-2000,DEF-0.5,1.2029541387167764,1.2024667207650737,1.2111491795992935,1.0,0.3797466979585403,0.3822909647724369,398.8610891924819,399.20122198896945,0.49323943892358235,0.5
MAIN,0.75,0.7,100,dollars,DIFF,COR-2000,DEF-0.75,1.0324037447884982,1.0320848971688812,1.0376866058501186,1.0,0.3259080708180817,0.3273220758616698,793.205228353859,795.2263971827142,0.7925673855501502,0.75
MAIN,0.75,0.7,100,dollars,DIFF,COR-2000,RA-EST,0.9638601637654848,0.963379316541583,0.9658015297832626,0.0,0.30427072242115094,0.30508983458515565,70042.55907626892,99953.00383560274,1.627628930214526,1.0
MAIN,0.75,0.7,100,dollars,DIFF,COR-500,DEF-0.0,3.183816543391435,3.1696362012449724,3.224262232384063,1.0,0.99995,0.9999500000000002,200.0,200.0,0.0,0.0
MAIN,0.75,0.7,100,dollars,DIFF,COR-500,DEF-0.25,1.5784446730996209,1.5700823207556445,1.6122672022895723,1.0,0.4957686777426247,0.5047807248744188,266.4283105545186,266.54018264844086,0.2623570324205748,0.25
MAIN,0.75,0.7,100,dollars,DIFF,COR-500,DEF-0.5,1.209373529130231,1.2046496573304162,1.2303733989545202,1.0,0.37985791557371706,0.38600613226204517,398.9293115715591,399.4313614155703,0.49423686846594483,0.5
MAIN,0.75,0.7,100,dollars,DIFF,COR-500,DEF-0.75,1.0386742525671502,1.0347319665268588,1.0508549455956164,1.0,0.3262482408091567,0.33019159650861735,793.610078175878,796.5978427315296,0.7949503218020736,0.75
MAIN,0.75,0.7,100,dollars,DIFF,COR-500,RA-EST,0.9803619874246153,0.9672556318882086,0.9834848144635495,0.05,0.30792257742978396,0.3090676729670976,74519.75280175981,140505.6835728286,1.6448859673198655,1.0
MAIN,0.75,0.7,100,dollars,DIFF,KS-2000,DEF-0.0,3.1683841846444727,3.1649608565399605,3.178335000891229,1.0,0.99995,0.9999500000000002,200.0,200.0,0.0,0.0
MAIN,0.75,0.7,100,dollars,DIFF,KS-2000,DEF-0.25,1.5692196304202455,1.5659329762858638,1.5834675645611924,1.0,0.4952534595180116,0.4995728407777689,266.4222240457167,266.48501700492164,0.26266003086603673,0.25
MAIN,0.75,0.7,100,dollars,DIFF,KS-2000,DEF-0.5,1.2023112011515007,1.2005143670975804,1.2118973583466184,1.0,0.3794562767378074,0.38220286424311045,398.90202115497243,399.18368867566323,0.4946138131247403,0.5
MAIN,0.75,0.7,100,dollars,DIFF,KS-2000,DEF-0.75,1.032049000866586,1.0313522961661636,1.0375211898793852,1.0,0.3257210623488124,0.3272762180403855,793.448096242498,795.1220423100646,0.7947169675441687,0.75
MAIN,0.75,0.7,100,dollars,DIFF,KS-2000,RA-EST,0.9638863358600274,0.963511215083935,0.9653187424858726,0.0,0.3042087192604281,0.3050344693848855,72661.25890499863,97804.81269710882,1.633228791152296,1.0
MAIN,0.75,0.7,100,dollars,DIFF,MIS-G-10000,DEF-0.0,3.154785983133268,3.154308327689001,3.1564876969188407,1.0,0.99995,0.9999500000000002,200.0,200.0,0.0,0.0
MAIN,0.75,0.7,100,dollars,DIFF,MIS-G-10000,DEF-0.25,1.5779717535294,1.577890986506721,1.583690312665538,1.0,0.5001585625890022,0.501923405358989,266.30823498723197,266.3146913055291,0.260817583527161,0.25
MAIN,0.75,0.7,100,dollars,DIFF,MIS-G-10000,DEF-0.5,1.211991842491493,1.2119913802450537,1.2157617297147494,1.0,0.38415649682415093,0.38529600177576817,398.39138179049235,398.4202810410598,0.49159571988748313,0.5
MAIN,0.75,0.7,100,dollars,DIFF,MIS-G-10000,DEF-0.75,1.041879840296118,1.0418786492054406,1.0439943514577128,1.0,0.330237287762035,0.33086700176341227,790.4253009194223,790.5959649097834,0.7895922559662639,0.75
MAIN,0.75,0.7,100,dollars,DIFF,MIS-G-10000,RA-EST,0.9738173917032046,0.9737781276504206,0.9739472940901748,0.0,0.3086639898017586,0.3087468087750078,49532.123842467496,50441.91983560939,1.612414266586065,1.0
MAIN,0.75,0.7,100,dollars,DIFF,MIS-G-2000,DEF-0.0,3.159386671955028,3.156697599069933,3.1675241815380395,1.0,0.99995,0.9999500000000002,200.0,200.0,0.0,0.0
MAIN,0.75,0.7,100,dollars,DIFF,MIS-G-2000,DEF-0.25,1.5805291173391092,1.5799998397948076,1.5959370153756636,1.0,0.5002428031566685,0.5046748359095814,266.3074693704258,266.32642852404075,0.2603222838800913,0.25
MAIN,0.75,0.7,100,dollars,DIFF,MIS-G-2000,DEF-0.5,1.2135134984819955,1.213190798153192,1.2236464149134023,1.0,0.38408124910959285,0.3869684560142665,398.3879549859058,398.4728253811832,0.4909215670606557,0.5
MAIN,0.75,0.7,100,dollars,DIFF,MIS-G-2000,DEF-0.75,1.0427943630083345,1.0426314911716292,1.0485644197148218,1.0,0.3300478625231392,0.33164812187932013,790.4050672752118,790.9063899409172,0.7885842106669967,0.75
MAIN,0.75,0.7,100,dollars,DIFF,MIS-G-2000,RA-EST,0.9742567726101795,0.9740660220641972,0.9749698784812967,0.0,0.3083548767014308,0.30884609934957064,49426.43325468735,52184.318522973575,1.609961905122034,1.0
MAIN,0.75,0.7,100,dollars,DIFF,MIS-I-2000,DEF-0.0,3.1690605981145556,3.165125287832862,3.182377237204725,1.0,0.99995,0.9999500000000002,200.0,200.0,0.0,0.0
MAIN,0.75,0.7,100,dollars,DIFF,MIS-I-2000,DEF-0.25,1.5737984314908127,1.5718861796592716,1.5902935409928904,1.0,0.4965938994877506,0.5014663985621686,266.327243520666,266.3591159865664,0.261164019794188,0.25
MAIN,0.75,0.7,100,dollars,DIFF,MIS-I-2000,DEF-0.5,1.2061326052613013,1.2049893467348276,1.2167430389127165,1.0,0.3805816990708386,0.38360450301111915,398.47647424233514,398.6192069208864,0.492070503547841,0.5
MAIN,0.75,0.7,100,dollars,DIFF,MIS-I-2000,DEF-0.75,1.0352377269045496,1.0347693474478736,1.0412851711812827,1.0,0.32665770147640827,0.32834827732062,790.9279529416544,791.7720470710649,0.7903092265836786,0.75
MAIN,0.75,0.7,100,dollars,DIFF,MIS-I-2000,RA-EST,0.9661634549912764,0.965863452252945,0.9678432556975484,0.0,0.30486144964935186,0.3058101049078915,52309.77906600549,57737.762699646766,1.612888253050314,1.0
MAIN,0.75,0.7,100,dollars,HT,COR-10000,DEF-0.0,14.27026123674892,14.27026123674892,14.27026123674892,1.0,0.99995,0.9999500000000001,200.0,200.0,0.0,0.0
MAIN,0.75,0.7,100,dollars,HT,COR-10000,DEF-0.25,4.204339988767476,4.204393751898186,4.211747846183326,1.0,0.2946077651992467,0.2951268507927118,266.41643274913554,266.42758796366377,0.284267733895054,0.25
MAIN,0.75,0.7,100,dollars,HT,COR-10000,DEF-0.5,2.229910937531386,2.230026400338203,2.2349861179201143,1.0,0.15625498405329175,0.15661061360663445,398.8760567366036,398.9260714909057,0.5323134434146037,0.5
MAIN,0.75,0.7,100,dollars,HT,COR-10000,DEF-0.75,1.339824888506999,1.3398720533496453,1.3431616077577395,1.0,0.09388460905063292,0.09411842063679966,793.2940260915,793.5908438876457,0.8617765328066354,0.75
MAIN,0.75,0.7,100,dollars,HT,COR-10000,RA-EST,0.9743650284703869,0.9743183708191598,0.9745301673768869,0.0,0.0682759967778231,0.06828756844051487,70977.97178121438,74292.99602678254,1.9537753469191992,1.0
MAIN,0.75,0.7,100,dollars,HT,COR-2000,DEF-0.0,14.27026123674892,14.27026123674892,14.27026123674892,1.0,0.99995,0.9999500000000001,200.0,200.0,0.0,0.0
MAIN,0.75,0.7,100,dollars,HT,COR-2000,DEF-0.25,4.204368962169533,4.203489577393236,4.221954880735183,1.0,0.29460979543211396,0.295842081161014,266.41861853598266,266.4420054656421,0.28434848712573857,0.25
MAIN,0.75,0.7,100,dollars,HT,COR-2000,DEF-0.5,2.229987075697105,2.229378290765978,2.2423699149736174,1.0,0.15626031922954028,0.1571280132352156,398.8858561226906,398.99072518248875,0.5324782741343558,0.5
MAIN,0.75,0.7,100,dollars,HT,COR-2000,DEF-0.75,1.3400312818059794,1.3395996782089723,1.3478600941302945,1.0,0.09389907150341437,0.09444765437473134,793.3521699491478,793.9747567336045,0.8621069888081754,0.75
MAIN,0.75,0.7,100,dollars,HT,COR-2000,RA-EST,0.9751053023748759,0.9748887337611976,0.9759666444265631,0.0,0.06832786947156803,0.06838822568861938,71604.04535272178,79064.85197670836,1.9573413792234047,1.0
MAIN,0.75,0.7,100,dollars,HT,COR-500,DEF-0.0,14.27026123674892,14.27026123674892,14.27026123674892,1.0,0.99995,0.9999500000000001,200.0,200.0,0.0,0.0
MAIN,0.75,0.7,100,dollars,HT,COR-500,DEF-0.25,4.206556432020402,4.202316776496865,4.240227997957586,1.0,0.2947630764716889,0.2971225204790755,266.4230909316632,266.4753600681294,0.2845698633057716,0.25
MAIN,0.75,0.7,100,dollars,HT,COR-500,DEF-0.5,2.232161283382942,2.229320091903279,2.2551800047300787,1.0,0.15641267095873312,0.15802564566390492,398.9059079002727,399.14035372773156,0.532880923118434,0.5
MAIN,0.75,0.7,100,dollars,HT,COR-500,DEF-0.75,1.3425323654075207,1.340289632791067,1.3582007109591128,1.0,0.09407432817922917,0.09517224516017182,793.4711631569237,794.8641972546948,0.8627867080046171,0.75
MAIN,0.75,0.7,100,dollars,HT,COR-500,RA-EST,0.9794999195937831,0.9772997880851301,0.9863373119315758,0.02,0.068635810399568,0.06911492219400164,72920.01002788515,92861.61745551821,1.962532813694415,1.0
MAIN,0.75,0.7,100,dollars,HT,KS-2000,DEF-0.0,14.27026123674892,14.27026123674892,14.27026123674892,1.0,0.99995,0.9999500000000001,200.0,200.0,0.0,0.0
MAIN,0.75,0.7,100,dollars,HT,KS-2000,DEF-0.25,4.206148898341386,4.204904273796107,4.223478045937578,1.0,0.2947345196502285,0.29594881284720154,266.4159001215376,266.43935103518567,0.28429476020040356,0.25
MAIN,0.75,0.7,100,dollars,HT,KS-2000,DEF-0.5,2.231309321595575,2.2304233592328724,2.243555465176219,1.0,0.15635297203835993,0.15721108746247917,398.87366889447054,398.97882063565265,0.5323578024450487,0.5
MAIN,0.75,0.7,100,dollars,HT,KS-2000,DEF-0.75,1.340941763332632,1.3403283103035326,1.348681749474197,1.0,0.0939628710364062,0.09450522965296236,793.2798589104964,793.9040491468777,0.8618445608801926,0.75
MAIN,0.75,0.7,100,dollars,HT,KS-2000,RA-EST,0.9752573582721841,0.9750709747605105,0.9762114936877475,0.0,0.06833852437773905,0.06840538283904987,70827.11675157928,78140.8853854466,1.9533894134112357,1.0
MAIN,0.75,0.7,100,dollars,HT,MIS-G-10000,DEF-0.0,14.27026123674892,14.27026123674892,14.27026123674892,1.0,0.99995,0.9999500000000001,200.0,200.0,0.0,0.0
MAIN,0.75,0.7,100,dollars,HT,MIS-G-10000,DEF-0.25,4.210947397344491,4.210682814631289,4.218159287703263,1.0,0.29507076150302647,0.2955761152344412,266.41917833599405,266.42574582194914,0.2840205673354038,0.25
MAIN,0.75,0.7,100,dollars,HT,MIS-G-10000,DEF-0.5,2.23578987450118,2.235629293329983,2.2406986799387996,1.0,0.15666693467741952,0.15701090595558417,398.88836588550794,398.9178116118437,0.5317940351234302,0.5
MAIN,0.75,0.7,100,dollars,HT,MIS-G-10000,DEF-0.75,1.345069359632191,1.3449773235336178,1.3481063407802005,1.0,0.09425210119493442,0.09446490944340094,793.3670623121143,793.5418145379567,0.8606972731515596,0.75
MAIN,0.75,0.7,100,dollars,HT,MIS-G-10000,RA-EST,0.9787171232188231,0.9786946847090929,0.9787938197562258,0.0,0.06858095805859434,0.06858633236122998,71766.12532673724,73724.28305855447,1.944094138645061,1.0
MAIN,0.75,0.7,100,dollars,HT,MIS-G-2000,DEF-0.0,14.27026123674892,14.27026123674892,14.27026123674892,1.0,0.99995,0.9999500000000001,200.0,200.0,0.0,0.0
MAIN,0.75,0.7,100,dollars,HT,MIS-G-2000,DEF-0.25,4.209866216495659,4.208648012193667,4.22864478767949,1.0,0.2949950006762375,0.29631085831498316,266.42159275941196,266.43913667222506,0.28416985357320246,0.25
MAIN,0.75,0.7,100,dollars,HT,MIS-G-2000,DEF-0.5,2.2349997358250153,2.234001089097755,2.2481673764657333,1.0,0.15661156784452676,0.15753425468538002,398.89919076527553,398.97785928283383,0.5321120915257851,0.5
MAIN,0.75,0.7,100,dollars,HT,MIS-G-2000,DEF-0.75,1.3445938777963846,1.3438572714104988,1.3529842190114363,1.0,0.09421878308997292,0.09480671358113904,793.4312990386907,793.8983394803362,0.8613512917268616,0.75
MAIN,0.75,0.7,100,dollars,HT,MIS-G-2000,RA-EST,0.978999063824683,0.9788799996482911,0.979476164425746,0.0,0.06860071428478756,0.06863414582035078,72473.83651654328,78067.1227703614,1.950808119004655,1.0
MAIN,0.75,0.7,100,dollars,HT,MIS-I-2000,DEF-0.0,14.27026123674892,14.27026123674892,14.27026123674892,1.0,0.99995,0.9999500000000001,200.0,200.0,0.0,0.0
MAIN,0.75,0.7,100,dollars,HT,MIS-I-2000,DEF-0.25,4.206455131202461,4.205371780917673,4.223621101861265,1.0,0.2947559780905718,0.2959588371045376,266.4173266187813,266.44424382685355,0.28425263273535933,0.25
MAIN,0.75,0.7,100,dollars,HT,MIS-I-2000,DEF-0.5,2.2317416025739316,2.231151301919078,2.243924231982637,1.0,0.15638326295995808,0.15723692780008475,398.8800641272138,399.00076411757425,0.5322956352506938,0.5
MAIN,0.75,0.7,100,dollars,HT,MIS-I-2000,DEF-0.75,1.3414754836115892,1.3410990322839025,1.3490725498634446,1.0,0.09400027004291976,0.09453261393435322,793.3178030339882,794.0343899655021,0.8616998257541015,0.75
MAIN,0.75,0.7,100,dollars,HT,MIS-I-2000,RA-EST,0.976060100700372,0.9759268688148157,0.9767901315360641,0.0,0.06839477438450131,0.06844592932287555,71232.87305666144,79861.18161175105,1.9551448670384701,1.0
MAIN,0.75,0.7,100,rate,DIFF,COR-10000,DEF-0.0,1.001551223818991,1.0015218416574427,1.0016564092460707,1.0,0.99995,0.9999500000000001,200.0,200.0,0.0,0.0
MAIN,0.75,0.7,100,rate,DIFF,COR-10000,DEF-0.25,0.9917934290310252,0.9917962994331586,0.9922279446076151,0.0,0.9902078057655724,0.9906543628448833,256.2415600261219,258.1824393291525,0.041189684202431756,0.25
MAIN,0.75,0.7,100,rate,DIFF,COR-10000,DEF-0.5,0.9842212395281226,0.9842105937658974,0.984868259660426,0.0,0.9826477221757276,0.9833118029384452,356.4890662613533,364.1050580720619,0.08628302408240854,0.5
MAIN,0.75,0.7,100,rate,DIFF,COR-10000,DEF-0.75,0.9791423779425656,0.9791046946649502,0.9797029752915023,0.0,0.9775769800805952,0.9781342761360527,585.582030169641,617.4023008683383,0.13790749826953924,0.75
MAIN,0.75,0.7,100,rate,DIFF,COR-10000,RA-EST,0.9773017497327363,0.9772424243431918,0.9775505680593143,0.0,0.975739294810912,0.9759983866078255,1638.6184286894375,2028.7491674211958,0.2043835343309131,1.0
MAIN,0.75,0.7,100,rate,DIFF,COR-2000,DEF-0.0,1.0017912366921187,1.0016330763857555,1.002219133218334,1.0,0.99995,0.9999500000000001,200.0,200.0,0.0,0.0
MAIN,0.75,0.7,100,rate,DIFF,COR-2000,DEF-0.25,0.9920565830768326,0.9920500995788091,0.9931781547281896,0.0,0.9902332316699719,0.991275041571994,256.00019645926545,260.63338091712944,0.041142636623667336,0.25
MAIN,0.75,0.7,100,rate,DIFF,COR-2000,DEF-0.5,0.9846140359157013,0.9846108591488363,0.9862542164041649,0.0,0.982804349417545,0.9843204350953657,355.5563135210785,374.0255518187144,0.08595167787531816,0.5
MAIN,0.75,0.7,100,rate,DIFF,COR-2000,DEF-0.75,0.979829462503318,0.979677347734935,0.9812145953804533,0.0,0.9780285508235607,0.9792755720189746,581.8212263987416,662.0670175238434,0.13646905274459675,0.75
MAIN,0.75,0.7,100,rate,DIFF,COR-2000,RA-EST,0.9786984095445854,0.9781974057428164,0.9807260114201114,0.0,0.9768995662632678,0.9788079315611716,1600.0307081474143,2879.9579467145286,0.20198145794329572,1.0
MAIN,0.75,0.7,100,rate,DIFF,COR-500,DEF-0.0,1.0026027645749875,1.0020168977609525,1.0044011649887625,1.0,0.99995,0.9999500000000001,200.0,200.0,0.0,0.0
MAIN,0.75,0.7,100,rate,DIFF,COR-500,DEF-0.25,0.9928550597260127,0.9925835390794527,0.9955720088779186,0.005,0.9902280981236485,0.9922484209451382,257.47062297319826,264.09697793282305,0.04411104632214423,0.25
MAIN,0.75,0.7,100,rate,DIFF,COR-500,DEF-0.5,0.9859778798273214,0.9854792516807176,0.9897444648816633,0.005,0.9833689003432408,0.9861743626041838,361.2878048775997,388.6553971700978,0.09275168280907062,0.5
MAIN,0.75,0.7,100,rate,DIFF,COR-500,DEF-0.75,0.982838234104061,0.9817031317496434,0.9872164343703483,0.005,0.9802371335706473,0.9832587982026714,605.3948821049424,735.591395883656,0.14930048752713082,0.75
MAIN,0.75,0.7,100,rate,DIFF,COR-500,RA-EST,0.9956474575368387,0.9817525654182715,0.9967028935744265,0.085,0.9930081607342651,0.9943404900650877,1866.5385678296393,6864.460891728166,0.2274041738615587,1.0
MAIN,0.75,0.7,100,rate,DIFF,KS-2000,DEF-0.0,1.0018073196330284,1.0016233038593951,1.0022974963538964,1.0,0.99995,0.9999500000000001,200.0,200.0,0.0,0.0
MAIN,0.75,0.7,100,rate,DIFF,KS-2000,DEF-0.25,0.9921317433022413,0.9919599403982865,0.9932794759505736,0.0,0.9902923285550611,0.9912368940152162,256.3349051180295,259.98338715322404,0.04158632587604176,0.25
MAIN,0.75,0.7,100,rate,DIFF,KS-2000,DEF-0.5,0.9847220990414058,0.9845041686421556,0.9863949602778844,0.0,0.9828963926103998,0.9843553187470651,356.85063989650416,371.3607843096074,0.0871556285466499,0.5
MAIN,0.75,0.7,100,rate,DIFF,KS-2000,DEF-0.75,0.9799325218567081,0.9796467871855825,0.9816048919585199,0.0,0.9781156776222025,0.9796768381355629,587.0476325609952,649.6888374004454,0.13921543112889984,0.75
MAIN,0.75,0.7,100,rate,DIFF,KS-2000,RA-EST,0.9786903235405484,0.9782341455936483,0.9805293937937645,0.0,0.9768758061472187,0.9781724228905178,1654.025237973058,2593.396863555546,0.20649109182612513,1.0
MAIN,0.75,0.7,100,rate,DIFF,MIS-G-10000,DEF-0.0,1.00158449628654,1.0015556562639134,1.0016631308676303,1.0,0.99995,0.9999500000000002,200.0,200.0,0.0,0.0
MAIN,0.75,0.7,100,rate,DIFF,MIS-G-10000,DEF-0.25,0.9951496742785744,0.9951483392405953,0.995466779640112,0.0,0.9935256768782385,0.9937971206780911,234.93039130538534,236.34894103401376,0.03161445042514853,0.25
MAIN,0.75,0.7,100,rate,DIFF,MIS-G-10000,DEF-0.5,0.9903488439926906,0.9903483977109667,0.9907733924830172,0.0,0.9887326799331037,0.9891167344998427,284.6440276661023,288.8450080639509,0.06454860833658851,0.5
MAIN,0.75,0.7,100,rate,DIFF,MIS-G-10000,DEF-0.75,0.9873078764050495,0.9872864967477402,0.987663855999785,0.0,0.9856966749412766,0.9860229066188058,361.0447274717409,371.31985744618964,0.09928988679443483,0.75
MAIN,0.75,0.7,100,rate,DIFF,MIS-G-10000,RA-EST,0.9862444999105676,0.9862122559313853,0.9863783805916515,0.0,0.9846350353416934,0.984711891299557,493.5054894413537,519.7163298955145,0.13657890245721288,1.0
MAIN,0.75,0.7,100,rate,DIFF,MIS-G-2000,DEF-0.0,1.001851020707455,1.0017254342042867,1.002233685959786,1.0,0.99995,0.9999500000000002,200.0,200.0,0.0,0.0
MAIN,0.75,0.7,100,rate,DIFF,MIS-G-2000,DEF-0.25,0.9954098062067958,0.9953265818826853,0.9963492830647266,0.0,0.9935209881088031,0.9941592578144809,235.1324442224514,238.7530092684113,0.0320035085940094,0.25
MAIN,0.75,0.7,100,rate,DIFF,MIS-G-2000,DEF-0.5,0.9906406170915136,0.9904905182569446,0.9919169448469818,0.0,0.9887608360317273,0.9896621269805492,285.23798287610066,296.1332995824621,0.0653315600548244,0.5
MAIN,0.75,0.7,100,rate,DIFF,MIS-G-2000,DEF-0.75,0.987679999840283,0.9875114860798071,0.9888602750815475,0.0,0.9858058308898715,0.9865390738421641,362.4808217659314,389.8200498894148,0.10042192443183245,0.75
MAIN,0.75,0.7,100,rate,DIFF,MIS-G-2000,RA-EST,0.9867674246258388,0.9865994095356363,0.9874798822656536,0.0,0.9848949883429161,0.9853714778132683,497.09478544713045,570.2183215108336,0.13838833403723827,1.0
MAIN,0.75,0.7,100,rate,DIFF,MIS-I-2000,DEF-0.0,1.0018250831031634,1.0016587958362377,1.0023770244043357,1.0,0.99995,0.9999500000000002,200.0,200.0,0.0,0.0
MAIN,0.75,0.7,100,rate,DIFF,MIS-I-2000,DEF-0.25,0.9932395379025641,0.9931495063321575,0.9943134054743851,0.0,0.9913805137479811,0.9923805088729993,241.7791801002213,245.56733154890279,0.03671723529888788,0.25
MAIN,0.75,0.7,100,rate,DIFF,MIS-I-2000,DEF-0.5,0.9867118209661334,0.9866230349739377,0.9882493722135379,0.0,0.9848649989906926,0.9864184234468198,305.62245990526696,318.02511206627753,0.07543952889192833,0.5
MAIN,0.75,0.7,100,rate,DIFF,MIS-I-2000,DEF-0.75,0.9824152633926935,0.9821886634304413,0.9840876706458904,0.0,0.9805764599188502,0.9822448993898085,415.27959433159947,451.1396373597017,0.11686841506314544,0.75
MAIN,0.75,0.7,100,rate,DIFF,MIS-I-2000,RA-EST,0.9806799583499799,0.980435404752121,0.9822587289217698,0.0,0.9788443666020065,0.9802081566701382,647.6593550007331,775.9088088405186,0.1625135307837116,1.0
MAIN,0.75,0.7,100,rate,HT,COR-10000,DEF-0.0,1.0175592892887697,1.0175592892887697,1.0175592892887697,1.0,0.99995,0.99995,200.0,200.0,0.0,0.0
MAIN,0.75,0.7,100,rate,HT,COR-10000,DEF-0.25,1.0024402699519406,1.0024746899585284,1.003026930488784,1.0,0.9850926216191987,0.98566912974997,240.88790986981894,244.3105243066941,0.02615538931042395,0.25
MAIN,0.75,0.7,100,rate,HT,COR-10000,DEF-0.5,0.9913730994521934,0.9913992978059312,0.9922063912839336,0.0,0.9742169731358981,0.9750358445038072,302.7902204117154,313.84333913802953,0.05305371968653751,0.5
MAIN,0.75,0.7,100,rate,HT,COR-10000,DEF-0.75,0.984559887228789,0.984562129875739,0.9852283996388421,0.0,0.9675216664009408,0.9681786099240056,407.5105231896757,438.7014296536451,0.08095895156182194,0.75
MAIN,0.75,0.7,100,rate,HT,COR-10000,RA-EST,0.9823647769685112,0.9823337829385697,0.982561410182085,0.0,0.9653645434422394,0.965557773835773,622.9632556416689,728.5411167942334,0.11046872611828785,1.0
MAIN,0.75,0.7,100,rate,HT,COR-2000,DEF-0.0,1.0175592892887697,1.0175592892887697,1.0175592892887697,1.0,0.99995,0.99995,200.0,200.0,0.0,0.0
MAIN,0.75,0.7,100,rate,HT,COR-2000,DEF-0.25,1.0024632695351572,1.00250472561014,1.003699348497043,0.995,0.985115223185004,0.9863299112832291,240.6183902816797,250.2953773279232,0.026443978705553678,0.25
MAIN,0.75,0.7,100,rate,HT,COR-2000,DEF-0.5,0.9915251354779181,0.9915287658656028,0.9932463192738069,0.0,0.9743663781145794,0.9760577761046682,301.939982778638,334.38620549803727,0.053659993424573234,0.5
MAIN,0.75,0.7,100,rate,HT,COR-2000,DEF-0.75,0.9849844147532252,0.9848825420329026,0.9864598802807635,0.0,0.9679388472989274,0.9693887792781175,405.2070283461078,503.57145931393063,0.08205213757346888,0.75
MAIN,0.75,0.7,100,rate,HT,COR-2000,RA-EST,0.9832885135733,0.9830406840744447,0.9843156368951463,0.0,0.966272294398554,0.967281642921526,615.8275526097725,1019.3442242243639,0.11203090709627997,1.0
MAIN,0.75,0.7,100,rate,HT,COR-500,DEF-0.0,1.0175592892887697,1.0175592892887697,1.0175592892887697,1.0,0.99995,0.99995,200.0,200.0,0.0,0.0
MAIN,0.75,0.7,100,rate,HT,COR-500,DEF-0.25,1.0024660700591435,1.0024887428060547,1.005151972875693,0.87,0.9851179752447509,0.9877573973891707,241.44799618922377,259.2036442848868,0.027541297157696154,0.25
MAIN,0.75,0.7,100,rate,HT,COR-500,DEF-0.5,0.9920991559789382,0.9920840475262465,0.9959482625567525,0.015,0.9749304649506361,0.9787129611285009,304.5664787331157,368.1986781914798,0.056207521892994564,0.5
MAIN,0.75,0.7,100,rate,HT,COR-500,DEF-0.75,0.9869173971155298,0.9865063883272295,0.9904832613061102,0.0,0.969838378592615,0.9733425340112767,412.3662770301272,635.3934276889702,0.0863550089543001,0.75
MAIN,0.75,0.7,100,rate,HT,COR-500,RA-EST,0.9881811046478691,0.9862421286722964,0.9945941238092706,0.035,0.9710802171373213,0.97738225631867,638.2875636355594,2318.996541617382,0.11815954887654764,1.0
MAIN,0.75,0.7,100,rate,HT,KS-2000,DEF-0.0,1.0175592892887697,1.0175592892887697,1.0175592892887697,1.0,0.99995,0.99995,200.0,200.0,0.0,0.0
MAIN,0.75,0.7,100,rate,HT,KS-2000,DEF-0.25,1.0026052259848093,1.0025338325359008,1.0039344763923401,1.0,0.9852547230188946,0.9865609701919114,240.04509894894824,248.51516257319412,0.026464788069120653,0.25
MAIN,0.75,0.7,100,rate,HT,KS-2000,DEF-0.5,0.9917571846306455,0.9916333965942691,0.9936377294868785,0.0,0.9745944115596202,0.9764424128002207,300.1409741546994,328.105723187634,0.05368035948908767,0.5
MAIN,0.75,0.7,100,rate,HT,KS-2000,DEF-0.75,0.9852403603190057,0.9851245423781014,0.9868611745292988,0.0,0.9681903636195942,0.9697831289617643,400.3761087217979,482.69643628490525,0.08200243057748742,0.75
MAIN,0.75,0.7,100,rate,HT,KS-2000,RA-EST,0.9834685788296195,0.9832532245733323,0.9847269582179844,0.0,0.9664492435502662,0.967685846156759,601.1293935410339,912.7523180727597,0.11186206879690416,1.0
MAIN,0.75,0.7,100,rate,HT,MIS-G-10000,DEF-0.0,1.0175592892887697,1.0175592892887697,1.0175592892887697,1.0,0.99995,0.99995,200.0,200.0,0.0,0.0
MAIN,0.75,0.7,100,rate,HT,MIS-G-10000,DEF-0.25,1.005176432677723,1.005169903389127,1.0057658803994391,1.0,0.9877814339040912,0.9883606809863348,228.41513449104076,229.88541601745737,0.02343708049375874,0.25
MAIN,0.75,0.7,100,rate,HT,MIS-G-10000,DEF-0.5,0.996034292719183,0.9960193331268083,0.9968573614756937,0.0,0.978797502502972,0.9796063277102464,266.24158700485,270.2712648033969,0.0474958854428693,0.5
MAIN,0.75,0.7,100,rate,HT,MIS-G-10000,DEF-0.75,0.9902998087492335,0.9902817690414301,0.9909665246652972,0.0,0.9731622561776606,0.9738174342958161,319.08299734401083,327.87105844186317,0.07237111357471585,0.75
MAIN,0.75,0.7,100,rate,HT,MIS-G-10000,RA-EST,0.9882386451406631,0.9882005382854002,0.9883650556543421,0.0,0.9711367618678101,0.9712609847946546,398.0932206033895,416.67145208568064,0.09831318981276767,1.0
MAIN,0.75,0.7,100,rate,HT,MIS-G-2000,DEF-0.0,1.0175592892887697,1.0175592892887697,1.0175592892887697,1.0,0.99995,0.99995,200.0,200.0,0.0,0.0
MAIN,0.75,0.7,100,rate,HT,MIS-G-2000,DEF-0.25,1.0050857138131915,1.0050795723770722,1.0063652345073555,1.0,0.9876922849674711,0.9889496630206197,228.63724732229255,232.263954626433,0.023767150444887475,0.25
MAIN,0.75,0.7,100,rate,HT,MIS-G-2000,DEF-0.5,0.9959668955116986,0.9959207285370324,0.9977478732160313,0.0,0.9787312716323648,0.9804814287722916,266.8459093716674,276.9398271588064,0.048170130064123226,0.5
MAIN,0.75,0.7,100,rate,HT,MIS-G-2000,DEF-0.75,0.9903883682418622,0.9902645455952355,0.9918205200073805,0.0,0.9732492831112125,0.9746566508911589,320.38737442274305,342.89566889905643,0.07341299497149978,0.75
MAIN,0.75,0.7,100,rate,HT,MIS-G-2000,RA-EST,0.9886486257120036,0.9884931705683195,0.9893377989333274,0.0,0.9715396475538113,0.9722168943441624,400.8076877596796,450.08853394362524,0.09975676503055203,1.0
MAIN,0.75,0.7,100,rate,HT,MIS-I-2000,DEF-0.0,1.0175592892887697,1.0175592892887697,1.0175592892887697,1.0,0.99995,0.99995,200.0,200.0,0.0,0.0
MAIN,0.75,0.7,100,rate,HT,MIS-I-2000,DEF-0.25,1.0028136668415668,1.002751803967762,1.004323896987386,0.995,0.9854595567194059,0.9869436517006108,228.61837253893736,231.39260150090212,0.026497685142747668,0.25
MAIN,0.75,0.7,100,rate,HT,MIS-I-2000,DEF-0.5,0.9921792373800394,0.9920827043612315,0.9942913922102202,0.0,0.9750091605095822,0.9770847636166163,266.794511414009,274.4750322540775,0.053820302090996086,0.5
MAIN,0.75,0.7,100,rate,HT,MIS-I-2000,DEF-0.75,0.9859186247393515,0.9857750472076219,0.9875427446672187,0.0,0.9688568903903328,0.9704529042432514,320.2763046057486,337.2706524678103,0.08227703485800356,0.75
MAIN,0.75,0.7,100,rate,HT,MIS-I-2000,RA-EST,0.9844690587693752,0.9842601248613475,0.9854075789704296,0.0,0.9674324097660235,0.9683546884822842,400.57613524775377,437.32350201169004,0.11219710557053672,1.0
MAIN,0.75,0.7,400,dollars,DIFF,COR-10000,DEF-0.0,3.2718556960046086,3.271207979330921,3.2741582593374865,1.0,0.9999499999999999,0.9999500000000001,50.0,50.0,0.0,0.0
MAIN,0.75,0.7,400,dollars,DIFF,COR-10000,DEF-0.25,1.5956736125080002,1.5952045121439613,1.6026552378800825,1.0,0.48767248599455804,0.48968873961990134,66.60543823352236,66.61134963740253,0.26211741388795673,0.25
MAIN,0.75,0.7,400,dollars,DIFF,COR-10000,DEF-0.5,1.2109867776626226,1.2107671460821305,1.2155207877883492,1.0,0.37010385769660376,0.3713633819841855,99.72497722726354,99.75148578103864,0.49380593436177483,0.5
MAIN,0.75,0.7,400,dollars,DIFF,COR-10000,DEF-0.75,1.0323881179235357,1.032233392379314,1.0349433777118793,1.0,0.31552023900842274,0.31619747752813093,198.35889021501598,198.51628916306504,0.7934958402209809,0.75
MAIN,0.75,0.7,400,dollars,DIFF,COR-10000,RA-EST,0.9605880185052247,0.9605154945292718,0.9609097393990533,0.0,0.2935765744394638,0.2937306388152364,18130.313007342396,20069.606237247666,1.6309393542247193,1.0
MAIN,0.75,0.7,400,dollars,DIFF,COR-2000,DEF-0.0,3.2760358518724177,3.2729484294241757,3.285173128330952,1.0,0.9999499999999999,0.9999500000000001,50.0,50.0,0.0,0.0
MAIN,0.75,0.7,400,dollars,DIFF,COR-2000,DEF-0.25,1.5986534781177713,1.5976304562940622,1.6118951446957384,1.0,0.4879605118023258,0.49195824535804017,66.60327351209742,66.62223095336776,0.261777239113274,0.25
MAIN,0.75,0.7,400,dollars,DIFF,COR-2000,DEF-0.5,1.213077723017224,1.2125907550707566,1.2216918388209754,1.0,0.3702709596477653,0.3728465045806294,99.71527229812048,99.80030549724236,0.49323943892358235,0.5
MAIN,0.75,0.7,400,dollars,DIFF,COR-2000,DEF-0.75,1.0340111457529744,1.0336912591192142,1.0395487080810566,1.0,0.3156144308645535,0.317044684281124,198.30130708846474,198.80659929567855,0.7925673855501502,0.75
MAIN,0.75,0.7,400,dollars,DIFF,COR-2000,RA-EST,0.9620520640804351,0.961545453949963,0.9641006793570066,0.0,0.2936505335276504,0.29446149879732175,17510.63976906723,24988.250958900684,1.627628930214526,1.0
MAIN,0.75,0.7,400,dollars,DIFF,COR-500,DEF-0.0,3.292908974889546,3.2782973163784925,3.3351112348722536,1.0,0.9999499999999999,0.9999500000000001,50.0,50.0,0.0,0.0
MAIN,0.75,0.7,400,dollars,DIFF,COR-500,DEF-0.25,1.6072212864213282,1.5985880338819922,1.642587206249248,1.0,0.4880839414994126,0.4972584994705631,66.60707763862965,66.63504566211022,0.2623570324205748,0.25
MAIN,0.75,0.7,400,dollars,DIFF,COR-500,DEF-0.5,1.2197504161279842,1.2148981583864327,1.2416683791211556,1.0,0.37042541934759876,0.376639811381366,99.73232789288977,99.85784035389257,0.49423686846594483,0.5
MAIN,0.75,0.7,400,dollars,DIFF,COR-500,DEF-0.75,1.0405702878290393,1.0364705290237763,1.0533045529733198,1.0,0.31601601957210224,0.3200162212420081,198.4025195439695,199.1494606828824,0.7949503218020736,0.75
MAIN,0.75,0.7,400,dollars,DIFF,COR-500,RA-EST,0.97939041372974,0.9655977095334829,0.9826664884265117,0.05,0.297425298493784,0.29851900595226494,18629.938200439952,35126.42089320715,1.6448859673198655,1.0
MAIN,0.75,0.7,400,dollars,DIFF,KS-2000,DEF-0.0,3.276807606216246,3.2732143949802786,3.2872147990960925,1.0,0.9999499999999999,0.9999500000000001,50.0,50.0,0.0,0.0
MAIN,0.75,0.7,400,dollars,DIFF,KS-2000,DEF-0.25,1.5976403406540773,1.5942188245771147,1.6126013434923017,1.0,0.4875395153471825,0.4919286969549403,66.60555601142917,66.62125425123041,0.26266003086603673,0.25
MAIN,0.75,0.7,400,dollars,DIFF,KS-2000,DEF-0.5,1.2123979395952602,1.2105252533129036,1.2224683805422298,1.0,0.36997900077436824,0.3727738349131673,99.72550528874311,99.79592216891581,0.4946138131247403,0.5
MAIN,0.75,0.7,400,dollars,DIFF,KS-2000,DEF-0.75,1.0336380883649527,1.0329151717703675,1.0393795353614435,1.0,0.3154285950627824,0.31699063884020934,198.3620240606245,198.78051057751614,0.7947169675441687,0.75
MAIN,0.75,0.7,400,dollars,DIFF,KS-2000,RA-EST,0.9620822363545547,0.9616843746143189,0.9635828631154603,0.0,0.2935925487324602,0.2944093374524127,18165.314726249657,24451.203174277205,1.633228791152296,1.0
MAIN,0.75,0.7,400,dollars,DIFF,MIS-G-10000,DEF-0.0,3.262262733052604,3.26176521025201,3.264027683447317,1.0,0.9999499999999999,0.9999500000000001,50.0,50.0,0.0,0.0
MAIN,0.75,0.7,400,dollars,DIFF,MIS-G-10000,DEF-0.25,1.6067848699955383,1.6067068034450065,1.6127835039007123,1.0,0.4925124201130086,0.4943044286564628,66.57705874680799,66.57867282638227,0.260817583527161,0.25
MAIN,0.75,0.7,400,dollars,DIFF,MIS-G-10000,DEF-0.5,1.2225542750494187,1.2225567949915974,1.2265106337058984,1.0,0.37473788781168643,0.3758958045000851,99.59784544762309,99.60507026026495,0.49159571988748313,0.5
MAIN,0.75,0.7,400,dollars,DIFF,MIS-G-10000,DEF-0.75,1.0439625312849095,1.0439633650468942,1.0461797560395234,1.0,0.31999585703788,0.3206376384361882,197.60632522985557,197.64899122744586,0.7895922559662639,0.75
MAIN,0.75,0.7,400,dollars,DIFF,MIS-G-10000,RA-EST,0.9725102600025504,0.972468855693458,0.9726472608376859,0.0,0.29809425005609247,0.2981750414239193,12383.030960616874,12610.479958902348,1.612414266586065,1.0
MAIN,0.75,0.7,400,dollars,DIFF,MIS-G-2000,DEF-0.0,3.267059709353789,3.2642381062400903,3.275546331645418,1.0,0.9999499999999999,0.9999500000000001,50.0,50.0,0.0,0.0
MAIN,0.75,0.7,400,dollars,DIFF,MIS-G-2000,DEF-0.25,1.609437037374582,1.6089278140752512,1.625625297356681,1.0,0.4926042286558349,0.49711073191155286,66.57686734260645,66.58160713101019,0.2603222838800913,0.25
MAIN,0.75,0.7,400,dollars,DIFF,MIS-G-2000,DEF-0.5,1.224131248139629,1.2238245214689245,1.2347480301042049,1.0,0.37467290031101796,0.37759787591167276,99.59698874647646,99.6182063452958,0.4909215670606557,0.5
MAIN,0.75,0.7,400,dollars,DIFF,MIS-G-2000,DEF-0.75,1.0449132562483485,1.044755237135532,1.0509593901417373,1.0,0.31981900877396546,0.32143894799846845,197.60126681880294,197.7265974852293,0.7885842106669967,0.75
MAIN,0.75,0.7,400,dollars,DIFF,MIS-G-2000,RA-EST,0.9729712139217223,0.9727682790818222,0.9737149071207489,0.0,0.297798909065686,0.29827989855570036,12356.608313671837,13046.079630743394,1.609961905122034,1.0
MAIN,0.75,0.7,400,dollars,DIFF,MIS-I-2000,DEF-0.0,3.2775245724703415,3.273485625989413,3.2914235847366573,1.0,0.9999499999999999,0.9999500000000001,50.0,50.0,0.0,0.0
MAIN,0.75,0.7,400,dollars,DIFF,MIS-I-2000,DEF-0.25,1.602447547550684,1.6004827430968556,1.619736943612921,1.0,0.48890094609951407,0.4938496082306575,66.5818108801665,66.5897789966416,0.261164019794188,0.25
MAIN,0.75,0.7,400,dollars,DIFF,MIS-I-2000,DEF-0.5,1.2164089441705814,1.2152428046404118,1.2275173787798495,1.0,0.3711224656790867,0.37419487781569993,99.61911856058379,99.6548017302216,0.492070503547841,0.5
MAIN,0.75,0.7,400,dollars,DIFF,MIS-I-2000,DEF-0.75,1.036984522173742,1.0365080379818068,1.0433354586738988,1.0,0.31638060199101165,0.3180977819510825,197.7319882354136,197.94301176776622,0.7903092265836786,0.75
MAIN,0.75,0.7,400,dollars,DIFF,MIS-I-2000,RA-EST,0.9644713645375144,0.964141700213407,0.966235529583148,0.0,0.29425638546384114,0.29519539739513095,13077.444766501372,14434.440674911692,1.612888253050314,1.0
MAIN,0.75,0.7,400,dollars,HT,COR-10000,DEF-0.0,14.760320319027924,14.760320319027924,14.760320319027924,1.0,0.9999500000000002,0.9999500000000002,50.0,50.0,0.0,0.0
MAIN,0.75,0.7,400,dollars,HT,COR-10000,DEF-0.25,4.264297402217558,4.264343422446733,4.271929716475648,1.0,0.28888832323310104,0.28940538061921606,66.60410818728388,66.60689699091594,0.284267733895054,0.25
MAIN,0.75,0.7,400,dollars,HT,COR-10000,DEF-0.5,2.245285122235298,2.2454104214738173,2.2504382851176215,1.0,0.15210868121099475,0.15245778645483804,99.7190141841509,99.73151787272643,0.5323134434146037,0.5
MAIN,0.75,0.7,400,dollars,HT,COR-10000,DEF-0.75,1.345269533599389,1.3453194937266868,1.3486329948182134,1.0,0.09113638735797441,0.09136424779548998,198.323506522875,198.39771097191144,0.8617765328066354,0.75
MAIN,0.75,0.7,400,dollars,HT,COR-10000,RA-EST,0.9759943578219409,0.9759398530856473,0.9762274897827693,0.0,0.06611953785623016,0.0661353315720298,17744.492945303595,18573.249006695634,1.9537753469191992,1.0
MAIN,0.75,0.7,400,dollars,HT,COR-2000,DEF-0.0,14.760320319027924,14.760320319027924,14.760320319027924,1.0,0.9999500000000002,0.9999500000000002,50.0,50.0,0.0,0.0
MAIN,0.75,0.7,400,dollars,HT,COR-2000,DEF-0.25,4.264328084832622,4.263444622154566,4.282423875492568,1.0,0.2888904018520111,0.290116316024557,66.60465463399566,66.61050136641053,0.28434848712573857,0.25
MAIN,0.75,0.7,400,dollars,HT,COR-2000,DEF-0.5,2.2453603194184093,2.244709327430665,2.2578649386364225,1.0,0.15211377550580862,0.1529609111855766,99.72146403067265,99.74768129562219,0.5324782741343558,0.5
MAIN,0.75,0.7,400,dollars,HT,COR-2000,DEF-0.75,1.3454710063559432,1.3450108682670967,1.3533096406738923,1.0,0.0911500362950274,0.09168107100273146,198.33804248728694,198.49368918340113,0.8621069888081754,0.75
MAIN,0.75,0.7,400,dollars,HT,COR-2000,RA-EST,0.9767394811444378,0.9765079655801231,0.9777081548464639,0.0,0.06617001684653841,0.06623564044056653,17901.011338180444,19766.21299417709,1.9573413792234047,1.0
MAIN,0.75,0.7,400,dollars,HT,COR-500,DEF-0.0,14.760320319027924,14.760320319027924,14.760320319027924,1.0,0.9999500000000002,0.9999500000000002,50.0,50.0,0.0,0.0
MAIN,0.75,0.7,400,dollars,HT,COR-500,DEF-0.25,4.266604488975244,4.262284595579978,4.3012648445228985,1.0,0.28904461871676845,0.2913927129166753,66.6057727329158,66.61884001703235,0.2845698633057716,0.25
MAIN,0.75,0.7,400,dollars,HT,COR-500,DEF-0.5,2.2475995822103694,2.244915991479947,2.2708302155057316,1.0,0.1522654761993182,0.15383925449556238,99.72647697506818,99.78508843193289,0.532880923118434,0.5
MAIN,0.75,0.7,400,dollars,HT,COR-500,DEF-0.75,1.348027115974251,1.3457883595365217,1.3638024042048402,1.0,0.09132320203652775,0.09239191186973118,198.36779078923092,198.7160493136737,0.8627867080046171,0.75
MAIN,0.75,0.7,400,dollars,HT,COR-500,RA-EST,0.9812529424655804,0.9789929778872422,0.9884184816145256,0.02,0.06647578498371483,0.06696122030741516,18230.002506971286,23215.404363879552,1.962532813694415,1.0
MAIN,0.75,0.7,400,dollars,HT,KS-2000,DEF-0.0,14.760320319027924,14.760320319027924,14.760320319027924,1.0,0.9999500000000002,0.9999500000000002,50.0,50.0,0.0,0.0
MAIN,0.75,0.7,400,dollars,HT,KS-2000,DEF-0.25,4.266160366719197,4.264895222530238,4.283924835502942,1.0,0.2890145312904569,0.2902179997908936,66.6039750303844,66.60983775879642,0.28429476020040356,0.25
MAIN,0.75,0.7,400,dollars,HT,KS-2000,DEF-0.5,2.2466975071989794,2.2457960256205567,2.2589822027934714,1.0,0.1522043643881825,0.1530366011617894,99.71841722361764,99.74470515891316,0.5323578024450487,0.5
MAIN,0.75,0.7,400,dollars,HT,KS-2000,DEF-0.75,1.3463835993720874,1.345810816108385,1.3540187213916584,1.0,0.09121186065701752,0.09172910825723576,198.3199647276241,198.47601228671942,0.8618445608801926,0.75
MAIN,0.75,0.7,400,dollars,HT,KS-2000,RA-EST,0.9768881933298263,0.976660791546948,0.977891597414435,0.0,0.06618009147544653,0.06624806790771345,17706.77918789482,19535.22134636165,1.9533894134112357,1.0
MAIN,0.75,0.7,400,dollars,HT,MIS-G-10000,DEF-0.0,14.760320319027924,14.760320319027924,14.760320319027924,1.0,0.9999500000000002,0.9999500000000002,50.0,50.0,0.0,0.0
MAIN,0.75,0.7,400,dollars,HT,MIS-G-10000,DEF-0.25,4.2710664507739855,4.2707862275204995,4.278484739527357,1.0,0.2893468979765823,0.2898494560294297,66.60479458399851,66.60643645548728,0.2840205673354038,0.25
MAIN,0.75,0.7,400,dollars,HT,MIS-G-10000,DEF-0.5,2.2511679081995437,2.2510214032763076,2.2561131553418337,1.0,0.152507215368642,0.1528422351902348,99.72209147137698,99.72945290296093,0.5317940351234302,0.5
MAIN,0.75,0.7,400,dollars,HT,MIS-G-10000,DEF-0.75,1.3504102350776181,1.3503219401113147,1.353437073819739,1.0,0.09148464839378194,0.09168970406566203,198.34176557802857,198.38545363448918,0.8606972731515596,0.75
MAIN,0.75,0.7,400,dollars,HT,MIS-G-10000,RA-EST,0.9801699439619226,0.9801528749022901,0.9802754541698806,0.0,0.06640241636228074,0.06640956423781239,17941.53133168431,18431.070764638618,1.944094138645061,1.0
MAIN,0.75,0.7,400,dollars,HT,MIS-G-2000,DEF-0.0,14.760320319027924,14.760320319027924,14.760320319027924,1.0,0.9999500000000002,0.9999500000000002,50.0,50.0,0.0,0.0
MAIN,0.75,0.7,400,dollars,HT,MIS-G-2000,DEF-0.25,4.269954928678423,4.26869136053736,4.2892773465581415,1.0,0.28927159700103205,0.2905806100401269,66.60539818985299,66.60978416805627,0.28416985357320246,0.25
MAIN,0.75,0.7,400,dollars,HT,MIS-G-2000,DEF-0.5,2.250369401560466,2.249356182608435,2.2636705513214466,1.0,0.15245311988179022,0.15335421717615905,99.72479769131888,99.74446482070846,0.5321120915257851,0.5
MAIN,0.75,0.7,400,dollars,HT,MIS-G-2000,DEF-0.75,1.3499330543445947,1.349188254097363,1.3583330290391424,1.0,0.0914523213938474,0.09202138456553108,198.35782475967267,198.47458487008404,0.8613512917268616,0.75
MAIN,0.75,0.7,400,dollars,HT,MIS-G-2000,RA-EST,0.980460485952196,0.9803269757076021,0.9809502948473109,0.0,0.06642209936758785,0.06645528187271538,18118.45912913582,19516.78069259035,1.950808119004655,1.0
MAIN,0.75,0.7,400,dollars,HT,MIS-I-2000,DEF-0.0,14.760320319027924,14.760320319027924,14.760320319027924,1.0,0.9999500000000002,0.9999500000000002,50.0,50.0,0.0,0.0
MAIN,0.75,0.7,400,dollars,HT,MIS-I-2000,DEF-0.25,4.2664722134635324,4.265376472853438,4.28411806222641,1.0,0.28903565760379274,0.29023109009367537,66.60433165469533,66.61106095671339,0.28425263273535933,0.25
MAIN,0.75,0.7,400,dollars,HT,MIS-I-2000,DEF-0.5,2.247130157259936,2.2465248884322735,2.2593427837549953,1.0,0.1522336746212332,0.15306102901461932,99.72001603180345,99.75019102939356,0.5322956352506938,0.5
MAIN,0.75,0.7,400,dollars,HT,MIS-I-2000,DEF-0.75,1.3469090361566094,1.3465147843458807,1.3544103489047807,1.0,0.09124745680271941,0.0917556393841546,198.32945075849705,198.50859749137553,0.8616998257541015,0.75
MAIN,0.75,0.7,400,dollars,HT,MIS-I-2000,RA-EST,0.9776795963620712,0.9775731520011559,0.978545564872546,0.0,0.06623370572263011,0.06629237146926252,17808.21826416536,19965.29540293776,1.9551448670384701,1.0
MAIN,0.75,0.7,400,rate,DIFF,COR-10000,DEF-0.0,0.9999544388654867,0.9999499999999999,0.9999500000000001,0.04,0.9999499999999999,0.9999500000000001,50.0,50.0,0.0,0.0
MAIN,0.75,0.7,400,rate,DIFF,COR-10000,DEF-0.25,0.9900631398191664,0.9900634829204437,0.9905121041529177,0.0,0.9900587452818997,0.9905121041529177,64.06039000653047,64.54560983228812,0.041189684202431756,0.25
MAIN,0.75,0.7,400,rate,DIFF,COR-10000,DEF-0.5,0.9823873538025416,0.9823941140778762,0.9830571899732128,0.0,0.9823829935138917,0.9830571899732128,89.12226656533832,91.02626451801548,0.08628302408240854,0.5
MAIN,0.75,0.7,400,rate,DIFF,COR-10000,DEF-0.75,0.9772390156328504,0.9772084969310344,0.977818638338731,0.0,0.9772346780678638,0.9778001276341678,146.39550754241026,154.35057521708458,0.13790749826953924,0.75
MAIN,0.75,0.7,400,rate,DIFF,COR-10000,RA-EST,0.9753732275395984,0.9753087665042861,0.9756338686371677,0.0,0.97536889767766,0.9756313557568465,409.65460717235936,507.18729185529895,0.2043835343309131,1.0
MAIN,0.75,0.7,400,rate,DIFF,COR-2000,DEF-0.0,1.0001344118882356,0.99995,1.0004970488295544,0.365,0.9999499999999999,0.99995,50.0,50.0,0.0,0.0
MAIN,0.75,0.7,400,rate,DIFF,COR-2000,DEF-0.25,0.9902672187162045,0.9902550187008767,0.991370320308413,0.0,0.9900846184414401,0.9911420537198672,64.00004911481636,65.15834522928236,0.041142636623667336,0.25
MAIN,0.75,0.7,400,rate,DIFF,COR-2000,DEF-0.5,0.9827233377953317,0.9827511810909597,0.9843752032522856,0.0,0.982542114349881,0.9840810771486294,88.88907838026962,93.5063879546786,0.08595167787531816,0.5
MAIN,0.75,0.7,400,rate,DIFF,COR-2000,DEF-0.75,0.9778736219820416,0.9776924573660847,0.9792423954159089,0.0,0.9776932750714417,0.9789584861830553,145.4553065996854,165.51675438096086,0.13646905274459675,0.75
MAIN,0.75,0.7,400,rate,DIFF,COR-2000,RA-EST,0.976727184029317,0.9761919343516847,0.9787999729725996,0.0,0.9765470411318562,0.9784911375911512,400.0076770368536,719.9894866786321,0.20198145794329572,1.0
MAIN,0.75,0.7,400,rate,DIFF,COR-500,DEF-0.0,1.0009145997712088,1.000299327440223,1.0026576365387905,0.62,0.9999499999999999,0.99995,50.0,50.0,0.0,0.0
MAIN,0.75,0.7,400,rate,DIFF,COR-500,DEF-0.25,0.9910349085314369,0.9907748867154532,0.9937846862937393,0.005,0.9900798334580562,0.9921303170906588,64.36765574329957,66.02424448320576,0.04411104632214423,0.25
MAIN,0.75,0.7,400,rate,DIFF,COR-500,DEF-0.5,0.9840646208229294,0.9835644645016306,0.9878162011272613,0.0,0.9831160488230306,0.9859632387101429,90.32195121939992,97.16384929252445,0.09275168280907062,0.5
MAIN,0.75,0.7,400,rate,DIFF,COR-500,DEF-0.75,0.9808825303390107,0.9797285769801058,0.9852417830772425,0.005,0.9799366085840313,0.9830101127791362,151.3487205262356,183.897848970914,0.14930048752713082,0.75
MAIN,0.75,0.7,400,rate,DIFF,COR-500,RA-EST,0.9938658036003869,0.9797340278736002,0.9948894024991604,0.08,0.9929032331250398,0.9942276802022204,466.6346419574098,1716.1152229320414,0.2274041738615587,1.0
MAIN,0.75,0.7,400,rate,DIFF,KS-2000,DEF-0.0,1.0001550340746217,0.9999500000000001,1.0005774280479318,0.375,0.9999499999999999,0.9999500000000001,50.0,50.0,0.0,0.0
MAIN,0.75,0.7,400,rate,DIFF,KS-2000,DEF-0.25,0.9903477076306169,0.9902499046888751,0.9914502530827224,0.0,0.9901446555753682,0.9911034670712674,64.08372627950737,64.99584678830601,0.04158632587604176,0.25
MAIN,0.75,0.7,400,rate,DIFF,KS-2000,DEF-0.5,0.9828371770925268,0.9826756581944098,0.9844998055623165,0.0,0.9826356395107073,0.9841171813287822,89.21265997412604,92.84019607740186,0.0871556285466499,0.5
MAIN,0.75,0.7,400,rate,DIFF,KS-2000,DEF-0.75,0.9779824060224342,0.9777129538584756,0.9796911913772125,0.0,0.9777818477699803,0.9793671667635968,146.7619081402488,162.42220935011136,0.13921543112889984,0.75
MAIN,0.75,0.7,400,rate,DIFF,KS-2000,RA-EST,0.9767233509386373,0.9762275441515988,0.9785613334453979,0.0,0.9765230706051935,0.977838786276065,413.5063094932645,648.3492158888865,0.20649109182612513,1.0
MAIN,0.75,0.7,400,rate,DIFF,MIS-G-10000,DEF-0.0,0.9999579179909667,0.9999499999999999,0.9999500000000002,0.055,0.9999499999999999,0.9999500000000001,50.0,50.0,0.0,0.0
MAIN,0.75,0.7,400,rate,DIFF,MIS-G-10000,DEF-0.25,0.9934352503027697,0.9934432128156375,0.9937209205663394,0.0,0.9934273832572953,0.993702931773436,58.732597826346336,59.08723525850344,0.03161445042514853,0.25
MAIN,0.75,0.7,400,rate,DIFF,MIS-G-10000,DEF-0.5,0.9885688867646301,0.9885779569246673,0.9889602331167227,0.0,0.9885610578439576,0.9889508915603986,71.16100691652558,72.21125201598772,0.06454860833658851,0.5
MAIN,0.75,0.7,400,rate,DIFF,MIS-G-10000,DEF-0.75,0.9854864175597708,0.9854729179058934,0.9858166474961928,0.0,0.9854786129964999,0.9858096778777061,90.26118186793522,92.82996436154741,0.09928988679443483,0.75
MAIN,0.75,0.7,400,rate,DIFF,MIS-G-10000,RA-EST,0.9844085449180795,0.984383690017451,0.9845228019551572,0.0,0.9844007493011736,0.9844785770010402,123.37637236033842,129.92908247387862,0.13657890245721288,1.0
MAIN,0.75,0.7,400,rate,DIFF,MIS-G-2000,DEF-0.0,1.000154510035307,0.9999720376075557,1.0004787692802752,0.45,0.9999499999999999,0.9999500000000001,50.0,50.0,0.0,0.0
MAIN,0.75,0.7,400,rate,DIFF,MIS-G-2000,DEF-0.25,0.9936258850959784,0.9935629659099217,0.9945229159229994,0.0,0.9934226945228437,0.9940706132141199,58.78311105561285,59.68825231710282,0.0320035085940094,0.25
MAIN,0.75,0.7,400,rate,DIFF,MIS-G-2000,DEF-0.5,0.9887919885432094,0.9886827644093005,0.990012885702282,0.0,0.9885897759630374,0.9895046363249179,71.30949571902516,74.03332489561552,0.0653315600548244,0.5
MAIN,0.75,0.7,400,rate,DIFF,MIS-G-2000,DEF-0.75,0.9857912222720815,0.9856410733439713,0.986966372766584,0.0,0.9855896174798573,0.9863338306806066,90.62020544148285,97.4550124723537,0.10042192443183245,0.75
MAIN,0.75,0.7,400,rate,DIFF,MIS-G-2000,RA-EST,0.9848663104677908,0.9846879303300902,0.9855349505181084,0.0,0.9846648931416145,0.985146323472639,124.27369636178261,142.5545803777084,0.13838833403723827,1.0
MAIN,0.75,0.7,400,rate,DIFF,MIS-I-2000,DEF-0.0,1.0001631254330514,0.9999500000000001,1.0006581419086074,0.38,0.9999499999999999,0.9999500000000001,50.0,50.0,0.0,0.0
MAIN,0.75,0.7,400,rate,DIFF,MIS-I-2000,DEF-0.25,0.9914607562337843,0.9913887127809157,0.9925433279140712,0.0,0.9912494699896505,0.9922647284764674,60.44479502505533,61.391832887225696,0.03671723529888788,0.25
MAIN,0.75,0.7,400,rate,DIFF,MIS-I-2000,DEF-0.5,0.9848442177939861,0.9847688164561836,0.9863751998565966,0.0,0.9846343255109925,0.9862105513256978,76.40561497631674,79.50627801656938,0.07543952889192833,0.5
MAIN,0.75,0.7,400,rate,DIFF,MIS-I-2000,DEF-0.75,0.9804892014965086,0.9803212280455902,0.9821552780054634,0.0,0.9802802187876373,0.9819763054290492,103.81989858289987,112.78490933992542,0.11686841506314544,0.75
MAIN,0.75,0.7,400,rate,DIFF,MIS-I-2000,RA-EST,0.9787302952010549,0.9784861024579502,0.9803125931596702,0.0,0.9785216627974083,0.9799059288364516,161.91483875018326,193.97720221012966,0.1625135307837116,1.0
MAIN,0.75,0.7,400,rate,HT,COR-10000,DEF-0.0,1.0156323900675812,1.0156323900675812,1.0156323900675812,1.0,0.9999500000000008,0.9999500000000008,50.0,50.0,0.0,0.0
MAIN,0.75,0.7,400,rate,HT,COR-10000,DEF-0.25,1.000653233726358,1.0006872222774592,1.0012338988340677,0.895,0.985202136964233,0.9857738360161071,60.221977467454735,61.077631076673526,0.02615538931042395,0.25
MAIN,0.75,0.7,400,rate,HT,COR-10000,DEF-0.5,0.9897313621801267,0.9897572399822017,0.9905523226815703,0.0,0.9744489101476609,0.9752571941896497,75.69755510292885,78.46083478450738,0.05305371968653751,0.5
MAIN,0.75,0.7,400,rate,HT,COR-10000,DEF-0.75,0.9830716125078127,0.9830743518970659,0.9837175594490806,0.0,0.9678919937377901,0.9685279666057662,101.87763079741893,109.67535741341128,0.08095895156182194,0.75
MAIN,0.75,0.7,400,rate,HT,COR-10000,RA-EST,0.9810430145170401,0.9810057441597178,0.9812280306070498,0.0,0.965894719349231,0.9660768786039124,155.74081391041722,182.13527919855835,0.11046872611828785,1.0
MAIN,0.75,0.7,400,rate,HT,COR-2000,DEF-0.0,1.0156323900675812,1.0156323900675812,1.0156323900675812,1.0,0.9999500000000008,0.9999500000000008,50.0,50.0,0.0,0.0
MAIN,0.75,0.7,400,rate,HT,COR-2000,DEF-0.25,1.0006764287605652,1.0007170349957315,1.0018989322339389,0.77,0.9852249738436809,0.9864286006284853,60.154597570419924,62.5738443319808,0.026443978705553678,0.25
MAIN,0.75,0.7,400,rate,HT,COR-2000,DEF-0.5,0.9898840243721639,0.9898875987540834,0.9915839598486987,0.0,0.9745992150812377,0.9762729018367851,75.4849956946595,83.59655137450932,0.053659993424573234,0.5
MAIN,0.75,0.7,400,rate,HT,COR-2000,DEF-0.75,0.9834979332382772,0.9833932681330737,0.9849337514617251,0.0,0.9683117316455183,0.9697253793851707,101.30175708652695,125.89286482848266,0.08205213757346888,0.75
MAIN,0.75,0.7,400,rate,HT,COR-2000,RA-EST,0.9819715616436732,0.9817156232813609,0.9830365824249406,0.0,0.9668089287702349,0.9678575045547839,153.95688815244313,254.83605605609097,0.11203090709627997,1.0
MAIN,0.75,0.7,400,rate,HT,COR-500,DEF-0.0,1.0156323900675812,1.0156323900675812,1.0156323900675812,1.0,0.9999500000000008,0.9999500000000008,50.0,50.0,0.0,0.0
MAIN,0.75,0.7,400,rate,HT,COR-500,DEF-0.25,1.0006814911405995,1.0007055801768283,1.0033397162296473,0.615,0.9852299580554537,0.9878471374638581,60.36199904730594,64.8009110712217,0.027541297157696154,0.25
MAIN,0.75,0.7,400,rate,HT,COR-500,DEF-0.5,0.9904641555945972,0.9904385414434016,0.9942599554379884,0.005,0.9751703884915633,0.9789075773509562,76.14161968327892,92.04966954786995,0.056207521892994564,0.5
MAIN,0.75,0.7,400,rate,HT,COR-500,DEF-0.75,0.9854453989079515,0.9850044108749598,0.9888717547919266,0.0,0.9702291264779747,0.9736025759658871,103.0915692575318,158.84835692224254,0.0863550089543001,0.75
MAIN,0.75,0.7,400,rate,HT,COR-500,RA-EST,0.9869024094687886,0.9847905256939996,0.9933888641527074,0.035,0.9716636393239189,0.9780499365950732,159.57189090888986,579.7491354043455,0.11815954887654764,1.0
MAIN,0.75,0.7,400,rate,HT,KS-2000,DEF-0.0,1.0156323900675812,1.0156323900675812,1.0156323900675812,1.0,0.9999500000000008,0.9999500000000008,50.0,50.0,0.0,0.0
MAIN,0.75,0.7,400,rate,HT,KS-2000,DEF-0.25,1.0008170920114103,1.0007461042399783,1.00213208542409,0.815,0.9853634651118388,0.9866581536978553,60.01127473723706,62.12879064329853,0.026464788069120653,0.25
MAIN,0.75,0.7,400,rate,HT,KS-2000,DEF-0.5,0.9901134807072799,0.9899901807824094,0.9919702592164859,0.0,0.9748251283787487,0.9766532363521041,75.03524353867485,82.0264307969085,0.05368035948908767,0.5
MAIN,0.75,0.7,400,rate,HT,KS-2000,DEF-0.75,0.9837497876724727,0.9836303365142578,0.9853190137417636,0.0,0.9685596971928331,0.9701046928264235,100.09402718044947,120.67410907122631,0.08200243057748742,0.75
MAIN,0.75,0.7,400,rate,HT,KS-2000,RA-EST,0.9821453891658131,0.981913346712092,0.9834401029512502,0.0,0.9669800722198372,0.9682547943165415,150.28234838525847,228.18807951818994,0.11186206879690416,1.0
MAIN,0.75,0.7,400,rate,HT,MIS-G-10000,DEF-0.0,1.0156323900675812,1.0156323900675812,1.0156323900675812,1.0,0.9999500000000008,0.9999500000000008,50.0,50.0,0.0,0.0
MAIN,0.75,0.7,400,rate,HT,MIS-G-10000,DEF-0.25,1.0033635872261266,1.0033570949279365,1.0039466575973217,1.0,0.9878706398680379,0.9884447070436996,57.10378362276019,57.47135400436434,0.02343708049375874,0.25
MAIN,0.75,0.7,400,rate,HT,MIS-G-10000,DEF-0.5,0.9943398208282901,0.9943247209722206,0.9951505557283223,0.0,0.9789862095389538,0.9797844258731464,66.5603967512125,67.56781620084922,0.0474958854428693,0.5
MAIN,0.75,0.7,400,rate,HT,MIS-G-10000,DEF-0.75,0.9887302794784182,0.9887131162244474,0.9893760258465651,0.0,0.9734632851741339,0.9740990605660408,79.77074933600271,81.96776461046579,0.07237111357471585,0.75
MAIN,0.75,0.7,400,rate,HT,MIS-G-10000,RA-EST,0.9868041916263449,0.986768565548716,0.9869168915642783,0.0,0.9715669380641796,0.9716778978012247,99.52330515084738,104.16786302142016,0.09831318981276767,1.0
MAIN,0.75,0.7,400,rate,HT,MIS-G-2000,DEF-0.0,1.0156323900675812,1.0156323900675812,1.0156323900675812,1.0,0.9999500000000008,0.9999500000000008,50.0,50.0,0.0,0.0
MAIN,0.75,0.7,400,rate,HT,MIS-G-2000,DEF-0.25,1.0032740832302827,1.0032678279499896,1.004539952148928,1.0,0.9877825179043043,0.9890288405280987,57.15931183057314,58.06598865660825,0.023767150444887475,0.25
MAIN,0.75,0.7,400,rate,HT,MIS-G-2000,DEF-0.5,0.994275073481001,0.9942286022618014,0.9960274768146599,0.0,0.9789224619561128,0.9806478064120686,66.71147734291685,69.2349567897016,0.048170130064123226,0.5
MAIN,0.75,0.7,400,rate,HT,MIS-G-2000,DEF-0.75,0.9888233933020616,0.9886963131077117,0.9902103493265842,0.0,0.9735549612262793,0.9749205012487169,80.09684360568576,85.72391722476411,0.07341299497149978,0.75
MAIN,0.75,0.7,400,rate,HT,MIS-G-2000,RA-EST,0.9872215397305992,0.987070374374118,0.9879111904653031,0.0,0.9719778418921101,0.9726568437228033,100.2019219399199,112.52213348590631,0.09975676503055203,1.0
MAIN,0.75,0.7,400,rate,HT,MIS-I-2000,DEF-0.0,1.0156323900675812,1.0156323900675812,1.0156323900675812,1.0,0.9999500000000008,0.9999500000000008,50.0,50.0,0.0,0.0
MAIN,0.75,0.7,400,rate,HT,MIS-I-2000,DEF-0.25,1.0010235812507913,1.0009621065129581,1.0025176125834447,0.84,0.9855667659487739,0.9870377279284203,57.15459313473434,57.84815037522553,0.026497685142747668,0.25
MAIN,0.75,0.7,400,rate,HT,MIS-I-2000,DEF-0.5,0.9905315957602733,0.9904339428872491,0.9926088738211784,0.0,0.9752367873129552,0.9772819901021885,66.69862785350224,68.61875806351938,0.053820302090996086,0.5
MAIN,0.75,0.7,400,rate,HT,MIS-I-2000,DEF-0.75,0.9844225943127074,0.9842808926796142,0.9859875393029943,0.0,0.9692221150188911,0.970762895677662,80.06907615143714,84.31766311695257,0.08227703485800356,0.75
MAIN,0.75,0.7,400,rate,HT,MIS-I-2000,RA-EST,0.9831396699029458,0.9829451751560121,0.9841388455921921,0.0,0.9679590002579925,0.9689427476652561,100.14403381193844,109.33087550292251,0.11219710557053672,1.0
MAIN,1.5,0.05,100,dollars,DIFF,COR-10000,DEF-0.0,5.467131423463817,5.463064007926386,5.479036300505446,1.0,0.99995,0.9999500000000002,200.0,200.0,0.0,0.0
MAIN,1.5,0.05,100,dollars,DIFF,COR-10000,DEF-0.25,1.5957336024682403,1.5967371473684397,1.6087662194905858,1.0,0.2918652888289373,0.2942697459807391,266.6329904931456,266.63977307089556,0.33708645977317764,0.25
MAIN,1.5,0.05,100,dollars,DIFF,COR-10000,DEF-0.5,1.0886399766388646,1.0896276382151342,1.0964668369907322,1.0,0.1991161759529899,0.20057720473976734,399.84849548485147,399.8790032244448,0.6252187826456479,0.5
MAIN,1.5,0.05,100,dollars,DIFF,COR-10000,DEF-0.75,0.8706784725373015,0.8712120063229769,0.8750370439566414,0.0,0.15925014246850724,0.1600900189999117,799.0916609964779,799.2744582899879,1.0355165193764213,0.75
MAIN,1.5,0.05,100,dollars,DIFF,COR-10000,RA-EST,0.7756934455858244,0.7753766715771802,0.7769633529330618,0.0,0.14187660197361665,0.14219207839044087,527837.119854331,660978.1042699094,3.50913434387746,1.0
MAIN,1.5,0.05,100,dollars,DIFF,COR-2000,DEF-0.0,5.504269571296729,5.484357892464471,5.578701284855672,1.0,0.99995,0.9999500000000002,200.0,200.0,0.0,0.0
MAIN,1.5,0.05,100,dollars,DIFF,COR-2000,DEF-0.25,1.6047805732367686,1.6025753384309347,1.6424742066230391,1.0,0.2915658276608175,0.2978964940472614,266.63441073395165,266.6471581994092,0.33785560136142556,0.25
MAIN,1.5,0.05,100,dollars,DIFF,COR-2000,DEF-0.5,1.0949375766873075,1.0940088065159022,1.1181387387187367,1.0,0.19893791986822598,0.2031607957575467,399.8548834102952,399.9122247400542,0.6269402164193991,0.5
MAIN,1.5,0.05,100,dollars,DIFF,COR-2000,DEF-0.75,0.8761275435178966,0.875039697944292,0.8906667798364281,0.0,0.1591833357663463,0.16212751771684436,799.1299317860487,799.4735794739436,1.0395495579130092,0.75
MAIN,1.5,0.05,100,dollars,DIFF,COR-2000,RA-EST,0.7822664440892236,0.7798385852050285,0.792456662035243,0.0,0.14212708810326485,0.1443896174420935,551096.2669877564,911219.0453879659,3.571734343825947,1.0
MAIN,1.5,0.05,100,dollars,DIFF,COR-500,DEF-0.0,5.64946176478355,5.554799079367109,6.0208610286656565,1.0,0.99995,0.9999500000000002,200.0,200.0,0.0,0.0
MAIN,1.5,0.05,100,dollars,DIFF,COR-500,DEF-0.25,1.6398501630085942,1.6231061409538663,1.7190328484661903,1.0,0.2906027391951508,0.30779337505895427,266.64345008784085,266.66061325647644,0.3414194639051438,0.25
MAIN,1.5,0.05,100,dollars,DIFF,COR-500,DEF-0.5,1.12575410560842,1.1080700836637614,1.1899924900632937,1.0,0.19954328239536956,0.2111829668677604,399.8955435836964,399.9727608908164,0.633681229219186,0.5
MAIN,1.5,0.05,100,dollars,DIFF,COR-500,DEF-0.75,0.9116355755449524,0.8900016263212083,0.9602652604509612,0.045,0.16159386343782448,0.17081607999914533,799.3735886657383,799.8365876009665,1.0531523633694284,0.75
MAIN,1.5,0.05,100,dollars,DIFF,COR-500,RA-EST,1.2209755083895801,0.7985861336317632,0.8860337756860437,0.035,0.21576388338235922,0.15635432338859842,765669.9978019267,2936757.1724315505,3.8420645122780455,1.0
MAIN,1.5,0.05,100,dollars,DIFF,KS-2000,DEF-0.0,5.505669108996243,5.478404598181603,5.586844330218753,1.0,0.99995,0.9999500000000002,200.0,200.0,0.0,0.0
MAIN,1.5,0.05,100,dollars,DIFF,KS-2000,DEF-0.25,1.6042434041661864,1.603200477768699,1.642201169555293,1.0,0.2913906329545986,0.2976242951183767,266.6351669542627,266.6474581613818,0.3382855500323435,0.25
MAIN,1.5,0.05,100,dollars,DIFF,KS-2000,DEF-0.5,1.0950517968782185,1.094515401638545,1.1189471283781733,1.0,0.19890816090791508,0.20299143960865518,399.8582847748577,399.91357417705854,0.6276343399790414,0.5
MAIN,1.5,0.05,100,dollars,DIFF,KS-2000,DEF-0.75,0.8767594296491826,0.8757856812183866,0.8919365067407267,0.0,0.15925995936612775,0.16201760221624828,799.1503107323219,799.4816690484082,1.0402826298359467,0.75
MAIN,1.5,0.05,100,dollars,DIFF,KS-2000,RA-EST,0.7839001750428747,0.7813924815126564,0.7941051521587796,0.0,0.14239346664897948,0.14426149553768508,564325.1914925753,925449.9410350489,3.588635576036715,1.0
MAIN,1.5,0.05,100,dollars,DIFF,MIS-G-10000,DEF-0.0,5.314199159621462,5.309391302955616,5.328286495634475,1.0,0.99995,0.9999500000000002,200.0,200.0,0.0,0.0
MAIN,1.5,0.05,100,dollars,DIFF,MIS-G-10000,DEF-0.25,1.6466396267784382,1.6458191353302758,1.6619560949146936,1.0,0.3098394654966565,0.3119709819120315,266.61461449770707,266.6234436513311,0.32923004040365156,0.25
MAIN,1.5,0.05,100,dollars,DIFF,MIS-G-10000,DEF-0.5,1.1327897498580852,1.1323562208179743,1.1423530628291512,1.0,0.21315139946370595,0.21437674432386353,399.7658566472177,399.8055594633263,0.6110773107266225,0.5
MAIN,1.5,0.05,100,dollars,DIFF,MIS-G-10000,DEF-0.75,0.9093440874534454,0.9092754196383995,0.9153748895027428,0.0,0.17110721458417888,0.17184328766337328,798.5967826536578,798.8344898927128,1.007896095985299,0.75
MAIN,1.5,0.05,100,dollars,DIFF,MIS-G-10000,RA-EST,0.8078172458990689,0.8076856603817377,0.808955120096395,0.0,0.15200432612966103,0.15233068727378274,341471.0863206146,411237.0955218521,3.131536795282358,1.0
MAIN,1.5,0.05,100,dollars,DIFF,MIS-G-2000,DEF-0.0,5.339326414685795,5.317100783099992,5.409943135138701,1.0,0.99995,0.9999500000000002,200.0,200.0,0.0,0.0
MAIN,1.5,0.05,100,dollars,DIFF,MIS-G-2000,DEF-0.25,1.6495488019238085,1.647007821544948,1.6848768545348976,1.0,0.30893663681875816,0.31339486148147,266.6150721096741,266.63075167357437,0.32960929662745486,0.25
MAIN,1.5,0.05,100,dollars,DIFF,MIS-G-2000,DEF-0.5,1.1339883556579007,1.132787108082241,1.154995064273789,1.0,0.21238390704500887,0.21534066541054045,399.7679143012249,399.8384260559915,0.6116335994529818,0.5
MAIN,1.5,0.05,100,dollars,DIFF,MIS-G-2000,DEF-0.75,0.9100789656688529,0.9093924786172765,0.9224216047385813,0.0,0.17045106558043396,0.17245006524377013,798.6090998475239,799.0313389409432,1.0081902718794897,0.75
MAIN,1.5,0.05,100,dollars,DIFF,MIS-G-2000,RA-EST,0.8090077449188289,0.8085374274428323,0.813574840678122,0.0,0.15152435121948649,0.15284564205654483,344500.25814495486,494963.6906946522,3.1434145880563413,1.0
MAIN,1.5,0.05,100,dollars,DIFF,MIS-I-2000,DEF-0.0,5.506675175190413,5.492242779247135,5.564312611351303,1.0,0.99995,0.9999500000000002,200.0,200.0,0.0,0.0
MAIN,1.5,0.05,100,dollars,DIFF,MIS-I-2000,DEF-0.25,1.6105786724156996,1.6058325480672493,1.6508327465490154,1.0,0.2924845300495418,0.29933031039081326,266.6399259981018,266.6501947409409,0.34002904721926563,0.25
MAIN,1.5,0.05,100,dollars,DIFF,MIS-I-2000,DEF-0.5,1.102214962169092,1.1010277483752597,1.1286413463245955,1.0,0.20016688866269586,0.20467269261902923,399.8796911202468,399.9258854903075,0.6312867326603883,0.5
MAIN,1.5,0.05,100,dollars,DIFF,MIS-I-2000,DEF-0.75,0.885193114836951,0.8849170083757394,0.9058395816529542,0.0,0.16075516743138996,0.16388343125972038,799.2785806915331,799.5554776697666,1.047748828755644,0.75
MAIN,1.5,0.05,100,dollars,DIFF,MIS-I-2000,RA-EST,0.7969622109887676,0.794673871154267,0.8137849170769482,0.0,0.1447294840508276,0.1476614304653877,664761.6790015132,1079211.7483601777,3.7026034794084266,1.0
MAIN,1.5,0.05,100,dollars,HT,COR-10000,DEF-0.0,6.244264663779892,6.244264663779892,6.244264663779892,1.0,0.99995,0.99995,200.0,200.0,0.0,0.0
MAIN,1.5,0.05,100,dollars,HT,COR-10000,DEF-0.25,1.4666407330053715,1.4690615391288242,1.4824170244881565,1.0,0.23486631011584191,0.23739270890219016,266.6367905094595,266.6429173916186,0.349567563402181,0.25
MAIN,1.5,0.05,100,dollars,HT,COR-10000,DEF-0.5,0.9479315558880832,0.9492227572958338,0.9567389126550953,0.0,0.1518007660387185,0.15321116692230993,399.8655874105551,399.8931472950818,0.6436430003499947,0.5
MAIN,1.5,0.05,100,dollars,HT,COR-10000,DEF-0.75,0.7309259665749326,0.7314324961985494,0.7360422406516697,0.0,0.11704971836254112,0.11786903313193405,799.1940661016423,799.3592261169397,1.065367595940411,0.75
MAIN,1.5,0.05,100,dollars,HT,COR-10000,RA-EST,0.6372321741395675,0.6368970498593385,0.6387739816750296,0.0,0.10204569262205788,0.10229259606515316,594982.3440938881,748503.774114568,3.7354273062721246,1.0
MAIN,1.5,0.05,100,dollars,HT,COR-2000,DEF-0.0,6.244264663779892,6.244264663779892,6.244264663779892,1.0,0.99995,0.99995,200.0,200.0,0.0,0.0
MAIN,1.5,0.05,100,dollars,HT,COR-2000,DEF-0.25,1.4746311045710008,1.4725014201702127,1.5205657043390384,1.0,0.23614587984538862,0.24350179851816386,266.6381054487509,266.64960307340834,0.35106062831931073,0.25
MAIN,1.5,0.05,100,dollars,HT,COR-2000,DEF-0.5,0.9552005266582438,0.9533557687375113,0.982687207627835,0.01,0.1529648114008224,0.15736649968847177,399.87150204486466,399.9232236559599,0.6459934048418744,0.5
MAIN,1.5,0.05,100,dollars,HT,COR-2000,DEF-0.75,0.738043633586967,0.7362013703348194,0.754372032574928,0.0,0.1181895340993673,0.12080434680305045,799.2295073037658,799.5395187064705,1.0695115972132,0.75
MAIN,1.5,0.05,100,dollars,HT,COR-2000,RA-EST,0.6460340864500992,0.642874156351971,0.6565400340436147,0.0,0.10345522163609366,0.10513763307471717,622379.1307849535,1041789.7515195708,3.7987356167286883,1.0
MAIN,1.5,0.05,100,dollars,HT,COR-500,DEF-0.0,6.244264663779892,6.244264663779892,6.244264663779892,1.0,0.99995,0.99995,200.0,200.0,0.0,0.0
MAIN,1.5,0.05,100,dollars,HT,COR-500,DEF-0.25,1.5014597620415089,1.481425534039089,1.6006879397964098,1.0,0.2404421929394263,0.2563324893455927,266.6463697789602,266.66139054841,0.35506654593572173,0.25
MAIN,1.5,0.05,100,dollars,HT,COR-500,DEF-0.5,0.9879106823664646,0.9664125065528695,1.0488411824444077,0.29,0.15820298145952644,0.16796032789398355,399.90867790698417,399.97625840746696,0.6538983143850338,0.5
MAIN,1.5,0.05,100,dollars,HT,COR-500,DEF-0.75,0.7789881465358658,0.7547297893360044,0.8301542815680246,0.02,0.12474634549795194,0.13294003674588759,799.452317519573,799.8575673553198,1.0857591079666764,0.75
MAIN,1.5,0.05,100,dollars,HT,COR-500,RA-EST,1.1113614455495122,0.6736175019809216,0.7711369944075827,0.025,0.17797225731372493,0.12348907022321615,875820.6254577792,3369956.029175796,4.146421901339792,1.0
MAIN,1.5,0.05,100,dollars,HT,KS-2000,DEF-0.0,6.244264663779892,6.244264663779892,6.244264663779892,1.0,0.99995,0.99995,200.0,200.0,0.0,0.0
MAIN,1.5,0.05,100,dollars,HT,KS-2000,DEF-0.25,1.4733897390942265,1.4717015425242448,1.5156592957415902,1.0,0.23594708887874355,0.24271609138670985,266.6388686553464,266.6500104273018,0.35143391381384115,0.25
MAIN,1.5,0.05,100,dollars,HT,KS-2000,DEF-0.5,0.9552693455929816,0.953574274937445,0.9825096319060178,0.02,0.15297583199291714,0.1573380628984585,399.87493502459296,399.9250562849657,0.6468287272517157,0.5
MAIN,1.5,0.05,100,dollars,HT,KS-2000,DEF-0.75,0.7389603172396612,0.7373145152576358,0.7559868704958096,0.0,0.11833633085893265,0.1210629452555395,799.2500791160373,799.5505061435666,1.0712804755572376,0.75
MAIN,1.5,0.05,100,dollars,HT,KS-2000,RA-EST,0.6483068423285065,0.6455174884204526,0.6603377672749882,0.0,0.10381917838087996,0.10574579809480988,639500.6613249996,1067268.2424333554,3.8328239904575208,1.0
MAIN,1.5,0.05,100,dollars,HT,MIS-G-10000,DEF-0.0,6.244264663779892,6.244264663779892,6.244264663779892,1.0,0.99995,0.99995,200.0,200.0,0.0,0.0
MAIN,1.5,0.05,100,dollars,HT,MIS-G-10000,DEF-0.25,1.6371734002633327,1.636159649793174,1.6580214227497077,1.0,0.2621752327522782,0.2655138132269616,266.6186688205677,266.6269667874054,0.3373793896158962,0.25
MAIN,1.5,0.05,100,dollars,HT,MIS-G-10000,DEF-0.5,1.0790151217810864,1.0786718395620212,1.091003462706045,1.0,0.17279235092060638,0.17471215127395268,399.78408741775286,399.8214037202537,0.6228774974613387,0.5
MAIN,1.5,0.05,100,dollars,HT,MIS-G-10000,DEF-0.75,0.8412158175984008,0.8409721544356493,0.8480687006576616,0.0,0.1347114195345984,0.13580883304668995,798.705921548429,798.9293783676048,1.0267133829959882,0.75
MAIN,1.5,0.05,100,dollars,HT,MIS-G-10000,RA-EST,0.7340356371503186,0.7337923619672777,0.7352988618320508,0.0,0.11754769774991304,0.11774998922673421,370321.07072701084,447738.07553868525,3.25722821725809,1.0
MAIN,1.5,0.05,100,dollars,HT,MIS-G-2000,DEF-0.0,6.244264663779892,6.244264663779892,6.244264663779892,1.0,0.99995,0.99995,200.0,200.0,0.0,0.0
MAIN,1.5,0.05,100,dollars,HT,MIS-G-2000,DEF-0.25,1.6382373727609574,1.635856628227096,1.68019935885636,1.0,0.26234561619312935,0.26906536467520253,266.618983122885,266.6336701606104,0.3376885172260807,0.25
MAIN,1.5,0.05,100,dollars,HT,MIS-G-2000,DEF-0.5,1.0803951802381004,1.078588598743711,1.105902462352826,1.0,0.17301335203577306,0.17709806146498228,399.7855007637576,399.85155246517087,0.6234422281255594,0.5
MAIN,1.5,0.05,100,dollars,HT,MIS-G-2000,DEF-0.75,0.8429355426764131,0.8417941029203054,0.8593402596615923,0.0,0.1349868145065209,0.1376138486943063,798.7143834040753,799.109975500436,1.0277656106879864,0.75
MAIN,1.5,0.05,100,dollars,HT,MIS-G-2000,RA-EST,0.7368675987590061,0.735740431754126,0.7423570540568801,0.0,0.11800120511436431,0.11888028073345994,372762.41578116163,538795.0953927794,3.2686090394137546,1.0
MAIN,1.5,0.05,100,dollars,HT,MIS-I-2000,DEF-0.0,6.244264663779892,6.244264663779892,6.244264663779892,1.0,0.99995,0.99995,200.0,200.0,0.0,0.0
MAIN,1.5,0.05,100,dollars,HT,MIS-I-2000,DEF-0.25,1.4819797796407366,1.4798945109320738,1.5293785300311322,1.0,0.23732268897050568,0.24491307518968708,266.6428787583153,266.6522654644988,0.35305038928663995,0.25
MAIN,1.5,0.05,100,dollars,HT,MIS-I-2000,DEF-0.5,0.9656197669789549,0.9640096980890517,0.9933975344452444,0.06,0.1546333376276381,0.15908164020184418,399.89297350700156,399.9352015890597,0.6497686493154144,0.5
MAIN,1.5,0.05,100,dollars,HT,MIS-I-2000,DEF-0.75,0.7507920057450573,0.7495456985335041,0.7683829246645034,0.0,0.1202310450579636,0.12304803638050185,799.3581844993905,799.6113354586287,1.0772023031542628,0.75
MAIN,1.5,0.05,100,dollars,HT,MIS-I-2000,RA-EST,0.6650202638497406,0.6632992889505831,0.679912920354682,0.0,0.106495648189583,0.1088805425965253,747280.8080498318,1234398.6401643704,3.933513474284811,1.0
MAIN,1.5,0.05,100,rate,DIFF,COR-10000,DEF-0.0,0.99995,0.99995,0.9999500000000002,0.0,0.99995,0.9999500000000002,200.0,200.0,0.0,0.0
MAIN,1.5,0.05,100,rate,DIFF,COR-10000,DEF-0.25,0.8479836871045844,0.8481499718826456,0.8532478904671885,0.0,0.8479836871045844,0.8532478904671885,264.2944139626064,265.058070658602,0.15215293583244646,0.25
MAIN,1.5,0.05,100,rate,DIFF,COR-10000,DEF-0.5,0.7653321085384884,0.7654184075101409,0.7711078246570443,0.0,0.7653321085384884,0.7711078246570443,389.5114744682733,392.84760800929666,0.3010201593671168,0.5
MAIN,1.5,0.05,100,rate,DIFF,COR-10000,DEF-0.75,0.7193878663374689,0.7193946556043912,0.7234655244752252,0.0,0.7193878663374689,0.7234655244752252,740.2046842308803,758.5673640358094,0.4707689960546587,0.75
MAIN,1.5,0.05,100,rate,DIFF,COR-10000,RA-EST,0.7030614138584903,0.7027147117977544,0.7044204972671857,0.0,0.7030614138584903,0.7044204972671857,7427.418559370564,10985.098432527962,0.7194842322296088,1.0
MAIN,1.5,0.05,100,rate,DIFF,COR-2000,DEF-0.0,0.99995,0.99995,0.9999500000000002,0.0,0.99995,0.9999500000000002,200.0,200.0,0.0,0.0
MAIN,1.5,0.05,100,rate,DIFF,COR-2000,DEF-0.25,0.8484827731096317,0.84791560358927,0.8622371688745106,0.0,0.8484827731096317,0.8622371688745106,264.3779197321546,265.9871945314184,0.15323938827742273,0.25
MAIN,1.5,0.05,100,rate,DIFF,COR-2000,DEF-0.5,0.766993978826066,0.7660032201501207,0.7822752674179901,0.0,0.766993978826066,0.7822752674179901,389.8744501061131,396.9578781690568,0.3026552098782344,0.5
MAIN,1.5,0.05,100,rate,DIFF,COR-2000,DEF-0.75,0.7226954847570031,0.7212171197844988,0.7356084827460682,0.0,0.7226954847570031,0.7356084827460682,742.174288656327,782.020744444404,0.4734721393175432,0.75
MAIN,1.5,0.05,100,rate,DIFF,COR-2000,RA-EST,0.7100039433357253,0.707472700404636,0.7199856124032202,0.0,0.7100039433357253,0.7199856124032202,7700.812255779103,26097.43472397814,0.7338909026815932,1.0
MAIN,1.5,0.05,100,rate,DIFF,COR-500,DEF-0.0,1.0003322921553213,0.99995,0.9999500000000003,0.08,0.99995,0.9999500000000002,200.0,200.0,0.0,0.0
MAIN,1.5,0.05,100,rate,DIFF,COR-500,DEF-0.25,0.8484402905941273,0.8491738091527188,0.8756712673495536,0.005,0.8481120613920996,0.8754651571228906,265.22101267491735,266.5503814441011,0.15922335488446404,0.25
MAIN,1.5,0.05,100,rate,DIFF,COR-500,DEF-0.5,0.7735509786011758,0.7703278708353605,0.8042247174138794,0.005,0.7732502397504792,0.8042247174138794,393.5644521038405,399.4771725395385,0.31683528254832766,0.5
MAIN,1.5,0.05,100,rate,DIFF,COR-500,DEF-0.75,0.7410864405632875,0.7313197770673707,0.7694677836198892,0.01,0.7407983034078829,0.7694677836198892,762.5923611216754,796.8712154319363,0.5004830072991118,0.75
MAIN,1.5,0.05,100,rate,DIFF,COR-500,RA-EST,1.0134600359601165,0.7291149373041359,0.8217360792879631,0.03,1.013168053759625,0.8217360792879631,12251.83011666159,152835.8819920625,0.8283417316161026,1.0
MAIN,1.5,0.05,100,rate,DIFF,KS-2000,DEF-0.0,0.99995,0.99995,0.9999500000000002,0.0,0.99995,0.9999500000000002,200.0,200.0,0.0,0.0
MAIN,1.5,0.05,100,rate,DIFF,KS-2000,DEF-0.25,0.8469964478700421,0.8471955545025638,0.8585159077248058,0.0,0.8469964478700421,0.8585159077248058,264.335645116636,265.8451647509843,0.15496623668699888,0.25
MAIN,1.5,0.05,100,rate,DIFF,KS-2000,DEF-0.5,0.7656638200692882,0.7650824916795373,0.77888595922859,0.0,0.7656638200692882,0.77888595922859,389.69063864190525,396.3258786126551,0.30664730657069883,0.5
MAIN,1.5,0.05,100,rate,DIFF,KS-2000,DEF-0.75,0.722285667469873,0.7217761783483934,0.733328777558737,0.0,0.722285667469873,0.733328777558737,741.1760282615355,778.352941283632,0.48245123203600754,0.75
MAIN,1.5,0.05,100,rate,DIFF,KS-2000,RA-EST,0.7114859494564265,0.7089417104544044,0.7217774427635912,0.0,0.7114859494564265,0.7217774427635912,7559.960404944009,21573.91319083181,0.7498984242172377,1.0
MAIN,1.5,0.05,100,rate,DIFF,MIS-G-10000,DEF-0.0,0.99995,0.99995,0.9999500000000002,0.0,0.99995,0.9999500000000002,200.0,200.0,0.0,0.0
MAIN,1.5,0.05,100,rate,DIFF,MIS-G-10000,DEF-0.25,0.8859064126001723,0.885837292867993,0.8903597941396973,0.0,0.8859064126001723,0.8903597941396973,259.8356964070665,260.6879325821707,0.13015560820809938,0.25
MAIN,1.5,0.05,100,rate,DIFF,MIS-G-10000,DEF-0.5,0.8146189728311723,0.8145831960872945,0.8201329830538087,0.0,0.8146189728311723,0.8201329830538087,370.75873075505456,374.2503251184578,0.26086497531380837,0.5
MAIN,1.5,0.05,100,rate,DIFF,MIS-G-10000,DEF-0.75,0.7696094819355124,0.7695605350882907,0.7747372520290879,0.0,0.7696094819355124,0.7747372520290879,646.9319118917905,663.1244553230576,0.4091776569448591,0.75
MAIN,1.5,0.05,100,rate,DIFF,MIS-G-10000,RA-EST,0.746494688076245,0.7462001840579833,0.7491054144789324,0.0,0.746494688076245,0.7491054144789324,2535.8595612154068,2906.83549041386,0.6150771220923623,1.0
MAIN,1.5,0.05,100,rate,DIFF,MIS-G-2000,DEF-0.0,0.99995,0.99995,0.9999500000000002,0.0,0.99995,0.9999500000000002,200.0,200.0,0.0,0.0
MAIN,1.5,0.05,100,rate,DIFF,MIS-G-2000,DEF-0.25,0.8861700611333891,0.8863789762173054,0.8957223835700729,0.0,0.8861700611333891,0.8957223835700729,259.8588576705947,261.852363922042,0.12970435494762889,0.25
MAIN,1.5,0.05,100,rate,DIFF,MIS-G-2000,DEF-0.5,0.8153034094162251,0.8153174976490551,0.8272816359252079,0.0,0.8153034094162251,0.8272816359252079,370.85306805074106,379.0906199173669,0.2604209373463838,0.5
MAIN,1.5,0.05,100,rate,DIFF,MIS-G-2000,DEF-0.75,0.7707911768596618,0.7705501311647024,0.7814464553757096,0.0,0.7707911768596618,0.7814464553757096,647.3630071019659,686.4183511615307,0.4087127755528696,0.75
MAIN,1.5,0.05,100,rate,DIFF,MIS-G-2000,RA-EST,0.7485339506993018,0.74766037971369,0.7546882354538756,0.0,0.7485339506993018,0.7546882354538756,2544.7282037017003,3626.042016162443,0.6141539799196003,1.0
MAIN,1.5,0.05,100,rate,DIFF,MIS-I-2000,DEF-0.0,0.99995,0.99995,0.9999500000000002,0.0,0.99995,0.9999500000000002,200.0,200.0,0.0,0.0
MAIN,1.5,0.05,100,rate,DIFF,MIS-I-2000,DEF-0.25,0.837635105681094,0.8373417256468343,0.8497319381005692,0.0,0.837635105681094,0.8497319381005692,262.38019754777906,263.79229834630934,0.1696227272376164,0.25
MAIN,1.5,0.05,100,rate,DIFF,MIS-I-2000,DEF-0.5,0.7559711242481297,0.7551402472758266,0.7689099414862035,0.0,0.7559711242481297,0.7689099414862035,381.3116940741469,387.33830055560657,0.33759512301762606,0.5
MAIN,1.5,0.05,100,rate,DIFF,MIS-I-2000,DEF-0.75,0.7174268628068023,0.7166328446109294,0.7280943722091862,0.0,0.7174268628068023,0.7280943722091862,697.4524203191145,728.5530064818776,0.5362059264044035,0.75
MAIN,1.5,0.05,100,rate,DIFF,MIS-I-2000,RA-EST,0.7204266457451538,0.7188286095290547,0.7374004675373039,0.0,0.7204266457451538,0.7374004675373039,4080.777813526736,6118.2691958999785,0.8633033473404298,1.0
MAIN,1.5,0.05,100,rate,HT,COR-10000,DEF-0.0,1.0035992375010778,1.0035992375010778,1.0035992375010778,1.0,0.9999499999999999,0.9999499999999999,200.0,200.0,0.0,0.0
MAIN,1.5,0.05,100,rate,HT,COR-10000,DEF-0.25,0.7543192032552579,0.7550387359289914,0.7613567663434444,0.0,0.7515763853838969,0.7585883588361232,264.4868697159236,265.1821985962697,0.17658811150452983,0.25
MAIN,1.5,0.05,100,rate,HT,COR-10000,DEF-0.5,0.6499628536298262,0.6504358385789604,0.6561982673783776,0.0,0.6475994911130517,0.653812231961071,390.3487042736865,393.3934489239204,0.3383000631004362,0.5
MAIN,1.5,0.05,100,rate,HT,COR-10000,DEF-0.75,0.5976047052713042,0.5978560936907181,0.6018622090581943,0.0,0.5954317248426555,0.5996737477065841,744.7581088822303,761.6282373228522,0.5210101444347212,0.75
MAIN,1.5,0.05,100,rate,HT,COR-10000,RA-EST,0.5799024965139636,0.5795476400952807,0.5814289443998522,0.0,0.5777938839740451,0.57931478146625,8089.381783412724,11909.379416089396,0.7950694623019385,1.0
MAIN,1.5,0.05,100,rate,HT,COR-2000,DEF-0.0,1.0035992375010778,1.0035992375010778,1.0035992375010778,1.0,0.9999499999999999,0.9999499999999999,200.0,200.0,0.0,0.0
MAIN,1.5,0.05,100,rate,HT,COR-2000,DEF-0.25,0.75578964446604,0.7552931452908311,0.7732547693435348,0.0,0.7530414798496746,0.7704430989110205,264.569349815427,266.0390277590442,0.17759519585515535,0.25
MAIN,1.5,0.05,100,rate,HT,COR-2000,DEF-0.5,0.6529445953346666,0.6513114495149057,0.6707816801886929,0.0,0.6505703907573951,0.6683426172929542,390.70823570002767,397.1888582714095,0.34008860304600086,0.5
MAIN,1.5,0.05,100,rate,HT,COR-2000,DEF-0.75,0.6023245909862142,0.6002752669609405,0.6150323346649061,0.0,0.6001344483444947,0.6127959847593173,746.7245788890514,783.3669474901958,0.5243216984963268,0.75
MAIN,1.5,0.05,100,rate,HT,COR-2000,RA-EST,0.588253682654432,0.5854115634124011,0.5986559138103772,0.0,0.5861147039479169,0.5964791110296591,8409.962143374476,28259.25710648151,0.809316309480093,1.0
MAIN,1.5,0.05,100,rate,HT,COR-500,DEF-0.0,1.0035992375010778,1.0035992375010778,1.0035992375010778,1.0,0.9999499999999999,0.9999499999999999,200.0,200.0,0.0,0.0
MAIN,1.5,0.05,100,rate,HT,COR-500,DEF-0.25,0.7564644503868503,0.7568810786689317,0.7883595742796603,0.005,0.7537138320748461,0.7854929805086661,265.37170514616435,266.5635023783268,0.1858471540942438,0.25
MAIN,1.5,0.05,100,rate,HT,COR-500,DEF-0.5,0.6625626408631469,0.6577087434630287,0.6956911799441667,0.005,0.660153463628346,0.6931615423675752,394.2287471608664,399.53612044501637,0.3573104329580298,0.5
MAIN,1.5,0.05,100,rate,HT,COR-500,DEF-0.75,0.6249769955266994,0.6143631004165405,0.6564151064996147,0.005,0.6227044853411937,0.6540282826227084,766.3440413974608,797.223177971625,0.5559240448796935,0.75
MAIN,1.5,0.05,100,rate,HT,COR-500,RA-EST,0.8784447943939874,0.6137759868971244,0.7073374853982839,0.03,0.8752506372378788,0.7047655001065645,13667.290729240602,172713.36388326084,0.90532520492719,1.0
MAIN,1.5,0.05,100,rate,HT,KS-2000,DEF-0.0,1.0035992375010778,1.0035992375010778,1.0035992375010778,1.0,0.9999499999999999,0.9999499999999999,200.0,200.0,0.0,0.0
MAIN,1.5,0.05,100,rate,HT,KS-2000,DEF-0.25,0.7539185849776903,0.7546475324664383,0.7684431043251545,0.0,0.7511772238145324,0.7656489298290373,264.5507005871797,265.9167249956271,0.17974840974792256,0.25
MAIN,1.5,0.05,100,rate,HT,KS-2000,DEF-0.5,0.6515853122051913,0.6516210784645782,0.6657667474545482,0.0,0.6492160501854519,0.6633459196071385,390.62690291807144,396.6441377847665,0.3448646498037662,0.5
MAIN,1.5,0.05,100,rate,HT,KS-2000,DEF-0.75,0.6021714507827174,0.601314340801776,0.614293261753462,0.0,0.5999818649817692,0.6120595992279384,746.2790992178786,780.1971064388284,0.5318898214773533,0.75
MAIN,1.5,0.05,100,rate,HT,KS-2000,RA-EST,0.590302212105217,0.5876697345290631,0.6015136797989662,0.0,0.5881557846380666,0.5993264857520681,8335.156680294112,23638.940989690418,0.8247708846525361,1.0
MAIN,1.5,0.05,100,rate,HT,MIS-G-10000,DEF-0.0,1.0035992375010778,1.0035992375010778,1.0035992375010778,1.0,0.9999499999999999,0.9999499999999999,200.0,200.0,0.0,0.0
MAIN,1.5,0.05,100,rate,HT,MIS-G-10000,DEF-0.25,0.8582764745328454,0.8582558310264604,0.8640293617794397,0.0,0.8551556524156857,0.860887621300552,260.1450687977539,260.9576935494102,0.1409296812605405,0.25
MAIN,1.5,0.05,100,rate,HT,MIS-G-10000,DEF-0.5,0.7751628905838354,0.7750135002497189,0.7818986268381511,0.0,0.772344281936019,0.7790555260420566,372.02130316964656,375.36444913173034,0.2786596923026823,0.5
MAIN,1.5,0.05,100,rate,HT,MIS-G-10000,DEF-0.75,0.7249157134831643,0.7247394945684386,0.7306622270489729,0.0,0.7222798111150535,0.7280054294947944,652.729940805257,668.3972336232868,0.43395460072941594,0.75
MAIN,1.5,0.05,100,rate,HT,MIS-G-10000,RA-EST,0.7000082795743019,0.6995824176257233,0.7024134802866344,0.0,0.6974629443753153,0.6998593994167575,2659.3183201952297,3047.3408670631898,0.6509602818237894,1.0
MAIN,1.5,0.05,100,rate,HT,MIS-G-2000,DEF-0.0,1.0035992375010778,1.0035992375010778,1.0035992375010778,1.0,0.9999499999999999,0.9999499999999999,200.0,200.0,0.0,0.0
MAIN,1.5,0.05,100,rate,HT,MIS-G-2000,DEF-0.25,0.8589692606784548,0.859076034397047,0.8716902011172417,0.0,0.8558459194868594,0.8685206046763758,260.1647735899302,262.0812816789906,0.14082436945627835,0.25
MAIN,1.5,0.05,100,rate,HT,MIS-G-2000,DEF-0.5,0.7765548107070568,0.7760277916328724,0.7914497062715211,0.0,0.7737311408286989,0.7885718763166732,372.10191431074696,380.0517940969651,0.2784454111624164,0.5
MAIN,1.5,0.05,100,rate,HT,MIS-G-2000,DEF-0.75,0.726991115704655,0.7260475105097142,0.7392945780273898,0.0,0.7243476668624801,0.7366063919490518,653.1023673787943,691.1659817782206,0.4339194711249605,0.75
MAIN,1.5,0.05,100,rate,HT,MIS-G-2000,RA-EST,0.7031436255984995,0.701639259819576,0.7098611861756644,0.0,0.7005868898106496,0.7072800243290274,2667.591078818343,3810.385785526047,0.6513252795565581,1.0
MAIN,1.5,0.05,100,rate,HT,MIS-I-2000,DEF-0.0,1.0035992375010778,1.0035992375010778,1.0035992375010778,1.0,0.9999499999999999,0.9999499999999999,200.0,200.0,0.0,0.0
MAIN,1.5,0.05,100,rate,HT,MIS-I-2000,DEF-0.25,0.755431371227657,0.7555434003643415,0.7711926584077845,0.0,0.752684509346575,0.7683884861202237,262.69252893979956,264.0122493515526,0.18850327441744436,0.25
MAIN,1.5,0.05,100,rate,HT,MIS-I-2000,DEF-0.5,0.6522915795014985,0.651739230712189,0.6672409394396407,0.0,0.6499197493878356,0.664814751208848,382.6339934562161,388.2882817415543,0.36630792045802363,0.5
MAIN,1.5,0.05,100,rate,HT,MIS-I-2000,DEF-0.75,0.6057305203627836,0.6039796323748389,0.61573727287386,0.0,0.603527993250508,0.6134983597071088,704.1285066740617,733.6170044884168,0.5765635327872428,0.75
MAIN,1.5,0.05,100,rate,HT,MIS-I-2000,RA-EST,0.6048985207528562,0.6030444269593476,0.61663644869657,0.0,0.602699018916073,0.6143942659915312,4406.713667622779,6630.801589035657,0.9309431890805271,1.0
MAIN,1.5,0.05,400,dollars,DIFF,COR-10000,DEF-0.0,5.867641669149952,5.8630976222713835,5.881553466919375,1.0,0.9999499999999999,0.9999500000000001,50.0,50.0,0.0,0.0
MAIN,1.5,0.05,400,dollars,DIFF,COR-10000,DEF-0.25,1.6582555726218606,1.6594244813016963,1.6717033137376853,1.0,0.28259838883273647,0.2849117973281478,66.65822620352867,66.65992447335128,0.3365646290875902,0.25
MAIN,1.5,0.05,400,dollars,DIFF,COR-10000,DEF-0.5,1.1005755941551336,1.1015484384270176,1.1088398718437995,1.0,0.18755921819188157,0.1889901289085785,99.96202753103671,99.9696662655887,0.6246198846496135,0.5
MAIN,1.5,0.05,400,dollars,DIFF,COR-10000,DEF-0.75,0.8612717994848483,0.8618261625100154,0.8659431747669606,0.0,0.14677717626021883,0.14761935336409346,199.77233808393865,199.8181079433941,1.0346954804609176,0.75
MAIN,1.5,0.05,400,dollars,DIFF,COR-10000,RA-EST,0.7566801824108934,0.7563390789774718,0.7580395616472543,0.0,0.12895229178171402,0.12926116181311018,131624.358909918,164783.8201495878,3.504241446880988,1.0
MAIN,1.5,0.05,400,dollars,DIFF,COR-2000,DEF-0.0,5.90959581848599,5.887225587576678,5.992608854612245,1.0,0.9999499999999999,0.9999500000000001,50.0,50.0,0.0,0.0
MAIN,1.5,0.05,400,dollars,DIFF,COR-2000,DEF-0.25,1.668196875106486,1.6656061685845784,1.7082307844716818,1.0,0.2823018803845648,0.2884535006678623,66.65857807381626,66.6617747979537,0.33728359322473445,0.25
MAIN,1.5,0.05,400,dollars,DIFF,COR-2000,DEF-0.5,1.1074570179808243,1.106468097740946,1.1322744157357811,1.0,0.18741401109648584,0.19158248884495843,99.96361016265877,99.97798982092047,0.6262726631461135,0.5
MAIN,1.5,0.05,400,dollars,DIFF,COR-2000,DEF-0.75,0.8672391299233096,0.866034729240501,0.8828905540189451,0.0,0.14676297788995205,0.14960240167624692,199.78181977055527,199.86799703372978,1.0387673884592168,0.75
MAIN,1.5,0.05,400,dollars,DIFF,COR-2000,RA-EST,0.7639015787430646,0.7612659218907677,0.7748037161600333,0.0,0.12927219120445368,0.13147861016034007,137354.2388275955,227117.73177193353,3.566230666577397,1.0
MAIN,1.5,0.05,400,dollars,DIFF,COR-500,DEF-0.0,6.074307823992471,5.967673169163625,6.490540146645461,1.0,0.9999499999999999,0.9999500000000001,50.0,50.0,0.0,0.0
MAIN,1.5,0.05,400,dollars,DIFF,COR-500,DEF-0.25,1.7075561110640964,1.6892519588507215,1.7934130531752503,1.0,0.281468859665052,0.2985935011313743,66.66084840700881,66.66514634283067,0.34094008758500494,0.25
MAIN,1.5,0.05,400,dollars,DIFF,COR-500,DEF-0.5,1.1413375355611581,1.1221009203646997,1.210769728310354,1.0,0.1881824278680502,0.19969535522246432,99.97382240078335,99.99315885476084,0.6330425889513323,0.5
MAIN,1.5,0.05,400,dollars,DIFF,COR-500,DEF-0.75,0.9060593877573428,0.8828999151921989,0.9572631730208642,0.045,0.1493918266364673,0.15832211210031033,199.84301659370345,199.95895874395157,1.0521621120977065,0.75
MAIN,1.5,0.05,400,dollars,DIFF,COR-500,RA-EST,1.2409274266298214,0.7814588737535431,0.8765858829019857,0.035,0.2039115639123409,0.14369865772642917,190953.06910490524,730822.1274583036,3.835175923508322,1.0
MAIN,1.5,0.05,400,dollars,DIFF,KS-2000,DEF-0.0,5.911067395639621,5.880755119847976,6.00487645505407,1.0,0.9999499999999999,0.9999500000000001,50.0,50.0,0.0,0.0
MAIN,1.5,0.05,400,dollars,DIFF,KS-2000,DEF-0.25,1.6676454224068558,1.6662081774821518,1.707081062994896,1.0,0.28213440931356365,0.2881208441693974,66.65877255098047,66.66184786635017,0.3377939336532748,0.25
MAIN,1.5,0.05,400,dollars,DIFF,KS-2000,DEF-0.5,1.1075812051014582,1.1067357472695514,1.1332658918152336,1.0,0.1873878807385504,0.19136664279754298,99.96448489042822,99.97831853293852,0.6270219990307659,0.5
MAIN,1.5,0.05,400,dollars,DIFF,KS-2000,DEF-0.75,0.8679179048554154,0.8667594829706287,0.8843602547632978,0.0,0.1468429944586886,0.14959133735377558,199.78706059756962,199.86996758355514,1.039401170917143,0.75
MAIN,1.5,0.05,400,dollars,DIFF,KS-2000,RA-EST,0.7656612125804911,0.7628349123432984,0.7767083683698867,0.0,0.12954297148059932,0.13140284979127234,140738.57343112427,230561.91801771012,3.583716274180591,1.0
MAIN,1.5,0.05,400,dollars,DIFF,MIS-G-10000,DEF-0.0,5.689117525753883,5.683723622794658,5.704853072086898,1.0,0.9999499999999999,0.9999500000000001,50.0,50.0,0.0,0.0
MAIN,1.5,0.05,400,dollars,DIFF,MIS-G-10000,DEF-0.25,1.7077081987464617,1.7068012005648394,1.7239066078055478,1.0,0.3001543351665419,0.3022231384637973,66.65363511022193,66.65584261738799,0.3289285841623667,0.25
MAIN,1.5,0.05,400,dollars,DIFF,MIS-G-10000,DEF-0.5,1.1464419452965056,1.145948570818978,1.1566535840098626,1.0,0.20150398121262636,0.20272519802753627,99.94138091294178,99.9513075897279,0.6107232556852311,0.5
MAIN,1.5,0.05,400,dollars,DIFF,MIS-G-10000,DEF-0.75,0.9026137827006019,0.9025246177050944,0.9090625340506682,0.0,0.1586480565458076,0.15938558656970434,199.6486973385633,199.70812977585095,1.0074086045919735,0.75
MAIN,1.5,0.05,400,dollars,DIFF,MIS-G-10000,RA-EST,0.7916873865725748,0.7915439514245425,0.7928985920542481,0.0,0.1391520523835316,0.13946088698196757,85246.46748997166,102635.47635665494,3.129059971366053,1.0
MAIN,1.5,0.05,400,dollars,DIFF,MIS-G-2000,DEF-0.0,5.717135285067795,5.692613819780474,5.795461883687376,1.0,0.9999499999999999,0.9999500000000001,50.0,50.0,0.0,0.0
MAIN,1.5,0.05,400,dollars,DIFF,MIS-G-2000,DEF-0.25,1.710941220505518,1.7084228230354768,1.7481994588245449,1.0,0.299259727423426,0.30362318314677844,66.65374894359078,66.65766820080204,0.329297550961583,0.25
MAIN,1.5,0.05,400,dollars,DIFF,MIS-G-2000,DEF-0.5,1.147771827336576,1.1463997705272728,1.1701788303595786,1.0,0.20076024763530387,0.2036766618156089,99.94189276455378,99.9595178326913,0.6112538717537722,0.5
MAIN,1.5,0.05,400,dollars,DIFF,MIS-G-2000,DEF-0.75,0.9034564246610048,0.9028866236126184,0.9167664999600421,0.0,0.15802919637481425,0.1599780971463619,199.6517612910959,199.7573035074018,1.007688515093709,0.75
MAIN,1.5,0.05,400,dollars,DIFF,MIS-G-2000,RA-EST,0.793053661762898,0.7925012377234499,0.7978988133640503,0.0,0.1387211094448003,0.13999556883731074,85997.80392311573,123469.95863713189,3.14096487999669,1.0
MAIN,1.5,0.05,400,dollars,DIFF,MIS-I-2000,DEF-0.0,5.91261079751195,5.897525916741018,5.977847417016541,1.0,0.9999499999999999,0.9999500000000001,50.0,50.0,0.0,0.0
MAIN,1.5,0.05,400,dollars,DIFF,MIS-I-2000,DEF-0.25,1.6736855008790128,1.6686612345216978,1.7150955849123828,1.0,0.2830793359659902,0.28961674282362787,66.65996672951837,66.66253529300309,0.33959121123672453,0.25
MAIN,1.5,0.05,400,dollars,DIFF,MIS-I-2000,DEF-0.5,1.115016831939914,1.1139464219164514,1.1434944740441482,1.0,0.18859135273858907,0.19301342706074706,99.96985634170903,99.98141112244393,0.6307440100499113,0.5
MAIN,1.5,0.05,400,dollars,DIFF,MIS-I-2000,DEF-0.75,0.8768956038466262,0.8765227461112834,0.8987448481577871,0.0,0.1483164595924889,0.1514631367890511,199.81924702241517,199.88850818485378,1.047042921174261,0.75
MAIN,1.5,0.05,400,dollars,DIFF,MIS-I-2000,RA-EST,0.7797637742711296,0.7772153793520782,0.7978098744867811,0.0,0.13188486596456728,0.13480294728444336,165823.9543449575,268928.28375834035,3.6983903236089457,1.0
MAIN,1.5,0.05,400,dollars,HT,COR-10000,DEF-0.0,6.715824164295764,6.715824164295764,6.715824164295764,1.0,0.99995,0.99995,50.0,50.0,0.0,0.0
MAIN,1.5,0.05,400,dollars,HT,COR-10000,DEF-0.25,1.525037273487267,1.5273877793010446,1.5405873554399259,1.0,0.22706982558163857,0.22938514892366826,66.65915866219879,66.66069053870602,0.3484623700771936,0.25
MAIN,1.5,0.05,400,dollars,HT,COR-10000,DEF-0.5,0.954760705467821,0.9559765459203409,0.9636280250802587,0.0,0.1421587200731395,0.14347901614247335,99.96622158814861,99.97311224477774,0.6423935103780025,0.5
MAIN,1.5,0.05,400,dollars,HT,COR-10000,DEF-0.75,0.7193494651251835,0.7198437674602195,0.7244511381097073,0.0,0.10710725594575717,0.10786686754011605,199.7974663541898,199.83876017729528,1.0636507211104045,0.75
MAIN,1.5,0.05,400,dollars,HT,COR-10000,RA-EST,0.6189218352821207,0.6186046675219594,0.6205550340098938,0.0,0.09215412346270904,0.09239729794552518,147973.53723722114,185910.61723989688,3.724859024567321,1.0
MAIN,1.5,0.05,400,dollars,HT,COR-2000,DEF-0.0,6.715824164295764,6.715824164295764,6.715824164295764,1.0,0.99995,0.99995,50.0,50.0,0.0,0.0
MAIN,1.5,0.05,400,dollars,HT,COR-2000,DEF-0.25,1.5335244249872415,1.5310690875602555,1.5798626758177392,1.0,0.22833351666925197,0.23523303231832124,66.65948495319492,66.6623674490277,0.3498635772467442,0.25
MAIN,1.5,0.05,400,dollars,HT,COR-2000,DEF-0.5,0.9624741329019484,0.9611074760075424,0.9911438467100099,0.04,0.1433072078199989,0.14757597359185812,99.9676892508043,99.98065601555028,0.6446275425885781,0.5
MAIN,1.5,0.05,400,dollars,HT,COR-2000,DEF-0.75,0.7268788574186263,0.7251486077293549,0.7434954873022814,0.0,0.10822834185265982,0.11070246842978161,199.80626070261746,199.8839809788062,1.0676713631423507,0.75
MAIN,1.5,0.05,400,dollars,HT,COR-2000,RA-EST,0.6282097090360225,0.6248797288397014,0.6390953261275796,0.0,0.09353703777568198,0.09515784745509143,154697.94903430186,258428.87646880353,3.786643573700232,1.0
MAIN,1.5,0.05,400,dollars,HT,COR-500,DEF-0.0,6.715824164295764,6.715824164295764,6.715824164295764,1.0,0.99995,0.99995,50.0,50.0,0.0,0.0
MAIN,1.5,0.05,400,dollars,HT,COR-500,DEF-0.25,1.5631625741141015,1.5422928689069155,1.6650048515638936,1.0,0.23274647723736294,0.24791024311993773,66.66155631276456,66.66534086794694,0.35403670764518047,0.25
MAIN,1.5,0.05,400,dollars,HT,COR-500,DEF-0.5,0.9977443371456054,0.974904891647081,1.0609612217283897,0.335,0.148558751021643,0.15797140421090108,99.97700693252378,99.99403414305814,0.6524461072653196,0.5
MAIN,1.5,0.05,400,dollars,HT,COR-500,DEF-0.75,0.7706911045772664,0.7449485208210733,0.8253361661893784,0.02,0.11475174917758584,0.12288810415387212,199.86210500775493,199.96420912901414,1.0839010207410966,0.75
MAIN,1.5,0.05,400,dollars,HT,COR-500,RA-EST,1.1287247679386203,0.6565255014416109,0.7625767646935309,0.025,0.1680610307965944,0.11354356772907821,217406.96927304025,838092.7559111086,4.130695895330259,1.0
MAIN,1.5,0.05,400,dollars,HT,KS-2000,DEF-0.0,6.715824164295764,6.715824164295764,6.715824164295764,1.0,0.99995,0.99995,50.0,50.0,0.0,0.0
MAIN,1.5,0.05,400,dollars,HT,KS-2000,DEF-0.25,1.5324144138026283,1.5302684920009284,1.5773629315011317,1.0,0.22816824199009125,0.2348608338705595,66.65967598823892,66.66246792303563,0.35037885166899907,0.25
MAIN,1.5,0.05,400,dollars,HT,KS-2000,DEF-0.5,0.9626656413409458,0.960851948668545,0.9915642353223996,0.055,0.1433357223937713,0.14763856718911073,99.96854854332835,99.98110803333863,0.6455797181273926,0.5
MAIN,1.5,0.05,400,dollars,HT,KS-2000,DEF-0.75,0.7279524212696852,0.7261403236842192,0.7456765255366314,0.0,0.10838818972041275,0.11102721326065929,199.8114098930016,199.88669101267007,1.0693895035610588,0.75
MAIN,1.5,0.05,400,dollars,HT,KS-2000,RA-EST,0.6307221291716837,0.6278783013849961,0.6430154584970621,0.0,0.09391112358454082,0.09574153402385302,158930.99529704906,264613.0436820376,3.820640368763394,1.0
MAIN,1.5,0.05,400,dollars,HT,MIS-G-10000,DEF-0.0,6.715824164295764,6.715824164295764,6.715824164295764,1.0,0.99995,0.99995,50.0,50.0,0.0,0.0
MAIN,1.5,0.05,400,dollars,HT,MIS-G-10000,DEF-0.25,1.7019932844645544,1.700962645378644,1.723160727452794,1.0,0.2534176213022988,0.256569339408413,66.65463070121166,66.65670346124365,0.33674869074775327,0.25
MAIN,1.5,0.05,400,dollars,HT,MIS-G-10000,DEF-0.5,1.0920431431200328,1.09169375071385,1.1043850837550895,1.0,0.16259933468305526,0.1644369830842205,99.94585770513933,99.95517897244237,0.6221328948777369,0.5
MAIN,1.5,0.05,400,dollars,HT,MIS-G-10000,DEF-0.75,0.834591076091972,0.8344211937353364,0.8416732599274873,0.0,0.12426611032715745,0.12532060930644487,199.67549761768464,199.73131468991727,1.0256763198177419,0.75
MAIN,1.5,0.05,400,dollars,HT,MIS-G-10000,RA-EST,0.7195817071113746,0.7193345012352261,0.7208195504390215,0.0,0.10714183552503301,0.10732614372089988,92299.44800569536,111504.88952107537,3.251939174303014,1.0
MAIN,1.5,0.05,400,dollars,HT,MIS-G-2000,DEF-0.0,6.715824164295764,6.715824164295764,6.715824164295764,1.0,0.99995,0.99995,50.0,50.0,0.0,0.0
MAIN,1.5,0.05,400,dollars,HT,MIS-G-2000,DEF-0.25,1.703332687400333,1.7006276790733408,1.7461511353278214,1.0,0.2536170511761112,0.2599924871550223,66.65470671330164,66.65837269356025,0.33705725515093166,0.25
MAIN,1.5,0.05,400,dollars,HT,MIS-G-2000,DEF-0.5,1.0935663342308812,1.091603904474821,1.1203038716869724,1.0,0.1628261296249762,0.16680720475814598,99.94619951345304,99.96268640679692,0.6226585332686065,0.5
MAIN,1.5,0.05,400,dollars,HT,MIS-G-2000,DEF-0.75,0.8364110349945207,0.8350706209558236,0.8536396429140076,0.0,0.12453709239281052,0.12710233919910438,199.67754404747325,199.77628541850666,1.0266799147837449,0.75
MAIN,1.5,0.05,400,dollars,HT,MIS-G-2000,RA-EST,0.7225384842939753,0.7212990440336511,0.7278891018152011,0.0,0.1075820837017885,0.10837876179511834,92886.23391178282,133970.8840343391,3.263102574857605,1.0
MAIN,1.5,0.05,400,dollars,HT,MIS-I-2000,DEF-0.0,6.715824164295764,6.715824164295764,6.715824164295764,1.0,0.99995,0.99995,50.0,50.0,0.0,0.0
MAIN,1.5,0.05,400,dollars,HT,MIS-I-2000,DEF-0.25,1.5415467327503682,1.5395100605114498,1.5879477369366197,1.0,0.22952799503132504,0.23643685431664072,66.66068439226439,66.66303439806975,0.3519485247538556,0.25
MAIN,1.5,0.05,400,dollars,HT,MIS-I-2000,DEF-0.5,0.9738148965281114,0.9720691120694775,1.0024026715120191,0.13,0.14499578636383137,0.14925235188666564,99.97308459567193,99.98365657222605,0.6485150650427792,0.5
MAIN,1.5,0.05,400,dollars,HT,MIS-I-2000,DEF-0.75,0.7407346617458009,0.7397777789693805,0.7603041692399072,0.0,0.1102913963933993,0.11320519052201367,199.83859446033722,199.9019714758095,1.0754388371755976,0.75
MAIN,1.5,0.05,400,dollars,HT,MIS-I-2000,RA-EST,0.6487400088153836,0.6466276691633261,0.6654425297022338,0.0,0.0965938886940718,0.09908080397836398,185718.07827143013,305883.47965321207,3.9217509044040666,1.0
MAIN,1.5,0.05,400,rate,DIFF,COR-10000,DEF-0.0,1.0007888392840234,1.0007077736690735,1.0010101923567087,1.0,0.9999499999999999,0.9999500000000001,50.0,50.0,0.0,0.0
MAIN,1.5,0.05,400,rate,DIFF,COR-10000,DEF-0.25,0.8463679764869498,0.846573027044318,0.8517384449575353,0.0,0.8456586812903433,0.8510042311963142,66.0736034906516,66.2645176646505,0.15215293583244646,0.25
MAIN,1.5,0.05,400,rate,DIFF,COR-10000,DEF-0.5,0.7623817872815376,0.7623953653021749,0.768289353750934,0.0,0.7617428966374051,0.7676089235143243,97.37786861706833,98.21190200232417,0.3010201593671168,0.5
MAIN,1.5,0.05,400,rate,DIFF,COR-10000,DEF-0.75,0.715695968807538,0.7156312204925308,0.7197709086615218,0.0,0.7150961579448246,0.7192347331354343,185.05117105772007,189.64184100895235,0.4707689960546587,0.75
MAIN,1.5,0.05,400,rate,DIFF,COR-10000,RA-EST,0.6991064610082546,0.6987573701134302,0.7004870161797062,0.0,0.6985204066858504,0.6999007156391681,1856.854639842641,2746.2746081319906,0.7194842322296088,1.0
MAIN,1.5,0.05,400,rate,DIFF,COR-2000,DEF-0.0,1.001414170447696,1.0010872384019267,1.0027114376785504,1.0,0.9999499999999999,0.9999500000000001,50.0,50.0,0.0,0.0
MAIN,1.5,0.05,400,rate,DIFF,COR-2000,DEF-0.25,0.8474060844957879,0.8471672542666151,0.8617021056253804,0.0,0.8461676521199112,0.8601289397416311,66.09447993303866,66.4967986328546,0.15323938827742273,0.25
MAIN,1.5,0.05,400,rate,DIFF,COR-2000,DEF-0.5,0.7645517243199167,0.763573016443179,0.7804994615785493,0.0,0.7634343211370832,0.7789436074002716,97.46861252652828,99.2394695422642,0.3026552098782344,0.5
MAIN,1.5,0.05,400,rate,DIFF,COR-2000,DEF-0.75,0.719512104850555,0.7179126784900516,0.7327555569751525,0.0,0.7184600227612199,0.7315668287271434,185.54357216408175,195.505186111101,0.4734721393175432,0.75
MAIN,1.5,0.05,400,rate,DIFF,COR-2000,RA-EST,0.7066106077309665,0.703880075241655,0.7168995117540254,0.0,0.7055759528446742,0.7156920807867292,1925.2030639447757,6524.358680994535,0.7338909026815932,1.0
MAIN,1.5,0.05,400,rate,DIFF,COR-500,DEF-0.0,1.0039399101918804,1.0020575589176013,1.009569163666028,1.0,0.9999499999999999,0.9999500000000001,50.0,50.0,0.0,0.0
MAIN,1.5,0.05,400,rate,DIFF,COR-500,DEF-0.25,0.8491853713428671,0.849443173255936,0.8770695969989463,0.005,0.8457999804668108,0.8735926634841057,66.30525316872934,66.63759536102528,0.15922335488446404,0.25
MAIN,1.5,0.05,400,rate,DIFF,COR-500,DEF-0.5,0.7728930438265611,0.7700617280287048,0.803752235238908,0.005,0.7698019360262979,0.80122845970176,98.39111302596012,99.86929313488463,0.31683528254832766,0.5
MAIN,1.5,0.05,400,rate,DIFF,COR-500,DEF-0.75,0.7398307129908391,0.7289642320340125,0.767983396225036,0.01,0.736860563251755,0.7659537208167904,190.64809028041884,199.21780385798408,0.5004830072991118,0.75
MAIN,1.5,0.05,400,rate,DIFF,COR-500,RA-EST,1.0173624211484555,0.7279393493767771,0.8204325480015523,0.035,1.0134041373473972,0.8190785444981206,3062.9575291653973,38208.970498015624,0.8283417316161026,1.0
MAIN,1.5,0.05,400,rate,DIFF,KS-2000,DEF-0.0,1.0014620126059197,1.0009244952003025,1.0028085039547705,1.0,0.9999499999999999,0.9999500000000001,50.0,50.0,0.0,0.0
MAIN,1.5,0.05,400,rate,DIFF,KS-2000,DEF-0.25,0.8459376252039383,0.846105090154599,0.8585977111268872,0.0,0.8446587631407253,0.8563726083269704,66.083911279159,66.46129118774607,0.15496623668699888,0.25
MAIN,1.5,0.05,400,rate,DIFF,KS-2000,DEF-0.5,0.7632385428207631,0.7623763827890264,0.777246459964734,0.0,0.7620841270076012,0.7755020602208843,97.42265966047631,99.08146965316378,0.30664730657069883,0.5
MAIN,1.5,0.05,400,rate,DIFF,KS-2000,DEF-0.75,0.7191322591796964,0.7182552838054109,0.7305217526228174,0.0,0.718044347869333,0.7292523400471428,185.29400706538388,194.588235320908,0.48245123203600754,0.75
MAIN,1.5,0.05,400,rate,DIFF,KS-2000,RA-EST,0.7081525712416338,0.7056044185087705,0.7191893166545872,0.0,0.7070811017759918,0.7175164986462417,1889.9901012360021,5393.478297707952,0.7498984242172377,1.0
MAIN,1.5,0.05,400,rate,DIFF,MIS-G-10000,DEF-0.0,1.0007620592763096,1.0006925987956876,1.0009915126956854,1.0,0.9999499999999999,0.9999500000000001,50.0,50.0,0.0,0.0
MAIN,1.5,0.05,400,rate,DIFF,MIS-G-10000,DEF-0.25,0.8848797156942473,0.884910649729178,0.8897294022780032,0.0,0.884161547711941,0.8886835029841226,64.95892410176663,65.17198314554267,0.13015560820809938,0.25
MAIN,1.5,0.05,400,rate,DIFF,MIS-G-10000,DEF-0.5,0.812443012615384,0.8124745954680415,0.8184621422845371,0.0,0.8117835769247832,0.8173847582409397,92.68968268876364,93.56258127961445,0.26086497531380837,0.5
MAIN,1.5,0.05,400,rate,DIFF,MIS-G-10000,DEF-0.75,0.7667079915216454,0.7665780247493759,0.7721019618389429,0.0,0.7660856728266492,0.7712933951746417,161.73297797294762,165.7811138307644,0.4091776569448591,0.75
MAIN,1.5,0.05,400,rate,DIFF,MIS-G-10000,RA-EST,0.7432206914647103,0.7429049427057478,0.7460210894753767,0.0,0.7426174937258877,0.7452694462605436,633.9648903038517,726.708872603465,0.6150771220923623,1.0
MAIN,1.5,0.05,400,rate,DIFF,MIS-G-2000,DEF-0.0,1.0012870546960153,1.000891414475302,1.0027526542306493,1.0,0.9999499999999999,0.9999500000000001,50.0,50.0,0.0,0.0
MAIN,1.5,0.05,400,rate,DIFF,MIS-G-2000,DEF-0.25,0.8856133072032957,0.8857559269718964,0.895696984736258,0.0,0.8844309756274541,0.8941276303692216,64.96471441764868,65.4630909805105,0.12970435494762889,0.25
MAIN,1.5,0.05,400,rate,DIFF,MIS-G-2000,DEF-0.5,0.8135679331378851,0.8134566196679949,0.8258935792773273,0.0,0.8124817315526262,0.824645260496594,92.71326701268526,94.77265497934172,0.2604209373463838,0.5
MAIN,1.5,0.05,400,rate,DIFF,MIS-G-2000,DEF-0.75,0.7683160356124251,0.767886175746628,0.779530737689594,0.0,0.7672899520222323,0.7781323889620502,161.84075177549147,171.60458779038268,0.4087127755528696,0.75
MAIN,1.5,0.05,400,rate,DIFF,MIS-G-2000,RA-EST,0.7456900398617585,0.7449182477439023,0.7520180155268095,0.0,0.7446934803854299,0.7509338888609924,636.1820509254251,906.5105040406107,0.6141539799196003,1.0
MAIN,1.5,0.05,400,rate,DIFF,MIS-I-2000,DEF-0.0,1.0013899473811865,1.000969856069125,1.0024586961885387,1.0,0.9999499999999999,0.9999500000000001,50.0,50.0,0.0,0.0
MAIN,1.5,0.05,400,rate,DIFF,MIS-I-2000,DEF-0.25,0.8363565159235216,0.8360621278188396,0.8490678305843368,0.0,0.8351545268666244,0.8474375199385418,65.59504938694477,65.94807458657733,0.1696227272376164,0.25
MAIN,1.5,0.05,400,rate,DIFF,MIS-I-2000,DEF-0.5,0.753326416619567,0.7522668726559707,0.7664242066122047,0.0,0.7522437725855409,0.7653836029773812,95.32792351853672,96.83457513890164,0.33759512301762606,0.5
MAIN,1.5,0.05,400,rate,DIFF,MIS-I-2000,DEF-0.75,0.7141388273535303,0.7131357094983526,0.7250849426932503,0.0,0.7131120980822814,0.7239545490205718,174.36310507977862,182.1382516204694,0.5362059264044035,0.75
MAIN,1.5,0.05,400,rate,DIFF,MIS-I-2000,RA-EST,0.7171920574761214,0.7152876169261024,0.7340139056415894,0.0,0.7161597141936065,0.7333780682884729,1020.194453381684,1529.5672989749946,0.8633033473404298,1.0
MAIN,1.5,0.05,400,rate,HT,COR-10000,DEF-0.0,1.0150018497325126,1.0150018497325126,1.0150018497325126,1.0,0.99995,0.9999500000000001,50.0,50.0,0.0,0.0
MAIN,1.5,0.05,400,rate,HT,COR-10000,DEF-0.25,0.75966030149663,0.760395857204397,0.7668554217839945,0.0,0.7483950090157387,0.7554834301188591,66.1217174289809,66.29554964906742,0.17658811150452983,0.25
MAIN,1.5,0.05,400,rate,HT,COR-10000,DEF-0.5,0.6530595780227051,0.6535527546328364,0.6594097152473111,0.0,0.6433751083467472,0.6496310769633739,97.58717606842163,98.3483622309801,0.3383000631004362,0.5
MAIN,1.5,0.05,400,rate,HT,COR-10000,DEF-0.75,0.5997828745625516,0.6000442736878868,0.6041413799227561,0.0,0.590888465451446,0.5951823368725523,186.18952722055758,190.40705933071305,0.5210101444347212,0.75
MAIN,1.5,0.05,400,rate,HT,COR-10000,RA-EST,0.582024506882065,0.5816647514887006,0.5835615219340919,0.0,0.5733934433815037,0.5749076654508322,2022.345445853181,2977.344854022349,0.7950694623019385,1.0
MAIN,1.5,0.05,400,rate,HT,COR-2000,DEF-0.0,1.0150018497325126,1.0150018497325126,1.0150018497325126,1.0,0.99995,0.9999500000000001,50.0,50.0,0.0,0.0
MAIN,1.5,0.05,400,rate,HT,COR-2000,DEF-0.25,0.7611690876323255,0.7606617374236193,0.7790473050472866,0.0,0.7498814207861078,0.76749451529308,66.14233745385675,66.50975693976105,0.17759519585515535,0.25
MAIN,1.5,0.05,400,rate,HT,COR-2000,DEF-0.5,0.6561176833511077,0.654462671363285,0.6743072672993627,0.0,0.6463878638643277,0.6643077075314611,97.67705892500692,99.29721456785238,0.34008860304600086,0.5
MAIN,1.5,0.05,400,rate,HT,COR-2000,DEF-0.75,0.6046218622890914,0.6024617712668404,0.6175718461729901,0.0,0.5956556939825355,0.608413637613985,186.68114472226284,195.84173687254895,0.5243216984963268,0.75
MAIN,1.5,0.05,400,rate,HT,COR-2000,RA-EST,0.5905869708954838,0.5876235948481785,0.6013852686802393,0.0,0.5818289313488159,0.5924670970553234,2102.490535843619,7064.814276620377,0.809316309480093,1.0
MAIN,1.5,0.05,400,rate,HT,COR-500,DEF-0.0,1.0150018497325126,1.0150018497325126,1.0150018497325126,1.0,0.99995,0.9999500000000001,50.0,50.0,0.0,0.0
MAIN,1.5,0.05,400,rate,HT,COR-500,DEF-0.25,0.7618871102809307,0.7623437326322423,0.7945192753170629,0.005,0.7505887956028748,0.7827370458119555,66.34292628654109,66.6408755945817,0.1858471540942438,0.25
MAIN,1.5,0.05,400,rate,HT,COR-500,DEF-0.5,0.666029119353134,0.6609450544703631,0.6996737300956516,0.005,0.6561523193998896,0.6892980013716481,98.5571867902166,99.88403011125409,0.3573104329580298,0.5
MAIN,1.5,0.05,400,rate,HT,COR-500,DEF-0.75,0.6279132961518886,0.6170566288309954,0.6599911812178569,0.005,0.6186017302850721,0.6502039201531677,191.5860103493652,199.30579449290624,0.5559240448796935,0.75
MAIN,1.5,0.05,400,rate,HT,COR-500,RA-EST,0.8885796623316286,0.6164126584000662,0.7129631359342202,0.03,0.8754025754560658,0.7023903335400858,3416.8226823101504,43178.34097081521,0.90532520492719,1.0
MAIN,1.5,0.05,400,rate,HT,KS-2000,DEF-0.0,1.0150018497325126,1.0150018497325126,1.0150018497325126,1.0,0.99995,0.9999500000000001,50.0,50.0,0.0,0.0
MAIN,1.5,0.05,400,rate,HT,KS-2000,DEF-0.25,0.7592559835284688,0.7600039030463909,0.7741005811789303,0.0,0.7479966868330064,0.7626211482805306,66.13767514679492,66.47918124890677,0.17974840974792256,0.25
MAIN,1.5,0.05,400,rate,HT,KS-2000,DEF-0.5,0.6547357463631464,0.6547804321742241,0.669173773688403,0.0,0.6450264201472783,0.6592503404560888,97.65672572951786,99.16103444619162,0.3448646498037662,0.5
MAIN,1.5,0.05,400,rate,HT,KS-2000,DEF-0.75,0.6044816957821554,0.6035767957689078,0.616844943589227,0.0,0.5955176060582152,0.6076975145460071,186.56977480446966,195.0492766097071,0.5318898214773533,0.75
MAIN,1.5,0.05,400,rate,HT,KS-2000,RA-EST,0.5927084771482596,0.5900351318517185,0.6041104032591877,0.0,0.583918976975848,0.5951518195737481,2083.789170073528,5909.7352474226045,0.8247708846525361,1.0
MAIN,1.5,0.05,400,rate,HT,MIS-G-10000,DEF-0.0,1.0150018497325126,1.0150018497325126,1.0150018497325126,1.0,0.99995,0.9999500000000001,50.0,50.0,0.0,0.0
MAIN,1.5,0.05,400,rate,HT,MIS-G-10000,DEF-0.25,0.866068462569019,0.8660467862774769,0.8719604114023964,0.0,0.8532252028645244,0.8590297777404111,65.03626719943847,65.23942338735255,0.1409296812605405,0.25
MAIN,1.5,0.05,400,rate,HT,MIS-G-10000,DEF-0.5,0.780976210517707,0.7808226683777975,0.7878667936328153,0.0,0.7693948162882508,0.776183216317047,93.00532579241164,93.84111228293258,0.2786596923026823,0.5
MAIN,1.5,0.05,400,rate,HT,MIS-G-10000,DEF-0.75,0.7295953977966314,0.7294194066587825,0.735457615336916,0.0,0.7187759492448267,0.7245512337243105,163.18248520131425,167.0993084058217,0.43395460072941594,0.75
MAIN,1.5,0.05,400,rate,HT,MIS-G-10000,RA-EST,0.7041977616794662,0.703754192910037,0.7066403086492076,0.0,0.6937549443648333,0.6961612698735372,664.8295800488074,761.8352167657974,0.6509602818237894,1.0
MAIN,1.5,0.05,400,rate,HT,MIS-G-2000,DEF-0.0,1.0150018497325126,1.0150018497325126,1.0150018497325126,1.0,0.99995,0.9999500000000001,50.0,50.0,0.0,0.0
MAIN,1.5,0.05,400,rate,HT,MIS-G-2000,DEF-0.25,0.8667791031484121,0.8668869332964849,0.8798071386159145,0.0,0.8539253050836005,0.8667601428419379,65.04119339748254,65.52032041974765,0.14082436945627835,0.25
MAIN,1.5,0.05,400,rate,HT,MIS-G-2000,DEF-0.5,0.7824036295883227,0.7818598033027382,0.797636356256079,0.0,0.7708010676167959,0.7858079023683158,93.02547857768674,95.01294852424128,0.2784454111624164,0.5
MAIN,1.5,0.05,400,rate,HT,MIS-G-2000,DEF-0.75,0.7317231500614269,0.7307618667198177,0.7442777892892277,0.0,0.7208721482593831,0.7332406099514951,163.27559184469857,172.79149544455515,0.4339194711249605,0.75
MAIN,1.5,0.05,400,rate,HT,MIS-G-2000,RA-EST,0.707412033404503,0.7058520086738193,0.714285562602519,0.0,0.6969215504279629,0.7036931494387108,666.8977697045857,952.5964463815118,0.6513252795565581,1.0
MAIN,1.5,0.05,400,rate,HT,MIS-I-2000,DEF-0.0,1.0150018497325126,1.0150018497325126,1.0150018497325126,1.0,0.99995,0.9999500000000001,50.0,50.0,0.0,0.0
MAIN,1.5,0.05,400,rate,HT,MIS-I-2000,DEF-0.25,0.7607817217605043,0.7608969171561377,0.7769060089030941,0.0,0.7494997993106103,0.7653849732464821,65.67313223494989,66.00306233788815,0.18850327441744436,0.25
MAIN,1.5,0.05,400,rate,HT,MIS-I-2000,DEF-0.5,0.6554033393030133,0.6548519630718972,0.6706625368828574,0.0,0.6456841130967008,0.6607170262130525,95.65849836405403,97.07207043538857,0.36630792045802363,0.5
MAIN,1.5,0.05,400,rate,HT,MIS-I-2000,DEF-0.75,0.6080462347374606,0.6061858692487341,0.6181804327828009,0.0,0.599029285105201,0.6090131992607354,176.03212666851542,183.4042511221042,0.5765635327872428,0.75
MAIN,1.5,0.05,400,rate,HT,MIS-I-2000,RA-EST,0.6075714291887132,0.6056495965554879,0.6198420087232264,0.0,0.5985615206291116,0.6106501350575189,1101.6784169056948,1657.7003972589143,0.9309431890805271,1.0
MAIN,1.5,0.25,100,dollars,DIFF,COR-10000,DEF-0.0,4.071512594830534,4.070091559361272,4.076025611437704,1.0,0.99995,0.9999500000000002,200.0,200.0,0.0,0.0
MAIN,1.5,0.25,100,dollars,DIFF,COR-10000,DEF-0.25,1.7032500762779768,1.7031521758237007,1.7067429479654612,1.0,0.41831264301918497,0.4190746881259987,266.604228145904,266.60874555190514,0.29679852336266876,0.25
MAIN,1.5,0.25,100,dollars,DIFF,COR-10000,DEF-0.5,1.2414422315064875,1.2414985786115427,1.243577773147797,1.0,0.3048942113519731,0.3053967551234164,399.719158171691,399.7394681608013,0.5591723203628005,0.5
MAIN,1.5,0.25,100,dollars,DIFF,COR-10000,DEF-0.75,1.031246405211275,1.0312955820029277,1.0325150515441597,1.0,0.25327083705918396,0.253647873163068,798.3173118763821,798.4388426211658,0.9201329287799155,0.75
MAIN,1.5,0.25,100,dollars,DIFF,COR-10000,RA-EST,0.9408736442979699,0.9408184822749039,0.9411131686077427,0.0,0.2310756079566564,0.23123900216123272,284657.8751387219,306864.24873461656,2.608853212518595,1.0
MAIN,1.5,0.25,100,dollars,DIFF,COR-2000,DEF-0.0,4.08295249158721,4.075208318498891,4.103612727540133,1.0,0.99995,0.9999500000000002,200.0,200.0,0.0,0.0
MAIN,1.5,0.25,100,dollars,DIFF,COR-2000,DEF-0.25,1.7067346721980439,1.7058775160129525,1.7147232108420551,1.0,0.41799761159272353,0.41982788452827813,266.60431431186896,266.6171930915127,0.29692752851975646,0.25
MAIN,1.5,0.25,100,dollars,DIFF,COR-2000,DEF-0.5,1.2433658764777622,1.2431802584098002,1.2480164534214921,1.0,0.30451570380573295,0.3059577829293128,399.71954555587456,399.77745148924254,0.5595279564335733,0.5
MAIN,1.5,0.25,100,dollars,DIFF,COR-2000,DEF-0.75,1.0325562840073426,1.0322797536706685,1.0354485133718225,1.0,0.2528871727718346,0.2540243724058103,798.3196296719116,798.6661931264227,0.9205286496641915,0.75
MAIN,1.5,0.25,100,dollars,DIFF,COR-2000,RA-EST,0.9422730197211112,0.9419128022956513,0.9439178896844956,0.0,0.23077653348472482,0.23160324925039896,285051.3225496263,359273.96827773907,2.613635364071911,1.0
MAIN,1.5,0.25,100,dollars,DIFF,COR-500,DEF-0.0,4.119475396504631,4.096695640166695,4.202287677247361,1.0,0.99995,0.9999500000000002,200.0,200.0,0.0,0.0
MAIN,1.5,0.25,100,dollars,DIFF,COR-500,DEF-0.25,1.7182952483978473,1.7146795567119566,1.7433531116348393,1.0,0.41713465706166064,0.42149182018993075,266.6074239235236,266.6321959510716,0.29707609334062063,0.25
MAIN,1.5,0.25,100,dollars,DIFF,COR-500,DEF-0.5,1.2514729736422512,1.249154831922221,1.2678759145679381,1.0,0.3038230787570359,0.307445476671817,399.73352605572245,399.8449218964809,0.5599604751535173,0.5
MAIN,1.5,0.25,100,dollars,DIFF,COR-500,DEF-0.75,1.0401339929653404,1.0373655543630953,1.0478537516240296,1.0,0.25252469502160246,0.25562809762088434,798.4032837509101,799.0702527319042,0.9223817015493819,0.75
MAIN,1.5,0.25,100,dollars,DIFF,COR-500,RA-EST,0.9578699270782555,0.9464723408939928,0.9643206859306381,0.045,0.23255950890123261,0.23476332177518627,300016.9965350893,516003.2855243167,2.6574295001761667,1.0
MAIN,1.5,0.25,100,dollars,DIFF,KS-2000,DEF-0.0,4.079516967617671,4.074244217360684,4.096701904282391,1.0,0.9999499999999999,0.9999500000000001,200.0,200.0,0.0,0.0
MAIN,1.5,0.25,100,dollars,DIFF,KS-2000,DEF-0.25,1.7057790357348395,1.7049021893817327,1.7165059582960709,1.0,0.41811295480001265,0.4197809370743055,266.6037300480475,266.61548209549636,0.2969083170132414,0.25
MAIN,1.5,0.25,100,dollars,DIFF,KS-2000,DEF-0.5,1.2430792967833657,1.2427463700051757,1.2494632692422971,1.0,0.3046989244724446,0.3059685871100056,399.71691883882045,399.76975781609275,0.5593458715168684,0.5
MAIN,1.5,0.25,100,dollars,DIFF,KS-2000,DEF-0.75,1.0326057887089488,1.032497568525201,1.0364864067195096,1.0,0.25310908886050093,0.2539801692653989,798.3039137070467,798.6201354117965,0.9208661662782391,0.75
MAIN,1.5,0.25,100,dollars,DIFF,KS-2000,RA-EST,0.9425795092195248,0.9420964021030533,0.944628464595814,0.0,0.23104279378540954,0.2318491172763016,282407.262990068,347260.2333695478,2.612701210703784,1.0
MAIN,1.5,0.25,100,dollars,DIFF,MIS-G-10000,DEF-0.0,3.993557242128944,3.992228078693484,3.999405389970844,1.0,0.99995,0.9999500000000002,200.0,200.0,0.0,0.0
MAIN,1.5,0.25,100,dollars,DIFF,MIS-G-10000,DEF-0.25,1.720816415876097,1.720628155395783,1.7234633298890047,1.0,0.430876890417977,0.4316246339294715,266.57820284165194,266.5850385683055,0.292833616349139,0.25
MAIN,1.5,0.25,100,dollars,DIFF,MIS-G-10000,DEF-0.5,1.2625484530551756,1.2624157377711898,1.2642187410215806,1.0,0.316130748397382,0.31665742589554025,399.6021767346952,399.6328983010057,0.5518866332521057,0.5
MAIN,1.5,0.25,100,dollars,DIFF,MIS-G-10000,DEF-0.75,1.05257863483819,1.0525440607450598,1.0537457714555247,1.0,0.2635562075239759,0.2639219187425374,797.6177988833695,797.8014253090786,0.9061327294512348,0.75
MAIN,1.5,0.25,100,dollars,DIFF,MIS-G-10000,RA-EST,0.961425712797439,0.961393266660207,0.96168465846618,0.0,0.24073237612109394,0.24091191516695748,200894.32519090534,217723.29101191336,2.445590517050399,1.0
MAIN,1.5,0.25,100,dollars,DIFF,MIS-G-2000,DEF-0.0,4.001673155028841,3.995339877859691,4.021683842812913,1.0,0.99995,0.9999500000000002,200.0,200.0,0.0,0.0
MAIN,1.5,0.25,100,dollars,DIFF,MIS-G-2000,DEF-0.25,1.7229895604450827,1.7219123389825999,1.7307134130790378,1.0,0.43054836255142426,0.4319491768867587,266.57857904861567,266.5926860455789,0.29266168307861173,0.25
MAIN,1.5,0.25,100,dollars,DIFF,MIS-G-2000,DEF-0.5,1.263609786891256,1.2635108311662744,1.2683057596930458,1.0,0.31575729479136416,0.31676881713763994,399.6038674266679,399.6672718209129,0.5516905888516683,0.5
MAIN,1.5,0.25,100,dollars,DIFF,MIS-G-2000,DEF-0.75,1.0531417718209575,1.0532029301595784,1.0561423968545431,1.0,0.2631650242085503,0.264027015291797,797.6279028862225,798.0069466510364,0.9057902918466412,0.75
MAIN,1.5,0.25,100,dollars,DIFF,MIS-G-2000,RA-EST,0.9617857647188385,0.9616281894257894,0.96263456464059,0.0,0.24033717196095364,0.24097346395964309,201752.65868596116,240236.53992947715,2.44712403042879,1.0
MAIN,1.5,0.25,100,dollars,DIFF,MIS-I-2000,DEF-0.0,4.093012524727027,4.086430338447081,4.112274572301349,1.0,0.99995,0.9999500000000002,200.0,200.0,0.0,0.0
MAIN,1.5,0.25,100,dollars,DIFF,MIS-I-2000,DEF-0.25,1.7195345087593639,1.7188294395703967,1.7263061588961104,1.0,0.42009962383791416,0.4220512497407948,266.60885996590554,266.61907390073844,0.2949901905427746,0.25
MAIN,1.5,0.25,100,dollars,DIFF,MIS-I-2000,DEF-0.5,1.253255383805122,1.2529114585664582,1.258076722802239,1.0,0.3061841652236582,0.30772990265857986,399.7399825778141,399.7859089726199,0.556402281138644,0.5
MAIN,1.5,0.25,100,dollars,DIFF,MIS-I-2000,DEF-0.75,1.0406956567846501,1.0404833500098205,1.0439744454363329,1.0,0.25425414761141474,0.2555870843074915,798.4419211162686,798.7168274218592,0.915681869769058,0.75
MAIN,1.5,0.25,100,dollars,DIFF,MIS-I-2000,RA-EST,0.9490552244905693,0.9487402766533612,0.951086390100588,0.0,0.2318658888178456,0.2328152534483667,307473.3806787366,373474.8746016557,2.6073864535769045,1.0
MAIN,1.5,0.25,100,dollars,HT,COR-10000,DEF-0.0,7.304378370283346,7.304378370283345,7.304378370283345,1.0,0.99995,0.99995,200.0,200.0,0.0,0.0
MAIN,1.5,0.25,100,dollars,HT,COR-10000,DEF-0.25,2.1236636519332577,2.1237114091010056,2.1315271361823243,1.0,0.29072391394591535,0.2918004040558533,266.6231368045436,266.6266751041791,0.32012810138476294,0.25
MAIN,1.5,0.25,100,dollars,HT,COR-10000,DEF-0.5,1.3133549548481205,1.313373013433499,1.3187177622735715,1.0,0.17979480532433506,0.18052895941839137,399.8041795507346,399.82009192985333,0.5975202766032367,0.5
MAIN,1.5,0.25,100,dollars,HT,COR-10000,DEF-0.75,0.9584371428091497,0.9584655414617991,0.9617137138961926,0.0,0.1312074994432185,0.1316560533231514,798.8262265488052,798.9215217140546,0.986975659075896,0.75
MAIN,1.5,0.25,100,dollars,HT,COR-10000,RA-EST,0.8048721330275367,0.8048001652632193,0.8052576486099955,0.0,0.11018485744046486,0.11023763349985519,408337.5785359724,444471.63905282016,3.097783239194947,1.0
MAIN,1.5,0.25,100,dollars,HT,COR-2000,DEF-0.0,7.304378370283346,7.304378370283345,7.304378370283345,1.0,0.99995,0.99995,200.0,200.0,0.0,0.0
MAIN,1.5,0.25,100,dollars,HT,COR-2000,DEF-0.25,2.123901023301837,2.1249971639424143,2.143158990419138,1.0,0.2907564094558655,0.29339277400911606,266.6234832502482,266.6328349415911,0.3202183864957995,0.25
MAIN,1.5,0.25,100,dollars,HT,COR-2000,DEF-0.5,1.3138028948771938,1.3144455582725305,1.3265220429885534,1.0,0.1798561271246808,0.1815973447217452,399.80573754302503,399.84779585721367,0.5976433212947725,0.5
MAIN,1.5,0.25,100,dollars,HT,COR-2000,DEF-0.75,0.95917780406514,0.9594754029113064,0.9671680956296893,0.0,0.13130889400212312,0.13240274369677704,798.8355562972276,799.0874695994063,0.9871431040624431,0.75
MAIN,1.5,0.25,100,dollars,HT,COR-2000,RA-EST,0.8066265723291017,0.8062802518024924,0.8084470926773802,0.0,0.11042503552142753,0.11067425992218792,411614.22286396264,525411.0790374242,3.1040083705169295,1.0
MAIN,1.5,0.25,100,dollars,HT,COR-500,DEF-0.0,7.304378370283346,7.304378370283345,7.304378370283345,1.0,0.99995,0.99995,200.0,200.0,0.0,0.0
MAIN,1.5,0.25,100,dollars,HT,COR-500,DEF-0.25,2.1308148610266393,2.1295780255114902,2.1691851419895203,1.0,0.29170289547869294,0.29695568503911984,266.6255930196002,266.64168796542225,0.3206956282522484,0.25
MAIN,1.5,0.25,100,dollars,HT,COR-500,DEF-0.5,1.3209914262842906,1.3200440921947707,1.347378338403957,1.0,0.1808402179830857,0.1844525161741824,399.81522550843954,399.88761690148834,0.5985503632534768,0.5
MAIN,1.5,0.25,100,dollars,HT,COR-500,DEF-0.75,0.9671409077908087,0.9645954624969293,0.9841631112725712,0.03,0.13239902175383947,0.13472931620310252,798.8923763540083,799.3260801526208,0.9891118427216905,0.75
MAIN,1.5,0.25,100,dollars,HT,COR-500,RA-EST,0.8211808509169924,0.8125986937094487,0.8262358530597333,0.01,0.11241747760700868,0.113109493975328,432760.36094740627,711763.023644984,3.1528876126887564,1.0
MAIN,1.5,0.25,100,dollars,HT,KS-2000,DEF-0.0,7.304378370283346,7.304378370283345,7.304378370283345,1.0,0.99995,0.99995,200.0,200.0,0.0,0.0
MAIN,1.5,0.25,100,dollars,HT,KS-2000,DEF-0.25,2.125233162828129,2.125212713150778,2.145256854004535,1.0,0.29093877581913263,0.2936799659624727,266.62275870038616,266.63161091651295,0.32028753874331534,0.25
MAIN,1.5,0.25,100,dollars,HT,KS-2000,DEF-0.5,1.3148942867801348,1.3150345629804714,1.328568292956841,1.0,0.18000553577768616,0.18187747090799444,399.8024791972951,399.842290589271,0.5976931586983742,0.5
MAIN,1.5,0.25,100,dollars,HT,KS-2000,DEF-0.75,0.9600809175695724,0.9600863793614913,0.9683992495562346,0.0,0.1314325278424005,0.13257128539963534,798.8160444635862,799.0544891208355,0.9872935068520887,0.75
MAIN,1.5,0.25,100,dollars,HT,KS-2000,RA-EST,0.8072364212473387,0.8068382321906256,0.8098975783602071,0.0,0.11050852221870378,0.11087282755998219,404820.8298679416,507065.75380963547,3.1010601062590224,1.0
MAIN,1.5,0.25,100,dollars,HT,MIS-G-10000,DEF-0.0,7.304378370283346,7.304378370283345,7.304378370283345,1.0,0.99995,0.99995,200.0,200.0,0.0,0.0
MAIN,1.5,0.25,100,dollars,HT,MIS-G-10000,DEF-0.25,2.1796012432444,2.1793054804078746,2.189339526278917,1.0,0.29838162163793996,0.29971476672253494,266.6021850223703,266.6078965013094,0.3157455571548659,0.25
MAIN,1.5,0.25,100,dollars,HT,MIS-G-10000,DEF-0.5,1.3624708358775581,1.3622037655833987,1.3690255881177185,1.0,0.18651863899582122,0.18741596716945663,399.70997286136736,399.7356507747587,0.588905453713189,0.5
MAIN,1.5,0.25,100,dollars,HT,MIS-G-10000,DEF-0.75,1.0033794784957413,1.003347652308456,1.00743886025591,0.885,0.13735998584132714,0.13791570442343054,798.262356986362,798.4159982968238,0.969156178090838,0.75
MAIN,1.5,0.25,100,dollars,HT,MIS-G-10000,RA-EST,0.8470151326552268,0.8469753867440677,0.8473314878795113,0.0,0.11595412216655733,0.11599743035658899,275636.2559692194,302429.99982328666,2.8414593283676437,1.0
MAIN,1.5,0.25,100,dollars,HT,MIS-G-2000,DEF-0.0,7.304378370283346,7.304378370283345,7.304378370283345,1.0,0.99995,0.99995,200.0,200.0,0.0,0.0
MAIN,1.5,0.25,100,dollars,HT,MIS-G-2000,DEF-0.25,2.179726891803365,2.1798860675320935,2.19794664953883,1.0,0.29839882259196615,0.30089305903810903,266.60231037442367,266.61399132917387,0.3157619585905297,0.25
MAIN,1.5,0.25,100,dollars,HT,MIS-G-2000,DEF-0.5,1.3626370304561692,1.3624836982024753,1.374356490911299,1.0,0.18654139059225525,0.18814575360414187,399.710536401456,399.7630545904075,0.5890552253986943,0.5
MAIN,1.5,0.25,100,dollars,HT,MIS-G-2000,DEF-0.75,1.003628001917001,1.003692024593014,1.0107661237774488,0.72,0.13739400803767168,0.1383711979630175,798.2657284604628,798.5800098482013,0.9694076808271532,0.75
MAIN,1.5,0.25,100,dollars,HT,MIS-G-2000,RA-EST,0.8476129989696433,0.8473298155756885,0.8487497941798257,0.0,0.11603596847719384,0.11619159272237896,276174.29363608116,337431.5246266381,2.8453584225013913,1.0
MAIN,1.5,0.25,100,dollars,HT,MIS-I-2000,DEF-0.0,7.304378370283346,7.304378370283345,7.304378370283345,1.0,0.99995,0.99995,200.0,200.0,0.0,0.0
MAIN,1.5,0.25,100,dollars,HT,MIS-I-2000,DEF-0.25,2.1314104525992312,2.131452127115926,2.152063468315647,1.0,0.2917844303832149,0.29461177338472877,266.62601976436974,266.634088778678,0.32003507922600144,0.25
MAIN,1.5,0.25,100,dollars,HT,MIS-I-2000,DEF-0.5,1.3209152132087332,1.3211191621975493,1.3344915641066344,1.0,0.18082978461544777,0.18268835099743952,399.817144683439,399.8534353148193,0.5973423428929843,0.5
MAIN,1.5,0.25,100,dollars,HT,MIS-I-2000,DEF-0.75,0.9660674261462928,0.9658297575637693,0.9745210875633971,0.0,0.13225206496764658,0.13340934876450247,798.9038702665425,799.1212558533758,0.9870906120653867,0.75
MAIN,1.5,0.25,100,dollars,HT,MIS-I-2000,RA-EST,0.8141381870551686,0.8134056489253786,0.8171845492906745,0.0,0.11145335562815813,0.11187039452770188,437304.44020234304,545634.2185804609,3.1059327833375434,1.0
MAIN,1.5,0.25,100,rate,DIFF,COR-10000,DEF-0.0,0.99995,0.99995,0.9999500000000002,0.0,0.99995,0.9999500000000002,200.0,200.0,0.0,0.0
MAIN,1.5,0.25,100,rate,DIFF,COR-10000,DEF-0.25,0.9596405993783269,0.959622443896667,0.9607225277124811,0.0,0.9596405993783269,0.9607225277124811,262.9981599573149,264.01919773311556,0.08494015048853024,0.25
MAIN,1.5,0.25,100,rate,DIFF,COR-10000,DEF-0.5,0.9294928940914277,0.9294713843601381,0.9310300492867283,0.0,0.9294928940914277,0.9310300492867283,383.93376386542684,388.3183410997506,0.1776690350276018,0.5
MAIN,1.5,0.25,100,rate,DIFF,COR-10000,DEF-0.75,0.9093167100219312,0.9092576904253942,0.9106458570942397,0.0,0.9093167100219312,0.9106458570942397,710.7705061242516,733.7779640586233,0.2865826386326486,0.75
MAIN,1.5,0.25,100,rate,DIFF,COR-10000,RA-EST,0.9012921733309871,0.901224157556997,0.9015770065048775,0.0,0.9012921733309871,0.9015770065048775,4779.395801996756,6648.344811108545,0.44177911747764,1.0
MAIN,1.5,0.25,100,rate,DIFF,COR-2000,DEF-0.0,0.999952750416599,0.99995,0.9999500000000002,0.005,0.99995,0.9999500000000002,200.0,200.0,0.0,0.0
MAIN,1.5,0.25,100,rate,DIFF,COR-2000,DEF-0.25,0.9595497021329757,0.9595173599065019,0.9621947645281329,0.0,0.9595470647703866,0.9621947645281329,263.49023109593827,265.0015657804579,0.0856297693345135,0.25
MAIN,1.5,0.25,100,rate,DIFF,COR-2000,DEF-0.5,0.9295255982592299,0.9294943113899302,0.9331628479566635,0.0,0.9295230448024832,0.9331628479566635,386.03864822778223,392.5994658232207,0.17903844358415846,0.5
MAIN,1.5,0.25,100,rate,DIFF,COR-2000,DEF-0.75,0.9097488132472422,0.9095532539052152,0.9128400848008482,0.0,0.9097463143700861,0.9128400848008482,721.6979509587641,757.1812053746337,0.2898629589548406,0.75
MAIN,1.5,0.25,100,rate,DIFF,COR-2000,RA-EST,0.9027812293387278,0.9024312494198017,0.9044519282095487,0.0,0.9027787469328181,0.9044519282095487,5530.159500292546,10610.035226881166,0.4512553405409462,1.0
MAIN,1.5,0.25,100,rate,DIFF,COR-500,DEF-0.0,1.0002402435678592,0.99995,1.0003578782821392,0.12,0.99995,0.9999500000000002,200.0,200.0,0.0,0.0
MAIN,1.5,0.25,100,rate,DIFF,COR-500,DEF-0.25,0.9601317209199778,0.9600869041518739,0.9650579665560706,0.0,0.9598531615170613,0.9647414150050433,263.98944631035386,266.1793742147078,0.0872317933084193,0.25
MAIN,1.5,0.25,100,rate,DIFF,COR-500,DEF-0.5,0.9311879570059652,0.9309324984781484,0.9383314206258678,0.0,0.930917782245982,0.9382917463277803,388.1896782284836,397.8151771724085,0.1827595867719429,0.5
MAIN,1.5,0.25,100,rate,DIFF,COR-500,DEF-0.75,0.9137920995808567,0.911988130004947,0.9213148071024222,0.0,0.9135270065013608,0.9204008184539351,733.0896726116707,787.0328636706654,0.2979963864078864,0.75
MAIN,1.5,0.25,100,rate,DIFF,COR-500,RA-EST,0.9197093542456908,0.9069466347093724,0.927604521683262,0.02,0.919444891345597,0.9275873511842813,6574.536183826084,36458.04050287585,0.4782110541264709,1.0
MAIN,1.5,0.25,100,rate,DIFF,KS-2000,DEF-0.0,0.99995,0.99995,0.9999500000000002,0.0,0.99995,0.9999500000000002,200.0,200.0,0.0,0.0
MAIN,1.5,0.25,100,rate,DIFF,KS-2000,DEF-0.25,0.9597064863243608,0.9596959866899162,0.9624383634575414,0.0,0.9597064863243608,0.9624383634575414,263.3323707363691,264.9257664097048,0.08514211484488561,0.25
MAIN,1.5,0.25,100,rate,DIFF,KS-2000,DEF-0.5,0.9298036243102,0.9296878135981828,0.9336173361900123,0.0,0.9298036243102,0.9336173361900123,385.36173074381975,392.26691794781993,0.17799659818917574,0.5
MAIN,1.5,0.25,100,rate,DIFF,KS-2000,DEF-0.75,0.9101152837836355,0.9099793735973378,0.9133805560546245,0.0,0.9101152837836355,0.9133805560546245,718.160339652227,755.3287429350648,0.2868384735522606,0.75
MAIN,1.5,0.25,100,rate,DIFF,KS-2000,RA-EST,0.9032374527156887,0.9026614380354103,0.9057428607796421,0.0,0.9032374527156887,0.9057428607796421,5265.12722642526,10145.181004162867,0.4430898279892137,1.0
MAIN,1.5,0.25,100,rate,DIFF,MIS-G-10000,DEF-0.0,0.99995,0.99995,0.9999500000000002,0.0,0.99995,0.9999500000000002,200.0,200.0,0.0,0.0
MAIN,1.5,0.25,100,rate,DIFF,MIS-G-10000,DEF-0.25,0.9696233651505977,0.9696271041404668,0.9706204374888385,0.0,0.9696233651505977,0.9706204374888385,255.7015942247311,256.5711690915152,0.07109761131735937,0.25
MAIN,1.5,0.25,100,rate,DIFF,MIS-G-10000,DEF-0.5,0.9461151503803943,0.9461061428329565,0.9475723016430188,0.0,0.9461151503803943,0.9475723016430188,354.4066795348899,357.76791600409064,0.14813357301585095,0.5
MAIN,1.5,0.25,100,rate,DIFF,MIS-G-10000,DEF-0.75,0.9295271744899786,0.9295095259538992,0.9309239580039511,0.0,0.9295271744899786,0.9309239580039511,577.2252749727613,590.7853567651154,0.23636527912150074,0.75
MAIN,1.5,0.25,100,rate,DIFF,MIS-G-10000,RA-EST,0.9211568790097613,0.9210934401363795,0.9216843149275668,0.0,0.9211568790097613,0.9216843149275668,1554.6430129116525,1694.294852924187,0.34865663265610347,1.0
MAIN,1.5,0.25,100,rate,DIFF,MIS-G-2000,DEF-0.0,0.9999582969516188,0.99995,0.9999500000000002,0.005,0.99995,0.9999500000000002,200.0,200.0,0.0,0.0
MAIN,1.5,0.25,100,rate,DIFF,MIS-G-2000,DEF-0.25,0.9695731679931099,0.9696444147742957,0.9713746539639492,0.0,0.9695650853713284,0.9713746539639492,255.60219257012884,257.6201196659273,0.0712087608349368,0.25
MAIN,1.5,0.25,100,rate,DIFF,MIS-G-2000,DEF-0.5,0.9460854333431037,0.9461662203105998,0.9487856954707431,0.0,0.9460775249095181,0.9487856954707431,354.0250331495855,361.87714031363896,0.14836296543097555,0.5
MAIN,1.5,0.25,100,rate,DIFF,MIS-G-2000,DEF-0.75,0.9296084935968474,0.9295843674053836,0.9321860670225249,0.0,0.9296007190908478,0.9321860670225249,575.7090479757051,607.8830748179242,0.23693468174296967,0.75
MAIN,1.5,0.25,100,rate,DIFF,MIS-G-2000,RA-EST,0.9215101558812975,0.9212880361220225,0.9226807538149158,0.0,0.9215024704150959,0.9226807538149158,1540.0775347954634,1898.4784647542513,0.35020287102075864,1.0
MAIN,1.5,0.25,100,rate,DIFF,MIS-I-2000,DEF-0.0,0.9999671095821924,0.99995,0.9999500000000002,0.005,0.99995,0.9999500000000002,200.0,200.0,0.0,0.0
MAIN,1.5,0.25,100,rate,DIFF,MIS-I-2000,DEF-0.25,0.9609118266450138,0.960855394846764,0.9632487083552461,0.0,0.9608953521097588,0.963109097937898,257.45919778858394,258.90044881197844,0.08585005427923678,0.25
MAIN,1.5,0.25,100,rate,DIFF,MIS-I-2000,DEF-0.5,0.9322570941048884,0.9321192762244637,0.9354303247322516,0.0,0.9322410830716942,0.9354303247322516,361.2428117142843,366.9755822548045,0.17972525490073818,0.5
MAIN,1.5,0.25,100,rate,DIFF,MIS-I-2000,DEF-0.75,0.9141411437824726,0.9138638246877666,0.9166518725443189,0.0,0.9141254222148794,0.9166518725443189,605.2053802179187,629.9349987054507,0.2902996182871972,0.75
MAIN,1.5,0.25,100,rate,DIFF,MIS-I-2000,RA-EST,0.909591225312425,0.9093061047603809,0.9111057706364447,0.0,0.9095755734981614,0.9111057706364447,1864.136562882531,2222.451683052363,0.44257524724410113,1.0
MAIN,1.5,0.25,100,rate,HT,COR-10000,DEF-0.0,1.0426678585045646,1.0426678585045646,1.0426678585045646,1.0,0.9999500000000002,0.9999500000000002,200.0,200.0,0.0,0.0
MAIN,1.5,0.25,100,rate,HT,COR-10000,DEF-0.25,0.9242490273710031,0.9242441165030348,0.9266211586210336,0.0,0.886382760704989,0.8886577062920429,263.787917497689,264.59078910617546,0.1184028019854603,0.25
MAIN,1.5,0.25,100,rate,HT,COR-10000,DEF-0.5,0.8473086149633646,0.8472238515595346,0.8503387612693072,0.0,0.8125945790136845,0.8155005809335797,387.319410744213,390.80175969396424,0.24066557424363222,0.5
MAIN,1.5,0.25,100,rate,HT,COR-10000,DEF-0.75,0.8002970346975998,0.8002397982762567,0.8027830279231812,0.0,0.7675090522053929,0.7698931948694677,728.4527730548755,747.2371920539338,0.3809749424560911,0.75
MAIN,1.5,0.25,100,rate,HT,COR-10000,RA-EST,0.7824091590672461,0.7823584610395791,0.7827691031788634,0.0,0.7503540386594433,0.750699235944922,6108.860413285536,8497.34946603379,0.5793852357688429,1.0
MAIN,1.5,0.25,100,rate,HT,COR-2000,DEF-0.0,1.0426678585045646,1.0426678585045646,1.0426678585045646,1.0,0.9999500000000002,0.9999500000000002,200.0,200.0,0.0,0.0
MAIN,1.5,0.25,100,rate,HT,COR-2000,DEF-0.25,0.9240624456676878,0.9241129903828639,0.9297979142846476,0.0,0.8862038232104567,0.8917043110184866,264.0890290838084,265.3707520852569,0.11863543664047307,0.25
MAIN,1.5,0.25,100,rate,HT,COR-2000,DEF-0.5,0.8473227603571256,0.8474216718721144,0.8544697721223808,0.0,0.8126081448739687,0.8194623452373683,388.62062874612036,394.2245184564292,0.24147361181967247,0.5
MAIN,1.5,0.25,100,rate,HT,COR-2000,DEF-0.75,0.800878264429285,0.8006217134064957,0.8066945709361181,0.0,0.768066469090797,0.7736444828792429,735.3994735920523,766.3197116934771,0.3824617667723737,0.75
MAIN,1.5,0.25,100,rate,HT,COR-2000,RA-EST,0.7843879171775651,0.7840093198541657,0.7863180031721853,0.0,0.7522517275123932,0.7541027383348508,6830.536798929467,13651.681446571954,0.5826790880519208,1.0
MAIN,1.5,0.25,100,rate,HT,COR-500,DEF-0.0,1.0426678585045646,1.0426678585045646,1.0426678585045646,1.0,0.9999500000000002,0.9999500000000002,200.0,200.0,0.0,0.0
MAIN,1.5,0.25,100,rate,HT,COR-500,DEF-0.25,0.9245171491927893,0.924581644848093,0.9352796871972899,0.0,0.8866398976383932,0.8969614969759193,264.26683108848687,266.30685029779596,0.12037612524858404,0.25
MAIN,1.5,0.25,100,rate,HT,COR-500,DEF-0.5,0.8492175222747322,0.8491354975512108,0.8644039465081428,0.0,0.814425278838593,0.8289895188200371,389.39167945601866,398.3851842285814,0.24472740814927646,0.5
MAIN,1.5,0.25,100,rate,HT,COR-500,DEF-0.75,0.8052900445303385,0.8041645858097355,0.8187957077740423,0.0,0.7722974995920879,0.7852498389688009,739.556159843946,790.3887096242635,0.38856832276184017,0.75
MAIN,1.5,0.25,100,rate,HT,COR-500,RA-EST,0.7976644036497228,0.7910243252471132,0.8044973925433353,0.005,0.7649842794363347,0.7715373223717595,7341.361599017718,49342.517997357725,0.602835542230761,1.0
MAIN,1.5,0.25,100,rate,HT,KS-2000,DEF-0.0,1.0426678585045646,1.0426678585045646,1.0426678585045646,1.0,0.9999500000000002,0.9999500000000002,200.0,200.0,0.0,0.0
MAIN,1.5,0.25,100,rate,HT,KS-2000,DEF-0.25,0.9244540641836793,0.924489709884061,0.9305315073580245,0.0,0.8865793972073642,0.8924078489550787,264.0073232224005,265.3035563090364,0.11818127475230233,0.25
MAIN,1.5,0.25,100,rate,HT,KS-2000,DEF-0.5,0.8479552561668204,0.8481728189949667,0.8555813303234052,0.0,0.8132147274781467,0.8205283631586537,388.26697070362667,393.92807881540205,0.2401314150993068,0.5
MAIN,1.5,0.25,100,rate,HT,KS-2000,DEF-0.75,0.8016346327854994,0.8016034976218951,0.8079372817852379,0.0,0.7687918492122111,0.7748362801552802,733.5028877294583,764.6419329452419,0.37978169780943827,0.75
MAIN,1.5,0.25,100,rate,HT,KS-2000,RA-EST,0.785157677324571,0.7846752472880862,0.7882565678353146,0.0,0.7529899507660596,0.75596188045675,6618.359747463881,12975.440593805855,0.5785173130335081,1.0
MAIN,1.5,0.25,100,rate,HT,MIS-G-10000,DEF-0.0,1.0426678585045646,1.0426678585045646,1.0426678585045646,1.0,0.9999500000000002,0.9999500000000002,200.0,200.0,0.0,0.0
MAIN,1.5,0.25,100,rate,HT,MIS-G-10000,DEF-0.25,0.9560116248503553,0.9560409872060744,0.9583962118551784,0.0,0.9168440519881318,0.9191309430206153,257.70530033659304,258.4514660247424,0.1004249541090333,0.25
MAIN,1.5,0.25,100,rate,HT,MIS-G-10000,DEF-0.5,0.8962578404788977,0.8962548211411399,0.8994603420615601,0.0,0.8595383661986646,0.8626096620398698,362.21349257667123,365.17717108613135,0.20502080689003246,0.5
MAIN,1.5,0.25,100,rate,HT,MIS-G-10000,DEF-0.75,0.857801087488171,0.8577654299905733,0.8604672395228078,0.0,0.8226571773911084,0.8252140977999324,609.3087443162592,622.0471372879052,0.3232172585827636,0.75
MAIN,1.5,0.25,100,rate,HT,MIS-G-10000,RA-EST,0.8405515398086895,0.8404486549915645,0.8411285385111172,0.0,0.8061143396490529,0.8066676988494795,1917.1582555850823,2097.343536527809,0.4772099804107616,1.0
MAIN,1.5,0.25,100,rate,HT,MIS-G-2000,DEF-0.0,1.0426678585045646,1.0426678585045646,1.0426678585045646,1.0,0.9999500000000002,0.9999500000000002,200.0,200.0,0.0,0.0
MAIN,1.5,0.25,100,rate,HT,MIS-G-2000,DEF-0.25,0.955899383321882,0.9560026023676265,0.9600767448790503,0.0,0.9167364089688506,0.9207426249992184,257.61997803195214,259.34964838547086,0.10057280813247663,0.25
MAIN,1.5,0.25,100,rate,HT,MIS-G-2000,DEF-0.5,0.8962144789899564,0.8965328775394458,0.9017912510255928,0.0,0.8594967812197923,0.8648450742083501,361.8765817506808,368.786349141529,0.20512367622643637,0.5
MAIN,1.5,0.25,100,rate,HT,MIS-G-2000,DEF-0.75,0.857988906711992,0.8581656434834841,0.8627556075384091,0.0,0.8228373017052206,0.8274087119126974,607.8807143356098,638.0009965430653,0.32300406317676633,0.75
MAIN,1.5,0.25,100,rate,HT,MIS-G-2000,RA-EST,0.8412691358832819,0.8409654137884411,0.842772423106946,0.0,0.8068025359801626,0.8082442338775724,1898.4480192212495,2362.981192507281,0.47560817803753797,1.0
MAIN,1.5,0.25,100,rate,HT,MIS-I-2000,DEF-0.0,1.0426678585045646,1.0426678585045646,1.0426678585045646,1.0,0.9999500000000002,0.9999500000000002,200.0,200.0,0.0,0.0
MAIN,1.5,0.25,100,rate,HT,MIS-I-2000,DEF-0.25,0.9259314869274532,0.925696049682476,0.9311056795364813,0.0,0.8879962902865809,0.8929584974335609,259.3637294656597,260.58348278462245,0.12003534081046174,0.25
MAIN,1.5,0.25,100,rate,HT,MIS-I-2000,DEF-0.5,0.8501396708489924,0.8498184281444798,0.8565624336273812,0.0,0.8153096472012603,0.8214692708895374,368.84329943259104,373.82010107544033,0.24548506582406676,0.5
MAIN,1.5,0.25,100,rate,HT,MIS-I-2000,DEF-0.75,0.8050594832201472,0.8047736230228761,0.8101467882089521,0.0,0.7720763843248959,0.7769552636171486,638.2567416293067,661.1022515411418,0.3908382582797837,0.75
MAIN,1.5,0.25,100,rate,HT,MIS-I-2000,RA-EST,0.791937906827682,0.7915406341307799,0.7944041450775647,0.0,0.7594923958508825,0.7618575928959964,2367.667588664709,2855.7795614575175,0.599802069909797,1.0
MAIN,1.5,0.25,400,dollars,DIFF,COR-10000,DEF-0.0,4.2720649566808735,4.27054199907145,4.276875344389551,1.0,0.9999499999999999,0.9999500000000001,50.0,50.0,0.0,0.0
MAIN,1.5,0.25,400,dollars,DIFF,COR-10000,DEF-0.25,1.7491402326759187,1.749034230624972,1.752880794213021,1.0,0.40941630962802966,0.41018855005862004,66.651057036476,66.65218638797629,0.29679852336266876,0.25
MAIN,1.5,0.25,400,dollars,DIFF,COR-10000,DEF-0.5,1.2571900222295305,1.2572506455130594,1.2594556200297526,1.0,0.2942669767661625,0.29477484032481704,99.92978954292275,99.93486704020033,0.5591723203628005,0.5
MAIN,1.5,0.25,400,dollars,DIFF,COR-10000,DEF-0.75,1.0332819351633336,1.0333326275481645,1.0346299981578038,1.0,0.24185747481949071,0.24223376168505453,199.57932796909552,199.60971065529145,0.9201329287799155,0.75
MAIN,1.5,0.25,400,dollars,DIFF,COR-10000,RA-EST,0.9370191280202371,0.936959469382678,0.9372902685474289,0.0,0.21932553526971318,0.2194830520048876,71164.46878468047,76716.06218365414,2.608853212518595,1.0
MAIN,1.5,0.25,400,dollars,DIFF,COR-2000,DEF-0.0,4.284297752502179,4.27596332768112,4.3062710619331,1.0,0.9999499999999999,0.9999500000000001,50.0,50.0,0.0,0.0
MAIN,1.5,0.25,400,dollars,DIFF,COR-2000,DEF-0.25,1.7528104725799198,1.7519506498304034,1.7613057629914626,1.0,0.4091075675322976,0.4109566962069528,66.65107857796724,66.65429827287818,0.29692752851975646,0.25
MAIN,1.5,0.25,400,dollars,DIFF,COR-2000,DEF-0.5,1.2592108091643786,1.2589908671973513,1.2641870260232149,1.0,0.29390299583143276,0.29535457336703375,99.92988638896864,99.94436287231063,0.5595279564335733,0.5
MAIN,1.5,0.25,400,dollars,DIFF,COR-2000,DEF-0.75,1.0346694160686658,1.0343698436124535,1.0377536587210265,1.0,0.24149577202223735,0.24261522144404063,199.5799074179779,199.66654828160569,0.9205286496641915,0.75
MAIN,1.5,0.25,400,dollars,DIFF,COR-2000,RA-EST,0.9385225180335044,0.9381402188289487,0.9403910280952122,0.0,0.21905564572063585,0.21985717550417588,71262.83063740657,89818.49206943477,2.613635364071911,1.0
MAIN,1.5,0.25,400,dollars,DIFF,COR-500,DEF-0.0,4.323473976180361,4.299254649853614,4.410411109105129,1.0,0.9999499999999999,0.9999500000000001,50.0,50.0,0.0,0.0
MAIN,1.5,0.25,400,dollars,DIFF,COR-500,DEF-0.25,1.7650332585025643,1.7611892788636694,1.791353100529785,1.0,0.40826445763180386,0.41264660847146106,66.6518559808809,66.6580489877679,0.29707609334062063,0.25
MAIN,1.5,0.25,400,dollars,DIFF,COR-500,DEF-0.5,1.2677775481246192,1.2654272089441405,1.2852130895232794,1.0,0.2932599686495721,0.29684971696745693,99.93338151393061,99.96123047412023,0.5599604751535173,0.5
MAIN,1.5,0.25,400,dollars,DIFF,COR-500,DEF-0.75,1.042725802629412,1.0397503772838843,1.0509930231461029,1.0,0.241209788871871,0.24424625201770692,199.60082093772752,199.76756318297606,0.9223817015493819,0.75
MAIN,1.5,0.25,400,dollars,DIFF,COR-500,RA-EST,0.9551842976248701,0.9430583305440836,0.9620603598209065,0.045,0.22096478674009032,0.22307698979761448,75004.24913377232,129000.82138107918,2.6574295001761667,1.0
MAIN,1.5,0.25,400,dollars,DIFF,KS-2000,DEF-0.0,4.280621472654242,4.275089527214837,4.2993213157075845,1.0,0.9999499999999999,0.9999500000000001,50.0,50.0,0.0,0.0
MAIN,1.5,0.25,400,dollars,DIFF,KS-2000,DEF-0.25,1.7518049129222475,1.7508804784236198,1.7632127662446646,1.0,0.4092215830773533,0.41090581866728143,66.65093251201188,66.65387052387409,0.2969083170132414,0.25
MAIN,1.5,0.25,400,dollars,DIFF,KS-2000,DEF-0.5,1.2589147080558951,1.258571157701359,1.2657100325375485,1.0,0.29408329313880105,0.29535283975275006,99.92922970970511,99.94243945402319,0.5593458715168684,0.5
MAIN,1.5,0.25,400,dollars,DIFF,KS-2000,DEF-0.75,1.0347252803057105,1.034607754662062,1.0388487378345312,1.0,0.24171311845891086,0.24258677131399672,199.57597842676168,199.65503385294912,0.9208661662782391,0.75
MAIN,1.5,0.25,400,dollars,DIFF,KS-2000,RA-EST,0.9388454888200893,0.9383170726491815,0.941020568037242,0.0,0.2193161317438749,0.22010352717139972,70601.815747517,86815.05834238695,2.612701210703784,1.0
MAIN,1.5,0.25,400,dollars,DIFF,MIS-G-10000,DEF-0.0,4.185008881680218,4.183590530948209,4.191219950911317,1.0,0.9999499999999999,0.9999500000000001,50.0,50.0,0.0,0.0
MAIN,1.5,0.25,400,dollars,DIFF,MIS-G-10000,DEF-0.25,1.7668853119383074,1.7666965983071727,1.769661572170619,1.0,0.42217309936099284,0.42292904808594345,66.64455071041299,66.64625964207637,0.292833616349139,0.25
MAIN,1.5,0.25,400,dollars,DIFF,MIS-G-10000,DEF-0.5,1.279319658037355,1.2791773607430723,1.281110702382599,1.0,0.3056759659831674,0.30620813335993896,99.9005441836738,99.90822457525142,0.5518866332521057,0.5
MAIN,1.5,0.25,400,dollars,DIFF,MIS-G-10000,DEF-0.75,1.0559337991294795,1.0558894540534953,1.057169529001588,1.0,0.25230097167750914,0.252665229979826,199.40444972084236,199.45035632726965,0.9061327294512348,0.75
MAIN,1.5,0.25,400,dollars,DIFF,MIS-G-10000,RA-EST,0.9589625184112822,0.9589279978009634,0.9592350297610066,0.0,0.22913104605932422,0.2293029706382221,50223.581297726334,54430.82275297834,2.445590517050399,1.0
MAIN,1.5,0.25,400,dollars,DIFF,MIS-G-2000,DEF-0.0,4.193653361613862,4.1868169302946985,4.215154550436472,1.0,0.9999499999999999,0.9999500000000001,50.0,50.0,0.0,0.0
MAIN,1.5,0.25,400,dollars,DIFF,MIS-G-2000,DEF-0.25,1.7691611744375408,1.76807857805148,1.7774316879665486,1.0,0.42184785060059016,0.4232824451355608,66.64464476215392,66.64817151139472,0.29266168307861173,0.25
MAIN,1.5,0.25,400,dollars,DIFF,MIS-G-2000,DEF-0.5,1.2804252248481347,1.2803253867808173,1.2853212087169497,1.0,0.30531194712861864,0.3063176825085236,99.90096685666697,99.91681795522823,0.5516905888516683,0.5
MAIN,1.5,0.25,400,dollars,DIFF,MIS-G-2000,DEF-0.75,1.056525193818949,1.0566005600710895,1.0597136444410444,1.0,0.25192447629393144,0.2527726414025501,199.40697572155563,199.5017366627591,0.9057902918466412,0.75
MAIN,1.5,0.25,400,dollars,DIFF,MIS-G-2000,RA-EST,0.9593526594033299,0.9591790892447322,0.9602670752917832,0.0,0.22875474584193142,0.22936279278875613,50438.16467149029,60059.13498236929,2.44712403042879,1.0
MAIN,1.5,0.25,400,dollars,DIFF,MIS-I-2000,DEF-0.0,4.295555353057075,4.288513532214079,4.315360307710132,1.0,0.9999499999999999,0.9999500000000001,50.0,50.0,0.0,0.0
MAIN,1.5,0.25,400,dollars,DIFF,MIS-I-2000,DEF-0.25,1.7665703293806636,1.7658623951657497,1.7737490264767044,1.0,0.411240968165335,0.41321061039410684,66.65221499147638,66.65476847518461,0.2949901905427746,0.25
MAIN,1.5,0.25,400,dollars,DIFF,MIS-I-2000,DEF-0.5,1.2697864569487196,1.2694233349192188,1.2749131384972126,1.0,0.2955955622472917,0.29714783749674484,99.93499564445352,99.94647724315497,0.556402281138644,0.5
MAIN,1.5,0.25,400,dollars,DIFF,MIS-I-2000,DEF-0.75,1.0433414631157323,1.0431147697717487,1.0468014737004023,1.0,0.24288170850357865,0.24420556737057256,199.61048027906716,199.6792068554648,0.915681869769058,0.75
MAIN,1.5,0.25,400,dollars,DIFF,MIS-I-2000,RA-EST,0.9457310729045675,0.9453805578093133,0.9478966414625144,0.0,0.22015929305202142,0.2210818295162921,76868.34516968415,93368.71865041392,2.6073864535769045,1.0
MAIN,1.5,0.25,400,dollars,HT,COR-10000,DEF-0.0,7.685822079029346,7.685822079029346,7.685822079029346,1.0,0.99995,0.99995,50.0,50.0,0.0,0.0
MAIN,1.5,0.25,400,dollars,HT,COR-10000,DEF-0.25,2.177724034417323,2.177769462064715,2.185868072072563,1.0,0.28332885224564247,0.2843884175555886,66.65577860579546,66.65666362421159,0.3200175720635665,0.25
MAIN,1.5,0.25,400,dollars,HT,COR-10000,DEF-0.5,1.3291181274564179,1.3290863814134246,1.3345884538354502,1.0,0.17292251341289092,0.1736342203463155,99.95101972508837,99.95499981311838,0.5973892544876398,0.5
MAIN,1.5,0.25,400,dollars,HT,COR-10000,DEF-0.75,0.9627775452161041,0.9628233937278259,0.9661112989301156,0.0,0.1252604336191488,0.12569416562491836,199.70640595691117,199.73024166227276,0.9867941459992045,0.75
MAIN,1.5,0.25,400,dollars,HT,COR-10000,RA-EST,0.8065817275419771,0.8064938611681665,0.8071631540237052,0.0,0.10493885887057372,0.10501450431284727,102031.92461719867,111060.67276295846,3.0969023877014994,1.0
MAIN,1.5,0.25,400,dollars,HT,COR-2000,DEF-0.0,7.685822079029346,7.685822079029346,7.685822079029346,1.0,0.99995,0.99995,50.0,50.0,0.0,0.0
MAIN,1.5,0.25,400,dollars,HT,COR-2000,DEF-0.25,2.1780050171687297,2.179096588571773,2.197906770262322,1.0,0.2833654089990229,0.28595469064011586,66.65586580740185,66.65820327557043,0.32010883133986223,0.25
MAIN,1.5,0.25,400,dollars,HT,COR-2000,DEF-0.5,1.3295942272391514,1.3300153222328999,1.342781473152683,1.0,0.17298445551522545,0.17470015832692798,99.95141187711945,99.96192440754926,0.5975091061162703,0.5
MAIN,1.5,0.25,400,dollars,HT,COR-2000,DEF-0.75,0.9635409516868543,0.9637394346449404,0.9716038541763589,0.0,0.12535975523921455,0.12640876460496328,199.70875428449153,199.77172028342545,0.9869615759245498,0.75
MAIN,1.5,0.25,400,dollars,HT,COR-2000,RA-EST,0.8083940397767775,0.8080799264531958,0.8104323564568893,0.0,0.10517464648061133,0.10543983799081283,102855.85164437964,131268.03975878507,3.103229445387184,1.0
MAIN,1.5,0.25,400,dollars,HT,COR-500,DEF-0.0,7.685822079029346,7.685822079029346,7.685822079029346,1.0,0.99995,0.99995,50.0,50.0,0.0,0.0
MAIN,1.5,0.25,400,dollars,HT,COR-500,DEF-0.25,2.185417819425764,2.184426166213443,2.2254126138787163,1.0,0.28432983824819147,0.28953328874470363,66.65639268951399,66.66041790878481,0.32057058971573593,0.25
MAIN,1.5,0.25,400,dollars,HT,COR-500,DEF-0.5,1.3372237809759517,1.3361028066240128,1.3649348652860032,1.0,0.17397708482418764,0.17758238539853238,99.95378134830298,99.97188586069454,0.5984081004617985,0.5
MAIN,1.5,0.25,400,dollars,HT,COR-500,DEF-0.75,0.9719380324193443,0.9693749128514629,0.9897486238595172,0.04,0.1264522422616976,0.12876945709278176,199.72294419289466,199.83140997398485,0.9889250926221013,0.75
MAIN,1.5,0.25,400,dollars,HT,COR-500,RA-EST,0.8237586117781173,0.8148788493067465,0.8294799614873873,0.01,0.10717362637043465,0.10791799224085917,108131.50115823449,177824.70098714382,3.151890891915375,1.0
MAIN,1.5,0.25,400,dollars,HT,KS-2000,DEF-0.0,7.685822079029346,7.685822079029346,7.685822079029346,1.0,0.99995,0.99995,50.0,50.0,0.0,0.0
MAIN,1.5,0.25,400,dollars,HT,KS-2000,DEF-0.25,2.179416512324234,2.1791565199124614,2.2000271196158354,1.0,0.2835490490268864,0.28623055486312865,66.65568447151419,66.65789780538627,0.320170096749397,0.25
MAIN,1.5,0.25,400,dollars,HT,KS-2000,DEF-0.5,1.3307410911204496,1.3306969578873868,1.3447958334585148,1.0,0.17313366616911677,0.17496223303632208,99.95059639862194,99.96055050212844,0.5975472877389264,0.5
MAIN,1.5,0.25,400,dollars,HT,KS-2000,DEF-0.75,0.9644875965970017,0.9642271273435756,0.973253886283809,0.0,0.12548291676548573,0.12662343905213097,199.70387098867434,199.76348961843308,0.9871060300211536,0.75
MAIN,1.5,0.25,400,dollars,HT,KS-2000,RA-EST,0.8090367233101212,0.8084650704815615,0.8118119000770339,0.0,0.10525826166094714,0.10561932102187692,101157.24859827993,126695.24741921607,3.10016683569319,1.0
MAIN,1.5,0.25,400,dollars,HT,MIS-G-10000,DEF-0.0,7.685822079029346,7.685822079029346,7.685822079029346,1.0,0.99995,0.99995,50.0,50.0,0.0,0.0
MAIN,1.5,0.25,400,dollars,HT,MIS-G-10000,DEF-0.25,2.2359414158726993,2.2355522527129112,2.246034763725217,1.0,0.290903119511748,0.29221629630420376,66.65054034651922,66.65196830436008,0.31565606229939086,0.25
MAIN,1.5,0.25,400,dollars,HT,MIS-G-10000,DEF-0.5,1.3796763069006894,1.37941805495065,1.3864576448904906,1.0,0.17950029403485449,0.18038256776604114,99.9274666502171,99.93388652241796,0.5888057953845265,0.5
MAIN,1.5,0.25,400,dollars,HT,MIS-G-10000,DEF-0.75,1.0084561415363738,1.0084080605816514,1.012604611332983,1.0,0.1312033648919245,0.1317430940621375,199.56543031719946,199.60384296093795,0.9690096806435455,0.75
MAIN,1.5,0.25,400,dollars,HT,MIS-G-10000,RA-EST,0.8489784340630512,0.8489101343459964,0.8493579645879709,0.0,0.11045480579854398,0.11050418393200727,68883.80797412852,75577.55073007842,2.8408264064821527,1.0
MAIN,1.5,0.25,400,dollars,HT,MIS-G-2000,DEF-0.0,7.685822079029346,7.685822079029346,7.685822079029346,1.0,0.99995,0.99995,50.0,50.0,0.0,0.0
MAIN,1.5,0.25,400,dollars,HT,MIS-G-2000,DEF-0.25,2.2360693042553565,2.2360145911175824,2.2548314568873873,1.0,0.2909197581987906,0.2933607741800984,66.65057137781133,66.65349240635862,0.3156607024623176,0.25
MAIN,1.5,0.25,400,dollars,HT,MIS-G-2000,DEF-0.5,1.3798510426445514,1.3797659415212926,1.3918701208216018,1.0,0.17952302771321424,0.18108674817142442,99.92760615627293,99.94073925018078,0.5889515787098482,0.5
MAIN,1.5,0.25,400,dollars,HT,MIS-G-2000,DEF-0.75,1.008715868662893,1.0088563664267913,1.0161816599787883,0.91,0.13123715622061938,0.13220847951558592,199.56626493488804,199.64485642384582,0.9692744171832223,0.75
MAIN,1.5,0.25,400,dollars,HT,MIS-G-2000,RA-EST,0.8496029535265768,0.8493421526995946,0.8506972063215277,0.0,0.11053605777538278,0.11067842355890732,69016.89743600492,84323.1335623775,2.8447694627034,1.0
MAIN,1.5,0.25,400,dollars,HT,MIS-I-2000,DEF-0.0,7.685822079029346,7.685822079029346,7.685822079029346,1.0,0.99995,0.99995,50.0,50.0,0.0,0.0
MAIN,1.5,0.25,400,dollars,HT,MIS-I-2000,DEF-0.25,2.1860445970014157,2.1859697668578373,2.207743462752808,1.0,0.28441138401263,0.28723447575024735,66.65650016436086,66.65851727954585,0.31992092112392745,0.25
MAIN,1.5,0.25,400,dollars,HT,MIS-I-2000,DEF-0.5,1.3372002782181855,1.33738172684287,1.3512412214836054,1.0,0.17397402704033751,0.17580079860411926,99.95426468867048,99.96333672145639,0.5972115958384214,0.5
MAIN,1.5,0.25,400,dollars,HT,MIS-I-2000,DEF-0.75,0.9709100571623394,0.9705921090497854,0.9799837166564954,0.005,0.12631849939754172,0.12749901147782228,199.72583890891923,199.78018151411246,0.9868943938686554,0.75
MAIN,1.5,0.25,400,dollars,HT,MIS-I-2000,RA-EST,0.8164324937525792,0.8156723861102815,0.8199947054286353,0.0,0.10622047501664193,0.10668393013293863,109274.73482001862,136326.27744759858,3.105011545165756,1.0
MAIN,1.5,0.25,400,rate,DIFF,COR-10000,DEF-0.0,1.0001122435899203,1.0000691618270166,1.000279995765955,1.0,0.9999499999999999,0.9999500000000001,50.0,50.0,0.0,0.0
MAIN,1.5,0.25,400,rate,DIFF,COR-10000,DEF-0.25,0.9591794083943036,0.9591760105865363,0.9602956435534666,0.0,0.9590238078994204,0.9601221591230567,65.74953998932872,66.00479943327889,0.08494015048853024,0.25
MAIN,1.5,0.25,400,rate,DIFF,COR-10000,DEF-0.5,0.9285654496853808,0.9285431753231581,0.9301361621806585,0.0,0.9284148164637025,0.9299752145843947,95.98344096635671,97.07958527493766,0.1776690350276018,0.5
MAIN,1.5,0.25,400,rate,DIFF,COR-10000,DEF-0.75,0.9080772516634752,0.9080450717314245,0.909416375025172,0.0,0.9079299408645319,0.9092789988808668,177.6926265310629,183.44449101465582,0.2865826386326486,0.75
MAIN,1.5,0.25,400,rate,DIFF,COR-10000,RA-EST,0.8999286706298842,0.8998725731899957,0.9002959064456376,0.0,0.8997826765941415,0.9000715640830841,1194.848950499189,1662.0862027771364,0.44177911747764,1.0
MAIN,1.5,0.25,400,rate,DIFF,COR-2000,DEF-0.0,1.0005163462186002,1.0002367205876301,1.0014139957214199,1.0,0.9999499999999999,0.9999500000000001,50.0,50.0,0.0,0.0
MAIN,1.5,0.25,400,rate,DIFF,COR-2000,DEF-0.25,0.9594723001073601,0.9594506020902556,0.9621499275721361,0.0,0.9589292935117557,0.9616168495248205,65.87255777398457,66.25039144511447,0.0856297693345135,0.25
MAIN,1.5,0.25,400,rate,DIFF,COR-2000,DEF-0.5,0.9289719870270745,0.9288382042555243,0.9326231810130067,0.0,0.9284462527359709,0.9321425278547483,96.50966205694556,98.14986645580518,0.17903844358415846,0.5
MAIN,1.5,0.25,400,rate,DIFF,COR-2000,DEF-0.75,0.9088817060056814,0.9086494128878705,0.9120411470929435,0.0,0.9083672376669878,0.9115069939068406,180.42448773969102,189.29530134365842,0.2898629589548406,0.75
MAIN,1.5,0.25,400,rate,DIFF,COR-2000,RA-EST,0.9018041201607222,0.9014303292909693,0.9039392506119187,0.0,0.901293334277699,0.902992356703448,1382.5398750731365,2652.5088067202914,0.4512553405409462,1.0
MAIN,1.5,0.25,400,rate,DIFF,COR-500,DEF-0.0,1.0017439734175713,1.0008812289751885,1.0044638101181533,1.0,0.9999499999999999,0.9999500000000001,50.0,50.0,0.0,0.0
MAIN,1.5,0.25,400,rate,DIFF,COR-500,DEF-0.25,0.9609628338601504,0.9608368599643026,0.9669933809518504,0.0,0.9592417332491874,0.9642017369561154,65.99736157758846,66.54484355367696,0.0872317933084193,0.25
MAIN,1.5,0.25,400,rate,DIFF,COR-500,DEF-0.5,0.9315336897652413,0.9311782208070157,0.940018039012315,0.0,0.9298653278264222,0.9373464051568188,97.0474195571209,99.45379429310212,0.1827595867719429,0.5
MAIN,1.5,0.25,400,rate,DIFF,COR-500,DEF-0.75,0.9138458511584251,0.9123316240521737,0.9217770501461902,0.0,0.9122097937397986,0.9191825088475325,183.27241815291768,196.75821591766635,0.2979963864078864,0.75
MAIN,1.5,0.25,400,rate,DIFF,COR-500,RA-EST,0.9198539205473933,0.9072632474513269,0.9267398510202276,0.02,0.9182192503595394,0.9264763017959018,1643.634045956521,9114.510125718962,0.4782110541264709,1.0
MAIN,1.5,0.25,400,rate,DIFF,KS-2000,DEF-0.0,1.0004347000862281,1.0001979489881028,1.0012393829802129,1.0,0.9999499999999999,0.9999500000000001,50.0,50.0,0.0,0.0
MAIN,1.5,0.25,400,rate,DIFF,KS-2000,DEF-0.25,0.9595560596334844,0.95947945044014,0.9626095125314237,0.0,0.959091163752703,0.961864629061048,65.83309268409228,66.2314416024262,0.08514211484488561,0.25
MAIN,1.5,0.25,400,rate,DIFF,KS-2000,DEF-0.5,0.9291813425097601,0.9291503818716751,0.9335418002948362,0.0,0.9287311372977198,0.9326028679629135,96.34043268595494,98.06672948695498,0.17799659818917574,0.5
MAIN,1.5,0.25,400,rate,DIFF,KS-2000,DEF-0.75,0.9091824290519043,0.9089422459852765,0.9128958931740089,0.0,0.908741860267518,0.9120565869720776,179.54008491305675,188.8321857337662,0.2868384735522606,0.75
MAIN,1.5,0.25,400,rate,DIFF,KS-2000,RA-EST,0.902196325264938,0.9016028080505443,0.9046943068435734,0.0,0.9017590552611197,0.9043079379772441,1316.281806606315,2536.2952510407167,0.4430898279892137,1.0
MAIN,1.5,0.25,400,rate,DIFF,MIS-G-10000,DEF-0.0,1.0000894984443267,1.000024477822802,1.0002960701841883,0.58,0.9999499999999999,0.9999500000000001,50.0,50.0,0.0,0.0
MAIN,1.5,0.25,400,rate,DIFF,MIS-G-10000,DEF-0.25,0.9692945472114998,0.9692771202237584,0.9703558099543939,0.0,0.9691593324149376,0.9701714253539272,63.92539855618278,64.1427922728788,0.07109761131735937,0.25
MAIN,1.5,0.25,400,rate,DIFF,MIS-G-10000,DEF-0.5,0.9454233193232381,0.9453834801968632,0.946968599952718,0.0,0.9452914280942312,0.9467707088680267,88.60166988372248,89.44197900102266,0.14813357301585095,0.5
MAIN,1.5,0.25,400,rate,DIFF,MIS-G-10000,DEF-0.75,0.9285792055578033,0.9285411272802817,0.9300405947224155,0.0,0.9284496643649581,0.929868225758645,144.30631874319033,147.69633919127884,0.23636527912150074,0.75
MAIN,1.5,0.25,400,rate,DIFF,MIS-G-10000,RA-EST,0.920079686122122,0.9200331327550126,0.9206595392755339,0.0,0.9199513416021026,0.9204884623234879,388.6607532279131,423.5737132310467,0.34865663265610347,1.0
MAIN,1.5,0.25,400,rate,DIFF,MIS-G-2000,DEF-0.0,1.0004027815734688,1.0001550597650464,1.0010422897252134,0.805,0.9999499999999999,0.9999500000000001,50.0,50.0,0.0,0.0
MAIN,1.5,0.25,400,rate,DIFF,MIS-G-2000,DEF-0.25,0.9695395713032507,0.9695139612100194,0.9715953442864487,0.0,0.969100504520342,0.9709373027342363,63.90054814253221,64.40502991648182,0.0712087608349368,0.25
MAIN,1.5,0.25,400,rate,DIFF,MIS-G-2000,DEF-0.5,0.945682275828553,0.945626043368094,0.9485899464901747,0.0,0.9452538613031879,0.948001969750359,88.50625828739638,90.46928507840974,0.14836296543097555,0.5
MAIN,1.5,0.25,400,rate,DIFF,MIS-G-2000,DEF-0.75,0.9289460799156651,0.9288396561099956,0.9317647554856575,0.0,0.9285252067911238,0.9311484684226758,143.92726199392627,151.97076870448106,0.23693468174296967,0.75
MAIN,1.5,0.25,400,rate,DIFF,MIS-G-2000,RA-EST,0.9207203113826704,0.9203305759067457,0.9223209751788328,0.0,0.9203032793705225,0.9214983105944153,385.01938369886585,474.6196161885628,0.35020287102075864,1.0
MAIN,1.5,0.25,400,rate,DIFF,MIS-I-2000,DEF-0.0,1.000556495958869,1.000259713702817,1.0013355867956253,1.0,0.9999499999999999,0.9999500000000001,50.0,50.0,0.0,0.0
MAIN,1.5,0.25,400,rate,DIFF,MIS-I-2000,DEF-0.25,0.9608807218904022,0.9608429062545077,0.9634411857955063,0.0,0.9602982218589382,0.9625453919434349,64.36479944714598,64.72511220299461,0.08585005427923678,0.25
MAIN,1.5,0.25,400,rate,DIFF,MIS-I-2000,DEF-0.5,0.9317708290599162,0.9315410605555134,0.9349690309065302,0.0,0.9312058968182798,0.9344433719166862,90.31070292857108,91.74389556370113,0.17972525490073818,0.5
MAIN,1.5,0.25,400,rate,DIFF,MIS-I-2000,DEF-0.75,0.9133672572659323,0.9130683987765316,0.9161202501863269,0.0,0.9128133703053902,0.9153810367409646,151.30134505447967,157.48374967636266,0.2902996182871972,0.75
MAIN,1.5,0.25,400,rate,DIFF,MIS-I-2000,RA-EST,0.9087454443528824,0.9083986254016283,0.9108169002693258,0.0,0.9081941811269416,0.909765329629122,466.03414072063276,555.6129207630908,0.44257524724410113,1.0
MAIN,1.5,0.25,400,rate,HT,COR-10000,DEF-0.0,1.0467686717837226,1.0467686717837226,1.0467686717837226,1.0,0.9999499999999997,0.9999499999999997,50.0,50.0,0.0,0.0
MAIN,1.5,0.25,400,rate,HT,COR-10000,DEF-0.25,0.9271102436002918,0.927105242550311,0.9295036323993235,0.0,0.8856435171186096,0.8879298571611649,65.94697937442226,66.14769727654387,0.1184028019854603,0.25
MAIN,1.5,0.25,400,rate,HT,COR-10000,DEF-0.5,0.8495757054395301,0.8494869731915126,0.8526252422444817,0.0,0.8115768550912302,0.8144899957022452,96.82985268605324,97.70043992349106,0.24066557424363222,0.5
MAIN,1.5,0.25,400,rate,HT,COR-10000,DEF-0.75,0.8023940318725615,0.8023424918882156,0.8048792476712404,0.0,0.7665054694498398,0.7688795293590405,182.11319326371887,186.80929801348344,0.3809749424560911,0.75
MAIN,1.5,0.25,400,rate,HT,COR-10000,RA-EST,0.7847453411029196,0.7847003494379408,0.7851331990534042,0.0,0.7496461491331254,0.7500166594168599,1527.215103321384,2124.3373665084473,0.5793852357688429,1.0
MAIN,1.5,0.25,400,rate,HT,COR-2000,DEF-0.0,1.0467686717837226,1.0467686717837226,1.0467686717837226,1.0,0.9999499999999997,0.9999499999999997,50.0,50.0,0.0,0.0
MAIN,1.5,0.25,400,rate,HT,COR-2000,DEF-0.25,0.9269225923072052,0.9269773416405342,0.93271405207164,0.0,0.8854642588779114,0.8909966848546824,66.0222572709521,66.34268802131423,0.11863543664047307,0.25
MAIN,1.5,0.25,400,rate,HT,COR-2000,DEF-0.5,0.8495931487621605,0.8496985678034112,0.856786562329058,0.0,0.811593518228879,0.8184651930220899,97.15515718653009,98.5561296141073,0.24147361181967247,0.5
MAIN,1.5,0.25,400,rate,HT,COR-2000,DEF-0.75,0.8029879752288395,0.8027321383774091,0.8088061330434285,0.0,0.7670728475870725,0.7726307774941498,183.8498683980131,191.57992792336927,0.3824617667723737,0.75
MAIN,1.5,0.25,400,rate,HT,COR-2000,RA-EST,0.7867602258065228,0.7864289947075289,0.7886807577893671,0.0,0.7515709143784731,0.7534055470036286,1707.6341997323668,3412.9203616429886,0.5826790880519208,1.0
MAIN,1.5,0.25,400,rate,HT,COR-500,DEF-0.0,1.0467686717837226,1.0467686717837226,1.0467686717837226,1.0,0.9999499999999997,0.9999499999999997,50.0,50.0,0.0,0.0
MAIN,1.5,0.25,400,rate,HT,COR-500,DEF-0.25,0.9273858918248399,0.9274563615819795,0.9382527864678171,0.0,0.8859068364646758,0.8962876890743823,66.06670777212172,66.57671257444899,0.12037612524858404,0.25
MAIN,1.5,0.25,400,rate,HT,COR-500,DEF-0.5,0.8515194055744173,0.8514147408202026,0.8667762348205488,0.0,0.8134336196298255,0.8280080588692731,97.34791986400467,99.59629605714535,0.24472740814927646,0.5
MAIN,1.5,0.25,400,rate,HT,COR-500,DEF-0.75,0.8074702416075747,0.8062989304153338,0.8209979943198039,0.0,0.771354636282352,0.784277335145266,184.8890399609865,197.59717740606587,0.38856832276184017,0.75
MAIN,1.5,0.25,400,rate,HT,COR-500,RA-EST,0.800263967789368,0.7936308693228269,0.8075298212748163,0.005,0.7644706764364417,0.7714115511383886,1835.3403997544294,12335.629499339431,0.602835542230761,1.0
MAIN,1.5,0.25,400,rate,HT,KS-2000,DEF-0.0,1.0467686717837226,1.0467686717837226,1.0467686717837226,1.0,0.9999499999999997,0.9999499999999997,50.0,50.0,0.0,0.0
MAIN,1.5,0.25,400,rate,HT,KS-2000,DEF-0.25,0.9273183884824892,0.9273580374062047,0.9334535588389095,0.0,0.8858423523346066,0.8917031158091655,66.00183080560012,66.3258890772591,0.11818127475230233,0.25
MAIN,1.5,0.25,400,rate,HT,KS-2000,DEF-0.5,0.8502317951715536,0.8504637189330739,0.8578922103649927,0.0,0.8122035999922014,0.8195213888973916,97.06674267590667,98.48201970385051,0.2401314150993068,0.5
MAIN,1.5,0.25,400,rate,HT,KS-2000,DEF-0.75,0.8037509037231452,0.8037259232242121,0.8100793516243782,0.0,0.7678016526883762,0.7738470490108078,183.37572193236457,191.16048323631048,0.37978169780943827,0.75
MAIN,1.5,0.25,400,rate,HT,KS-2000,RA-EST,0.7875355126609108,0.7869877100590688,0.7905697187853774,0.0,0.7523115250892657,0.7552100207129361,1654.5899368659702,3243.860148451464,0.5785173130335081,1.0
MAIN,1.5,0.25,400,rate,HT,MIS-G-10000,DEF-0.0,1.0467686717837226,1.0467686717837226,1.0467686717837226,1.0,0.9999499999999997,0.9999499999999997,50.0,50.0,0.0,0.0
MAIN,1.5,0.25,400,rate,HT,MIS-G-10000,DEF-0.25,0.9591790737486682,0.9592084996168155,0.9615870470849432,0.0,0.9162780093146985,0.9185782815739982,64.42632508414826,64.6128665061856,0.1004249541090333,0.25
MAIN,1.5,0.25,400,rate,HT,MIS-G-10000,DEF-0.5,0.8989020094450746,0.8988995530889488,0.9021277814531433,0.0,0.8586969485941195,0.8617784419616767,90.55337314416781,91.29429277153284,0.20502080689003246,0.5
MAIN,1.5,0.25,400,rate,HT,MIS-G-10000,DEF-0.75,0.8602246088988101,0.8601872822852523,0.862895490220487,0.0,0.8217494665775503,0.8243008877746135,152.3271860790648,155.5117843219763,0.3232172585827636,0.75
MAIN,1.5,0.25,400,rate,HT,MIS-G-10000,RA-EST,0.8430557037828585,0.842958422508111,0.8436027351735793,0.0,0.8053484726106206,0.8058710370070302,479.2895638962706,524.3358841319523,0.4772099804107616,1.0
MAIN,1.5,0.25,400,rate,HT,MIS-G-2000,DEF-0.0,1.0467686717837226,1.0467686717837226,1.0467686717837226,1.0,0.9999499999999997,0.9999499999999997,50.0,50.0,0.0,0.0
MAIN,1.5,0.25,400,rate,HT,MIS-G-2000,DEF-0.25,0.9590660514692533,0.9591707341563169,0.963283157808149,0.0,0.9161700421665144,0.9201985305969077,64.40499450798804,64.83741209636771,0.10057280813247663,0.25
MAIN,1.5,0.25,400,rate,HT,MIS-G-2000,DEF-0.5,0.8988597027958086,0.8991836402991173,0.9044736459345516,0.0,0.8586565341882685,0.8640193832999259,90.4691454376702,92.19658728538225,0.20512367622643637,0.5
MAIN,1.5,0.25,400,rate,HT,MIS-G-2000,DEF-0.75,0.8604175772265,0.8605853604676335,0.8651923886572331,0.0,0.8219338040386099,0.8264950531654353,151.97017858390245,159.50024913576632,0.32300406317676633,0.75
MAIN,1.5,0.25,400,rate,HT,MIS-G-2000,RA-EST,0.8437874298876197,0.8434598021658553,0.8452107918810841,0.0,0.806047470907168,0.8074071703935305,474.6120048053124,590.7452981268202,0.47560817803753797,1.0
MAIN,1.5,0.25,400,rate,HT,MIS-I-2000,DEF-0.0,1.0467686717837226,1.0467686717837226,1.0467686717837226,1.0,0.9999499999999997,0.9999499999999997,50.0,50.0,0.0,0.0
MAIN,1.5,0.25,400,rate,HT,MIS-I-2000,DEF-0.25,0.9288036847360815,0.9285617520342128,0.934022521161815,0.0,0.8872612159563551,0.8922466302361113,64.84093236641492,65.14587069615561,0.12003534081046174,0.25
MAIN,1.5,0.25,400,rate,HT,MIS-I-2000,DEF-0.5,0.852416140773705,0.8520840931783591,0.858878969193033,0.0,0.8142902466828684,0.8204640131052955,92.21082485814776,93.45502526886008,0.24548506582406676,0.5
MAIN,1.5,0.25,400,rate,HT,MIS-I-2000,DEF-0.75,0.8071770472259638,0.8068672567466695,0.8122110925808944,0.0,0.7710745555636653,0.7758834438962566,159.56418540732668,165.27556288528544,0.3908382582797837,0.75
MAIN,1.5,0.25,400,rate,HT,MIS-I-2000,RA-EST,0.7943581743390089,0.7939813677325805,0.7969290028181193,0.0,0.7588290305600673,0.7612848739636591,591.9168971661773,713.9448903643794,0.599802069909797,1.0
MAIN,1.5,0.7,100,dollars,DIFF,COR-10000,DEF-0.0,2.6672371977707483,2.6667129239770047,2.6688625111334976,1.0,0.99995,0.9999500000000002,200.0,200.0,0.0,0.0
MAIN,1.5,0.7,100,dollars,DIFF,COR-10000,DEF-0.25,1.3760072697958898,1.3756489876222715,1.3818427286904271,1.0,0.5158667590599798,0.5180591265131174,266.48732723027456,266.5418324086115,0.2547207453785191,0.25
MAIN,1.5,0.7,100,dollars,DIFF,COR-10000,DEF-0.5,1.0678391904122935,1.0676422087098172,1.0717902153757919,1.0,0.40033418759517736,0.40173825348543274,399.1940565680879,399.43877129316985,0.48194462527264315,0.5
MAIN,1.5,0.7,100,dollars,DIFF,COR-10000,DEF-0.75,0.9229323987688289,0.92290360485017,0.9252535184926678,0.0,0.3460084455039285,0.34689807327155775,795.1837475622494,796.6420506495402,0.7758682725444176,0.75
MAIN,1.5,0.7,100,dollars,DIFF,COR-10000,RA-EST,0.8646764441708581,0.8645480904214223,0.8653007398663928,0.0,0.3241681734446008,0.3244022382441509,99062.64540491962,142344.4239257357,1.6600921289438983,1.0
MAIN,1.5,0.7,100,dollars,DIFF,COR-2000,DEF-0.0,2.671116100408912,2.6682991475101563,2.6805680668373038,1.0,0.99995,0.9999500000000002,200.0,200.0,0.0,0.0
MAIN,1.5,0.7,100,dollars,DIFF,COR-2000,DEF-0.25,1.3766501563787485,1.3753446286846724,1.3905335313368845,1.0,0.5153606829999466,0.5203226364228746,266.4985400133363,266.6037266880376,0.25518834609773494,0.25
MAIN,1.5,0.7,100,dollars,DIFF,COR-2000,DEF-0.5,1.0684578210672893,1.0676174840390469,1.0779726668967753,1.0,0.39998663675558327,0.4032012672539674,399.2443828557351,399.7169037807169,0.48290080860882123,0.5
MAIN,1.5,0.7,100,dollars,DIFF,COR-2000,DEF-0.75,0.9238505807091444,0.9234608837620041,0.9290413129978446,0.0,0.34585178951643103,0.3477665948157034,795.4833613886622,798.3038244678719,0.7780164507661381,0.75
MAIN,1.5,0.7,100,dollars,DIFF,COR-2000,RA-EST,0.8670036822194089,0.8660292787815904,0.8694777302110213,0.0,0.3245707230085295,0.3257632690558845,105673.76259287892,282498.6688598975,1.667164665755248,1.0
MAIN,1.5,0.7,100,dollars,DIFF,COR-500,DEF-0.0,2.689293089196785,2.6766759517231256,2.727569734742482,1.0,0.99995,0.9999500000000002,200.0,200.0,0.0,0.0
MAIN,1.5,0.7,100,dollars,DIFF,COR-500,DEF-0.25,1.3864145083054675,1.3826957609733093,1.4151255966696774,1.0,0.5155873391969522,0.5260462132383691,266.52496896723983,266.6593321471894,0.2549012888610488,0.25
MAIN,1.5,0.7,100,dollars,DIFF,COR-500,DEF-0.5,1.0763072130123639,1.0741992232005355,1.0954280128025304,1.0,0.4002673080477731,0.40784312477709606,399.36303760386465,399.9669964779599,0.48248471246525626,0.5
MAIN,1.5,0.7,100,dollars,DIFF,COR-500,DEF-0.75,0.9317038717783906,0.929156290777563,0.9458982338754431,0.005,0.3464834680007289,0.35171896627866833,796.1903644945431,799.8020115415083,0.7773375564039005,0.75
MAIN,1.5,0.7,100,dollars,DIFF,COR-500,RA-EST,0.8870951398084792,0.8718693000658535,0.9035684569332559,0.02,0.32979162890862673,0.335795657817648,125457.39525365684,2423948.0478748386,1.6926066380044933,1.0
MAIN,1.5,0.7,100,dollars,DIFF,KS-2000,DEF-0.0,2.6707158258592405,2.6685007823055034,2.6795915802753285,1.0,0.99995,0.9999500000000002,200.0,200.0,0.0,0.0
MAIN,1.5,0.7,100,dollars,DIFF,KS-2000,DEF-0.25,1.3791559747877162,1.3781677091490239,1.3949948775009522,1.0,0.5163750783625815,0.5215415398239984,266.47328734769724,266.5996901269949,0.2542929019713138,0.25
MAIN,1.5,0.7,100,dollars,DIFF,KS-2000,DEF-0.5,1.0702894048738611,1.0700066417418408,1.0801681978967703,1.0,0.4007316890794077,0.40410899442349546,399.13105333920515,399.69875705903894,0.48123963772094036,0.5
MAIN,1.5,0.7,100,dollars,DIFF,KS-2000,DEF-0.75,0.9250167840592362,0.9247617127440897,0.9305846484359053,0.0,0.346339885296462,0.34824542186998636,794.8088741321152,798.1952636510096,0.7741408462012175,0.75
MAIN,1.5,0.7,100,dollars,DIFF,KS-2000,RA-EST,0.8669347237177406,0.866229514670326,0.8694214762154088,0.0,0.3245933979673314,0.32595821336336317,91865.65157062138,265686.14720499655,1.6563160555582885,1.0
MAIN,1.5,0.7,100,dollars,DIFF,MIS-G-10000,DEF-0.0,2.643944147976515,2.6434275854321942,2.6455367613481866,1.0,0.9999499999999999,0.9999500000000001,200.0,200.0,0.0,0.0
MAIN,1.5,0.7,100,dollars,DIFF,MIS-G-10000,DEF-0.25,1.4016897160964354,1.4016780948736436,1.4073838210174043,1.0,0.5301252362040103,0.5322865259346362,266.3193329577249,266.3381835593951,0.24950866825753656,0.25
MAIN,1.5,0.7,100,dollars,DIFF,MIS-G-10000,DEF-0.5,1.0970595184609409,1.097120402565431,1.1009161205885956,1.0,0.4149127103927875,0.4164575275194573,398.44105935455184,398.5254587315229,0.47230814966952167,0.5
MAIN,1.5,0.7,100,dollars,DIFF,MIS-G-10000,DEF-0.75,0.9535988307158797,0.9536211745303169,0.9558037968956795,0.0,0.3606551414392515,0.3615500453460489,790.7187010981122,791.2175031595165,0.757746050573145,0.75
MAIN,1.5,0.7,100,dollars,DIFF,MIS-G-10000,RA-EST,0.8972290680428859,0.8971781419321678,0.8975606722592124,0.0,0.33933563792401084,0.33947860527059953,51116.89943767817,54054.1616063686,1.5355650446029006,1.0
MAIN,1.5,0.7,100,dollars,DIFF,MIS-G-2000,DEF-0.0,2.6482701595538525,2.6450349688455033,2.6561116871500934,1.0,0.99995,0.9999500000000002,200.0,200.0,0.0,0.0
MAIN,1.5,0.7,100,dollars,DIFF,MIS-G-2000,DEF-0.25,1.4040298658875252,1.4022663028295677,1.421598950950406,1.0,0.530152413448,0.5365102525620639,266.3200427423336,266.3572356992114,0.24933218941194357,0.25
MAIN,1.5,0.7,100,dollars,DIFF,MIS-G-2000,DEF-0.5,1.0985273047911477,1.0974664546926376,1.1103820930613804,1.0,0.4147974910069798,0.41890768007285306,398.44423682629815,398.6107846941018,0.47205505697619443,0.5
MAIN,1.5,0.7,100,dollars,DIFF,MIS-G-2000,DEF-0.75,0.9545407191801801,0.9537915978432416,0.9616064970851592,0.0,0.36042872357189565,0.36263629500126626,790.7374724588072,791.7222072457288,0.7573595426716306,0.75
MAIN,1.5,0.7,100,dollars,DIFF,MIS-G-2000,RA-EST,0.8977685686697234,0.8974829509278556,0.8988172785332158,0.0,0.33899030717717155,0.3396401685662375,51221.71168567657,57387.382447057935,1.5352645614008384,1.0
MAIN,1.5,0.7,100,dollars,DIFF,MIS-I-2000,DEF-0.0,2.6779661968599555,2.675784752460255,2.686018675284839,1.0,0.99995,0.9999500000000002,200.0,200.0,0.0,0.0
MAIN,1.5,0.7,100,dollars,DIFF,MIS-I-2000,DEF-0.25,1.3860381061061764,1.3843348378661717,1.4018551243973705,1.0,0.5175502188851531,0.5232249795213606,266.38883830411663,266.42650953358066,0.25224997818049055,0.25
MAIN,1.5,0.7,100,dollars,DIFF,MIS-I-2000,DEF-0.5,1.0770048718303848,1.076026384737963,1.0878646067706519,1.0,0.4021565012979464,0.40608696270454214,398.7523720667367,398.92123594773506,0.47656043267931825,0.5
MAIN,1.5,0.7,100,dollars,DIFF,MIS-I-2000,DEF-0.75,0.9315569732685967,0.931399800915957,0.9376313842542272,0.0,0.34784549622560773,0.35007145163608516,792.5606401664218,793.5621403443777,0.7642555721086807,0.75
MAIN,1.5,0.7,100,dollars,DIFF,MIS-I-2000,RA-EST,0.8725388932766123,0.8721437482551034,0.875221629765299,0.0,0.32580703479502704,0.32699668860920994,63921.681185449204,73958.9415250522,1.5579604712424833,1.0
MAIN,1.5,0.7,100,dollars,HT,COR-10000,DEF-0.0,17.86244615081321,17.86244615081321,17.86244615081321,1.0,0.99995,0.99995,200.0,200.0,0.0,0.0
MAIN,1.5,0.7,100,dollars,HT,COR-10000,DEF-0.25,5.012407888972461,5.012530457821466,5.0193203015071814,1.0,0.2805974739551463,0.2809844347809892,266.56188895514885,266.56976257228274,0.2887577938172268,0.25
MAIN,1.5,0.7,100,dollars,HT,COR-10000,DEF-0.5,2.5175919221401193,2.5177257023113637,2.522842515161163,1.0,0.14093624251062623,0.14123017372514546,399.5288705271796,399.5642482712224,0.5418025089817194,0.5
MAIN,1.5,0.7,100,dollars,HT,COR-10000,DEF-0.75,1.3916240927283454,1.3916646648187618,1.3952806469083998,1.0,0.07790391639391209,0.07810861239811412,797.1798664033513,797.3911736303453,0.8825880872751286,0.75
MAIN,1.5,0.7,100,dollars,HT,COR-10000,RA-EST,0.9210112364450169,0.9209404571853361,0.9213153894098732,0.0,0.051558738266162196,0.05157576492391334,169604.7025638826,183390.78075444238,2.206860611833316,1.0
MAIN,1.5,0.7,100,dollars,HT,COR-2000,DEF-0.0,17.86244615081321,17.86244615081321,17.86244615081321,1.0,0.99995,0.99995,200.0,200.0,0.0,0.0
MAIN,1.5,0.7,100,dollars,HT,COR-2000,DEF-0.25,5.013126934232114,5.014165413818342,5.026513248064655,1.0,0.2806377265219739,0.28138710006263196,266.56127398004185,266.57636748516796,0.28869238306753753,0.25
MAIN,1.5,0.7,100,dollars,HT,COR-2000,DEF-0.5,2.5183660792323037,2.519350389939242,2.5288129940490354,1.0,0.1409795802695084,0.141564404564165,399.5261074962315,399.5939286925663,0.5417074849330887,0.5
MAIN,1.5,0.7,100,dollars,HT,COR-2000,DEF-0.75,1.392512150520604,1.3932521212317812,1.3998073304466805,1.0,0.07795363037943631,0.07836201874380086,797.163366274902,797.5685089493332,0.8823426604669633,0.75
MAIN,1.5,0.7,100,dollars,HT,COR-2000,RA-EST,0.9224879821001432,0.9220010718252074,0.9240831848498087,0.0,0.05164140733653341,0.05173070770312712,168614.66156505246,196809.740770856,2.206110372707046,1.0
MAIN,1.5,0.7,100,dollars,HT,COR-500,DEF-0.0,17.86244615081321,17.86244615081321,17.86244615081321,1.0,0.99995,0.99995,200.0,200.0,0.0,0.0
MAIN,1.5,0.7,100,dollars,HT,COR-500,DEF-0.25,5.0178915849865,5.01970318787783,5.050695960152782,1.0,0.2809044544091637,0.282740862181681,266.5660514829907,266.6030007489021,0.28868421587607584,0.25
MAIN,1.5,0.7,100,dollars,HT,COR-500,DEF-0.5,2.5232282492749407,2.522859086338443,2.54795583310509,1.0,0.141251767342493,0.14263603169476552,399.54757308284525,399.7136401072191,0.5419351135620187,0.5
MAIN,1.5,0.7,100,dollars,HT,COR-500,DEF-0.75,1.398198604714245,1.3960767619015184,1.4168491323208698,1.0,0.07827196135286084,0.07931602860562037,797.2915653721452,798.2842972200499,0.8830162921518416,0.75
MAIN,1.5,0.7,100,dollars,HT,COR-500,RA-EST,0.9411676166593245,0.925875699057634,0.9386753605544389,0.015,0.05268710401322307,0.05254758608432132,176625.04792795476,279172.69041985535,2.2220708812348535,1.0
MAIN,1.5,0.7,100,dollars,HT,KS-2000,DEF-0.0,17.86244615081321,17.86244615081321,17.86244615081321,1.0,0.99995,0.99995,200.0,200.0,0.0,0.0
MAIN,1.5,0.7,100,dollars,HT,KS-2000,DEF-0.25,5.013330608198007,5.013437630246871,5.0299604444692205,1.0,0.2806491283076238,0.2815800760982568,266.5636652261802,266.57886413755335,0.28877099554045194,0.25
MAIN,1.5,0.7,100,dollars,HT,KS-2000,DEF-0.5,2.5184196818221194,2.5185888567830323,2.5307164119876426,1.0,0.14098258097328847,0.14167095899414847,399.5368513053321,399.6051486361067,0.5418927671153176,0.5
MAIN,1.5,0.7,100,dollars,HT,KS-2000,DEF-0.75,1.3924956374428354,1.3922999758793566,1.400771145210449,1.0,0.07795270596785375,0.07841597364812321,797.2275281682437,797.6355598288403,0.88275614212708,0.75
MAIN,1.5,0.7,100,dollars,HT,KS-2000,RA-EST,0.9225945818284162,0.9222115624028844,0.9241158028381073,0.0,0.05164737485057861,0.05173253367685569,172530.77667143187,202407.88864447703,2.210690618135664,1.0
MAIN,1.5,0.7,100,dollars,HT,MIS-G-10000,DEF-0.0,17.86244615081321,17.86244615081321,17.86244615081321,1.0,0.99995,0.99995,200.0,200.0,0.0,0.0
MAIN,1.5,0.7,100,dollars,HT,MIS-G-10000,DEF-0.25,5.028855390157662,5.028618992610616,5.035011811273797,1.0,0.2815182145228872,0.28186285451469484,266.53381577877735,266.54358762014573,0.2881506689893667,0.25
MAIN,1.5,0.7,100,dollars,HT,MIS-G-10000,DEF-0.5,2.5329980069458093,2.532929906615519,2.5377219722051945,1.0,0.14179868399100257,0.14206313428080272,399.4027660774277,399.4466550808949,0.5404987971290311,0.5
MAIN,1.5,0.7,100,dollars,HT,MIS-G-10000,DEF-0.75,1.4062794382896349,1.4061949504186297,1.4096387159214974,1.0,0.078724331059982,0.07891238535218924,796.4272652565496,796.689090885874,0.8796864910302566,0.75
MAIN,1.5,0.7,100,dollars,HT,MIS-G-10000,RA-EST,0.9350291318868603,0.9349919508734834,0.9351815367792108,0.0,0.05234346810824115,0.052351999821692884,133750.86482538987,144375.71259824227,2.15649119779503,1.0
MAIN,1.5,0.7,100,dollars,HT,MIS-G-2000,DEF-0.0,17.86244615081321,17.86244615081321,17.86244615081321,1.0,0.99995,0.99995,200.0,200.0,0.0,0.0
MAIN,1.5,0.7,100,dollars,HT,MIS-G-2000,DEF-0.25,5.029428900576864,5.03037660510639,5.0435567793496014,1.0,0.2815503199657163,0.28234120673785945,266.5345796461828,266.55310048039945,0.2880921618118858,0.25
MAIN,1.5,0.7,100,dollars,HT,MIS-G-2000,DEF-0.5,2.5333529732608775,2.5339152574378074,2.544506434226968,1.0,0.14181855520929795,0.14244293236340536,399.4061966607158,399.489387074518,0.5404234116166996,0.5
MAIN,1.5,0.7,100,dollars,HT,MIS-G-2000,DEF-0.75,1.4065328311326493,1.406793076830907,1.414625406821276,1.0,0.07873851613694365,0.0791915431743113,796.4477267236671,796.9441242952904,0.8795238747621077,0.75
MAIN,1.5,0.7,100,dollars,HT,MIS-G-2000,RA-EST,0.9354618089659482,0.9352878165271699,0.936118736244198,0.0,0.05236768961976208,0.052404464786295235,134524.74819257273,156474.45174531688,2.156795628168047,1.0
MAIN,1.5,0.7,100,dollars,HT,MIS-I-2000,DEF-0.0,17.86244615081321,17.86244615081321,17.86244615081321,1.0,0.99995,0.99995,200.0,200.0,0.0,0.0
MAIN,1.5,0.7,100,dollars,HT,MIS-I-2000,DEF-0.25,5.015931386364316,5.01680204032019,5.031372621181745,1.0,0.2807947213638851,0.2816591305621172,266.56527256508593,266.58269938265005,0.28870132067092963,0.25
MAIN,1.5,0.7,100,dollars,HT,MIS-I-2000,DEF-0.5,2.521036113352818,2.521458841983307,2.5327997482529323,1.0,0.1411290503138834,0.1417875853554479,399.5440732551458,399.6223850275382,0.5417262294799001,0.5
MAIN,1.5,0.7,100,dollars,HT,MIS-I-2000,DEF-0.75,1.395183563579834,1.3954415113398797,1.4033409762566376,1.0,0.07810317761759304,0.07855983426681676,797.270661425621,797.7385799106212,0.8824136221814459,0.75
MAIN,1.5,0.7,100,dollars,HT,MIS-I-2000,RA-EST,0.9255547561537446,0.9253564301709001,0.9269770024570713,0.0,0.0518130871103453,0.05189270527568526,175266.85505101964,211656.7541522392,2.2038822155939766,1.0
MAIN,1.5,0.7,100,rate,DIFF,COR-10000,DEF-0.0,1.003002386350095,1.0029743513949563,1.0030917659881429,1.0,0.99995,0.9999500000000002,200.0,200.0,0.0,0.0
MAIN,1.5,0.7,100,rate,DIFF,COR-10000,DEF-0.25,0.971215690467366,0.9712084746017399,0.9721381402339315,0.0,0.9682600364826854,0.9692258536470074,265.7319632538878,266.03593822555774,0.07854048898130861,0.25
MAIN,1.5,0.7,100,rate,DIFF,COR-10000,DEF-0.5,0.9462430713915098,0.9461787604048404,0.9475843114913722,0.0,0.9433634132068152,0.9447451554624642,395.8231159118815,397.1750851729248,0.1685007467673022,0.5
MAIN,1.5,0.7,100,rate,DIFF,COR-10000,DEF-0.75,0.9284691974282235,0.9283423412495387,0.9296759582331162,0.0,0.9256436280124244,0.9268856185284945,775.4513818721074,783.2865809975706,0.28363218689129027,0.75
MAIN,1.5,0.7,100,rate,DIFF,COR-10000,RA-EST,0.9206705739879659,0.9205040259760128,0.9213916693196781,0.0,0.9178687381354679,0.9186325478597629,18953.137739740938,28119.44206649582,0.5368287728809921,1.0
MAIN,1.5,0.7,100,rate,DIFF,COR-2000,DEF-0.0,1.0031934661977244,1.0030924617115793,1.0035954533314688,1.0,0.99995,0.9999500000000002,200.0,200.0,0.0,0.0
MAIN,1.5,0.7,100,rate,DIFF,COR-2000,DEF-0.25,0.9712913845326567,0.9711452600541268,0.9734032314367028,0.0,0.9681510256066683,0.9702395468668149,265.78006935229814,266.3396389928108,0.07940809859210746,0.25
MAIN,1.5,0.7,100,rate,DIFF,COR-2000,DEF-0.5,0.9464359498621009,0.946190799727674,0.9496929637493112,0.0,0.9433759241783974,0.9465873971944875,396.03666793492425,398.53197613870293,0.17086010401291735,0.5
MAIN,1.5,0.7,100,rate,DIFF,COR-2000,DEF-0.75,0.9291268850154362,0.9287814147705209,0.9323814805180153,0.0,0.9261228089971829,0.9292209090649037,776.6821200534546,791.2560392156021,0.28875877544131484,0.75
MAIN,1.5,0.7,100,rate,DIFF,COR-2000,RA-EST,0.9232466089028801,0.9221003309454067,0.9259698037203553,0.0,0.9202616115455595,0.9230111127612661,19986.369649804532,54295.603332651706,0.5511601233473862,1.0
MAIN,1.5,0.7,100,rate,DIFF,COR-500,DEF-0.0,1.0041853623994113,1.0034922874613297,1.0062308149509598,1.0,0.99995,0.9999500000000002,200.0,200.0,0.0,0.0
MAIN,1.5,0.7,100,rate,DIFF,COR-500,DEF-0.25,0.9723290694931316,0.9720836491965917,0.9767283546425122,0.0,0.9682278247827841,0.9723282393873526,265.96994392412677,266.60912516000735,0.08208502979884685,0.25
MAIN,1.5,0.7,100,rate,DIFF,COR-500,DEF-0.5,0.948267463493416,0.9480498038297548,0.9547071410549982,0.0,0.9442673796602389,0.9505654349213746,396.88105013652853,399.741174919255,0.1768316703040256,0.5
MAIN,1.5,0.7,100,rate,DIFF,COR-500,DEF-0.75,0.9330636566109928,0.9320238330702801,0.9390563411422294,0.0,0.9291272631214259,0.9349613785959262,781.573734178356,798.4490566367184,0.3013953541414305,0.75
MAIN,1.5,0.7,100,rate,DIFF,COR-500,RA-EST,0.9441123422324844,0.9280705722614601,0.9637718206797189,0.045,0.9401316517050483,0.9575479258640132,25456.946100094443,308889.98318775813,0.6077121657961406,1.0
MAIN,1.5,0.7,100,rate,DIFF,KS-2000,DEF-0.0,1.0032207938654605,1.0030748830482632,1.0037375984044734,1.0,0.99995,0.9999500000000002,200.0,200.0,0.0,0.0
MAIN,1.5,0.7,100,rate,DIFF,KS-2000,DEF-0.25,0.9714433287139933,0.9715506244032555,0.9737067098836182,0.0,0.9682761135625989,0.9702763429836078,265.6254354540787,266.3424504304838,0.07842577737809979,0.25
MAIN,1.5,0.7,100,rate,DIFF,KS-2000,DEF-0.5,0.9466930202283435,0.9467320249134678,0.9499974724351959,0.0,0.9436064784002839,0.9468492696997084,395.35076658055857,398.54456601247665,0.16793819143524297,0.5
MAIN,1.5,0.7,100,rate,DIFF,KS-2000,DEF-0.75,0.9294257053548162,0.9293339604069906,0.9325402588968781,0.0,0.9263954399764748,0.9296607268906152,772.7383302535702,791.3304857854359,0.28208448965140387,0.75
MAIN,1.5,0.7,100,rate,DIFF,KS-2000,RA-EST,0.9230490279060996,0.9222524626156423,0.9260446640585392,0.0,0.9200394971111409,0.9229505258530994,17007.177782363113,54766.58362104456,0.5223969502929534,1.0
MAIN,1.5,0.7,100,rate,DIFF,MIS-G-10000,DEF-0.0,1.0031194631343563,1.0030839183687525,1.0032287440612633,1.0,0.99995,0.9999500000000002,200.0,200.0,0.0,0.0
MAIN,1.5,0.7,100,rate,DIFF,MIS-G-10000,DEF-0.25,0.9810127325370326,0.9809811562855617,0.9818206830775867,0.0,0.9779131084847691,0.9787493676872271,255.1249828878731,255.98982573808885,0.06219242356428181,0.25
MAIN,1.5,0.7,100,rate,DIFF,MIS-G-10000,DEF-0.5,0.9640625114718123,0.9640134732049503,0.9652360444719096,0.0,0.9610164381263463,0.9622223654303024,352.20010733880974,355.51630582893097,0.12996289624013949,0.5
MAIN,1.5,0.7,100,rate,DIFF,MIS-G-10000,DEF-0.75,0.9526916652484748,0.9526245682067753,0.9536844939651217,0.0,0.9496815189294129,0.9506828234109049,568.523421955505,581.6605599563289,0.2074716541466169,0.75
MAIN,1.5,0.7,100,rate,DIFF,MIS-G-10000,RA-EST,0.9483287948486856,0.9482706937737244,0.9486189315658751,0.0,0.945332440964123,0.945575032621992,1473.6439257475884,1598.4118158571116,0.3055788492277735,1.0
MAIN,1.5,0.7,100,rate,DIFF,MIS-G-2000,DEF-0.0,1.0033757075184517,1.0032170279536232,1.0039098385108733,1.0,0.99995,0.9999500000000002,200.0,200.0,0.0,0.0
MAIN,1.5,0.7,100,rate,DIFF,MIS-G-2000,DEF-0.25,0.981208514469586,0.9811794395515874,0.9828871772775074,0.0,0.9778584421768592,0.9793158650413827,255.00577397054286,256.9447911655172,0.062156482770249766,0.25
MAIN,1.5,0.7,100,rate,DIFF,MIS-G-2000,DEF-0.5,0.964281178209579,0.9642490651029078,0.9666006003482045,0.0,0.9609888640688072,0.9630470337166402,351.7461087533722,359.2246584308529,0.1298248355520964,0.5
MAIN,1.5,0.7,100,rate,DIFF,MIS-G-2000,DEF-0.75,0.9530328806958631,0.9528648888718618,0.9551315995152381,0.0,0.9497789459348773,0.951557315815437,566.7522182475789,596.7798332192303,0.20740302462400179,0.75
MAIN,1.5,0.7,100,rate,DIFF,MIS-G-2000,RA-EST,0.9489635446999602,0.9486963648201655,0.9501005142927658,0.0,0.9457234849874054,0.946405986935719,1457.8973920148042,1761.9714504079307,0.3052774055049169,1.0
MAIN,1.5,0.7,100,rate,DIFF,MIS-I-2000,DEF-0.0,1.0032096860649786,1.0030891801727795,1.003573886857781,1.0,0.99995,0.9999500000000002,200.0,200.0,0.0,0.0
MAIN,1.5,0.7,100,rate,DIFF,MIS-I-2000,DEF-0.25,0.9744806466138229,0.9744662271761799,0.9767198434655933,0.0,0.9713142511745829,0.9733601357598977,259.25485436874516,260.99073085224666,0.0713495863383352,0.25
MAIN,1.5,0.7,100,rate,DIFF,MIS-I-2000,DEF-0.5,0.9522021041228185,0.9522130621135818,0.9552434993277088,0.0,0.9491080611661153,0.9521955111991086,368.4032659999083,375.50119202700006,0.1496748928279742,0.5
MAIN,1.5,0.7,100,rate,DIFF,MIS-I-2000,DEF-0.75,0.9366992195269239,0.9365786828059723,0.9396618787545494,0.0,0.9336555343103065,0.9364679566276318,636.2840787708717,669.0480011296711,0.24111096670526339,0.75
MAIN,1.5,0.7,100,rate,DIFF,MIS-I-2000,RA-EST,0.929734577686432,0.9295520291351393,0.9322831876071689,0.0,0.9267135325780665,0.9292737314648849,2331.911866857912,3065.467198338375,0.36438469533669654,1.0
MAIN,1.5,0.7,100,rate,HT,COR-10000,DEF-0.0,1.0471259521741185,1.0471259521741185,1.0471259521741185,1.0,0.9999499999999995,0.9999499999999995,200.0,200.0,0.0,0.0
MAIN,1.5,0.7,100,rate,HT,COR-10000,DEF-0.25,0.9992744816150645,0.9992329837816166,1.0005740199394124,0.225,0.9542543719944301,0.9554953624834289,260.84581813589176,262.2121431373726,0.04883885870914399,0.25
MAIN,1.5,0.7,100,rate,HT,COR-10000,DEF-0.5,0.9622470648150845,0.9621931904058894,0.9641843498960168,0.0,0.9188951438593,0.9207451488301979,374.9018780638401,380.60269177299415,0.10196637939413786,0.5
MAIN,1.5,0.7,100,rate,HT,COR-10000,DEF-0.75,0.9373655580663953,0.9372767982995508,0.9390502302834368,0.0,0.8951346185646174,0.8967433915875122,666.2017417332452,693.9059111752871,0.1623072564050611,0.75
MAIN,1.5,0.7,100,rate,HT,COR-10000,RA-EST,0.9279161024314736,0.9278519803708689,0.9281994512781694,0.0,0.886110887329114,0.886381470517951,2987.4998241623343,3924.3109452869244,0.23795981224374496,1.0
MAIN,1.5,0.7,100,rate,HT,COR-2000,DEF-0.0,1.0471259521741185,1.0471259521741185,1.0471259521741185,1.0,0.9999499999999995,0.9999499999999995,200.0,200.0,0.0,0.0
MAIN,1.5,0.7,100,rate,HT,COR-2000,DEF-0.25,0.9991443917037983,0.9993244167476814,1.001996182994649,0.36,0.9541301429974308,0.9568534531163,260.95531598018226,263.95118139560986,0.049004273649942365,0.25
MAIN,1.5,0.7,100,rate,HT,COR-2000,DEF-0.5,0.9621986502333904,0.9623684591536353,0.9663925862525852,0.0,0.9188489104898906,0.9228538979641163,375.35461105787385,388.02421881859374,0.10242984518386977,0.5
MAIN,1.5,0.7,100,rate,HT,COR-2000,DEF-0.75,0.937717641651052,0.9378708621355528,0.9412565088986383,0.0,0.8954708397992708,0.8988502711817866,668.3504476889668,732.2048450733598,0.16304980177095277,0.75
MAIN,1.5,0.7,100,rate,HT,COR-2000,RA-EST,0.9293818640622704,0.9290989150487916,0.9309244976285104,0.0,0.8875106122998035,0.8889837459102914,3046.0453903492926,6480.205805736614,0.24003135348289933,1.0
MAIN,1.5,0.7,100,rate,HT,COR-500,DEF-0.0,1.0471259521741185,1.0471259521741185,1.0471259521741185,1.0,0.9999499999999995,0.9999499999999995,200.0,200.0,0.0,0.0
MAIN,1.5,0.7,100,rate,HT,COR-500,DEF-0.25,0.999397490726811,0.9996287273141868,1.0054579001600352,0.485,0.954371839201728,0.9601592102435497,261.47303513497656,265.88962168657247,0.049372043828806514,0.25
MAIN,1.5,0.7,100,rate,HT,COR-500,DEF-0.5,0.9632055802128769,0.9633682488868891,0.9720791991115068,0.0,0.9198104754581707,0.9282843130125373,377.5049172985083,396.5235583076601,0.10311583192873391,0.5
MAIN,1.5,0.7,100,rate,HT,COR-500,DEF-0.75,0.9404456185855704,0.9392804155276788,0.9488147067433734,0.0,0.8980759137447766,0.906067951078986,678.675832118412,779.4977344949981,0.1644660693220013,0.75
MAIN,1.5,0.7,100,rate,HT,COR-500,RA-EST,0.9417682586581235,0.9338198602619388,0.9453376633778259,0.01,0.8993389651836253,0.9027475582397478,3356.432046481532,22812.70164322969,0.24985771758029782,1.0
MAIN,1.5,0.7,100,rate,HT,KS-2000,DEF-0.0,1.0471259521741185,1.0471259521741185,1.0471259521741185,1.0,0.9999499999999995,0.9999499999999995,200.0,200.0,0.0,0.0
MAIN,1.5,0.7,100,rate,HT,KS-2000,DEF-0.25,0.9993590835521465,0.9991626867148193,1.0022585605948668,0.385,0.9543351623776782,0.9571040098719539,260.2689249871937,263.95228729875447,0.049275357468995806,0.25
MAIN,1.5,0.7,100,rate,HT,KS-2000,DEF-0.5,0.9625518730020589,0.962222212180857,0.9667992788279711,0.0,0.9191862195851306,0.9232422679017659,372.52843208992897,388.02900756375396,0.10287352958292789,0.5
MAIN,1.5,0.7,100,rate,HT,KS-2000,DEF-0.75,0.9381246875537284,0.9376803717486446,0.9417029637375414,0.0,0.8958595471458283,0.8992766119817964,655.0780249282084,732.2305541949486,0.16395226461367274,0.75
MAIN,1.5,0.7,100,rate,HT,KS-2000,RA-EST,0.9297075492438416,0.9294328180942573,0.9311667966573132,0.0,0.8878216244532469,0.8892151286903173,2712.3118707985295,6483.125090534352,0.24169051023427157,1.0
MAIN,1.5,0.7,100,rate,HT,MIS-G-10000,DEF-0.0,1.0471259521741185,1.0471259521741185,1.0471259521741185,1.0,0.9999499999999995,0.9999499999999995,200.0,200.0,0.0,0.0
MAIN,1.5,0.7,100,rate,HT,MIS-G-10000,DEF-0.25,1.0076732499818533,1.0076249534702852,1.0088792112279448,1.0,0.9622747523612171,0.9634263816809999,250.67751123828253,251.6850378062711,0.04371333637553275,0.25
MAIN,1.5,0.7,100,rate,HT,MIS-G-10000,DEF-0.5,0.9772304311647503,0.9771586860175844,0.979016378218676,0.0,0.9332034676576361,0.9349089528028236,335.753192567746,339.3926559718573,0.09077056690127683,0.5
MAIN,1.5,0.7,100,rate,HT,MIS-G-10000,DEF-0.75,0.9568443862236649,0.9567935039508554,0.9584063937752799,0.0,0.9137358710456779,0.9152275057893251,508.2418185955141,520.9257652508569,0.14305196546142987,0.75
MAIN,1.5,0.7,100,rate,HT,MIS-G-10000,RA-EST,0.9488479808903927,0.9488057841412036,0.949050544086662,0.0,0.9060997261326389,0.9062931632904985,1045.1981429083112,1119.973854850322,0.20450536399841213,1.0
MAIN,1.5,0.7,100,rate,HT,MIS-G-2000,DEF-0.0,1.0471259521741185,1.0471259521741185,1.0471259521741185,1.0,0.9999499999999995,0.9999499999999995,200.0,200.0,0.0,0.0
MAIN,1.5,0.7,100,rate,HT,MIS-G-2000,DEF-0.25,1.007660569488073,1.007797128560097,1.0099862400124493,1.0,0.9622626431591396,0.9644835357232304,250.50178083416634,252.843465205094,0.043557507934498946,0.25
MAIN,1.5,0.7,100,rate,HT,MIS-G-2000,DEF-0.5,0.9772768076137105,0.9774508371367507,0.9806176217538749,0.0,0.9332477547178903,0.9364380558392802,335.12343152266817,343.63879675396674,0.09045054462513724,0.5
MAIN,1.5,0.7,100,rate,HT,MIS-G-2000,DEF-0.75,0.9570564759842588,0.9571446857257777,0.9598879480167416,0.0,0.9139384055695007,0.9166423118694091,506.08241396976473,536.1791775072066,0.1425781219394212,0.75
MAIN,1.5,0.7,100,rate,HT,MIS-G-2000,RA-EST,0.9494317638779128,0.9491742190508685,0.9504627321520117,0.0,0.9066572080641666,0.9076417283346697,1033.1108911054807,1219.4186153991643,0.20398430717489324,1.0
MAIN,1.5,0.7,100,rate,HT,MIS-I-2000,DEF-0.0,1.0471259521741185,1.0471259521741185,1.0471259521741185,1.0,0.9999499999999995,0.9999499999999995,200.0,200.0,0.0,0.0
MAIN,1.5,0.7,100,rate,HT,MIS-I-2000,DEF-0.25,1.0001471630353378,1.0000260714584597,1.0031093489437455,0.51,0.9550877366764826,0.9579164678266963,250.71933642147678,253.26849628060535,0.04872526130317602,0.25
MAIN,1.5,0.7,100,rate,HT,MIS-I-2000,DEF-0.5,0.9640454781441157,0.9638276671758526,0.9683306960681289,0.0,0.9206125336390406,0.9247046905130251,335.9033058676108,345.21352252601923,0.10172100425721489,0.5
MAIN,1.5,0.7,100,rate,HT,MIS-I-2000,DEF-0.75,0.9403261405098461,0.9401121297878354,0.9440944159932716,0.0,0.8979618184904544,0.9015603226263015,508.7581143247381,541.9652192482898,0.16194134634264598,0.75
MAIN,1.5,0.7,100,rate,HT,MIS-I-2000,RA-EST,0.9326707320990412,0.9323479802015178,0.9345636465733269,0.0,0.8906513076350119,0.8924589410191641,1048.115506499007,1260.214354340027,0.23530134770587413,1.0
MAIN,1.5,0.7,400,dollars,DIFF,COR-10000,DEF-0.0,2.737008999882321,2.7364656883681775,2.7387033020352907,1.0,0.9999499999999999,0.9999500000000001,50.0,50.0,0.0,0.0
MAIN,1.5,0.7,400,dollars,DIFF,COR-10000,DEF-0.25,1.3917323769925352,1.3913623250838547,1.3978121918139172,1.0,0.5084613754233827,0.5106882234344803,66.62183180756864,66.63545810215288,0.2547207453785191,0.25
MAIN,1.5,0.7,400,dollars,DIFF,COR-10000,DEF-0.5,1.0706718460935643,1.0704698567661173,1.0747852145968104,1.0,0.391163774869076,0.39258824621975963,99.79851414202197,99.85969282329246,0.48194462527264315,0.5
MAIN,1.5,0.7,400,dollars,DIFF,COR-10000,DEF-0.75,0.9197057333407632,0.9196765420842252,0.9221212405974425,0.0,0.3360091639155079,0.3369100942089521,198.79593689056236,199.16051266238506,0.7758682725444176,0.75
MAIN,1.5,0.7,400,dollars,DIFF,COR-10000,RA-EST,0.8590163318745375,0.8588811461842265,0.859661370715257,0.0,0.31383659450776286,0.31407256784447146,24765.661351229905,35586.105981433924,1.6600921289438983,1.0
MAIN,1.5,0.7,400,dollars,DIFF,COR-2000,DEF-0.0,2.741061928126456,2.7381131995214423,2.7510122761674247,1.0,0.9999499999999999,0.9999500000000001,50.0,50.0,0.0,0.0
MAIN,1.5,0.7,400,dollars,DIFF,COR-2000,DEF-0.25,1.392394320217424,1.391014650482104,1.4068438840707373,1.0,0.5079534891223182,0.5129978887328777,66.62463500333408,66.6509316720094,0.25518834609773494,0.25
MAIN,1.5,0.7,400,dollars,DIFF,COR-2000,DEF-0.5,1.071313594011404,1.0704332157580048,1.0812297219446518,1.0,0.3908217575998698,0.39408969406514704,99.81109571393378,99.92922594517923,0.48290080860882123,0.5
MAIN,1.5,0.7,400,dollars,DIFF,COR-2000,DEF-0.75,0.9206665467064248,0.9202503209405857,0.9260755709963476,0.0,0.33586493274990836,0.33781709752491756,198.87084034716554,199.57595611696797,0.7780164507661381,0.75
MAIN,1.5,0.7,400,dollars,DIFF,COR-2000,RA-EST,0.8614520730977224,0.8604446289613517,0.8640597666417886,0.0,0.31426318345161347,0.31544961001690164,26418.44064821973,70624.66721497437,1.667164665755248,1.0
MAIN,1.5,0.7,400,dollars,DIFF,COR-500,DEF-0.0,2.7600341039763334,2.746916691246083,2.799887611751097,1.0,0.9999499999999999,0.9999500000000001,50.0,50.0,0.0,0.0
MAIN,1.5,0.7,400,dollars,DIFF,COR-500,DEF-0.25,1.4025177723433686,1.3986863808908332,1.4323247122358678,1.0,0.5082108999340202,0.5188189069315295,66.63124224180996,66.66483303679735,0.2549012888610488,0.25
MAIN,1.5,0.7,400,dollars,DIFF,COR-500,DEF-0.5,1.0794698067629174,1.0773571444384724,1.0993990795247932,1.0,0.39115661778303923,0.3988087767947087,99.84075940096616,99.99174911948998,0.48248471246525626,0.5
MAIN,1.5,0.7,400,dollars,DIFF,COR-500,DEF-0.75,0.9288627919804472,0.9261750655043763,0.9435594681346042,0.005,0.3365744457025853,0.3419940652512399,199.04759112363578,199.95050288537706,0.7773375564039005,0.75
MAIN,1.5,0.7,400,dollars,DIFF,COR-500,RA-EST,0.8824469548092521,0.8666800929845793,0.8995341880584071,0.02,0.31964627383078154,0.3256482243809019,31364.34881341421,605987.0119687096,1.6926066380044933,1.0
MAIN,1.5,0.7,400,dollars,DIFF,KS-2000,DEF-0.0,2.740628359475553,2.738329989594564,2.7498550028883146,1.0,0.9999499999999999,0.9999500000000001,50.0,50.0,0.0,0.0
MAIN,1.5,0.7,400,dollars,DIFF,KS-2000,DEF-0.25,1.395000809004888,1.3939838869691548,1.411504654452394,1.0,0.5089837479481776,0.5142303527110289,66.61832183692431,66.64992253174873,0.2542929019713138,0.25
MAIN,1.5,0.7,400,dollars,DIFF,KS-2000,DEF-0.5,1.0732208349191847,1.0729305926250343,1.0835133559937635,1.0,0.3915787674934997,0.3949933561289807,99.78276333480129,99.92468926475973,0.48123963772094036,0.5
MAIN,1.5,0.7,400,dollars,DIFF,KS-2000,DEF-0.75,0.9218820206815731,0.9216159221462201,0.9276935203715292,0.0,0.3363611483633171,0.3383085771787137,198.7022185330288,199.5488159127524,0.7741408462012175,0.75
MAIN,1.5,0.7,400,dollars,DIFF,KS-2000,RA-EST,0.861381016352768,0.8606591560858154,0.8640909939882702,0.0,0.31428682267035496,0.3156575814648447,22966.412892655346,66421.53680124914,1.6563160555582885,1.0
MAIN,1.5,0.7,400,dollars,DIFF,MIS-G-10000,DEF-0.0,2.712113068300186,2.7115802211733397,2.7137358217289758,1.0,0.9999499999999999,0.9999500000000001,50.0,50.0,0.0,0.0
MAIN,1.5,0.7,400,dollars,DIFF,MIS-G-10000,DEF-0.25,1.4183356090442012,1.4183324194913447,1.4242681262053398,1.0,0.5229378897444389,0.5251312446474194,66.57983323943122,66.58454588984877,0.24950866825753656,0.25
MAIN,1.5,0.7,400,dollars,DIFF,MIS-G-10000,DEF-0.5,1.101076831531042,1.1011431620542735,1.1050927090302474,1.0,0.40596508717879426,0.40753357727581774,99.61026483863796,99.63136468288073,0.47230814966952167,0.5
MAIN,1.5,0.7,400,dollars,DIFF,MIS-G-10000,DEF-0.75,0.951671791172084,0.9516922814387683,0.9539678458279743,0.0,0.35087960061894513,0.35178749485128047,197.67967527452805,197.80437578987912,0.757746050573145,0.75
MAIN,1.5,0.7,400,dollars,DIFF,MIS-G-10000,RA-EST,0.892968907163997,0.8929143891273226,0.8933131854629561,0.0,0.3292357313596444,0.32937586324309104,12779.224859419543,13513.54040159215,1.5355650446029006,1.0
MAIN,1.5,0.7,400,dollars,DIFF,MIS-G-2000,DEF-0.0,2.716610057753905,2.713233334707667,2.7247798844418747,1.0,0.9999499999999999,0.9999500000000001,50.0,50.0,0.0,0.0
MAIN,1.5,0.7,400,dollars,DIFF,MIS-G-2000,DEF-0.25,1.4207553334903105,1.4189440889289782,1.4390562514051504,1.0,0.5229726466900901,0.5294302470997542,66.5800106855834,66.58930892480285,0.24933218941194357,0.25
MAIN,1.5,0.7,400,dollars,DIFF,MIS-G-2000,DEF-0.5,1.102597413394839,1.1015093020575595,1.1149524075256045,1.0,0.4058612030435777,0.41005392467161217,99.61105920657454,99.65269617352546,0.47205505697619443,0.5
MAIN,1.5,0.7,400,dollars,DIFF,MIS-G-2000,DEF-0.75,0.9526545937745234,0.9518809929577221,0.9600246978472521,0.0,0.350667603168613,0.352936480657951,197.6843681147018,197.9305518114322,0.7573595426716306,0.75
MAIN,1.5,0.7,400,dollars,DIFF,MIS-G-2000,RA-EST,0.8935415229792063,0.8932487773859854,0.8946216764657715,0.0,0.32890667873644036,0.32954171521978426,12805.427921419143,14346.845611764484,1.5352645614008384,1.0
MAIN,1.5,0.7,400,dollars,DIFF,MIS-I-2000,DEF-0.0,2.748384615729669,2.7460767179706362,2.756844082836806,1.0,0.9999499999999999,0.9999500000000001,50.0,50.0,0.0,0.0
MAIN,1.5,0.7,400,dollars,DIFF,MIS-I-2000,DEF-0.25,1.4022163646666324,1.4004380316889233,1.4186579118659346,1.0,0.510176176047734,0.5159439431331128,66.59720957602916,66.60662738339516,0.25224997818049055,0.25
MAIN,1.5,0.7,400,dollars,DIFF,MIS-I-2000,DEF-0.5,1.080224397398041,1.0791983273844745,1.0915372158125412,1.0,0.3930241507994075,0.3970097397687984,99.68809301668418,99.73030898693376,0.47656043267931825,0.5
MAIN,1.5,0.7,400,dollars,DIFF,MIS-I-2000,DEF-0.75,0.9286846190886939,0.9285151216751658,0.9350039384792312,0.0,0.3378881841704014,0.3401420651917381,198.14016004160544,198.39053508609442,0.7642555721086807,0.75
MAIN,1.5,0.7,400,dollars,DIFF,MIS-I-2000,RA-EST,0.8672008480767377,0.8667982786157074,0.8700001436771194,0.0,0.3155171884536942,0.3167067471299131,15980.420296362301,18489.73538126305,1.5579604712424833,1.0
MAIN,1.5,0.7,400,dollars,HT,COR-10000,DEF-0.0,18.32215560793944,18.32215560793944,18.32215560793944,1.0,0.9999499999999999,0.9999499999999999,50.0,50.0,0.0,0.0
MAIN,1.5,0.7,400,dollars,HT,COR-10000,DEF-0.25,5.041734882933922,5.041850517261281,5.048788386135669,1.0,0.27515773275089844,0.27554268475531923,66.64047223878721,66.64244064307069,0.2887577938172268,0.25
MAIN,1.5,0.7,400,dollars,HT,COR-10000,DEF-0.5,2.518049451362236,2.518152217502535,2.5233092489177844,1.0,0.13742507174202742,0.13771213046362193,99.8822176317949,99.8910620678056,0.5418025089817194,0.5
MAIN,1.5,0.7,400,dollars,HT,COR-10000,DEF-0.75,1.3933855933240866,1.3934079458745323,1.3970281862492695,1.0,0.07604541484412797,0.0762442130026786,199.29496660083782,199.34779340758632,0.8825880872751286,0.75
MAIN,1.5,0.7,400,dollars,HT,COR-10000,RA-EST,0.924087090874211,0.9239876506984604,0.9245024371974041,0.0,0.05043297886408396,0.050455646805824234,42401.17564097065,45847.695188610596,2.206860611833316,1.0
MAIN,1.5,0.7,400,dollars,HT,COR-2000,DEF-0.0,18.32215560793944,18.32215560793944,18.32215560793944,1.0,0.9999499999999999,0.9999499999999999,50.0,50.0,0.0,0.0
MAIN,1.5,0.7,400,dollars,HT,COR-2000,DEF-0.25,5.042482412751936,5.043583273394743,5.056099902540403,1.0,0.2751985299396964,0.2759417180888068,66.64031849501046,66.64409187129199,0.28869238306753753,0.25
MAIN,1.5,0.7,400,dollars,HT,COR-2000,DEF-0.5,2.51885271754829,2.519776141576933,2.5292484214864963,1.0,0.13746891079895568,0.13803626675725267,99.88152687405787,99.89848217314157,0.5417074849330887,0.5
MAIN,1.5,0.7,400,dollars,HT,COR-2000,DEF-0.75,1.3943054021681085,1.3948744062050338,1.4014691239511132,1.0,0.07609561433338353,0.0764865816273089,199.2908415687255,199.3921272373333,0.8823426604669633,0.75
MAIN,1.5,0.7,400,dollars,HT,COR-2000,RA-EST,0.925617310936903,0.9250453770555724,0.9275641472168031,0.0,0.05051649215719374,0.050622742697782025,42153.665391263115,49202.435192714,2.206110372707046,1.0
MAIN,1.5,0.7,400,dollars,HT,COR-500,DEF-0.0,18.32215560793944,18.32215560793944,18.32215560793944,1.0,0.9999499999999999,0.9999499999999999,50.0,50.0,0.0,0.0
MAIN,1.5,0.7,400,dollars,HT,COR-500,DEF-0.25,5.047373929333538,5.049193996484996,5.080863891609857,1.0,0.27546548935814236,0.2772932376042982,66.64151287074768,66.65075018722553,0.28868421587607584,0.25
MAIN,1.5,0.7,400,dollars,HT,COR-500,DEF-0.5,2.5237935403394527,2.52307961756988,2.5484068979574923,1.0,0.1377385611531903,0.13908185980629714,99.88689327071131,99.92841002680477,0.5419351135620187,0.5
MAIN,1.5,0.7,400,dollars,HT,COR-500,DEF-0.75,1.400069161449214,1.39800650068441,1.418702998473152,1.0,0.07641017727108962,0.07742713759665376,199.3228913430363,199.57107430501247,0.8830162921518416,0.75
MAIN,1.5,0.7,400,dollars,HT,COR-500,RA-EST,0.9448941964574997,0.9288149806913595,0.943073977666313,0.015,0.0515685474987589,0.05146920723448025,44156.26198198869,69793.17260496384,2.2220708812348535,1.0
MAIN,1.5,0.7,400,dollars,HT,KS-2000,DEF-0.0,18.32215560793944,18.32215560793944,18.32215560793944,1.0,0.9999499999999999,0.9999499999999999,50.0,50.0,0.0,0.0
MAIN,1.5,0.7,400,dollars,HT,KS-2000,DEF-0.25,5.042672367525791,5.042811346377296,5.059675862188565,1.0,0.2752088969118028,0.27613687966950146,66.64091630654505,66.64471603438834,0.28877099554045194,0.25
MAIN,1.5,0.7,400,dollars,HT,KS-2000,DEF-0.5,2.518868283468688,2.51894510718086,2.5310292840256476,1.0,0.13746976032465752,0.13813345911464392,99.88421282633303,99.90128715902668,0.5418927671153176,0.5
MAIN,1.5,0.7,400,dollars,HT,KS-2000,DEF-0.75,1.3942333792501567,1.3939664404910932,1.4023208023790892,1.0,0.07609168361047368,0.07653306283084618,199.30688204206092,199.40888995721008,0.88275614212708,0.75
MAIN,1.5,0.7,400,dollars,HT,KS-2000,RA-EST,0.9256623659788203,0.925190368471104,0.9273322096930992,0.0,0.05051895108124883,0.050610084475038446,43132.69416785797,50601.97216111926,2.210690618135664,1.0
MAIN,1.5,0.7,400,dollars,HT,MIS-G-10000,DEF-0.0,18.32215560793944,18.32215560793944,18.32215560793944,1.0,0.9999499999999999,0.9999499999999999,50.0,50.0,0.0,0.0
MAIN,1.5,0.7,400,dollars,HT,MIS-G-10000,DEF-0.25,5.058446115632367,5.058239666104603,5.064764274354747,1.0,0.27606976501906494,0.27641458486175347,66.63345394469434,66.63589690503643,0.2881506689893667,0.25
MAIN,1.5,0.7,400,dollars,HT,MIS-G-10000,DEF-0.5,2.533397480053498,2.533344194900823,2.538094429567156,1.0,0.13826270578565367,0.13851904651142216,99.85069151935693,99.86166377022373,0.5404987971290311,0.5
MAIN,1.5,0.7,400,dollars,HT,MIS-G-10000,DEF-0.75,1.4078047440944956,1.4077500832821472,1.4111883192429264,1.0,0.0768323544445439,0.07701701644840808,199.1068163141374,199.1722727214685,0.8796864910302566,0.75
MAIN,1.5,0.7,400,dollars,HT,MIS-G-10000,RA-EST,0.9378360967468682,0.9377785001327827,0.9380603152624608,0.0,0.05118334463526025,0.05119558158540218,33437.71620634747,36093.92814956057,2.15649119779503,1.0
MAIN,1.5,0.7,400,dollars,HT,MIS-G-2000,DEF-0.0,18.32215560793944,18.32215560793944,18.32215560793944,1.0,0.9999499999999999,0.9999499999999999,50.0,50.0,0.0,0.0
MAIN,1.5,0.7,400,dollars,HT,MIS-G-2000,DEF-0.25,5.059028269987291,5.060051018038633,5.073532349526409,1.0,0.2761015366762685,0.2768931113493303,66.6336449115457,66.63827512009986,0.2880921618118858,0.25
MAIN,1.5,0.7,400,dollars,HT,MIS-G-2000,DEF-0.5,2.5337424766685244,2.534242588552614,2.544943607434118,1.0,0.13828153432158455,0.13889284725597542,99.85154916517895,99.8723467686295,0.5404234116166996,0.5
MAIN,1.5,0.7,400,dollars,HT,MIS-G-2000,DEF-0.75,1.4080396886072761,1.4082945636346251,1.4159752670593104,1.0,0.07684517677672915,0.07727826892172071,199.11193168091677,199.2360310738226,0.8795238747621077,0.75
MAIN,1.5,0.7,400,dollars,HT,MIS-G-2000,RA-EST,0.9382591147314133,0.9380363228041588,0.9389640885947649,0.0,0.051206431265605354,0.05124490592053913,33631.18704814318,39118.61293632922,2.156795628168047,1.0
MAIN,1.5,0.7,400,dollars,HT,MIS-I-2000,DEF-0.0,18.32215560793944,18.32215560793944,18.32215560793944,1.0,0.9999499999999999,0.9999499999999999,50.0,50.0,0.0,0.0
MAIN,1.5,0.7,400,dollars,HT,MIS-I-2000,DEF-0.25,5.04531313561565,5.046156636597653,5.060981344218983,1.0,0.2753530194761975,0.27620812765932595,66.64131814127148,66.64567484566251,0.28870132067092963,0.25
MAIN,1.5,0.7,400,dollars,HT,MIS-I-2000,DEF-0.5,2.5214726625929686,2.5217954735014,2.5333037045905558,1.0,0.1376118969247962,0.13825758789580622,99.88601831378645,99.90559625688455,0.5417262294799001,0.5
MAIN,1.5,0.7,400,dollars,HT,MIS-I-2000,DEF-0.75,1.3968731080741277,1.3970408494313695,1.4051165914803363,1.0,0.07623574945589123,0.07668564582225909,199.31766535640526,199.4346449776553,0.8824136221814459,0.75
MAIN,1.5,0.7,400,dollars,HT,MIS-I-2000,RA-EST,0.9285603130345756,0.9282560413679228,0.9301878394907901,0.0,0.05067710944538513,0.05076593333241653,43816.71376275491,52914.1885380598,2.2038822155939766,1.0
MAIN,1.5,0.7,400,rate,DIFF,COR-10000,DEF-0.0,0.9999512611489064,0.9999499999999999,0.9999500000000001,0.01,0.9999499999999999,0.9999500000000001,50.0,50.0,0.0,0.0
MAIN,1.5,0.7,400,rate,DIFF,COR-10000,DEF-0.25,0.967776360964842,0.9677523772617088,0.9687555995816899,0.0,0.9677751399751999,0.9687555995816899,66.43299081347195,66.50898455638944,0.07854048898130861,0.25
MAIN,1.5,0.7,400,rate,DIFF,COR-10000,DEF-0.5,0.9424987632786533,0.9424269089776747,0.9439001877387928,0.0,0.9424975739696501,0.9439001877387928,98.95577897797037,99.2937712932312,0.1685007467673022,0.5
MAIN,1.5,0.7,400,rate,DIFF,COR-10000,DEF-0.75,0.9245078363625387,0.9243791018459628,0.9257673048005963,0.0,0.9245066697645207,0.9257673048005963,193.86284546802685,195.82164524939265,0.28363218689129027,0.75
MAIN,1.5,0.7,400,rate,DIFF,COR-10000,RA-EST,0.9166140093164279,0.916453825302675,0.9173877096381831,0.0,0.9166128528501161,0.9173877096381831,4738.2844349352345,7029.860516623955,0.5368287728809921,1.0
MAIN,1.5,0.7,400,rate,DIFF,COR-2000,DEF-0.0,1.0000499552844313,0.99995,1.0003175597900427,0.255,0.9999499999999999,0.9999500000000001,50.0,50.0,0.0,0.0
MAIN,1.5,0.7,400,rate,DIFF,COR-2000,DEF-0.25,0.9677615993627533,0.9676539681733148,0.9699257500398509,0.0,0.9676648474740936,0.9697850783469573,66.44501733807454,66.5849097482027,0.07940809859210746,0.25
MAIN,1.5,0.7,400,rate,DIFF,COR-2000,DEF-0.5,0.9426052428871414,0.9423914306873424,0.9458926388633585,0.0,0.9425109851165514,0.9457709827725244,99.00916698373106,99.63299403467573,0.17086010401291735,0.5
MAIN,1.5,0.7,400,rate,DIFF,COR-2000,DEF-0.75,0.9250866703802484,0.9248008361552263,0.9283083660492664,0.0,0.9249941506709498,0.928138546678008,194.17053001336365,197.81400980390052,0.28875877544131484,0.75
MAIN,1.5,0.7,400,rate,DIFF,COR-2000,RA-EST,0.9191353953231781,0.9179196579562096,0.9219652759485218,0.0,0.9190435093807985,0.9218386979238091,4996.592412451133,13573.900833162927,0.5511601233473862,1.0
MAIN,1.5,0.7,400,rate,DIFF,COR-500,DEF-0.0,1.0009802205301808,1.0002198406518112,1.0030563244129587,0.61,0.9999499999999999,0.9999500000000001,50.0,50.0,0.0,0.0
MAIN,1.5,0.7,400,rate,DIFF,COR-500,DEF-0.25,0.9687418417190595,0.9684546352458308,0.9730770539756012,0.0,0.9677445314725859,0.9719058956929206,66.49248598103169,66.65228129000184,0.08208502979884685,0.25
MAIN,1.5,0.7,400,rate,DIFF,COR-500,DEF-0.5,0.9443917882086963,0.9441955285882209,0.9508164416817779,0.0,0.9434192045300938,0.9498087276835567,99.22026253413213,99.93529372981375,0.1768316703040256,0.5
MAIN,1.5,0.7,400,rate,DIFF,COR-500,DEF-0.75,0.9290060015468461,0.9280050352097304,0.9350129451273894,0.0,0.9280488218446854,0.9339678414808943,195.393433544589,199.6122641591796,0.3013953541414305,0.75
MAIN,1.5,0.7,400,rate,DIFF,COR-500,RA-EST,0.9401896320615809,0.9240540485797331,0.9600426862729666,0.045,0.9392227262825734,0.9569048648306504,6364.236525023611,77222.49579693953,0.6077121657961406,1.0
MAIN,1.5,0.7,400,rate,DIFF,KS-2000,DEF-0.0,1.0000771039695193,0.99995,1.0004642277383287,0.29,0.9999499999999999,0.9999500000000001,50.0,50.0,0.0,0.0
MAIN,1.5,0.7,400,rate,DIFF,KS-2000,DEF-0.25,0.9679149714185645,0.9680408924198567,0.9701863168550405,0.0,0.9677919237105571,0.9698274691192935,66.40635886351967,66.58561260762094,0.07842577737809979,0.25
MAIN,1.5,0.7,400,rate,DIFF,KS-2000,DEF-0.5,0.9428650817987774,0.9429337949366638,0.9461468342902234,0.0,0.942745197246823,0.9460376215823152,98.83769164513964,99.63614150311916,0.16793819143524297,0.5
MAIN,1.5,0.7,400,rate,DIFF,KS-2000,DEF-0.75,0.9253887946746375,0.9252235080386103,0.9286069573169772,0.0,0.9252711206207711,0.9285891362808223,193.18458256339255,197.83262144635898,0.28208448965140387,0.75
MAIN,1.5,0.7,400,rate,DIFF,KS-2000,RA-EST,0.9189350292414314,0.9181145909777275,0.9219880748567884,0.0,0.9188181799653397,0.9217726351795817,4251.794445590778,13691.64590526114,0.5223969502929534,1.0
MAIN,1.5,0.7,400,rate,DIFF,MIS-G-10000,DEF-0.0,0.9999542049083153,0.9999499999999999,0.9999500000000001,0.02,0.9999499999999999,0.9999500000000001,50.0,50.0,0.0,0.0
MAIN,1.5,0.7,400,rate,DIFF,MIS-G-10000,DEF-0.25,0.9775800233402401,0.9775485429987799,0.9784249140023585,0.0,0.9775759131950543,0.9784249140023585,63.781245721968276,63.99745643452221,0.06219242356428181,0.25
MAIN,1.5,0.7,400,rate,DIFF,MIS-G-10000,DEF-0.5,0.9604247456936779,0.9603504095642411,0.9616448586581494,0.0,0.9604207075703072,0.9616448586581494,88.05002683470244,88.87907645723274,0.12996289624013949,0.5
MAIN,1.5,0.7,400,rate,DIFF,MIS-G-10000,DEF-0.75,0.9489163558301308,0.9488757548526344,0.9499286320448531,0.0,0.9489123651545975,0.9499286320448531,142.13085548887625,145.41513998908223,0.2074716541466169,0.75
MAIN,1.5,0.7,400,rate,DIFF,MIS-G-10000,RA-EST,0.9445007474426719,0.9444508287135893,0.9447424458208796,0.0,0.944496773330428,0.9447424458208796,368.4109814368971,399.6029539642779,0.3055788492277735,1.0
MAIN,1.5,0.7,400,rate,DIFF,MIS-G-2000,DEF-0.0,1.0001151537816788,0.99995,1.0005149062487326,0.295,0.9999499999999999,0.9999500000000001,50.0,50.0,0.0,0.0
MAIN,1.5,0.7,400,rate,DIFF,MIS-G-2000,DEF-0.25,0.9776821985044315,0.9776380753437837,0.9793147842841708,0.0,0.9775207096185922,0.9790006934430695,63.751443492635715,64.2361977913793,0.062156482770249766,0.25
MAIN,1.5,0.7,400,rate,DIFF,MIS-G-2000,DEF-0.5,0.9605519527338444,0.9604962533642467,0.9628040299115298,0.0,0.9603932635396306,0.9624833683455085,87.93652718834305,89.80616460771323,0.1298248355520964,0.5
MAIN,1.5,0.7,400,rate,DIFF,MIS-G-2000,DEF-0.75,0.9491688716974866,0.9489975456031258,0.9511832516609305,0.0,0.9490120413376769,0.9508164245330177,141.68805456189472,149.19495830480759,0.20740302462400179,0.75
MAIN,1.5,0.7,400,rate,DIFF,MIS-G-2000,RA-EST,0.9450508878776545,0.9447720152197157,0.9460736151237668,0.0,0.9448947198296083,0.9455858527511004,364.47434800370104,440.49286260198267,0.3052774055049169,1.0
MAIN,1.5,0.7,400,rate,DIFF,MIS-I-2000,DEF-0.0,1.0000750292552452,0.99995,1.0003136900526364,0.305,0.9999499999999999,0.9999500000000001,50.0,50.0,0.0,0.0
MAIN,1.5,0.7,400,rate,DIFF,MIS-I-2000,DEF-0.25,0.9709978002956586,0.9709562175160334,0.9731708997683979,0.0,0.9708763650222526,0.9729531113205473,64.81371359218629,65.24768271306166,0.0713495863383352,0.25
MAIN,1.5,0.7,400,rate,DIFF,MIS-I-2000,DEF-0.5,0.9484492663179046,0.9484074848696289,0.951470110083023,0.0,0.9483306260318344,0.9514640629508038,92.10081649997707,93.87529800675001,0.1496748928279742,0.5
MAIN,1.5,0.7,400,rate,DIFF,MIS-I-2000,DEF-0.75,0.932758533573447,0.9326624801145742,0.9357735252930289,0.0,0.9326418483186331,0.9354961508976516,159.07101969271793,167.26200028241777,0.24111096670526339,0.75
MAIN,1.5,0.7,400,rate,DIFF,MIS-I-2000,RA-EST,0.9257095737640784,0.9254316368102965,0.928297122531601,0.0,0.9255937846608525,0.9281901919725363,582.977966714478,766.3667995845938,0.36438469533669654,1.0
MAIN,1.5,0.7,400,rate,HT,COR-10000,DEF-0.0,1.0431700751487265,1.0431700751487265,1.0431700751487265,1.0,0.99995,0.99995,50.0,50.0,0.0,0.0
MAIN,1.5,0.7,400,rate,HT,COR-10000,DEF-0.25,0.9958214978138661,0.9957807822399134,0.9971071126292033,0.0,0.9545631440750509,0.955795493971987,65.21145453397294,65.55303578434315,0.04883885870914399,0.25
MAIN,1.5,0.7,400,rate,HT,COR-10000,DEF-0.5,0.9592546108673075,0.9592025257140235,0.9611667999593748,0.0,0.9195112771999412,0.9213442414769697,93.72546951596003,95.15067294324854,0.10196637939413786,0.5
MAIN,1.5,0.7,400,rate,HT,COR-10000,DEF-0.75,0.9348066504908802,0.9347148629770005,0.936453761812876,0.0,0.8960762318887315,0.8976551009587582,166.5504354333113,173.47647779382177,0.1623072564050611,0.75
MAIN,1.5,0.7,400,rate,HT,COR-10000,RA-EST,0.9258015548898926,0.925739991708774,0.9261064281759266,0.0,0.8874442306832486,0.8877364726192782,746.8749560405836,981.0777363217311,0.23795981224374496,1.0
MAIN,1.5,0.7,400,rate,HT,COR-2000,DEF-0.0,1.0431700751487265,1.0431700751487265,1.0431700751487265,1.0,0.99995,0.99995,50.0,50.0,0.0,0.0
MAIN,1.5,0.7,400,rate,HT,COR-2000,DEF-0.25,0.9956932546412267,0.9958706142298399,0.9985142729831162,0.005,0.9544402142062445,0.9571443535965258,65.23882899504557,65.98779534890247,0.049004273649942365,0.25
MAIN,1.5,0.7,400,rate,HT,COR-2000,DEF-0.5,0.9592095942834298,0.9593739024814565,0.9633406672075614,0.0,0.9194681257195443,0.9234280421980691,93.83865276446846,97.00605470464843,0.10242984518386977,0.5
MAIN,1.5,0.7,400,rate,HT,COR-2000,DEF-0.75,0.9351646183755488,0.9353101583364752,0.9386194341682825,0.0,0.8964193686358466,0.8997310463135748,167.0876119222417,183.05121126833996,0.16304980177095277,0.75
MAIN,1.5,0.7,400,rate,HT,COR-2000,RA-EST,0.9272811434371584,0.9269835931382134,0.9289515769475205,0.0,0.8888625176942402,0.890463742679963,761.5113475873231,1620.0514514341535,0.24003135348289933,1.0
MAIN,1.5,0.7,400,rate,HT,COR-500,DEF-0.0,1.0431700751487265,1.0431700751487265,1.0431700751487265,1.0,0.99995,0.99995,50.0,50.0,0.0,0.0
MAIN,1.5,0.7,400,rate,HT,COR-500,DEF-0.25,0.9959452256226679,0.9961729044102182,1.0019368072655725,0.23,0.9546817456582047,0.9604250872345708,65.36825878374414,66.47240542164312,0.049372043828806514,0.25
MAIN,1.5,0.7,400,rate,HT,COR-500,DEF-0.5,0.9602147011739798,0.9603658936013926,0.9689455588167769,0.0,0.9204315895488361,0.9288007148793056,94.37622932462708,99.13088957691502,0.10311583192873391,0.5
MAIN,1.5,0.7,400,rate,HT,COR-500,DEF-0.75,0.9378958622354012,0.9367520245278841,0.9460699970636264,0.0,0.8990374530333214,0.9068729213967313,169.668958029603,194.87443362374952,0.1644660693220013,0.75
MAIN,1.5,0.7,400,rate,HT,COR-500,RA-EST,0.9397616195638544,0.9318313237369256,0.9437197827774362,0.01,0.9008259092832006,0.9046200799555685,839.108011620383,5703.175410807423,0.24985771758029782,1.0
MAIN,1.5,0.7,400,rate,HT,KS-2000,DEF-0.0,1.0431700751487265,1.0431700751487265,1.0431700751487265,1.0,0.99995,0.99995,50.0,50.0,0.0,0.0
MAIN,1.5,0.7,400,rate,HT,KS-2000,DEF-0.25,0.9959055908389367,0.9957099962675577,0.9987719403811317,0.035,0.9546437530020347,0.9573913454541181,65.06723124679843,65.98807182468862,0.049275357468995806,0.25
MAIN,1.5,0.7,400,rate,HT,KS-2000,DEF-0.5,0.959558406105668,0.959234281746784,0.9637388284064434,0.0,0.919802485753403,0.9238097069910947,93.13210802248224,97.00725189093849,0.10287352958292789,0.5
MAIN,1.5,0.7,400,rate,HT,KS-2000,DEF-0.75,0.9355653982346888,0.935129092377106,0.9390495371872457,0.0,0.8968035435941725,0.9001433295299535,163.7695062320521,183.05763854873715,0.16395226461367274,0.75
MAIN,1.5,0.7,400,rate,HT,KS-2000,RA-EST,0.9275983280223212,0.9272445501784801,0.9292136267955824,0.0,0.8891665608541135,0.8907149354162309,678.0779676996324,1620.781272633588,0.24169051023427157,1.0
MAIN,1.5,0.7,400,rate,HT,MIS-G-10000,DEF-0.0,1.0431700751487265,1.0431700751487265,1.0431700751487265,1.0,0.99995,0.99995,50.0,50.0,0.0,0.0
MAIN,1.5,0.7,400,rate,HT,MIS-G-10000,DEF-0.25,1.0041343355551882,1.0040864369666953,1.0053269160776839,1.0,0.9625315686852468,0.9636747388373424,62.66937780957063,62.92125945156778,0.04371333637553275,0.25
MAIN,1.5,0.7,400,rate,HT,MIS-G-10000,DEF-0.5,0.9740779243483589,0.9740067521116935,0.9758390366230134,0.0,0.9337204389353987,0.9354085857304354,83.9382981419365,84.84816399296433,0.09077056690127683,0.5
MAIN,1.5,0.7,400,rate,HT,MIS-G-10000,DEF-0.75,0.9540598875919335,0.9540097539557942,0.955585621350402,0.0,0.9145317789733748,0.9159942993313932,127.06045464887852,130.23144131271422,0.14305196546142987,0.75
MAIN,1.5,0.7,400,rate,HT,MIS-G-10000,RA-EST,0.9464399235225032,0.946394958731445,0.9466589882751133,0.0,0.9072275212566833,0.9074375098334176,261.2995357270778,279.9934637125805,0.20450536399841213,1.0
MAIN,1.5,0.7,400,rate,HT,MIS-G-2000,DEF-0.0,1.0431700751487265,1.0431700751487265,1.0431700751487265,1.0,0.99995,0.99995,50.0,50.0,0.0,0.0
MAIN,1.5,0.7,400,rate,HT,MIS-G-2000,DEF-0.25,1.0041219838741757,1.004257147853227,1.006419975171207,0.985,0.9625197287526005,0.9647225108800872,62.625445208541585,63.2108663012735,0.043557507934498946,0.25
MAIN,1.5,0.7,400,rate,HT,MIS-G-2000,DEF-0.5,0.9741248948939898,0.974293561518567,0.9774157593234485,0.0,0.9337654634220307,0.9369199824833333,83.78085788066704,85.90969918849169,0.09045054462513724,0.5
MAIN,1.5,0.7,400,rate,HT,MIS-G-2000,DEF-0.75,0.9542731743906744,0.9543585026409158,0.9570302507209576,0.0,0.9147362289853928,0.9173790755759391,126.52060349244118,134.04479437680166,0.1425781219394212,0.75
MAIN,1.5,0.7,400,rate,HT,MIS-G-2000,RA-EST,0.9470269824153654,0.9467828966583762,0.9480937386673945,0.0,0.9077902574335563,0.9088128164003332,258.2777227763702,304.8546538497911,0.20398430717489324,1.0
MAIN,1.5,0.7,400,rate,HT,MIS-I-2000,DEF-0.0,1.0431700751487265,1.0431700751487265,1.0431700751487265,1.0,0.99995,0.99995,50.0,50.0,0.0,0.0
MAIN,1.5,0.7,400,rate,HT,MIS-I-2000,DEF-0.25,0.9966855510256986,0.9965630875130644,0.9996123578467044,0.075,0.9553913982876238,0.9581969431842673,62.679834105369196,63.31712407015134,0.04872526130317602,0.25
MAIN,1.5,0.7,400,rate,HT,MIS-I-2000,DEF-0.5,0.9610370139286246,0.960826795919993,0.9652673992458822,0.0,0.9212198326729402,0.9252749468856333,83.9758264669027,86.30338063150481,0.10172100425721489,0.5
MAIN,1.5,0.7,400,rate,HT,MIS-I-2000,DEF-0.75,0.9377471838375011,0.9375445833723772,0.9414238881391731,0.0,0.8988949346007838,0.9024193076191842,127.18952858118452,135.49130481207246,0.16194134634264598,0.75
MAIN,1.5,0.7,400,rate,HT,MIS-I-2000,RA-EST,0.9305399690606354,0.9301764402162045,0.932546164219877,0.0,0.891986325364558,0.8939094008987154,262.0288766247518,315.05358858500676,0.23530134770587413,1.0
STRATCAP,0.0,0.05,100,dollars,DIFF,STRAT-2000,DEF-0.0,3.8185673629890964,3.8013806219236637,3.891751414352743,1.0,0.99995,0.9999500000000002,200.0,200.0,0.0,0.0
STRATCAP,0.0,0.05,100,dollars,DIFF,STRAT-2000,DEF-0.25,2.005286578309493,1.7280160343593982,4.131557066944209,1.0,0.523901060555139,1.0532716488998701,266.3755615882977,266.40810611479753,0.2735726430748824,0.25
STRATCAP,0.0,0.05,100,dollars,DIFF,STRAT-2000,DEF-0.5,1.7726672116681188,1.3011914907922912,5.50132462690746,1.0,0.46191597730307554,1.4029035298650194,398.6928809647594,398.8387294572657,0.5124516368867533,0.5
STRATCAP,0.0,0.05,100,dollars,DIFF,STRAT-2000,DEF-0.75,2.089901093298263,1.1068511581328186,9.981116130905773,1.0,0.5422963263185773,2.5510987912623073,792.2082097751779,793.0725996738764,0.8258375744913748,0.75
STRATCAP,0.0,0.05,100,dollars,DIFF,STRAT-2000,RA-EST,42.533854398395476,1.0309139605778432,344.70877003425085,1.0,10.922324796615522,88.65272175461836,61003.30120305692,68690.06330210801,1.7758039514373187,1.0
STRATCAP,0.0,0.05,100,dollars,HT,STRAT-2000,DEF-0.0,3.910100735446701,3.910100735446701,3.910100735446701,1.0,0.9999499999999999,0.9999499999999999,200.0,200.0,0.0,0.0
STRATCAP,0.0,0.05,100,dollars,HT,STRAT-2000,DEF-0.25,2.0269996767850422,1.7603751245334758,4.1103654179422655,1.0,0.5183749637001729,1.0511647084718425,266.37660927126325,266.4148439298438,0.27362631173460006,0.25
STRATCAP,0.0,0.05,100,dollars,HT,STRAT-2000,DEF-0.5,1.7790583716884987,1.3105554599338172,5.483508818772227,1.0,0.4549676694113815,1.4023256724880433,398.69757506057573,398.8689338958668,0.5123887177643408,0.5
STRATCAP,0.0,0.05,100,dollars,HT,STRAT-2000,DEF-0.75,2.0898266549607083,1.1086435432614015,9.973223128312858,1.0,0.5344420272050164,2.5505032074364524,792.2360105195328,793.2517668702839,0.8260590975897482,0.75
STRATCAP,0.0,0.05,100,dollars,HT,STRAT-2000,RA-EST,43.71855158502317,1.0292948832820814,352.4857689177714,1.0,11.180368132497652,90.14298312932303,61223.99336619348,70529.74162283911,1.776629191178012,1.0
STRATCAP,0.0,0.05,100,rate,DIFF,STRAT-2000,DEF-0.0,1.0017664752084439,1.0015082215292046,1.0032628486807906,0.995,0.99995,0.9999500000000002,200.0,200.0,0.0,0.0
STRATCAP,0.0,0.05,100,rate,DIFF,STRAT-2000,DEF-0.25,1.0025011091013403,1.0019536390650101,1.0049658895388296,1.0,1.0006827901524622,1.0023529627580763,211.61864145442846,266.6217318026654,0.021304762624773214,0.25
STRATCAP,0.0,0.05,100,rate,DIFF,STRAT-2000,DEF-0.5,1.0051488975306513,1.0034073064031848,1.0146554590286854,1.0,1.003323669711654,1.012809742501396,224.67047132500974,399.79786123533773,0.04282867119785262,0.5
STRATCAP,0.0,0.05,100,rate,DIFF,STRAT-2000,DEF-0.75,1.0124261503948175,1.0057498000498062,1.0568257845512856,1.0,1.0105812493440653,1.054799274412627,239.4381014609979,798.7883919814167,0.06409677550238307,0.75
STRATCAP,0.0,0.05,100,rate,DIFF,STRAT-2000,RA-EST,6.4891130007430196,1.0091720045647912,47.51781826008035,1.0,6.471520201391156,47.42823476253976,256.28367620655195,395569.24199771654,0.08664093559807438,1.0
STRATCAP,0.0,0.05,100,rate,HT,STRAT-2000,DEF-0.0,0.99995,0.9999500000000001,0.9999500000000001,0.0,0.99995,0.9999500000000001,200.0,200.0,0.0,0.0
STRATCAP,0.0,0.05,100,rate,HT,STRAT-2000,DEF-0.25,1.0007384842309035,1.000477664897077,1.0021088233841007,0.985,1.0007384842309035,1.0021088233841007,212.0960181637616,266.62272317457325,0.022335932698409645,0.25
STRATCAP,0.0,0.05,100,rate,HT,STRAT-2000,DEF-0.5,1.0035851190372358,1.002102230291016,1.012382022156512,1.0,1.0035851190372358,1.012382022156512,225.7493717301313,399.80231943665336,0.045109376767732384,0.5
STRATCAP,0.0,0.05,100,rate,HT,STRAT-2000,DEF-0.75,1.0112214025219581,1.0048354935000972,1.054291658408907,1.0,1.0112214025219581,1.054291658408907,241.28151153380423,798.81508779527,0.06796375054578208,0.75
STRATCAP,0.0,0.05,100,rate,HT,STRAT-2000,RA-EST,6.634104826329904,1.008765524476361,48.56608432712305,1.0,6.634104826329904,48.56608432712305,259.10889390588767,404494.96768948267,0.09129505920180336,1.0
STRATCAP,0.0,0.05,400,dollars,DIFF,STRAT-2000,DEF-0.0,3.987190361020814,3.9692446756892834,4.063606125478919,1.0,0.9999499999999999,0.9999500000000001,50.0,50.0,0.0,0.0
STRATCAP,0.0,0.05,400,dollars,DIFF,STRAT-2000,DEF-0.25,2.0649372075377723,1.7716025899078405,4.317912688917963,1.0,0.516633992820292,1.054089150416304,66.59389039707443,66.60202652869938,0.2735726430748824,0.25
STRATCAP,0.0,0.05,400,dollars,DIFF,STRAT-2000,DEF-0.5,1.8183864781576846,1.318948560337113,5.770005989289356,1.0,0.45371445245745884,1.4090732885049557,99.67322024118985,99.70968236431642,0.5124516368867533,0.5
STRATCAP,0.0,0.05,400,dollars,DIFF,STRAT-2000,DEF-0.75,2.1547469764617655,1.1124321088763982,10.519252067500306,1.0,0.5353367862320461,2.574840307514665,198.05205244379448,198.2681499184691,0.8258375744913748,0.75
STRATCAP,0.0,0.05,400,dollars,DIFF,STRAT-2000,RA-EST,45.03106569660092,1.0321521364169923,365.3776174865506,1.0,11.074252126996312,89.99432881136795,15250.82530076423,17172.515825527003,1.7758039514373187,1.0
STRATCAP,0.0,0.05,400,dollars,HT,STRAT-2000,DEF-0.0,4.0827657288700285,4.0827657288700285,4.0827657288700285,1.0,0.9999499999999999,0.9999499999999999,50.0,50.0,0.0,0.0
STRATCAP,0.0,0.05,400,dollars,HT,STRAT-2000,DEF-0.25,2.0873535102251,1.8047373072886819,4.29542274586146,1.0,0.5112341195063544,1.0520339054361894,66.59415231781581,66.60371098246095,0.27362631173460006,0.25
STRATCAP,0.0,0.05,400,dollars,HT,STRAT-2000,DEF-0.5,1.8251408311768318,1.3286944510323733,5.751293936020886,1.0,0.44701305324231394,1.408605527046924,99.67439376514393,99.7172334739667,0.5123887177643408,0.5
STRATCAP,0.0,0.05,400,dollars,HT,STRAT-2000,DEF-0.75,2.1549617765504796,1.1150293328983667,10.510979264793098,1.0,0.5277927198281942,2.5743465125878764,198.0590026298832,198.31294171757096,0.8260590975897482,0.75
STRATCAP,0.0,0.05,400,dollars,HT,STRAT-2000,RA-EST,46.28733992873119,1.030940272201808,373.62236850221353,1.0,11.336684158594837,91.50750059989096,15305.99834154837,17632.435405709777,1.776629191178012,1.0
STRATCAP,0.0,0.05,400,rate,DIFF,STRAT-2000,DEF-0.0,1.0017664752084436,1.0015082215292046,1.0032628486807906,0.995,0.9999499999999999,0.9999500000000001,50.0,50.0,0.0,0.0
STRATCAP,0.0,0.05,400,rate,DIFF,STRAT-2000,DEF-0.25,1.0025122817684042,1.0019610199717213,1.0050027870617708,1.0,1.0006939346006474,1.002389808692467,52.904660363607114,66.65543295066635,0.021304762624773214,0.25
STRATCAP,0.0,0.05,400,rate,DIFF,STRAT-2000,DEF-0.5,1.0052005122320444,1.003436556813099,1.0148540882954515,1.0,1.0033751504843769,1.013008215136687,56.167617831252436,99.94946530883443,0.04282867119785262,0.5
STRATCAP,0.0,0.05,400,rate,DIFF,STRAT-2000,DEF-0.75,1.012589052635949,1.0058088886686583,1.057669339031,1.0,1.010743716610507,1.055641237699598,59.859525365249475,199.69709799535417,0.06409677550238307,0.75
STRATCAP,0.0,0.05,400,rate,DIFF,STRAT-2000,RA-EST,6.5731026298636435,1.0092891865616165,48.229789280111014,1.0,6.5552683563889955,48.138863532768234,64.07091905163799,98892.31049942914,0.08664093559807438,1.0
STRATCAP,0.0,0.05,400,rate,HT,STRAT-2000,DEF-0.0,0.9999499999999999,0.9999499999999999,0.9999499999999999,0.0,0.9999499999999999,0.9999499999999999,50.0,50.0,0.0,0.0
STRATCAP,0.0,0.05,400,rate,HT,STRAT-2000,DEF-0.25,1.0007499972230007,1.0004853473611846,1.0021405677754371,0.985,1.0007499972230007,1.0021405677754371,53.0240045409404,66.65568079364331,0.022335932698409645,0.25
STRATCAP,0.0,0.05,400,rate,HT,STRAT-2000,DEF-0.5,1.0036385358382756,1.0021336837020485,1.0125672850036995,1.0,1.0036385358382756,1.0125672850036995,56.43734293253282,99.95057985916334,0.045109376767732384,0.5
STRATCAP,0.0,0.05,400,rate,HT,STRAT-2000,DEF-0.75,1.0113889219939114,1.0049065613088703,1.0551121140249355,1.0,1.0113889219939114,1.0551121140249355,60.32037788345106,199.7037719488175,0.06796375054578208,0.75
STRATCAP,0.0,0.05,400,rate,HT,STRAT-2000,RA-EST,6.720332995697129,1.0088942871226378,49.29411374095805,1.0,6.720332995697129,49.29411374095805,64.77722347647192,101123.74192237067,0.09129505920180336,1.0
STRATCAP,0.0,0.25,100,dollars,DIFF,STRAT-2000,DEF-0.0,3.821920763459718,3.796017790377965,3.907311128221895,1.0,0.99995,0.9999500000000002,200.0,200.0,0.0,0.0
STRATCAP,0.0,0.25,100,dollars,DIFF,STRAT-2000,DEF-0.25,1.7236906112968087,1.712028575431799,1.7714244901936793,1.0,0.45101379482950194,0.46014379522888904,266.3763353390932,266.38596842024253,0.2766816080198976,0.25
STRATCAP,0.0,0.25,100,dollars,DIFF,STRAT-2000,DEF-0.5,1.288721802272654,1.2824198314550481,1.3142333131534165,1.0,0.3372169552880676,0.3426494390120375,398.69634770943645,398.73951151789817,0.5179221867270598,0.5
STRATCAP,0.0,0.25,100,dollars,DIFF,STRAT-2000,DEF-0.75,1.0903117259399098,1.0866289417002426,1.1078201661936231,1.0,0.2853086804393128,0.28824706317156124,792.2287413569723,792.4844355198388,0.8338385434542638,0.75
STRATCAP,0.0,0.25,100,dollars,DIFF,STRAT-2000,RA-EST,1.0087783779651929,1.0062718882994837,1.0201144510834013,1.0,0.263980352747936,0.26597916582917064,61166.062140438145,63267.45833744452,1.7740966761304209,1.0
STRATCAP,0.0,0.25,100,dollars,HT,STRAT-2000,DEF-0.0,4.6824442320742365,4.6824442320742365,4.6824442320742365,1.0,0.9999499999999999,0.9999499999999999,200.0,200.0,0.0,0.0
STRATCAP,0.0,0.25,100,dollars,HT,STRAT-2000,DEF-0.25,1.9389005966574357,1.9341575381148344,2.014552301388529,1.0,0.4140580336968046,0.430213681985721,266.3771147640283,266.3904823292506,0.2771397004340526,0.25
STRATCAP,0.0,0.25,100,dollars,HT,STRAT-2000,DEF-0.5,1.3708822766342013,1.3636785910861393,1.411375412212916,1.0,0.29275601898906634,0.3014034494580885,398.69983991716276,398.75973953710843,0.518723190839115,0.5
STRATCAP,0.0,0.25,100,dollars,HT,STRAT-2000,DEF-0.75,1.1120663234401176,1.1083069019969778,1.134470171633394,1.0,0.23748509646026159,0.242269505390839,792.2494244537597,792.6043002215712,0.8347952265980347,0.75
STRATCAP,0.0,0.25,100,dollars,HT,STRAT-2000,RA-EST,1.006867120837753,1.00468770812946,1.015268531866426,1.0,0.21501949144105661,0.21681363794697237,61330.892036825506,64302.62101506003,1.7775384893988233,1.0
STRATCAP,0.0,0.25,100,rate,DIFF,STRAT-2000,DEF-0.0,1.001837747263126,1.0015040274785587,1.003655146382939,0.995,0.99995,0.9999500000000002,200.0,200.0,0.0,0.0
STRATCAP,0.0,0.25,100,rate,DIFF,STRAT-2000,DEF-0.25,1.0018862934668429,1.0015847536668394,1.0037862330458511,0.995,0.9999984213740043,1.000081953488527,202.43990288028493,207.38345381779163,0.005875294633506622,0.25
STRATCAP,0.0,0.25,100,rate,DIFF,STRAT-2000,DEF-0.5,1.0020237928067643,1.0016981782755812,1.0040073661550153,0.995,1.000135555813459,1.0003779880954355,204.94011470471673,215.33295861775116,0.011787967541250605,0.5
STRATCAP,0.0,0.25,100,rate,DIFF,STRAT-2000,DEF-0.75,1.0022546092027602,1.0018947115184176,1.0044020591366447,0.995,1.0003657537808957,1.0008610231578285,207.50290113950194,223.9162033576981,0.017755961284397107,0.75
STRATCAP,0.0,0.25,100,rate,DIFF,STRAT-2000,RA-EST,1.0025844618595763,1.0021992552618073,1.0050884239540825,0.995,1.000694716449427,1.0015578114663468,210.1306428623913,233.2121174650827,0.023728037158525048,1.0
STRATCAP,0.0,0.25,100,rate,HT,STRAT-2000,DEF-0.0,0.9999500000000003,0.9999500000000003,0.9999500000000003,0.0,0.9999500000000003,0.9999500000000003,200.0,200.0,0.0,0.0
STRATCAP,0.0,0.25,100,rate,HT,STRAT-2000,DEF-0.25,1.0000715626809134,1.0000533326506038,1.000181687280291,0.79,1.0000715626809134,1.000181687280291,203.58681492685935,209.85295747443783,0.008786771238420334,0.25
STRATCAP,0.0,0.25,100,rate,HT,STRAT-2000,DEF-0.5,1.0004406519779965,1.0003670318657203,1.0009080774757366,0.985,1.0004406519779965,1.0009080774757366,207.3046726659879,220.72704074777815,0.01765249424750863,0.5
STRATCAP,0.0,0.25,100,rate,HT,STRAT-2000,DEF-0.75,1.0010673110307398,1.0008951322500843,1.0021373437456713,0.995,1.0010673110307398,1.0021373437456713,211.16089060941937,232.78966616469137,0.026573654375458184,0.75
STRATCAP,0.0,0.25,100,rate,HT,STRAT-2000,RA-EST,1.0019672123919037,1.0016734388779271,1.0039782111607791,0.995,1.0019672123919037,1.0039782111607791,215.1633414700916,246.24696425429306,0.03588596404539266,1.0
STRATCAP,0.0,0.25,400,dollars,DIFF,STRAT-2000,DEF-0.0,3.9906918433208785,3.9636450284357005,4.079852936196635,1.0,0.9999499999999999,0.9999500000000001,50.0,50.0,0.0,0.0
STRATCAP,0.0,0.25,400,dollars,DIFF,STRAT-2000,DEF-0.25,1.7663591012900741,1.7545933320919032,1.8165514200484791,1.0,0.44263291688787093,0.4518931766432489,66.5940838347733,66.59649210506063,0.2766816080198976,0.25
STRATCAP,0.0,0.25,400,dollars,DIFF,STRAT-2000,DEF-0.5,1.3053032041423114,1.298909600009405,1.33232743273786,1.0,0.3271119844553775,0.33259974931809644,99.67408692735911,99.68487787947454,0.5179221867270598,0.5
STRATCAP,0.0,0.25,400,dollars,DIFF,STRAT-2000,DEF-0.75,1.0950200422190954,1.0907649353036861,1.1124023955002371,1.0,0.2744237295972677,0.2773997399829693,198.05718533924306,198.1211088799597,0.8338385434542638,0.75
STRATCAP,0.0,0.25,400,dollars,DIFF,STRAT-2000,RA-EST,1.0086306787479877,1.0059937029855184,1.0197615937574858,1.0,0.25278052232530474,0.25478124255570384,15291.515535109536,15816.86458436113,1.7740966761304209,1.0
STRATCAP,0.0,0.25,400,dollars,HT,STRAT-2000,DEF-0.0,4.889214915807999,4.889214915807999,4.889214915807999,1.0,0.99995,0.9999500000000001,50.0,50.0,0.0,0.0
STRATCAP,0.0,0.25,400,dollars,HT,STRAT-2000,DEF-0.25,1.987048745080952,1.982077993522891,2.0666894202117225,1.0,0.40639436532426015,0.422682602693317,66.59427869100708,66.59762058231264,0.2771397004340526,0.25
STRATCAP,0.0,0.25,400,dollars,HT,STRAT-2000,DEF-0.5,1.3893999842633575,1.3817732112723329,1.4315137202652863,1.0,0.2841622915311223,0.2927754597064406,99.67495997929069,99.68993488427711,0.518723190839115,0.5
STRATCAP,0.0,0.25,400,dollars,HT,STRAT-2000,DEF-0.75,1.117750709955417,1.1137390342289164,1.140681400324219,1.0,0.2286041504958485,0.2332939717103234,198.06235611343993,198.1510750553928,0.8347952265980347,0.75
STRATCAP,0.0,0.25,400,dollars,HT,STRAT-2000,RA-EST,1.0071052306295183,1.004846859580566,1.0157812097162293,1.0,0.20597476132864156,0.20774918635129835,15332.723009206376,16075.655253765008,1.7775384893988233,1.0
STRATCAP,0.0,0.25,400,rate,DIFF,STRAT-2000,DEF-0.0,1.001837747263126,1.0015040274785587,1.003655146382939,0.995,0.9999499999999999,0.9999500000000001,50.0,50.0,0.0,0.0
STRATCAP,0.0,0.25,400,rate,DIFF,STRAT-2000,DEF-0.25,1.0018870325334799,1.0015855055523044,1.0037905106604896,0.995,0.9999991585266638,1.0000835298205224,50.60997572007123,51.84586345444791,0.005875294633506622,0.25
STRATCAP,0.0,0.25,400,rate,DIFF,STRAT-2000,DEF-0.5,1.0020266316985709,1.0016997418901035,1.0040189524825274,0.995,1.000138387204772,1.0003844475269574,51.23502867617918,53.83323965443779,0.011787967541250605,0.5
STRATCAP,0.0,0.25,400,rate,DIFF,STRAT-2000,DEF-0.75,1.0022609754726952,1.001900101948048,1.0044127322807195,0.995,1.0003721030853026,1.0008745983593352,51.875725284875486,55.979050839424524,0.017755961284397107,0.75
STRATCAP,0.0,0.25,400,rate,DIFF,STRAT-2000,RA-EST,1.0025958705991653,1.002208345722492,1.005110274870924,0.995,1.0007060946039428,1.0015816374404862,52.53266071559783,58.30302936627068,0.023728037158525048,1.0
STRATCAP,0.0,0.25,400,rate,HT,STRAT-2000,DEF-0.0,0.99995,0.99995,0.99995,0.0,0.99995,0.99995,50.0,50.0,0.0,0.0
STRATCAP,0.0,0.25,400,rate,HT,STRAT-2000,DEF-0.25,1.0000729627411213,1.0000545243147014,1.0001843478735406,0.79,1.0000729627411213,1.0001843478735406,50.89670373171484,52.46323936860946,0.008786771238420334,0.25
STRATCAP,0.0,0.25,400,rate,HT,STRAT-2000,DEF-0.5,1.0004463195664486,1.000371774303423,1.0009193461459083,0.985,1.0004463195664486,1.0009193461459083,51.82616816649698,55.18176018694454,0.01765249424750863,0.5
STRATCAP,0.0,0.25,400,rate,HT,STRAT-2000,DEF-0.75,1.0010802672814394,1.000906111996413,1.002163266922619,0.995,1.0010802672814394,1.002163266922619,52.79022265235484,58.19741654117284,0.026573654375458184,0.75
STRATCAP,0.0,0.25,400,rate,HT,STRAT-2000,RA-EST,1.0019907182322667,1.0016928208008897,1.0040262084848377,0.995,1.0019907182322667,1.0040262084848377,53.7908353675229,61.561741063573265,0.03588596404539266,1.0
STRATCAP,0.0,0.7,100,dollars,DIFF,STRAT-2000,DEF-0.0,3.8184983392514678,3.7947011186528616,3.883732711860831,1.0,0.99995,0.9999500000000002,200.0,200.0,0.0,0.0
STRATCAP,0.0,0.7,100,dollars,DIFF,STRAT-2000,DEF-0.25,1.7201081350642793,1.7127457347083468,1.7517534759287834,1.0,0.4504970608023689,0.4567230649291638,266.3767443604397,266.3832438588474,0.27628064208398967,0.25
STRATCAP,0.0,0.7,100,dollars,DIFF,STRAT-2000,DEF-0.5,1.286218734845829,1.2814513289466056,1.3038168386401285,1.0,0.3368718490375713,0.34072913176428565,398.69818032122333,398.7273027007385,0.5175721383122279,0.5
STRATCAP,0.0,0.7,100,dollars,DIFF,STRAT-2000,DEF-0.75,1.0885081296358559,1.08564539289535,1.100028689079847,1.0,0.28509549931263317,0.28768513454926625,792.2395951662917,792.4121016947782,0.8333096530861339,0.75
STRATCAP,0.0,0.7,100,dollars,DIFF,STRAT-2000,RA-EST,1.0074714849217883,1.0055024941757513,1.0153991803927294,1.0,0.2638756029802638,0.26596057779866855,61252.44368522857,62658.625765373356,1.7751620454274928,1.0
STRATCAP,0.0,0.7,100,dollars,HT,STRAT-2000,DEF-0.0,10.185391645545424,10.185391645545424,10.185391645545424,1.0,0.9999500000000002,0.9999500000000002,200.0,200.0,0.0,0.0
STRATCAP,0.0,0.7,100,dollars,HT,STRAT-2000,DEF-0.25,3.323889796585582,3.3187556184006706,3.3893463700206734,1.0,0.3263226116149772,0.33274880541136853,266.37714015441946,266.3825940076237,0.2761449647170676,0.25
STRATCAP,0.0,0.7,100,dollars,HT,STRAT-2000,DEF-0.5,1.9075992250230955,1.904062700691282,1.942996504951653,1.0,0.18727839944142852,0.19075352453198322,398.69995367906444,398.724390777098,0.5173199827028758,0.5
STRATCAP,0.0,0.7,100,dollars,HT,STRAT-2000,DEF-0.75,1.2641377081373135,1.262316456306595,1.282189561165282,1.0,0.12410661712794807,0.12587885633715037,792.2500982325415,792.3948506560349,0.833595027107368,0.75
STRATCAP,0.0,0.7,100,dollars,HT,STRAT-2000,RA-EST,1.002288773684695,1.0016672159360382,1.0048641732584456,1.0,0.0983996191922909,0.09865245883689094,61336.27106448754,62515.13166756142,1.7770776410095075,1.0
STRATCAP,0.0,0.7,100,rate,DIFF,STRAT-2000,DEF-0.0,1.0019778036957017,1.0017802156559963,1.0037886036291543,1.0,0.99995,0.9999500000000002,200.0,200.0,0.0,0.0
STRATCAP,0.0,0.7,100,rate,DIFF,STRAT-2000,DEF-0.25,1.0020086383161473,1.0017958818550774,1.0038447960143024,1.0,0.9999807457405051,1.0000231209429773,201.9878863137728,204.98501989812675,0.004495758070548377,0.25
STRATCAP,0.0,0.7,100,rate,DIFF,STRAT-2000,DEF-0.5,1.0020932314734166,1.0018719766738917,1.0039877638158379,1.0,1.0000650947893428,1.0001841169039003,204.01568627366072,210.22490642420377,0.008988105189613033,0.5
STRATCAP,0.0,0.7,100,rate,DIFF,STRAT-2000,DEF-0.75,1.002233541159927,1.0019893323707645,1.0042882906256048,1.0,1.00020499822128,1.0004491454954916,206.0846141757931,215.73971884404833,0.01351834917876387,0.75
STRATCAP,0.0,0.7,100,rate,DIFF,STRAT-2000,RA-EST,1.0024320242133444,1.0021134594498649,1.004681977634332,1.0,1.0004029040256877,1.000808789234907,208.19593407778217,221.5516782527051,0.01807503286809339,1.0
STRATCAP,0.0,0.7,100,rate,HT,STRAT-2000,DEF-0.0,0.9999499999999998,0.9999499999999998,0.9999499999999998,0.0,0.9999499999999998,0.9999499999999998,200.0,200.0,0.0,0.0
STRATCAP,0.0,0.7,100,rate,HT,STRAT-2000,DEF-0.25,0.9999957981534934,0.9999900129707469,1.0000356209723598,0.385,0.9999957981534934,1.0000356209723598,201.44616180693555,203.61988745681228,0.003462106870324414,0.25
STRATCAP,0.0,0.7,100,rate,HT,STRAT-2000,DEF-0.5,1.000133610485953,1.0001090057156563,1.0002886157809832,0.905,1.000133610485953,1.0002886157809832,202.91338984150332,207.3732262159454,0.006901449520340128,0.5
STRATCAP,0.0,0.7,100,rate,HT,STRAT-2000,DEF-0.75,1.0003642213432045,1.000306959426472,1.0007084327407287,0.99,1.0003642213432045,1.0007084327407287,204.4021477897017,211.26753461983557,0.010340441747130554,0.75
STRATCAP,0.0,0.7,100,rate,HT,STRAT-2000,RA-EST,1.0006886384841152,1.000583642105898,1.0012933901460823,1.0,1.0006886384841152,1.0012933901460823,205.9129130463279,215.31090657489162,0.01377656253800291,1.0
STRATCAP,0.0,0.7,400,dollars,DIFF,STRAT-2000,DEF-0.0,3.9871182892841683,3.962270214189436,4.055233327451702,1.0,0.9999499999999999,0.9999500000000001,50.0,50.0,0.0,0.0
STRATCAP,0.0,0.7,400,dollars,DIFF,STRAT-2000,DEF-0.25,1.7626102400576371,1.7549068450275191,1.7940438885438437,1.0,0.4421070276088292,0.4484296015109663,66.59418609010993,66.59581096471184,0.27628064208398967,0.25
STRATCAP,0.0,0.7,400,dollars,DIFF,STRAT-2000,DEF-0.5,1.3026938247434467,1.2981398305968002,1.321288637864533,1.0,0.3267592802558468,0.3306649202007386,99.67454508030583,99.68182567518463,0.5175721383122279,0.5
STRATCAP,0.0,0.7,400,dollars,DIFF,STRAT-2000,DEF-0.75,1.0931480459666638,1.0905248152519806,1.1051052296624069,1.0,0.27420405529686,0.2768189788445446,198.05989879157292,198.10302542369456,0.8333096530861339,0.75
STRATCAP,0.0,0.7,400,dollars,DIFF,STRAT-2000,RA-EST,1.0072817320325518,1.0055687050148987,1.0149077225288425,1.0,0.25267016706779516,0.25474457539883766,15313.110921307143,15664.656441343339,1.7751620454274928,1.0
STRATCAP,0.0,0.7,400,dollars,HT,STRAT-2000,DEF-0.0,10.635165372741023,10.635165372741024,10.635165372741024,1.0,0.9999499999999997,0.9999499999999997,50.0,50.0,0.0,0.0
STRATCAP,0.0,0.7,400,dollars,HT,STRAT-2000,DEF-0.25,3.4055131605600235,3.4000642499862286,3.4735439672165542,1.0,0.32019651463344645,0.32659297418362504,66.59428503860487,66.59564850190593,0.2761449647170676,0.25
STRATCAP,0.0,0.7,400,dollars,HT,STRAT-2000,DEF-0.5,1.9358443195432564,1.9321559270629647,1.9713058500110854,1.0,0.18201386245377904,0.18534806141999283,99.67498841976611,99.6810976942745,0.5173199827028758,0.5
STRATCAP,0.0,0.7,400,dollars,HT,STRAT-2000,DEF-0.75,1.273116075511349,1.2714520723823812,1.2910871738559309,1.0,0.1197021743517531,0.12139187067144773,198.06252455813538,198.09871266400873,0.833595027107368,0.75
STRATCAP,0.0,0.7,400,dollars,HT,STRAT-2000,RA-EST,1.0022608752117008,1.0016425098173984,1.0046838056374265,1.0,0.09423555977199045,0.09446337092435997,15334.067766121885,15628.782916890355,1.7770776410095075,1.0
STRATCAP,0.0,0.7,400,rate,DIFF,STRAT-2000,DEF-0.0,1.0019778036957014,1.0017802156559958,1.0037886036291541,1.0,0.9999499999999999,0.9999500000000002,50.0,50.0,0.0,0.0
STRATCAP,0.0,0.7,400,rate,DIFF,STRAT-2000,DEF-0.25,1.0020091059147296,1.0017958168313388,1.0038457235702332,1.0,0.9999812120034892,1.0000244549164115,50.4969715784432,51.24625497453169,0.004495758070548377,0.25
STRATCAP,0.0,0.7,400,rate,DIFF,STRAT-2000,DEF-0.5,1.0020949890291755,1.0018729105064774,1.0039908378154356,1.0,1.000066847299407,1.000187792052706,51.00392156841518,52.55622660605094,0.008988105189613033,0.5
STRATCAP,0.0,0.7,400,rate,DIFF,STRAT-2000,DEF-0.75,1.0022374410005648,1.001991821906405,1.0042964304252546,1.0,1.0002088868257453,1.0004567005089267,51.52115354394827,53.93492971101208,0.01351834917876387,0.75
STRATCAP,0.0,0.7,400,rate,DIFF,STRAT-2000,RA-EST,1.0024389562710503,1.002119164077012,1.0046961409006114,1.0,1.0004098160409312,1.000821820237363,52.04898351944554,55.387919563176276,0.01807503286809339,1.0
STRATCAP,0.0,0.7,400,rate,HT,STRAT-2000,DEF-0.0,0.9999500000000013,0.9999500000000013,0.9999500000000013,0.0,0.9999500000000013,0.9999500000000013,50.0,50.0,0.0,0.0
STRATCAP,0.0,0.7,400,rate,HT,STRAT-2000,DEF-0.25,0.9999960101164711,0.9999901935775591,1.0000360047934866,0.385,0.9999960101164711,1.0000360047934866,50.36154045173389,50.90497186420307,0.003462106870324414,0.25
STRATCAP,0.0,0.7,400,rate,HT,STRAT-2000,DEF-0.5,1.0001344647309387,1.0001097299147723,1.0002900918523836,0.905,1.0001344647309387,1.0002900918523836,50.72834746037583,51.84330655398635,0.006901449520340128,0.5
STRATCAP,0.0,0.7,400,rate,HT,STRAT-2000,DEF-0.75,1.0003661601857474,1.0003085765711517,1.0007117986344138,0.99,1.0003661601857474,1.0007117986344138,51.100536947425425,52.81688365495889,0.010340441747130554,0.75
STRATCAP,0.0,0.7,400,rate,HT,STRAT-2000,RA-EST,1.0006921196500216,1.0005865395314189,1.001299466185396,1.0,1.0006921196500216,1.001299466185396,51.478228261581975,53.827726643722904,0.01377656253800291,1.0
STRATCAP,0.75,0.05,100,dollars,DIFF,STRAT-2000,DEF-0.0,6.43359222454256,6.40261311348767,6.51893735320214,1.0,0.99995,0.9999500000000002,200.0,200.0,0.0,0.0
STRATCAP,0.75,0.05,100,dollars,DIFF,STRAT-2000,DEF-0.25,1.875226934478704,1.8695787758815028,1.9175365093261054,1.0,0.29146202254216247,0.29833547529643745,266.5243428786172,266.53872012230187,0.3508448575631117,0.25
STRATCAP,0.75,0.05,100,dollars,DIFF,STRAT-2000,DEF-0.5,1.248941564994993,1.2467609287099082,1.2732303431654397,1.0,0.1941313870330362,0.1979127988267442,399.3602258671096,399.4247925189297,0.6447059340445298,0.5
STRATCAP,0.75,0.05,100,dollars,DIFF,STRAT-2000,DEF-0.75,0.9846449629140795,0.9843738437292928,0.9985267831080143,0.07,0.15305753505893832,0.15543749838234486,796.1735953805448,796.5586525575487,1.0547291216529593,0.75
STRATCAP,0.75,0.05,100,dollars,DIFF,STRAT-2000,RA-EST,0.8735597517753086,0.8724389015851746,0.8801405713523681,0.0,0.13579708411219568,0.1377308344290886,124844.17533561875,138880.24954823646,2.6986808251324206,1.0
STRATCAP,0.75,0.05,100,dollars,HT,STRAT-2000,DEF-0.0,7.88377662916924,7.88377662916924,7.88377662916924,1.0,0.99995,0.9999500000000001,200.0,200.0,0.0,0.0
STRATCAP,0.75,0.05,100,dollars,HT,STRAT-2000,DEF-0.25,1.9748553285894253,1.9615952151253357,2.0523339332897805,1.0,0.2504835789634856,0.2603106877736809,266.53677241234294,266.5521626628569,0.36172516885552464,0.25
STRATCAP,0.75,0.05,100,dollars,HT,STRAT-2000,DEF-0.5,1.2436847350435012,1.2389267010871987,1.2808886705696108,1.0,0.1577445188141761,0.1624633327886473,399.4160447487826,399.48517410505286,0.6607234323726447,0.5
STRATCAP,0.75,0.05,100,dollars,HT,STRAT-2000,DEF-0.75,0.9412436645862259,0.9390276314701764,0.9614443443857569,0.02,0.11938397631924995,0.12194615821704802,796.5064688220803,796.9189755860755,1.0823509170529109,0.75
STRATCAP,0.75,0.05,100,dollars,HT,STRAT-2000,RA-EST,0.815388806593739,0.8131581071246758,0.8238939983883329,0.0,0.10342099675131554,0.10449976482593822,136796.798717742,155192.33905201775,2.8362742436464456,1.0
STRATCAP,0.75,0.05,100,rate,DIFF,STRAT-2000,DEF-0.0,0.999953751607839,0.99995,0.9999500000000002,0.005,0.99995,0.9999500000000002,200.0,200.0,0.0,0.0
STRATCAP,0.75,0.05,100,rate,DIFF,STRAT-2000,DEF-0.25,0.9298240793797922,0.9301147943877774,0.938306400653242,0.0,0.929820587693717,0.938306400653242,212.7058744018551,215.22562513845185,0.09247302708638067,0.25
STRATCAP,0.75,0.05,100,rate,DIFF,STRAT-2000,DEF-0.5,0.8914110853771462,0.8912188724333628,0.9017074568403056,0.0,0.8914077419462708,0.9017074568403056,227.13566982857242,232.96046971331907,0.17696544645766277,0.5
STRATCAP,0.75,0.05,100,rate,DIFF,STRAT-2000,DEF-0.75,0.8726221639667213,0.8713246186629167,0.8808318048015567,0.0,0.8726188994103486,0.8808318048015567,243.66577233545877,253.88052442113735,0.2569030222615049,0.75
STRATCAP,0.75,0.05,100,rate,DIFF,STRAT-2000,RA-EST,0.8683504340775667,0.8668062546963083,0.8754747351561899,0.0,0.8683471971601608,0.8754747351561899,262.79073805261044,278.92855507561694,0.3345119462715126,1.0
STRATCAP,0.75,0.05,100,rate,HT,STRAT-2000,DEF-0.0,1.048863937599587,1.048863937599587,1.048863937599587,1.0,0.99995,0.9999500000000001,200.0,200.0,0.0,0.0
STRATCAP,0.75,0.05,100,rate,HT,STRAT-2000,DEF-0.25,0.9480282172529733,0.9485342083240266,0.9592292082532548,0.0,0.9038167696104076,0.9144954006026835,214.0034576033739,216.58555085981305,0.10491540458255552,0.25
STRATCAP,0.75,0.05,100,rate,HT,STRAT-2000,DEF-0.5,0.8966563483894011,0.8961963332156351,0.9094295385395527,0.0,0.8548406360733045,0.8670181464564675,230.11552317577812,236.17067213469335,0.19682540605216114,0.5
STRATCAP,0.75,0.05,100,rate,HT,STRAT-2000,DEF-0.75,0.8725074441803298,0.8708776809082567,0.8822717961755037,0.0,0.8318179198770315,0.8411269097541355,248.85123765093567,259.6499979246904,0.2828074250750826,0.75
STRATCAP,0.75,0.05,100,rate,HT,STRAT-2000,RA-EST,0.867412566867266,0.8657306130330897,0.8755728194667144,0.0,0.8269606429828924,0.8347403408963252,270.9082454413517,288.3132118834477,0.36978978803189866,1.0
STRATCAP,0.75,0.05,400,dollars,DIFF,STRAT-2000,DEF-0.0,7.012915960290749,6.977618264498052,7.1108030711926045,1.0,0.9999499999999999,0.9999500000000001,50.0,50.0,0.0,0.0
STRATCAP,0.75,0.05,400,dollars,DIFF,STRAT-2000,DEF-0.25,1.9709296126765403,1.9652247865087502,2.016650236768469,1.0,0.2810311428325711,0.2878617152450422,66.63105360032176,66.63465886532443,0.35060740140152524,0.25
STRATCAP,0.75,0.05,400,dollars,DIFF,STRAT-2000,DEF-0.5,1.2764360959710104,1.2738779389480726,1.303093911162438,1.0,0.18201594534766655,0.1857892619664452,99.83991223794104,99.85610306869265,0.6445846762647971,0.5
STRATCAP,0.75,0.05,400,dollars,DIFF,STRAT-2000,DEF-0.75,0.9835480004109304,0.9831586978387441,0.998870930641854,0.075,0.14025851942333803,0.1426232135104637,199.04253898365943,199.13909604093178,1.0543216297914444,0.75
STRATCAP,0.75,0.05,400,dollars,DIFF,STRAT-2000,RA-EST,0.8603679669611587,0.8589957866259943,0.8675558038575546,0.0,0.12269966571414717,0.12457088118694061,31182.870270021398,34697.09288333564,2.69735921581779,1.0
STRATCAP,0.75,0.05,400,dollars,HT,STRAT-2000,DEF-0.0,8.61057954388427,8.61057954388427,8.61057954388427,1.0,0.9999499999999999,0.9999499999999999,50.0,50.0,0.0,0.0
STRATCAP,0.75,0.05,400,dollars,HT,STRAT-2000,DEF-0.25,2.075498301060176,2.0618562636568365,2.157313794955391,1.0,0.24102843665374274,0.25052970224261095,66.63412214831747,66.63798469314963,0.3613816540168338,0.25
STRATCAP,0.75,0.05,400,dollars,HT,STRAT-2000,DEF-0.5,1.2699543941313365,1.2646666638935438,1.3092899757131917,1.0,0.14748030488999775,0.15204836150016088,99.85369251265905,99.87104208222642,0.6602783459104836,0.5
STRATCAP,0.75,0.05,400,dollars,HT,STRAT-2000,DEF-0.75,0.9401136095718587,0.9379065200209843,0.962249208782856,0.02,0.10917576443028965,0.11174638030094355,199.12471628769012,199.22824297738933,1.0818115219947617,0.75
STRATCAP,0.75,0.05,400,dollars,HT,STRAT-2000,RA-EST,0.8045867638025874,0.8019326610787003,0.8132523921670136,0.0,0.09343697835482312,0.09444332119607385,34124.60797191795,38722.34713630618,2.8334436539291596,1.0
STRATCAP,0.75,0.05,400,rate,DIFF,STRAT-2000,DEF-0.0,1.008121027810236,1.0067622981254831,1.013141230911696,1.0,0.9999499999999999,0.9999500000000001,50.0,50.0,0.0,0.0
STRATCAP,0.75,0.05,400,rate,DIFF,STRAT-2000,DEF-0.25,0.9363392878366631,0.9355307137506753,0.9459465883039652,0.0,0.9287485948182577,0.9373651963549965,53.17646860046378,53.80640628461296,0.09247302708638067,0.25
STRATCAP,0.75,0.05,400,rate,DIFF,STRAT-2000,DEF-0.5,0.8970218742219074,0.8956280571592734,0.9084790060720729,0.0,0.8897490174375506,0.9002039090175323,56.783917457143104,58.24011742832977,0.17696544645766277,0.5
STRATCAP,0.75,0.05,400,rate,DIFF,STRAT-2000,DEF-0.75,0.8777908041842822,0.8761427322954557,0.8868914939084546,0.0,0.8706736155116559,0.8790158144103418,60.91644308386469,63.47013110528434,0.2569030222615049,0.75
STRATCAP,0.75,0.05,400,rate,DIFF,STRAT-2000,RA-EST,0.8734188733230941,0.8716908301842785,0.8827028865034832,0.0,0.8663373604547498,0.873569098801904,65.69768451315261,69.73213876890424,0.3345119462715126,1.0
STRATCAP,0.75,0.05,400,rate,HT,STRAT-2000,DEF-0.0,1.0768599948911228,1.0768599948911228,1.0768599948911228,1.0,0.99995,0.99995,50.0,50.0,0.0,0.0
STRATCAP,0.75,0.05,400,rate,HT,STRAT-2000,DEF-0.25,0.9719584026430189,0.9724841530542854,0.9836048618430109,0.005,0.902540543184681,0.9133552051948614,53.500864400843476,54.14638771495326,0.10491540458255552,0.25
STRATCAP,0.75,0.05,400,rate,HT,STRAT-2000,DEF-0.5,0.9185940069760055,0.9181106237737121,0.9318420754596676,0.0,0.8529874650683142,0.8652893484543503,57.52888079394453,59.04266803367334,0.19682540605216114,0.5
STRATCAP,0.75,0.05,400,rate,HT,STRAT-2000,DEF-0.75,0.8935830859409887,0.8918607144805246,0.9036934933248358,0.0,0.8297628392045838,0.8391511551522851,62.21280941273392,64.9124994811726,0.2828074250750826,0.75
STRATCAP,0.75,0.05,400,rate,HT,STRAT-2000,RA-EST,0.8884105025050004,0.8866747025736981,0.8968946078578036,0.0,0.8249596848192828,0.8328378502147699,67.72706136033793,72.07830297086193,0.36978978803189866,1.0
STRATCAP,0.75,0.25,100,dollars,DIFF,STRAT-2000,DEF-0.0,3.682572959366579,3.665428157968722,3.732298424540991,1.0,0.99995,0.9999500000000002,200.0,200.0,0.0,0.0
STRATCAP,0.75,0.25,100,dollars,DIFF,STRAT-2000,DEF-0.25,1.7493342057044388,1.7359752448663894,1.7974563904384537,1.0,0.4750196120757692,0.4859089876032253,266.42727127722856,266.43784082833025,0.28639650639780156,0.25
STRATCAP,0.75,0.25,100,dollars,DIFF,STRAT-2000,DEF-0.5,1.2953559616376606,1.2881875854887361,1.3223747517401572,1.0,0.3517516583311407,0.35740804672507515,398.92465149862255,398.9720478929022,0.5437119786855451,0.5
STRATCAP,0.75,0.25,100,dollars,DIFF,STRAT-2000,DEF-0.75,1.081523204188055,1.0775950087436479,1.0966168804678966,1.0,0.2936903505193634,0.2966073650660798,793.5824146962256,793.8638258302836,0.8874465770447537,0.75
STRATCAP,0.75,0.25,100,dollars,DIFF,STRAT-2000,RA-EST,0.9904164123339221,0.9885459868156673,0.9942087559014473,0.04,0.2689541327517626,0.2706418839457381,74194.48862576386,77624.65486946126,1.9906382789738424,1.0
STRATCAP,0.75,0.25,100,dollars,HT,STRAT-2000,DEF-0.0,9.369642243775,9.369642243775,9.369642243775,1.0,0.99995,0.9999500000000001,200.0,200.0,0.0,0.0
STRATCAP,0.75,0.25,100,dollars,HT,STRAT-2000,DEF-0.25,2.5961197417058286,2.594789459082942,2.6372420026637244,1.0,0.27706393351821584,0.28145259679638607,266.4933250333378,266.50010248251243,0.3298631663048254,0.25
STRATCAP,0.75,0.25,100,dollars,HT,STRAT-2000,DEF-0.5,1.5290106573449378,1.5285521281199403,1.5512525838456823,1.0,0.16317957153890944,0.165553281636453,399.22097543045777,399.251396350525,0.6111317624139363,0.5
STRATCAP,0.75,0.25,100,dollars,HT,STRAT-2000,DEF-0.75,1.0681426662578075,1.0672936304325857,1.0791359928239592,1.0,0.11399466824190768,0.1151679016070478,795.3439883202755,795.5251276329336,0.9972815350506232,0.75
STRATCAP,0.75,0.25,100,dollars,HT,STRAT-2000,RA-EST,0.8761839954082481,0.8757759960572957,0.878302812437864,0.0,0.09350839268068825,0.09373451775928152,102492.52520973928,106665.63467328565,2.410174611311962,1.0
STRATCAP,0.75,0.25,100,rate,DIFF,STRAT-2000,DEF-0.0,1.0004607024724876,0.9999500000000001,1.0019706685936338,0.285,0.99995,0.9999500000000002,200.0,200.0,0.0,0.0
STRATCAP,0.75,0.25,100,rate,DIFF,STRAT-2000,DEF-0.25,0.9930202036417615,0.9927817360874265,0.9944476879466291,0.0,0.9925133744432648,0.9933658667727266,205.0354447618376,208.0824332329386,0.032270072962585675,0.25
STRATCAP,0.75,0.25,100,rate,DIFF,STRAT-2000,DEF-0.5,0.987996002581039,0.9877708041805511,0.9898176648726674,0.0,0.9874917557534353,0.9886570200111604,210.33099535803018,216.8456350766892,0.06388091178619998,0.5
STRATCAP,0.75,0.25,100,rate,DIFF,STRAT-2000,DEF-0.75,0.9852012251535579,0.984828637329833,0.9872211663285111,0.0,0.9846983699059223,0.9857407506935184,215.90733975658628,226.37939685997668,0.09503072329991394,0.75
STRATCAP,0.75,0.25,100,rate,DIFF,STRAT-2000,RA-EST,0.9845006680551718,0.9839031336148494,0.9862866134829255,0.0,0.9839980834061635,0.9848051543011365,221.7874196141786,236.79002703916004,0.12572115797637873,1.0
STRATCAP,0.75,0.25,100,rate,HT,STRAT-2000,DEF-0.0,1.147246045891235,1.147246045891235,1.147246045891235,1.0,0.99995,0.9999500000000001,200.0,200.0,0.0,0.0
STRATCAP,0.75,0.25,100,rate,HT,STRAT-2000,DEF-0.25,1.0935506984847259,1.093397249564309,1.0974248773531745,1.0,0.9531486509507403,0.9565254201916364,209.4595510031562,210.4798623078056,0.06732627937454362,0.25
STRATCAP,0.75,0.25,100,rate,HT,STRAT-2000,DEF-0.5,1.0605465788577149,1.0601005811246784,1.06553231812271,1.0,0.9243819626372569,0.9287275779443543,219.8583584099133,222.11873111343047,0.13048377744085016,0.5
STRATCAP,0.75,0.25,100,rate,HT,STRAT-2000,DEF-0.75,1.04298596765596,1.0423755353227675,1.0467320784908671,1.0,0.9090759755440055,0.9123411195318895,231.34362091735204,235.12012878654446,0.19068021777092603,0.75
STRATCAP,0.75,0.25,100,rate,HT,STRAT-2000,RA-EST,1.0380261216006752,1.037735584237848,1.0393759916622434,1.0,0.9047529289920088,0.9059294879114308,244.094990925145,249.73819190380624,0.2491083493531891,1.0
STRATCAP,0.75,0.25,400,dollars,DIFF,STRAT-2000,DEF-0.0,3.8391105508994623,3.820770357467739,3.89298024753723,1.0,0.9999499999999999,0.9999500000000001,50.0,50.0,0.0,0.0
STRATCAP,0.75,0.25,400,dollars,DIFF,STRAT-2000,DEF-0.25,1.7929390449271116,1.7787775376304347,1.843953891916483,1.0,0.46700902241675296,0.478058697893161,66.60681781930714,66.60946020708256,0.28639650639780156,0.25
STRATCAP,0.75,0.25,400,dollars,DIFF,STRAT-2000,DEF-0.5,1.3124966546524746,1.3050266078807455,1.3409424374301802,1.0,0.34187447474850235,0.3476131753384182,99.73116287465564,99.74301197322555,0.5437119786855451,0.5
STRATCAP,0.75,0.25,400,dollars,DIFF,STRAT-2000,DEF-0.75,1.0862264446504906,1.0821460166551176,1.1021058417518697,1.0,0.28294112616114375,0.28595326747768096,198.3956036740564,198.4659564575709,0.8874465770447537,0.75
STRATCAP,0.75,0.25,400,dollars,DIFF,STRAT-2000,RA-EST,0.9898445202271045,0.9878810072801416,0.9939281108374537,0.04,0.2578396652215722,0.25949009915294646,18548.622156440964,19406.163717365314,1.9906382789738424,1.0
STRATCAP,0.75,0.25,400,dollars,HT,STRAT-2000,DEF-0.0,9.831122706559357,9.831122706559357,9.831122706559357,1.0,0.9999499999999997,0.9999499999999997,50.0,50.0,0.0,0.0
STRATCAP,0.75,0.25,400,dollars,HT,STRAT-2000,DEF-0.25,2.65275808766609,2.651180559027156,2.695296348734534,1.0,0.26981917822995594,0.2741458594671874,66.62333006505384,66.62501831911251,0.32985896854883423,0.25
STRATCAP,0.75,0.25,400,dollars,HT,STRAT-2000,DEF-0.5,1.5442228490043823,1.5434811291754342,1.5654776388005829,1.0,0.15706706995241476,0.15922895193589667,99.80523850178733,99.81281631274987,0.6111271804327019,0.5
STRATCAP,0.75,0.25,400,dollars,HT,STRAT-2000,DEF-0.75,1.0738553054186646,1.0731494880567118,1.0843846552362952,1.0,0.10922471875332705,0.11029568731555597,198.8359651940036,198.88108672285944,0.9972572932596446,0.75
STRATCAP,0.75,0.25,400,dollars,HT,STRAT-2000,RA-EST,0.8821933890184539,0.8816149516631082,0.8849240955351353,0.0,0.08973026842198091,0.09000801594511312,25622.42536300175,26661.73004047575,2.4100436970195505,1.0
STRATCAP,0.75,0.25,400,rate,DIFF,STRAT-2000,DEF-0.0,1.0024804320759315,1.001978721035631,1.0052022051253828,1.0,0.9999499999999999,0.9999500000000002,50.0,50.0,0.0,0.0
STRATCAP,0.75,0.25,400,rate,DIFF,STRAT-2000,DEF-0.25,0.9949109412615962,0.9943774848201268,0.9975452341122164,0.025,0.9923997203653976,0.9932650915660375,51.2588611904594,52.02060830823465,0.032270072962585675,0.25
STRATCAP,0.75,0.25,400,rate,DIFF,STRAT-2000,DEF-0.5,0.9897997082863774,0.989355248662003,0.992571088853081,0.0,0.9873013933399395,0.988484331014484,52.582748839507545,54.2114087691723,0.06388091178619998,0.5
STRATCAP,0.75,0.25,400,rate,DIFF,STRAT-2000,DEF-0.75,0.9869566163210673,0.9864342511852304,0.9899664686611038,0.0,0.9844653861322452,0.9855234274201117,53.97683493914657,56.59484921499417,0.09503072329991394,0.75
STRATCAP,0.75,0.25,400,rate,DIFF,STRAT-2000,RA-EST,0.9862441206580109,0.9856306414457978,0.9892422821547932,0.0,0.9837544968906236,0.9845763252409817,55.44685490354465,59.19750675979001,0.12572115797637873,1.0
STRATCAP,0.75,0.25,400,rate,HT,STRAT-2000,DEF-0.0,1.150946121776096,1.150946121776096,1.150946121776096,1.0,0.9999499999999999,0.9999499999999999,50.0,50.0,0.0,0.0
STRATCAP,0.75,0.25,400,rate,HT,STRAT-2000,DEF-0.25,1.0967353594819307,1.096582122875988,1.10064385691524,1.0,0.9528513124676949,0.956247042236875,52.36488775078905,52.6199655769514,0.06732627937454362,0.25
STRATCAP,0.75,0.25,400,rate,HT,STRAT-2000,DEF-0.5,1.0635418062888717,1.0630804608806779,1.0685557632402087,1.0,0.9240125224605841,0.9283686831518878,54.96458960247833,55.52968277835762,0.13048377744085016,0.5
STRATCAP,0.75,0.25,400,rate,HT,STRAT-2000,DEF-0.75,1.0460204935403947,1.045408705800953,1.049745573379121,1.0,0.9087898840143964,0.9120262593010051,57.83590522933801,58.780032196636114,0.19068021777092603,0.75
STRATCAP,0.75,0.25,400,rate,HT,STRAT-2000,RA-EST,1.0412760247813762,1.040942217813009,1.042676612704174,1.0,0.9046678565399395,0.9058846970739173,61.02374773128625,62.43454797595156,0.2491083493531891,1.0
STRATCAP,0.75,0.7,100,dollars,DIFF,STRAT-2000,DEF-0.0,1.7629006616259262,1.7583734678119216,1.7737583268312704,1.0,0.99995,0.9999500000000002,200.0,200.0,0.0,0.0
STRATCAP,0.75,0.7,100,dollars,DIFF,STRAT-2000,DEF-0.25,1.3485181375544826,1.2518772562221463,1.6972764561814344,1.0,0.7648666497870863,0.9611183323038418,266.24334934978674,266.50424934366697,0.20413202552456333,0.25
STRATCAP,0.75,0.7,100,dollars,DIFF,STRAT-2000,DEF-0.5,1.2558498035057701,1.0547454246762267,1.9232904395064838,1.0,0.7121363575057235,1.0891898970625107,398.10110085115,399.27001126808796,0.4063215696554986,0.5
STRATCAP,0.75,0.7,100,dollars,DIFF,STRAT-2000,DEF-0.75,1.4092782366857617,0.9465115756675984,2.9131263957793454,0.255,0.7987880306319223,1.6496128315871454,788.7137622504556,795.6359959856751,0.6712165023329776,0.75
STRATCAP,0.75,0.7,100,dollars,DIFF,STRAT-2000,RA-EST,34.44715916189282,0.9007148168288894,145.19903605746654,0.25,19.494116416699242,82.39328409335359,41929.675780972306,109390.79058447643,1.376642843679241,1.0
STRATCAP,0.75,0.7,100,dollars,HT,STRAT-2000,DEF-0.0,20.38533619538083,20.38533619538083,20.38533619538083,1.0,0.9999500000000003,0.9999500000000003,200.0,200.0,0.0,0.0
STRATCAP,0.75,0.7,100,dollars,HT,STRAT-2000,DEF-0.25,5.619146445066297,5.616264249307792,5.656333083618759,1.0,0.27563271137109036,0.27745680585077614,266.41694828474215,266.42070159408325,0.2918996529839566,0.25
STRATCAP,0.75,0.7,100,dollars,HT,STRAT-2000,DEF-0.5,2.766112673910091,2.7649655203568715,2.7879326576067585,1.0,0.13568451075646945,0.1367548336831243,398.8783679723658,398.8951952487779,0.54569988252236,0.5
STRATCAP,0.75,0.7,100,dollars,HT,STRAT-2000,DEF-0.75,1.4866925090133711,1.4861317238096952,1.4983267254028434,1.0,0.0729258600466338,0.07349654647373766,793.3077391052134,793.4075881332649,0.8824609007654471,0.75
STRATCAP,0.75,0.7,100,dollars,HT,STRAT-2000,RA-EST,0.9639800938534134,0.9638492109158414,0.9648085409917654,0.0,0.047285552988188685,0.047326190322204434,71124.63992700654,72210.98642791397,1.9456289717269262,1.0
STRATCAP,0.75,0.7,100,rate,DIFF,STRAT-2000,DEF-0.0,1.0067800750904938,1.0065471480625567,1.0080321717685283,1.0,0.99995,0.9999500000000002,200.0,200.0,0.0,0.0
STRATCAP,0.75,0.7,100,rate,DIFF,STRAT-2000,DEF-0.25,0.9933333903463195,0.9932283615771313,0.9958491328418677,0.0,0.9865944781644019,0.9886690571883296,239.7171851197682,266.6461397902644,0.051571442358545216,0.25
STRATCAP,0.75,0.7,100,rate,DIFF,STRAT-2000,DEF-0.5,0.98295235116646,0.9827450052897753,0.9864482270104147,0.0,0.9762837288012055,0.9792296702434893,299.11776923132015,399.9076432746532,0.10989874604317004,0.5
STRATCAP,0.75,0.7,100,rate,DIFF,STRAT-2000,DEF-0.75,0.9771839489665609,0.97682550145176,0.9805378926260727,0.0,0.9705541180229237,0.9731661219769469,397.65431051751443,799.4461154227565,0.1785605159528592,0.75
STRATCAP,0.75,0.7,100,rate,DIFF,STRAT-2000,RA-EST,4.379579873305209,0.9761550326635129,15.520817629353957,0.245,4.349358348255773,15.405381670959244,593.0041206678686,866006.5744165131,0.2674769586760829,1.0
STRATCAP,0.75,0.7,100,rate,HT,STRAT-2000,DEF-0.0,1.0729577526569976,1.0729577526569976,1.0729577526569976,1.0,0.9999500000000013,0.9999500000000013,200.0,200.0,0.0,0.0
STRATCAP,0.75,0.7,100,rate,HT,STRAT-2000,DEF-0.25,1.0629084255036743,1.062948190072388,1.06385607072231,1.0,0.9905844637875255,0.9914676279512852,202.84743603681204,203.22078799318942,0.019788372281186052,0.25
STRATCAP,0.75,0.7,100,rate,HT,STRAT-2000,DEF-0.5,1.0560161968994148,1.0560268038260656,1.0572737027210195,1.0,0.9841612062307741,0.9853331470114802,205.77712205869665,206.54700977994167,0.039246596076992685,0.5
STRATCAP,0.75,0.7,100,rate,HT,STRAT-2000,DEF-0.75,1.0520965387991073,1.052055144764652,1.0530502954969558,1.0,0.9805082552103851,0.9813971150071963,208.79267405735965,209.98392869495078,0.05838183560830219,0.75
STRATCAP,0.75,0.7,100,rate,HT,STRAT-2000,RA-EST,1.0509970272283236,1.050903446890212,1.051407031125164,1.0,0.9794835582057894,0.9798656640208884,211.89792313893406,213.53716433831394,0.07721643576061236,1.0
STRATCAP,0.75,0.7,400,dollars,DIFF,STRAT-2000,DEF-0.0,1.783627086754158,1.7788843335206381,1.794937401056498,1.0,0.9999499999999999,0.9999500000000001,50.0,50.0,0.0,0.0
STRATCAP,0.75,0.7,400,dollars,DIFF,STRAT-2000,DEF-0.25,1.3579712844881593,1.258724845452436,1.71613443227649,1.0,0.7612762624697319,0.9605364551842662,66.56083733744669,66.62606233591674,0.20413202552456333,0.25
STRATCAP,0.75,0.7,400,dollars,DIFF,STRAT-2000,DEF-0.5,1.2627957494921007,1.056234470359052,1.9484884719360474,1.0,0.7077453012578314,1.0905480675987067,99.5252752127875,99.81750281702199,0.4063215696554986,0.5
STRATCAP,0.75,0.7,400,dollars,DIFF,STRAT-2000,DEF-0.75,1.420425941855318,0.9450295419205503,2.9649925740182113,0.255,0.7957283688029841,1.6595502419843078,197.1784405626139,198.90899899641877,0.6712165023329776,0.75
STRATCAP,0.75,0.7,400,dollars,DIFF,STRAT-2000,RA-EST,35.35999774240576,0.8979931094505196,149.12978454558208,0.25,19.777213537146764,83.6390971842955,10482.418945243076,27347.697646119108,1.376642843679241,1.0
STRATCAP,0.75,0.7,400,dollars,HT,STRAT-2000,DEF-0.0,20.690684339288033,20.69068433928803,20.69068433928803,1.0,0.9999500000000003,0.9999500000000003,50.0,50.0,0.0,0.0
STRATCAP,0.75,0.7,400,dollars,HT,STRAT-2000,DEF-0.25,5.593543541685381,5.590811751339141,5.630951599462285,1.0,0.270327639859048,0.2721355156528412,66.60423707118554,66.60517539852081,0.2918996529839566,0.25
STRATCAP,0.75,0.7,400,dollars,HT,STRAT-2000,DEF-0.5,2.741310072798264,2.740032015783669,2.7623887459661978,1.0,0.13248343855353356,0.13350213947655004,99.71959199309146,99.72379881219447,0.54569988252236,0.5
STRATCAP,0.75,0.7,400,dollars,HT,STRAT-2000,DEF-0.75,1.4802136816405869,1.4798304972642455,1.491767499335153,1.0,0.07153652565014372,0.07209490447484716,198.32693477630335,198.35189703331622,0.8824609007654471,0.75
STRATCAP,0.75,0.7,400,dollars,HT,STRAT-2000,RA-EST,0.9677850401969149,0.9676388799203517,0.9686726195240151,0.0,0.04677161156566199,0.04681450695440698,17781.159981751636,18052.746606978493,1.9456289717269262,1.0
STRATCAP,0.75,0.7,400,rate,DIFF,STRAT-2000,DEF-0.0,1.000573519946834,1.0002512000460908,1.0017269349352658,0.61,0.9999499999999999,0.9999500000000001,50.0,50.0,0.0,0.0
STRATCAP,0.75,0.7,400,rate,DIFF,STRAT-2000,DEF-0.25,0.9870054560751,0.9869022703983251,0.9894549645479492,0.0,0.9863903386484885,0.9884963489790213,59.92929627994205,66.6615349475661,0.051571442358545216,0.25
STRATCAP,0.75,0.7,400,rate,DIFF,STRAT-2000,DEF-0.5,0.976530710886486,0.9763447735024928,0.9799807657971453,0.0,0.9759220003132418,0.9789124327758717,74.77944230783004,99.9769108186633,0.10989874604317004,0.5
STRATCAP,0.75,0.7,400,rate,DIFF,STRAT-2000,DEF-0.75,0.9707102491600128,0.9702890980269633,0.9739951678901719,0.0,0.9701048669669164,0.9727545091826668,99.41357762937861,199.86152885568913,0.1785605159528592,0.75
STRATCAP,0.75,0.7,400,rate,DIFF,STRAT-2000,RA-EST,4.40380724030994,0.9696109286860078,15.644497559837339,0.235,4.400625610978988,15.625873105292,148.25103016696715,216501.64360412827,0.2674769586760829,1.0
STRATCAP,0.75,0.7,400,rate,HT,STRAT-2000,DEF-0.0,1.0662464065987476,1.0662464065987476,1.0662464065987476,1.0,0.9999500000000009,0.9999500000000009,50.0,50.0,0.0,0.0
STRATCAP,0.75,0.7,400,rate,HT,STRAT-2000,DEF-0.25,1.0563412081133638,1.0563798817495447,1.05727334238414,1.0,0.9906606807918314,0.9915348573970647,50.71185900920301,50.805196998297355,0.019788372281186052,0.25
STRATCAP,0.75,0.7,400,rate,HT,STRAT-2000,DEF-0.5,1.0495904217583278,1.0495993736985727,1.0508173833358914,1.0,0.9843296406364402,0.9854803129593588,51.44428051467416,51.63675244498542,0.039246596076992685,0.5
STRATCAP,0.75,0.7,400,rate,HT,STRAT-2000,DEF-0.75,1.0458078767796475,1.0457714408779768,1.0467182113574427,1.0,0.980782284389307,0.981636016749325,52.19816851433991,52.495982173737694,0.05838183560830219,0.75
STRATCAP,0.75,0.7,400,rate,HT,STRAT-2000,RA-EST,1.0448397900407578,1.04475781053829,1.045247457712941,1.0,0.9798743907461849,0.9802567107111356,52.974480784733515,53.384291084578486,0.07721643576061236,1.0
STRATCAP,1.5,0.05,100,dollars,DIFF,STRAT-2000,DEF-0.0,6.4949136496107345,6.474861261914752,6.571053341815121,1.0,0.99995,0.9999500000000002,200.0,200.0,0.0,0.0
STRATCAP,1.5,0.05,100,dollars,DIFF,STRAT-2000,DEF-0.25,1.8126341053545614,1.8081584652273093,1.8572330374581143,1.0,0.27907841654032484,0.2853662946943335,266.59425664799744,266.6190255522811,0.3854219840491803,0.25
STRATCAP,1.5,0.05,100,dollars,DIFF,STRAT-2000,DEF-0.5,1.1611600757799296,1.1605666075089602,1.186137565463182,1.0,0.17877892086231228,0.1823237156569264,399.674331778484,399.7856915594623,0.7156278746350697,0.5
STRATCAP,1.5,0.05,100,dollars,DIFF,STRAT-2000,DEF-0.75,0.8847460226264756,0.8849812752872603,0.8997063227716986,0.0,0.1362230350002788,0.13860854239010864,798.0491672952242,798.7155257251773,1.2016132586943855,0.75
STRATCAP,1.5,0.05,100,dollars,DIFF,STRAT-2000,RA-EST,0.7622936286032495,0.7609386411733808,0.7702263747698688,0.0,0.11737239625729559,0.11915125644768473,245449.02643997443,373093.7459187878,3.87488754572819,1.0
STRATCAP,1.5,0.05,100,dollars,HT,STRAT-2000,DEF-0.0,12.374544910050943,12.374544910050943,12.374544910050943,1.0,0.9999499999999999,0.9999499999999999,200.0,200.0,0.0,0.0
STRATCAP,1.5,0.05,100,dollars,HT,STRAT-2000,DEF-0.25,2.2353018414387287,2.234945492009275,2.2925673424079225,1.0,0.1806280628979878,0.1852555169264293,266.61255980664055,266.630902718462,0.411917978395403,0.25
STRATCAP,1.5,0.05,100,dollars,HT,STRAT-2000,DEF-0.5,1.2433780006993176,1.24450185344647,1.2705761646388742,1.0,0.10047366111940226,0.10267146348135171,399.7566178996584,399.83910538978523,0.7523819296316672,0.5
STRATCAP,1.5,0.05,100,dollars,HT,STRAT-2000,DEF-0.75,0.8458423994219928,0.8464256788509534,0.8617198333498742,0.0,0.06834999698575094,0.06963300498092088,798.5414823724814,799.0354083268513,1.2667427684575943,0.75
STRATCAP,1.5,0.05,100,dollars,HT,STRAT-2000,RA-EST,0.6704926604410016,0.6688120244494675,0.6787998958620783,0.0,0.05418050851012826,0.05485179138312981,328517.7717699249,497019.97351266217,4.52626090139416,1.0
STRATCAP,1.5,0.05,100,rate,DIFF,STRAT-2000,DEF-0.0,1.4727334694402279,1.4705103068063927,1.4853660974158556,1.0,0.99995,0.9999500000000002,200.0,200.0,0.0,0.0
STRATCAP,1.5,0.05,100,rate,DIFF,STRAT-2000,DEF-0.25,1.1214156398686723,1.1273197830143813,1.1542415676463171,1.0,0.7614217844199294,0.7818106649119857,227.5278502264261,236.83493473011265,0.18340077924844955,0.25
STRATCAP,1.5,0.05,100,rate,DIFF,STRAT-2000,DEF-0.5,0.964694372007161,0.9692410255151639,0.9973835301747139,0.065,0.6550141911003816,0.6773676591511503,263.843003843342,290.3011464417799,0.34402077912670337,0.5
STRATCAP,1.5,0.05,100,rate,DIFF,STRAT-2000,DEF-0.75,0.8924693486756277,0.8922985976377313,0.915826901598426,0.0,0.6059735665459867,0.6229047716133387,313.9521203395848,374.9468145269077,0.5073231732458539,0.75
STRATCAP,1.5,0.05,100,rate,DIFF,STRAT-2000,RA-EST,0.8806379300494994,0.8738983440937276,0.9109840706168754,0.0,0.5979290971492488,0.6130325665250057,387.55703055847357,529.2726479413959,0.6889455661267236,1.0
STRATCAP,1.5,0.05,100,rate,HT,STRAT-2000,DEF-0.0,2.1092152398508657,2.1092152398508657,2.1092152398508657,1.0,0.99995,0.99995,200.0,200.0,0.0,0.0
STRATCAP,1.5,0.05,100,rate,HT,STRAT-2000,DEF-0.25,1.3752731460530752,1.3839424047096345,1.4215568452618081,1.0,0.6519981253752973,0.6739405920090227,230.9146168158207,239.79756224129255,0.21212033657495505,0.25
STRATCAP,1.5,0.05,100,rate,HT,STRAT-2000,DEF-0.5,1.1093050372727236,1.1153240438642635,1.1506730479568004,1.0,0.5259062949399563,0.5455183011031904,273.1337459009454,299.3681822872215,0.3919797491427325,0.5
STRATCAP,1.5,0.05,100,rate,HT,STRAT-2000,DEF-0.75,0.9931612615208308,0.9945161177809947,1.0244077888092837,0.44,0.4708441247219387,0.48565767450659586,334.245280860208,398.3186975947005,0.5746283467481623,0.75
STRATCAP,1.5,0.05,100,rate,HT,STRAT-2000,RA-EST,0.9718623415879404,0.9628501043706905,1.0062913354892125,0.11,0.46074659907140353,0.47706891260352624,430.5854194580231,594.9772279403018,0.7904392359805015,1.0
STRATCAP,1.5,0.05,400,dollars,DIFF,STRAT-2000,DEF-0.0,7.087576221352439,7.065621285919369,7.171505449522506,1.0,0.9999499999999999,0.9999500000000001,50.0,50.0,0.0,0.0
STRATCAP,1.5,0.05,400,dollars,DIFF,STRAT-2000,DEF-0.25,1.9031206233095426,1.8985600419071225,1.952225502668537,1.0,0.2685088736573964,0.27475547986662946,66.64854337873568,66.65473824346405,0.38527394886290656,0.25
STRATCAP,1.5,0.05,400,dollars,DIFF,STRAT-2000,DEF-0.5,1.179672213709672,1.1790753124228939,1.2069364345950746,1.0,0.1664418211480568,0.17002531535430085,99.91848952150627,99.94634129749957,0.7153291229726775,0.5
STRATCAP,1.5,0.05,400,dollars,DIFF,STRAT-2000,DEF-0.75,0.872958985310225,0.8731651679263073,0.8894082993796005,0.0,0.12316957106802966,0.12554106722555355,199.51173310746682,199.6783929253649,1.2013882940939409,0.75
STRATCAP,1.5,0.05,400,dollars,DIFF,STRAT-2000,RA-EST,0.7370044842898398,0.7354723833838801,0.7457504811226745,0.0,0.10399044061329316,0.10575121150919181,61291.888966774946,93131.5302227591,3.8725064652353463,1.0
STRATCAP,1.5,0.05,400,dollars,HT,STRAT-2000,DEF-0.0,13.461929632262901,13.461929632262903,13.461929632262903,1.0,0.99995,0.99995,50.0,50.0,0.0,0.0
STRATCAP,1.5,0.05,400,dollars,HT,STRAT-2000,DEF-0.25,2.3235001753304676,2.3238111486133786,2.383288096898592,1.0,0.17258922485774042,0.17703026219823917,66.65306314425584,66.65766462257402,0.4112272752490133,0.25
STRATCAP,1.5,0.05,400,dollars,HT,STRAT-2000,DEF-0.5,1.2449693692857742,1.2465579133026816,1.2730271289513948,1.0,0.09247612748129075,0.09456025342341405,99.93880912308396,99.959501738603,0.7516562550345965,0.5
STRATCAP,1.5,0.05,400,dollars,HT,STRAT-2000,DEF-0.75,0.8246638827909579,0.8254752916297659,0.83983129478532,0.0,0.061255902543163286,0.06238253550278105,199.63330353657062,199.75720708554226,1.2655143290560305,0.75
STRATCAP,1.5,0.05,400,dollars,HT,STRAT-2000,RA-EST,0.6456394827822713,0.6437529411166589,0.6575789686469098,0.0,0.047957998477489286,0.048844861595666075,81666.72374173877,123412.15684502824,4.512532111419688,1.0
STRATCAP,1.5,0.05,400,rate,DIFF,STRAT-2000,DEF-0.0,1.4832062042349414,1.4809672324997636,1.4959286639182705,1.0,0.9999499999999999,0.9999500000000001,50.0,50.0,0.0,0.0
STRATCAP,1.5,0.05,400,rate,DIFF,STRAT-2000,DEF-0.25,1.123984182670509,1.1300701070325347,1.1574974306673882,1.0,0.7577772942912309,0.7784742311701538,56.881962556606524,59.20873368252816,0.18340077924844955,0.25
STRATCAP,1.5,0.05,400,rate,DIFF,STRAT-2000,DEF-0.5,0.9637408222699516,0.9684833457282842,0.9969954042881235,0.065,0.6497465293994759,0.6724338784142689,65.9607509608355,72.57528661044498,0.34402077912670337,0.5
STRATCAP,1.5,0.05,400,rate,DIFF,STRAT-2000,DEF-0.75,0.8898957276263713,0.8897772132445091,0.9138921466901997,0.0,0.5999598949207031,0.617152017280786,78.4880300848962,93.73670363172693,0.5073231732458539,0.75
STRATCAP,1.5,0.05,400,rate,DIFF,STRAT-2000,RA-EST,0.8778033471651915,0.8708708657791904,0.9088549067909001,0.0,0.5917960206761418,0.607115361667797,96.88925763961839,132.31816198534898,0.6889455661267236,1.0
STRATCAP,1.5,0.05,400,rate,HT,STRAT-2000,DEF-0.0,2.124214051441888,2.124214051441888,2.124214051441888,1.0,0.9999499999999999,0.9999499999999999,50.0,50.0,0.0,0.0
STRATCAP,1.5,0.05,400,rate,HT,STRAT-2000,DEF-0.25,1.3757157061185195,1.384577385214932,1.422838357733732,1.0,0.6476027777894808,0.6697852388510894,57.72865420395517,59.94939056032314,0.21212033657495505,0.25
STRATCAP,1.5,0.05,400,rate,HT,STRAT-2000,DEF-0.5,1.1054699475595573,1.1115200812696266,1.147369386740194,1.0,0.5203876103313781,0.5401113025742754,68.28343647523636,74.84204557180537,0.3919797491427325,0.5
STRATCAP,1.5,0.05,400,rate,HT,STRAT-2000,DEF-0.75,0.9881756266790745,0.98964885939104,1.019826441263704,0.34,0.46517262101105766,0.4800718878822174,83.561320215052,99.57967439867512,0.5746283467481623,0.75
STRATCAP,1.5,0.05,400,rate,HT,STRAT-2000,RA-EST,0.9676244136352214,0.9588819346278703,1.0030917424425685,0.105,0.4554983673880521,0.47219421563217473,107.64635486450578,148.74430698507544,0.7904392359805015,1.0
STRATCAP,1.5,0.25,100,dollars,DIFF,STRAT-2000,DEF-0.0,3.9553835711845937,2.1516299237838368,10.341915449954145,1.0,0.99995,0.9999500000000002,200.0,200.0,0.0,0.0
STRATCAP,1.5,0.25,100,dollars,DIFF,STRAT-2000,DEF-0.25,1.935936455994808,1.4223025268941745,3.7649387196438107,1.0,0.5945211132969658,0.6670144732225431,266.4207140678721,266.4368017218055,0.2628812794970574,0.25
STRATCAP,1.5,0.25,100,dollars,DIFF,STRAT-2000,DEF-0.5,1.4124834754792266,1.126740756804423,2.430743913034741,1.0,0.4594001352296763,0.5290612620644112,398.89525117427513,398.9673879591298,0.5175741825262512,0.5
STRATCAP,1.5,0.25,100,dollars,DIFF,STRAT-2000,DEF-0.75,1.1478824168841044,0.9648037347166467,1.7958455977005285,0.225,0.38789466878579565,0.4522382507796016,793.4079200090714,793.8361520935832,0.8569498188870828,0.75
STRATCAP,1.5,0.25,100,dollars,DIFF,STRAT-2000,RA-EST,1.0138532295618041,0.8940748481046896,1.438338137375928,0.22,0.35461998992371824,0.4177635957274495,72214.65095477295,77273.48466064339,1.9478613461774505,1.0
STRATCAP,1.5,0.25,100,dollars,HT,STRAT-2000,DEF-0.0,15.062582960496037,15.062582960496037,15.062582960496037,1.0,0.99995,0.9999500000000001,200.0,200.0,0.0,0.0
STRATCAP,1.5,0.25,100,dollars,HT,STRAT-2000,DEF-0.25,4.083175958624983,3.8663926437457676,4.883357765859272,1.0,0.2710671742379962,0.32418832883959564,266.54516486449376,266.5516545076749,0.3467008431308284,0.25
STRATCAP,1.5,0.25,100,dollars,HT,STRAT-2000,DEF-0.5,2.2248383340650033,2.0624226985070786,2.8245542782310626,1.0,0.14769891047126463,0.18751186685076612,399.4537396773248,399.4828913379221,0.6492863485416671,0.5
STRATCAP,1.5,0.25,100,dollars,HT,STRAT-2000,DEF-0.75,1.391452223493991,1.2692074102279456,1.8388817710256438,1.0,0.09237344315592708,0.12207666054086505,796.7313656901206,796.9053493808764,1.080291164957853,0.75
STRATCAP,1.5,0.25,100,dollars,HT,STRAT-2000,RA-EST,0.9913987440220482,0.9151059010961817,1.2625188655469073,0.22,0.0658153503077669,0.08381402730956679,146250.3218486648,154506.3649200267,2.9350064870818287,1.0
STRATCAP,1.5,0.25,100,rate,DIFF,STRAT-2000,DEF-0.0,1.1303400334410423,1.0037862809295577,1.5794461416750747,1.0,0.99995,0.9999500000000002,200.0,200.0,0.0,0.0
STRATCAP,1.5,0.25,100,rate,DIFF,STRAT-2000,DEF-0.25,1.1085967126233158,0.9763745063107035,1.5794461416750747,0.22,0.9782871041750368,0.99995,222.5659247764411,233.37250961070345,0.0598046080506778,0.25
STRATCAP,1.5,0.25,100,rate,DIFF,STRAT-2000,DEF-0.5,1.0941514696760037,0.9580170133617073,1.5794461416750747,0.22,0.9638952854467082,0.99995,250.87168940394673,280.11285716922504,0.11801804458743562,0.5
STRATCAP,1.5,0.25,100,rate,DIFF,STRAT-2000,DEF-0.75,1.085911067869587,0.9471977504158604,1.5794461416750747,0.22,0.9556853431193159,0.99995,287.4263672967893,350.2646127462415,0.17559807370935454,0.75
STRATCAP,1.5,0.25,100,rate,DIFF,STRAT-2000,RA-EST,1.0833138858081832,0.9436209850861951,1.5794461416750747,0.22,0.9530977162923621,0.99995,336.45086665094357,467.294307277973,0.237861611937627,1.0
STRATCAP,1.5,0.25,100,rate,HT,STRAT-2000,DEF-0.0,1.5794461416750745,1.5794461416750745,1.5794461416750745,1.0,0.9999499999999999,0.9999499999999999,200.0,200.0,0.0,0.0
STRATCAP,1.5,0.25,100,rate,HT,STRAT-2000,DEF-0.25,1.4159187690300976,1.371585733177065,1.5794461416750745,1.0,0.8964205462492535,0.9999499999999999,217.8905092312209,219.42847599798822,0.115774926755795,0.25
STRATCAP,1.5,0.25,100,rate,HT,STRAT-2000,DEF-0.5,1.3203233156106293,1.2492651669219363,1.5794461416750745,1.0,0.835898904437891,0.9999499999999999,239.29616062039977,243.03774057933418,0.22355091189871806,0.5
STRATCAP,1.5,0.25,100,rate,HT,STRAT-2000,DEF-0.75,1.2691403663190959,1.1830426471956095,1.5794461416750745,1.0,0.8034948934408526,0.9999499999999999,265.3658050606706,272.3399846835917,0.3292546499618827,0.75
STRATCAP,1.5,0.25,100,rate,HT,STRAT-2000,RA-EST,1.2530361802970675,1.160947772474366,1.5794461416750745,1.0,0.7932993062740443,0.9999499999999999,297.81014013318463,309.67665953331203,0.43821789619883467,1.0
STRATCAP,1.5,0.25,400,dollars,DIFF,STRAT-2000,DEF-0.0,4.059351849151305,2.190058194064878,10.677386766176484,1.0,0.9999499999999999,0.9999500000000001,50.0,50.0,0.0,0.0
STRATCAP,1.5,0.25,400,dollars,DIFF,STRAT-2000,DEF-0.25,1.9572298844964282,1.4364350063486342,3.811878424128396,1.0,0.5889152900844552,0.6619132495679253,66.60517851696802,66.60920043045138,0.2628812794970574,0.25
STRATCAP,1.5,0.25,400,dollars,DIFF,STRAT-2000,DEF-0.5,1.4173469135887986,1.131046940687202,2.4379637995384513,1.0,0.4522397945933121,0.52185967572949,99.72381279356878,99.74184698978245,0.5175741825262512,0.5
STRATCAP,1.5,0.25,400,dollars,DIFF,STRAT-2000,DEF-0.75,1.1464627646647154,0.9636387875746895,1.7934804429842526,0.225,0.38007789868408004,0.4438706362669125,198.35198000226785,198.4590380233958,0.8569498188870828,0.75
STRATCAP,1.5,0.25,400,dollars,DIFF,STRAT-2000,RA-EST,1.010701572931834,0.8905186662955933,1.4364148860686359,0.22,0.34666327422093923,0.4088862189326082,18053.662738693238,19318.371165160846,1.9478613461774505,1.0
STRATCAP,1.5,0.25,400,dollars,HT,STRAT-2000,DEF-0.0,15.714811344321117,15.714811344321118,15.714811344321118,1.0,0.9999499999999999,0.9999499999999999,50.0,50.0,0.0,0.0
STRATCAP,1.5,0.25,400,dollars,HT,STRAT-2000,DEF-0.25,4.160114710236652,3.934951205860936,4.9911875836092,1.0,0.26471248132446784,0.3175945237187719,66.63628798848207,66.63790958218593,0.34668156364092284,0.25
STRATCAP,1.5,0.25,400,dollars,HT,STRAT-2000,DEF-0.5,2.2491510954535268,2.0838277380684747,2.8590326173775082,1.0,0.14311585348503036,0.18192325718117894,99.86342042138146,99.87070466454516,0.6492740343447728,0.5
STRATCAP,1.5,0.25,400,dollars,HT,STRAT-2000,DEF-0.75,1.408748216779161,1.287164642589352,1.8542645443174512,1.0,0.08964013302503802,0.11798880625826155,199.1827549080981,199.2262288872176,1.080256331787822,0.75
STRATCAP,1.5,0.25,400,dollars,HT,STRAT-2000,RA-EST,1.0121094374700987,0.9384760176011193,1.2741560102371832,0.22,0.06440158967380503,0.08107588914181216,36558.69405903843,38621.15599660378,2.934832386016116,1.0
STRATCAP,1.5,0.25,400,rate,DIFF,STRAT-2000,DEF-0.0,1.1270400205546975,1.0005661055705406,1.5743792328689425,0.6,0.9999499999999999,0.9999500000000001,50.0,50.0,0.0,0.0
STRATCAP,1.5,0.25,400,rate,DIFF,STRAT-2000,DEF-0.25,1.1050260948186916,0.9733052141139948,1.5743792328689425,0.22,0.9779561231518447,0.99995,55.64148119411028,58.34312740267586,0.0598046080506778,0.25
STRATCAP,1.5,0.25,400,rate,DIFF,STRAT-2000,DEF-0.5,1.0904011924450356,0.9545502719407017,1.5743792328689425,0.22,0.9633445539541731,0.99995,62.71792235098668,70.02821429230626,0.11801804458743562,0.5
STRATCAP,1.5,0.25,400,rate,DIFF,STRAT-2000,DEF-0.75,1.082058442558998,0.9437163096178269,1.5743792328689425,0.22,0.9550094205445803,0.99995,71.85659182419732,87.56615318656037,0.17559807370935454,0.75
STRATCAP,1.5,0.25,400,rate,DIFF,STRAT-2000,RA-EST,1.079429217967669,0.9399622981827402,1.5743792328689425,0.22,0.9523825975097104,0.99995,84.11271666273589,116.82357681949325,0.237861611937627,1.0
STRATCAP,1.5,0.25,400,rate,HT,STRAT-2000,DEF-0.0,1.5743792328689425,1.5743792328689425,1.5743792328689425,1.0,0.99995,0.99995,50.0,50.0,0.0,0.0
STRATCAP,1.5,0.25,400,rate,HT,STRAT-2000,DEF-0.25,1.4103969931038864,1.3659448135480932,1.5743792328689425,1.0,0.8957984479280998,0.99995,54.472627307805226,54.857118999497054,0.115774926755795,0.25
STRATCAP,1.5,0.25,400,rate,HT,STRAT-2000,DEF-0.5,1.3149686967855616,1.2438422869883885,1.5743792328689425,1.0,0.8351881941142066,0.99995,59.824040155099944,60.759435144833546,0.22355091189871806,0.5
STRATCAP,1.5,0.25,400,rate,HT,STRAT-2000,DEF-0.75,1.264293992804313,1.178210792454839,1.5743792328689425,1.0,0.8030027020877963,0.99995,66.34145126516765,68.08499617089792,0.3292546499618827,0.75
STRATCAP,1.5,0.25,400,rate,HT,STRAT-2000,RA-EST,1.2489282049945623,1.1570835481187967,1.5743792328689425,1.0,0.7932432875836041,0.99995,74.45253503329616,77.41916488332801,0.43821789619883467,1.0
STRATCAP,1.5,0.7,100,dollars,DIFF,STRAT-2000,DEF-0.0,1.6495127851635203,0.9999500000000002,3.212775387684169,0.405,0.99995,0.9999500000000002,200.0,200.0,0.0,0.0
STRATCAP,1.5,0.7,100,dollars,DIFF,STRAT-2000,DEF-0.25,1.0702937434330781,0.9129485763001035,1.4586041894508428,0.3,0.7735631051387354,0.9151140919164876,266.4492437951283,266.47320001380524,0.16585718349647363,0.25
STRATCAP,1.5,0.7,100,dollars,DIFF,STRAT-2000,DEF-0.5,0.9459003135853628,0.8798821985050216,1.1125693804871672,0.3,0.7186738283879579,0.8879054376692396,399.02318993789294,399.1306614852207,0.344911045405286,0.5
STRATCAP,1.5,0.7,100,dollars,DIFF,STRAT-2000,DEF-0.75,0.9531565609116283,0.9402224895401683,0.9899177690746479,0.085,0.7517979839650545,0.9522618063126496,794.1676253001324,794.8065435014742,0.5848762822154339,0.75
STRATCAP,1.5,0.7,100,dollars,DIFF,STRAT-2000,RA-EST,11.345600395737215,11.674129836965534,12.977526324123266,0.65,11.127934516698838,12.977341341275482,81699.41538403371,91824.94675474748,2.6920013242711462,1.0
STRATCAP,1.5,0.7,100,dollars,HT,STRAT-2000,DEF-0.0,26.624310303677394,26.624310303677394,26.624310303677394,1.0,0.99995,0.9999500000000001,200.0,200.0,0.0,0.0
STRATCAP,1.5,0.7,100,dollars,HT,STRAT-2000,DEF-0.25,7.350202391432078,7.2197508100653405,7.68758621214385,1.0,0.2760572873993786,0.288728674852151,266.42971368873964,266.43409313074693,0.2934815763621197,0.25
STRATCAP,1.5,0.7,100,dollars,HT,STRAT-2000,DEF-0.5,3.4946717042436113,3.3891203850681983,3.7630995962194054,1.0,0.13125211247916285,0.14133366830238062,398.93560318935346,398.95524146247726,0.5510493489754793,0.5
STRATCAP,1.5,0.7,100,dollars,HT,STRAT-2000,DEF-0.75,1.7275130248619155,1.6513474169591509,1.9189586260629552,1.0,0.06488155484621427,0.07207182669691976,793.6474274272965,793.7640242232847,0.895553858107246,0.75
STRATCAP,1.5,0.7,100,dollars,HT,STRAT-2000,RA-EST,0.9474829518737465,0.9250792813700996,0.9999999999999999,0.0,0.035585356650357676,0.03755778041175719,74959.9423879112,76372.72605481496,2.0056305176068903,1.0
STRATCAP,1.5,0.7,100,rate,DIFF,STRAT-2000,DEF-0.0,1.0550335684940162,1.0083311556854397,1.1642297567096853,1.0,0.99995,0.9999500000000002,200.0,200.0,0.0,0.0
STRATCAP,1.5,0.7,100,rate,DIFF,STRAT-2000,DEF-0.25,1.028474217737453,0.9715564377504446,1.1642297567096853,0.3,0.9736088428150582,0.99995,266.64433676140436,266.64485588801625,0.08863383925414679,0.25
STRATCAP,1.5,0.7,100,rate,DIFF,STRAT-2000,DEF-0.5,1.0066710831547268,0.9411407103987602,1.1642297567096853,0.3,0.9519847973598888,0.99995,399.8995322520841,399.9018675486622,0.1961016579642692,0.5
STRATCAP,1.5,0.7,100,rate,DIFF,STRAT-2000,DEF-0.75,0.9903956644740163,0.9177118865953607,1.1642297567096853,0.3,0.9358430145177625,0.99995,799.3974961735173,799.4114940496373,0.35171623571734456,0.75
STRATCAP,1.5,0.7,100,rate,DIFF,STRAT-2000,RA-EST,2.2774708378265958,1.78817380321125,1.8233790456803574,0.935,2.2123676680578357,1.8076126755742312,796075.4382481545,815024.7359998496,9.434121568240204,1.0
STRATCAP,1.5,0.7,100,rate,HT,STRAT-2000,DEF-0.0,1.1642297567096842,1.1642297567096842,1.1642297567096842,1.0,0.99995,0.99995,200.0,200.0,0.0,0.0
STRATCAP,1.5,0.7,100,rate,HT,STRAT-2000,DEF-0.25,1.1478196715063949,1.141402003894524,1.1642297567096842,1.0,0.9858554756121295,0.99995,204.3135579860175,204.75545347256724,0.028152332188505165,0.25
STRATCAP,1.5,0.7,100,rate,HT,STRAT-2000,DEF-0.5,1.136489390850351,1.1253689736633952,1.1642297567096842,1.0,0.9761239650776187,0.99995,208.8172853333126,209.742558376375,0.055862287062210414,0.5
STRATCAP,1.5,0.7,100,rate,HT,STRAT-2000,DEF-0.75,1.1299302302348195,1.1157548156530788,1.1642297567096842,1.0,0.9704903411131902,0.99995,213.52404133388012,214.97866385850372,0.08322016600259817,0.75
STRATCAP,1.5,0.7,100,rate,HT,STRAT-2000,RA-EST,1.1279052941136034,1.1123736825277795,1.1642297567096842,1.0,0.9687511355459552,0.99995,218.4478714126099,220.48289587029444,0.11030337213799979,1.0
STRATCAP,1.5,0.7,400,dollars,DIFF,STRAT-2000,DEF-0.0,1.6544799111422939,1.0038432592857505,3.222884318463217,0.865,0.9999499999999999,0.9999500000000001,50.0,50.0,0.0,0.0
STRATCAP,1.5,0.7,400,dollars,DIFF,STRAT-2000,DEF-0.25,1.067502132396116,0.9134053768851191,1.4463487889010607,0.3,0.7710271257066844,0.9138140083656253,66.61231094878208,66.61830000345131,0.16585718349647363,0.25
STRATCAP,1.5,0.7,400,dollars,DIFF,STRAT-2000,DEF-0.5,0.9432727498736918,0.8802093522230714,1.1023193236916813,0.3,0.7160728273167314,0.8861902652422613,99.75579748447323,99.78266537130517,0.344911045405286,0.5
STRATCAP,1.5,0.7,400,dollars,DIFF,STRAT-2000,DEF-0.75,0.9526439220941323,0.9412974969969174,0.9839737228769463,0.08,0.7503398457035374,0.9515296559100572,198.5419063250331,198.70163587536854,0.5848762822154339,0.75
STRATCAP,1.5,0.7,400,dollars,DIFF,STRAT-2000,RA-EST,11.53929466655072,11.850289976315015,13.252516605519265,0.645,11.285799333907697,13.160700126461059,20424.853846008427,22956.23668868687,2.6920013242711462,1.0
STRATCAP,1.5,0.7,400,dollars,HT,STRAT-2000,DEF-0.0,26.708083140997886,26.70808314099789,26.70808314099789,1.0,0.99995,0.99995,50.0,50.0,0.0,0.0
STRATCAP,1.5,0.7,400,dollars,HT,STRAT-2000,DEF-0.25,7.237697560977887,7.107621576702758,7.57391354445183,1.0,0.27097922519906575,0.2835671436543101,66.60742842218491,66.60852328268673,0.2934815763621197,0.25
STRATCAP,1.5,0.7,400,dollars,HT,STRAT-2000,DEF-0.5,3.4293316408758137,3.3259226433706295,3.6920960653619783,1.0,0.1283940953826777,0.13823198920971944,99.73390079733836,99.73881036561932,0.5510493489754793,0.5
STRATCAP,1.5,0.7,400,dollars,HT,STRAT-2000,DEF-0.75,1.7078397396887168,1.6342826613826027,1.8930755045788015,1.0,0.06394147938982063,0.07087670203848427,198.41185685682413,198.44100605582116,0.895553858107246,0.75
STRATCAP,1.5,0.7,400,dollars,HT,STRAT-2000,RA-EST,0.9508831362328419,0.9299490545349558,1.0,0.0,0.03560104209112869,0.037439976306837236,18739.9855969778,19093.18151370374,2.0056305176068903,1.0
STRATCAP,1.5,0.7,400,rate,DIFF,STRAT-2000,DEF-0.0,1.0465663698649486,1.000152960892253,1.1547871269935344,0.59,0.9999499999999999,0.9999500000000001,50.0,50.0,0.0,0.0
STRATCAP,1.5,0.7,400,rate,DIFF,STRAT-2000,DEF-0.25,1.0198162187371975,0.9631780917408975,1.1547871269935344,0.3,0.9732061343460761,0.9999500000000001,66.66108419035109,66.66121397200406,0.08863383925414679,0.25
STRATCAP,1.5,0.7,400,rate,DIFF,STRAT-2000,DEF-0.5,0.9978564348375136,0.9325611562626176,1.1547871269935344,0.3,0.9512514832524933,0.9999500000000001,99.97488306302103,99.97546688716555,0.1961016579642692,0.5
STRATCAP,1.5,0.7,400,rate,DIFF,STRAT-2000,DEF-0.75,0.9814640719994808,0.9089645484936177,1.1547871269935344,0.3,0.9348629093496771,0.9999500000000001,199.84937404337933,199.85287351240933,0.35171623571734456,0.75
STRATCAP,1.5,0.7,400,rate,DIFF,STRAT-2000,RA-EST,2.2778057537879444,1.7856819725945776,1.8209627293059412,0.935,2.2309263850190684,1.8199771897280355,199018.85956203862,203756.1839999624,9.434121568240204,1.0
STRATCAP,1.5,0.7,400,rate,HT,STRAT-2000,DEF-0.0,1.1547871269935341,1.1547871269935341,1.1547871269935341,1.0,0.99995,0.9999500000000001,50.0,50.0,0.0,0.0
STRATCAP,1.5,0.7,400,rate,HT,STRAT-2000,DEF-0.25,1.1386422520802937,1.1323265161228568,1.1547871269935341,1.0,0.985969875618526,0.9999500000000001,51.07838949650438,51.18886336814181,0.028152332188505165,0.25
STRATCAP,1.5,0.7,400,rate,HT,STRAT-2000,DEF-0.5,1.1275632304400707,1.116642097196579,1.1547871269935341,1.0,0.9763763605626528,0.9999500000000001,52.20432133332815,52.43563959409375,0.055862287062210414,0.5
STRATCAP,1.5,0.7,400,rate,HT,STRAT-2000,DEF-0.75,1.1212392287742048,1.1073549891622534,1.1547871269935341,1.0,0.9709002989423209,0.9999500000000001,53.38101033347003,53.74466596462593,0.08322016600259817,0.75
STRATCAP,1.5,0.7,400,rate,HT,STRAT-2000,RA-EST,1.1194316970509812,1.1043099611095466,1.1547871269935341,1.0,0.9693351261893625,0.9999500000000001,54.61196785315248,55.12072396757361,0.11030337213799979,1.0
