dgp,sigma,prevalence,n,estimand,design,estimator,AV,min_pi,max_pi,max_weight,cv_weights,n_certainty,sd_size,AV_fixed_hajek,nh,de,AV_srs,AV_eqp,rel_SRSWOR,rel_EQP,relfix_SRSWOR
MAIN,0.0,0.05,100,rate,EQ-P,HT,199000.00000000003,0.005,0.005,200.0,0.0,0.0,9.974968671630002,189040.5475,,EQ-P/HT,189050.0,199000.00000000003,1.0526315789473686,1.0,0.9999499999999999
MAIN,0.0,0.05,100,rate,SRSWOR,EXP,189050.0,,,,,,,,,SRSWOR/EXP,189050.0,199000.00000000003,1.0,0.9499999999999998,
MAIN,0.0,0.05,100,rate,ST-PROP,EXP,189170.27846875,,,,,,,,"[np.int64(64), np.int64(19), np.int64(10), np.int64(5), np.int64(2)]",ST-PROP/EXP,189050.0,199000.00000000003,1.0006362257008727,0.9506044144158291,
MAIN,0.0,0.05,100,rate,ST-EQD,EXP,428398.7332500001,,,,,,,,"[np.int64(20), np.int64(20), np.int64(20), np.int64(20), np.int64(20)]",ST-EQD/EXP,189050.0,199000.00000000003,2.2660604773869353,2.152757453517588,
MAIN,0.0,0.05,100,rate,PPS-A,HT,830885.1727287062,1.629564361605836e-05,0.1887008877890677,61366.09412681075,1.7774773876602563,0.0,9.90672795331615,820788.0392026001,,PPS-A/HT,189050.0,199000.00000000003,4.395055132127512,4.175302375521136,4.341645274808782
MAIN,0.0,0.05,100,rate,RA-OR,HT,199000.00000000003,0.005,0.005,200.0,0.0,0.0,9.974968671630002,189040.5475,,RA-OR/HT,189050.0,199000.00000000003,1.0526315789473686,1.0,0.9999499999999999
MAIN,0.0,0.05,100,rate,DEF-0.25-OR,HT,199000.00000000003,0.005,0.005,200.0,0.0,0.0,9.974968671630002,189040.5475,,DEF-0.25-OR/HT,189050.0,199000.00000000003,1.0526315789473686,1.0,0.9999499999999999
MAIN,0.0,0.05,100,rate,DEF-0.5-OR,HT,199000.00000000003,0.005,0.005,200.0,0.0,0.0,9.974968671630002,189040.5475,,DEF-0.5-OR/HT,189050.0,199000.00000000003,1.0526315789473686,1.0,0.9999499999999999
MAIN,0.0,0.05,100,rate,DEF-0.75-OR,HT,199000.00000000003,0.005,0.005,200.0,0.0,0.0,9.974968671630002,189040.5475,,DEF-0.75-OR/HT,189050.0,199000.00000000003,1.0526315789473686,1.0,0.9999499999999999
MAIN,0.0,0.05,100,rate,EQ-P,DIFF-OR,189050.00000000003,0.005,0.005,200.0,0.0,0.0,9.974968671630002,189040.5475,,EQ-P/DIFF-OR,189050.0,199000.00000000003,1.0000000000000002,0.95,0.9999499999999999
MAIN,0.0,0.05,100,rate,SRSWOR,DIFF-OR,189050.0,,,,,,,,,SRSWOR/DIFF-OR,189050.0,199000.00000000003,1.0,0.9499999999999998,
MAIN,0.0,0.05,100,rate,RA-OR,DIFF-OR,189050.00000000003,0.005,0.005,200.0,0.0,0.0,9.974968671630002,189040.5475,,RA-OR/DIFF-OR,189050.0,199000.00000000003,1.0000000000000002,0.95,0.9999499999999999
MAIN,0.0,0.05,100,dollars,EQ-P,HT,191847467020.9016,0.005,0.005,200.0,0.0,0.0,9.974968671630002,189255233622.8249,,EQ-P/HT,189264696857.6678,191847467020.9016,1.013646338731497,1.0,0.9999499999999999
MAIN,0.0,0.05,100,dollars,SRSWOR,EXP,189264696857.6678,,,,,,,,,SRSWOR/EXP,189264696857.6678,191847467020.9016,1.0,0.986537376785108,
MAIN,0.0,0.05,100,dollars,ST-PROP,EXP,199042929186.24188,,,,,,,,"[np.int64(64), np.int64(19), np.int64(10), np.int64(5), np.int64(2)]",ST-PROP/EXP,189264696857.6678,191847467020.9016,1.0516643224590774,1.0375061619372663,
MAIN,0.0,0.05,100,dollars,ST-EQD,EXP,56057231900.257904,,,,,,,,"[np.int64(20), np.int64(20), np.int64(20), np.int64(20), np.int64(20)]",ST-EQD/EXP,189264696857.6678,191847467020.9016,0.2961843007754081,0.2921968831319025,
MAIN,0.0,0.05,100,dollars,PPS-A,HT,50957965359.55773,1.629564361605836e-05,0.1887008877890677,61366.09412681075,1.7774773876602563,0.0,9.90672795331615,48401626052.021355,,PPS-A/HT,189264696857.6678,191847467020.9016,0.2692417878537565,0.2656170871101775,0.25573509933773175
MAIN,0.0,0.05,100,dollars,RA-OR,HT,50957965359.55773,1.629564361605836e-05,0.1887008877890678,61366.09412681075,1.777477387660256,0.0,9.906727953316151,48401626052.02135,,RA-OR/HT,189264696857.6678,191847467020.9016,0.2692417878537565,0.2656170871101775,0.2557350993377317
MAIN,0.0,0.05,100,dollars,DEF-0.25-OR,HT,86623018584.33667,0.003754073910904,0.0509252219472669,266.377280717734,0.2762640542931927,0.0,9.970717309768313,84046374168.44873,,DEF-0.25-OR/HT,189264696857.6678,191847467020.9016,0.4576818604976265,0.45152026205745616,0.44406788779871553
MAIN,0.0,0.05,100,dollars,DEF-0.5-OR,HT,64866994429.29083,0.002508147821808,0.0968504438945339,398.7005834764307,0.5175741825262512,0.0,9.95795233395169,62301520623.331085,,DEF-0.5-OR/HT,189264696857.6678,191847467020.9016,0.3427316108406238,0.3381175443000435,0.32917665923816486
MAIN,0.0,0.05,100,dollars,DEF-0.75-OR,HT,54968460281.23957,0.001262221732712,0.1427756658418008,792.2538283755999,0.8337664922857715,0.0,9.93664093352584,52409762122.69713,,DEF-0.75-OR/HT,189264696857.6678,191847467020.9016,0.2904316610222209,0.2865216890002035,0.27691250926796296
MAIN,0.0,0.05,100,dollars,EQ-P,DIFF-OR,182255093669.85657,0.005,0.005,200.0,0.0,0.0,9.974968671630002,182245980915.17303,,EQ-P/DIFF-OR,189264696857.6678,191847467020.9016,0.9629640217949224,0.9500000000000002,0.9629158735938323
MAIN,0.0,0.05,100,dollars,SRSWOR,DIFF-OR,182255093669.85657,,,,,,,,,SRSWOR/DIFF-OR,189264696857.6678,191847467020.9016,0.9629640217949224,0.9500000000000002,
MAIN,0.0,0.05,100,dollars,RA-OR,DIFF-OR,48410067091.57984,1.6295643616058356e-05,0.1887008877890678,61366.09412681076,1.7774773876602563,0.0,9.90672795331615,48401626052.02135,,RA-OR/DIFF-OR,189264696857.6678,191847467020.9016,0.2557796984610687,0.2523362327546686,0.2557350993377317
MAIN,0.0,0.05,400,rate,EQ-P,HT,49000.00000000001,0.02,0.02,50.0,0.0,0.0,19.798989873223334,46547.67249999999,,EQ-P/HT,46550.0,49000.00000000001,1.0526315789473686,1.0,0.9999499999999999
MAIN,0.0,0.05,400,rate,SRSWOR,EXP,46550.0,,,,,,,,,SRSWOR/EXP,46550.0,49000.00000000001,1.0,0.9499999999999998,
MAIN,0.0,0.05,400,rate,ST-PROP,EXP,46551.36524187943,,,,,,,,"[np.int64(254), np.int64(75), np.int64(40), np.int64(22), np.int64(9)]",ST-PROP/EXP,46550.0,49000.00000000001,1.0000293285043915,0.9500278620791719,
MAIN,0.0,0.05,400,rate,ST-EQD,EXP,106387.1833125,,,,,,,,"[np.int64(80), np.int64(80), np.int64(80), np.int64(80), np.int64(80)]",ST-EQD/EXP,46550.0,49000.00000000001,2.2854389540816324,2.1711670063775506,
MAIN,0.0,0.05,400,rate,PPS-A,HT,206971.29318217657,6.518257446423344e-05,0.7548035511562711,15341.523531702687,1.7774773876602563,0.0,19.242976377272033,204375.19861885,,PPS-A/HT,46550.0,49000.00000000001,4.446214676308841,4.223903942493399,4.390444653466165
MAIN,0.0,0.05,400,rate,RA-OR,HT,49000.00000000001,0.02,0.02,50.0,0.0,0.0,19.798989873223334,46547.67249999999,,RA-OR/HT,46550.0,49000.00000000001,1.0526315789473686,1.0,0.9999499999999999
MAIN,0.0,0.05,400,rate,DEF-0.25-OR,HT,49000.00000000001,0.02,0.02,50.0,0.0,0.0,19.798989873223334,46547.67249999999,,DEF-0.25-OR/HT,46550.0,49000.00000000001,1.0526315789473686,1.0,0.9999499999999999
MAIN,0.0,0.05,400,rate,DEF-0.5-OR,HT,49000.00000000001,0.02,0.02,50.0,0.0,0.0,19.798989873223334,46547.67249999999,,DEF-0.5-OR/HT,46550.0,49000.00000000001,1.0526315789473686,1.0,0.9999499999999999
MAIN,0.0,0.05,400,rate,DEF-0.75-OR,HT,49000.00000000001,0.02,0.02,50.0,0.0,0.0,19.798989873223334,46547.67249999999,,DEF-0.75-OR/HT,46550.0,49000.00000000001,1.0526315789473686,1.0,0.9999499999999999
MAIN,0.0,0.05,400,rate,EQ-P,DIFF-OR,46550.000000000015,0.02,0.02,50.0,0.0,0.0,19.798989873223334,46547.6725,,EQ-P/DIFF-OR,46550.0,49000.00000000001,1.0000000000000002,0.9500000000000002,0.99995
MAIN,0.0,0.05,400,rate,SRSWOR,DIFF-OR,46550.0,,,,,,,,,SRSWOR/DIFF-OR,46550.0,49000.00000000001,1.0,0.9499999999999998,
MAIN,0.0,0.05,400,rate,RA-OR,DIFF-OR,46550.000000000015,0.02,0.02,50.0,0.0,0.0,19.798989873223334,46547.6725,,RA-OR/DIFF-OR,46550.0,49000.00000000001,1.0000000000000002,0.9500000000000002,0.99995
MAIN,0.0,0.05,400,dollars,EQ-P,HT,47238823537.80994,0.02,0.02,50.0,0.0,0.0,19.798989873223334,46600534912.152855,,EQ-P/HT,46602865055.40563,47238823537.80994,1.013646338731497,1.0,0.9999499999999999
MAIN,0.0,0.05,400,dollars,SRSWOR,EXP,46602865055.40563,,,,,,,,,SRSWOR/EXP,46602865055.40563,47238823537.80994,1.0,0.986537376785108,
MAIN,0.0,0.05,400,dollars,ST-PROP,EXP,44752584060.26318,,,,,,,,"[np.int64(254), np.int64(75), np.int64(40), np.int64(22), np.int64(9)]",ST-PROP/EXP,46602865055.40563,47238823537.80994,0.9602968402705999,0.9473687257355855,
MAIN,0.0,0.05,400,dollars,ST-EQD,EXP,13322528142.682436,,,,,,,,"[np.int64(80), np.int64(80), np.int64(80), np.int64(80), np.int64(80)]",ST-EQD/EXP,46602865055.40563,47238823537.80994,0.28587358581588124,0.28202497744295196,
MAIN,0.0,0.05,400,dollars,PPS-A,HT,12016448122.473976,6.518257446423344e-05,0.7548035511562711,15341.523531702687,1.7774773876602563,0.0,19.242976377272033,11413962496.704485,,PPS-A/HT,46602865055.40563,47238823537.80994,0.2578478406464442,0.2543765323210477,0.24491975939965388
MAIN,0.0,0.05,400,dollars,RA-OR,HT,12016448122.473972,6.518257446423344e-05,0.7548035511562714,15341.523531702687,1.777477387660256,0.0,19.242976377272033,11413962496.70448,,RA-OR/HT,46602865055.40563,47238823537.80994,0.25784784064644417,0.25437653232104757,0.24491975939965377
MAIN,0.0,0.05,400,dollars,DEF-0.25-OR,HT,20932711428.66871,0.015016295643616,0.2037008877890678,66.5943201794335,0.2762640542931927,0.0,19.764697284325297,20309953231.661373,,DEF-0.25-OR/HT,46602865055.40563,47238823537.80994,0.44917220011649583,0.4431251640277234,0.43580911189719973
MAIN,0.0,0.05,400,dollars,DEF-0.5-OR,HT,15493705389.90725,0.0100325912872321,0.3874017755781357,99.67514586910768,0.5175741825262512,0.0,19.661460651845335,14882057882.448544,,DEF-0.5-OR/HT,46602865055.40563,47238823537.80994,0.3324625078627023,0.3279866903862687,0.31933783179972797
MAIN,0.0,0.05,400,dollars,DEF-0.75-OR,HT,13019071852.894436,0.0050488869308481,0.5711026633672035,198.0634570939,0.8337664922857715,0.0,19.48818433485122,12414211343.879528,,DEF-0.75-OR/HT,46602865055.40563,47238823537.80994,0.2793620486083035,0.27560110260734955,0.26638300733485826
MAIN,0.0,0.05,400,dollars,EQ-P,DIFF-OR,44876882360.91945,0.02,0.02,50.0,0.0,0.0,19.798989873223334,44874638516.80139,,EQ-P/DIFF-OR,46602865055.40563,47238823537.80994,0.9629640217949222,0.9500000000000002,0.9629158735938322
MAIN,0.0,0.05,400,dollars,SRSWOR,DIFF-OR,44876882360.91946,,,,,,,,,SRSWOR/DIFF-OR,46602865055.40563,47238823537.80994,0.9629640217949224,0.9500000000000004,
MAIN,0.0,0.05,400,dollars,RA-OR,DIFF-OR,11415625716.350271,6.518257446423343e-05,0.7548035511562712,15341.52353170269,1.7774773876602563,0.0,19.242976377272033,11413962496.70448,,RA-OR/DIFF-OR,46602865055.40563,47238823537.80994,0.24495544861412188,0.24165770570499515,0.24491975939965377
MAIN,0.0,0.25,100,rate,EQ-P,HT,995000.0000000002,0.005,0.005,200.0,0.0,0.0,9.974968671630002,746212.6875000003,,EQ-P/HT,746250.0000000001,995000.0000000002,1.3333333333333335,1.0,0.9999500000000003
MAIN,0.0,0.25,100,rate,SRSWOR,EXP,746250.0000000001,,,,,,,,,SRSWOR/EXP,746250.0000000001,995000.0000000002,1.0,0.7499999999999999,
MAIN,0.0,0.25,100,rate,ST-PROP,EXP,746724.7834292763,,,,,,,,"[np.int64(64), np.int64(19), np.int64(10), np.int64(5), np.int64(2)]",ST-PROP/EXP,746250.0000000001,995000.0000000002,1.0006362257008725,0.7504771692756544,
MAIN,0.0,0.25,100,rate,ST-EQD,EXP,1691047.6312499996,,,,,,,,"[np.int64(20), np.int64(20), np.int64(20), np.int64(20), np.int64(20)]",ST-EQD/EXP,746250.0000000001,995000.0000000002,2.266060477386934,1.6995453580402002,
MAIN,0.0,0.25,100,rate,PPS-A,HT,4154425.863643532,1.629564361605836e-05,0.1887008877890677,61366.09412681075,1.7774773876602563,0.0,9.90672795331615,3902199.290308915,,PPS-A/HT,746250.0000000001,995000.0000000002,5.567069834028183,4.175302375521137,5.229077775958344
MAIN,0.0,0.25,100,rate,RA-OR,HT,995000.0000000002,0.005,0.005,200.0,0.0,0.0,9.974968671630002,746212.6875000003,,RA-OR/HT,746250.0000000001,995000.0000000002,1.3333333333333335,1.0,0.9999500000000003
MAIN,0.0,0.25,100,rate,DEF-0.25-OR,HT,995000.0000000002,0.005,0.005,200.0,0.0,0.0,9.974968671630002,746212.6875000003,,DEF-0.25-OR/HT,746250.0000000001,995000.0000000002,1.3333333333333335,1.0,0.9999500000000003
MAIN,0.0,0.25,100,rate,DEF-0.5-OR,HT,995000.0000000002,0.005,0.005,200.0,0.0,0.0,9.974968671630002,746212.6875000003,,DEF-0.5-OR/HT,746250.0000000001,995000.0000000002,1.3333333333333335,1.0,0.9999500000000003
MAIN,0.0,0.25,100,rate,DEF-0.75-OR,HT,995000.0000000002,0.005,0.005,200.0,0.0,0.0,9.974968671630002,746212.6875000003,,DEF-0.75-OR/HT,746250.0000000001,995000.0000000002,1.3333333333333335,1.0,0.9999500000000003
MAIN,0.0,0.25,100,rate,EQ-P,DIFF-OR,746250.0000000001,0.005,0.005,200.0,0.0,0.0,9.974968671630002,746212.6875000001,,EQ-P/DIFF-OR,746250.0000000001,995000.0000000002,1.0,0.7499999999999999,0.99995
MAIN,0.0,0.25,100,rate,SRSWOR,DIFF-OR,746250.0000000001,,,,,,,,,SRSWOR/DIFF-OR,746250.0000000001,995000.0000000002,1.0,0.7499999999999999,
MAIN,0.0,0.25,100,rate,RA-OR,DIFF-OR,746250.0000000001,0.005,0.005,200.0,0.0,0.0,9.974968671630002,746212.6875000001,,RA-OR/DIFF-OR,746250.0000000001,995000.0000000002,1.0,0.7499999999999999,0.99995
MAIN,0.0,0.25,100,dollars,EQ-P,HT,959237335104.5082,0.005,0.005,200.0,0.0,0.0,9.974968671630002,894623347619.6112,,EQ-P/HT,894668081023.6625,959237335104.5082,1.0721711833141143,1.0,0.9999499999999999
MAIN,0.0,0.25,100,dollars,SRSWOR,EXP,894668081023.6625,,,,,,,,,SRSWOR/EXP,894668081023.6625,959237335104.5082,1.0,0.9326868839255398,
MAIN,0.0,0.25,100,dollars,ST-PROP,EXP,815755225417.6707,,,,,,,,"[np.int64(64), np.int64(19), np.int64(10), np.int64(5), np.int64(2)]",ST-PROP/EXP,894668081023.6625,959237335104.5082,0.9117965005349233,0.8504206368581293,
MAIN,0.0,0.25,100,dollars,ST-EQD,EXP,229204344706.45337,,,,,,,,"[np.int64(20), np.int64(20), np.int64(20), np.int64(20), np.int64(20)]",ST-EQD/EXP,894668081023.6625,959237335104.5082,0.2561892500336013,0.2389443533090606,
MAIN,0.0,0.25,100,dollars,PPS-A,HT,254789826797.7887,1.629564361605836e-05,0.1887008877890677,61366.09412681075,1.7774773876602563,0.0,9.90672795331615,191059050205.34747,,PPS-A/HT,894668081023.6625,959237335104.5082,0.2847869865953672,0.2656170871101775,0.21355299720399243
MAIN,0.0,0.25,100,dollars,RA-OR,HT,254789826797.78864,1.629564361605836e-05,0.1887008877890678,61366.09412681075,1.7774773876602563,0.0,9.90672795331615,191059050205.3474,,RA-OR/HT,894668081023.6625,959237335104.5082,0.28478698659536716,0.26561708711017745,0.21355299720399237
MAIN,0.0,0.25,100,dollars,DEF-0.25-OR,HT,433115092921.6834,0.003754073910904,0.0509252219472669,266.377280717734,0.2762640542931927,0.0,9.970717309768313,368886701736.4323,,DEF-0.25-OR/HT,894668081023.6625,959237335104.5082,0.4841070136604418,0.45152026205745616,0.4123168240386525
MAIN,0.0,0.25,100,dollars,DEF-0.5-OR,HT,324334972146.4542,0.002508147821808,0.0968504438945339,398.7005834764307,0.5175741825262512,0.0,9.95795233395169,260382123293.9618,,DEF-0.5-OR/HT,894668081023.6625,959237335104.5082,0.36251988757144016,0.3381175443000435,0.29103768069610514
MAIN,0.0,0.25,100,dollars,DEF-0.75-OR,HT,274842301406.1979,0.001262221732712,0.1427756658418008,792.2538283755999,0.8337664922857715,0.0,9.93664093352584,211055510112.6168,,DEF-0.75-OR/HT,894668081023.6625,959237335104.5082,0.3072002983405069,0.2865216890002035,0.235903699471575
MAIN,0.0,0.25,100,dollars,EQ-P,DIFF-OR,719428001328.3811,0.005,0.005,200.0,0.0,0.0,9.974968671630002,719392029928.3147,,EQ-P/DIFF-OR,894668081023.6625,959237335104.5082,0.8041283874855858,0.75,0.8040881810662115
MAIN,0.0,0.25,100,dollars,SRSWOR,DIFF-OR,719428001328.381,,,,,,,,,SRSWOR/DIFF-OR,894668081023.6625,959237335104.5082,0.8041283874855857,0.7499999999999999,
MAIN,0.0,0.25,100,dollars,RA-OR,DIFF-OR,191092370098.3415,1.629564361605836e-05,0.1887008877890677,61366.09412681075,1.7774773876602563,0.0,9.90672795331615,191059050205.34744,,RA-OR/DIFF-OR,894668081023.6625,959237335104.5082,0.2135902399465254,0.1992128153326331,0.2135529972039924
MAIN,0.0,0.25,400,rate,EQ-P,HT,245000.0000000001,0.02,0.02,50.0,0.0,0.0,19.798989873223334,183740.81250000003,,EQ-P/HT,183750.00000000003,245000.0000000001,1.3333333333333337,1.0,0.99995
MAIN,0.0,0.25,400,rate,SRSWOR,EXP,183750.00000000003,,,,,,,,,SRSWOR/EXP,183750.00000000003,245000.0000000001,1.0,0.7499999999999999,
MAIN,0.0,0.25,400,rate,ST-PROP,EXP,183755.389112682,,,,,,,,"[np.int64(254), np.int64(75), np.int64(40), np.int64(22), np.int64(9)]",ST-PROP/EXP,183750.00000000003,245000.0000000001,1.0000293285043917,0.7500219963782936,
MAIN,0.0,0.25,400,rate,ST-EQD,EXP,419949.4078124999,,,,,,,,"[np.int64(80), np.int64(80), np.int64(80), np.int64(80), np.int64(80)]",ST-EQD/EXP,183750.00000000003,245000.0000000001,2.285438954081632,1.7140792155612234,
MAIN,0.0,0.25,400,rate,PPS-A,HT,1034856.4659108828,6.518257446423344e-05,0.7548035511562711,15341.523531702687,1.7774773876602563,0.0,19.242976377272033,970006.03300797,,PPS-A/HT,183750.00000000003,245000.0000000001,5.631871923324532,4.223903942493398,5.2789443973222845
MAIN,0.0,0.25,400,rate,RA-OR,HT,245000.0000000001,0.02,0.02,50.0,0.0,0.0,19.798989873223334,183740.81250000003,,RA-OR/HT,183750.00000000003,245000.0000000001,1.3333333333333337,1.0,0.99995
MAIN,0.0,0.25,400,rate,DEF-0.25-OR,HT,245000.0000000001,0.02,0.02,50.0,0.0,0.0,19.798989873223334,183740.81250000003,,DEF-0.25-OR/HT,183750.00000000003,245000.0000000001,1.3333333333333337,1.0,0.99995
MAIN,0.0,0.25,400,rate,DEF-0.5-OR,HT,245000.0000000001,0.02,0.02,50.0,0.0,0.0,19.798989873223334,183740.81250000003,,DEF-0.5-OR/HT,183750.00000000003,245000.0000000001,1.3333333333333337,1.0,0.99995
MAIN,0.0,0.25,400,rate,DEF-0.75-OR,HT,245000.0000000001,0.02,0.02,50.0,0.0,0.0,19.798989873223334,183740.81250000003,,DEF-0.75-OR/HT,183750.00000000003,245000.0000000001,1.3333333333333337,1.0,0.99995
MAIN,0.0,0.25,400,rate,EQ-P,DIFF-OR,183750.00000000003,0.02,0.02,50.0,0.0,0.0,19.798989873223334,183740.81250000003,,EQ-P/DIFF-OR,183750.00000000003,245000.0000000001,1.0,0.7499999999999999,0.99995
MAIN,0.0,0.25,400,rate,SRSWOR,DIFF-OR,183750.00000000003,,,,,,,,,SRSWOR/DIFF-OR,183750.00000000003,245000.0000000001,1.0,0.7499999999999999,
MAIN,0.0,0.25,400,rate,RA-OR,DIFF-OR,183750.00000000003,0.02,0.02,50.0,0.0,0.0,19.798989873223334,183740.81250000003,,RA-OR/DIFF-OR,183750.00000000003,245000.0000000001,1.0,0.7499999999999999,0.99995
MAIN,0.0,0.25,400,dollars,EQ-P,HT,236194117689.04977,0.02,0.02,50.0,0.0,0.0,19.798989873223334,220284140871.16055,,EQ-P/HT,220295155628.942,236194117689.04977,1.0721711833141148,1.0,0.9999500000000001
MAIN,0.0,0.25,400,dollars,SRSWOR,EXP,220295155628.942,,,,,,,,,SRSWOR/EXP,220295155628.942,236194117689.04977,1.0,0.9326868839255396,
MAIN,0.0,0.25,400,dollars,ST-PROP,EXP,183308173859.48895,,,,,,,,"[np.int64(254), np.int64(75), np.int64(40), np.int64(22), np.int64(9)]",ST-PROP/EXP,220295155628.942,236194117689.04977,0.8321026095019869,0.7760911899627182,
MAIN,0.0,0.25,400,dollars,ST-EQD,EXP,54467454715.37149,,,,,,,,"[np.int64(80), np.int64(80), np.int64(80), np.int64(80), np.int64(80)]",ST-EQD/EXP,220295155628.942,236194117689.04977,0.24724762811904363,0.23060461982833141,
MAIN,0.0,0.25,400,dollars,PPS-A,HT,60082240612.36988,6.518257446423344e-05,0.7548035511562711,15341.523531702687,1.7774773876602563,0.0,19.242976377272033,45055115118.57033,,PPS-A/HT,220295155628.942,236194117689.04977,0.2727351876659987,0.25437653232104757,0.20452158827523062
MAIN,0.0,0.25,400,dollars,RA-OR,HT,60082240612.36987,6.518257446423344e-05,0.7548035511562712,15341.523531702687,1.7774773876602563,0.0,19.242976377272033,45055115118.57033,,RA-OR/HT,220295155628.942,236194117689.04977,0.27273518766599864,0.2543765323210475,0.20452158827523062
MAIN,0.0,0.25,400,dollars,DEF-0.25-OR,HT,104663557143.34357,0.015016295643616,0.2037008877890678,66.5943201794335,0.2762640542931927,0.0,19.764697284325297,89137852612.117,,DEF-0.25-OR/HT,220295155628.942,236194117689.04977,0.47510603147186525,0.44312516402772334,0.40462920011848974
MAIN,0.0,0.25,400,dollars,DEF-0.5-OR,HT,77468526949.53625,0.0100325912872321,0.3874017755781356,99.67514586910768,0.5175741825262512,0.0,19.661460651845335,62217252711.42398,,DEF-0.5-OR/HT,220295155628.942,236194117689.04977,0.35165787794272574,0.3279866903862686,0.2824267857084461
MAIN,0.0,0.25,400,dollars,DEF-0.75-OR,HT,65095359264.47218,0.0050488869308481,0.5711026633672034,198.0634570939,0.8337664922857715,0.0,19.488184334851216,50011023947.334496,,DEF-0.75-OR/HT,220295155628.942,236194117689.04977,0.29549156030519663,0.2756011026073495,0.22701826467564926
MAIN,0.0,0.25,400,dollars,EQ-P,DIFF-OR,177145588266.7873,0.02,0.02,50.0,0.0,0.0,19.798989873223334,177136730987.37396,,EQ-P/DIFF-OR,220295155628.942,236194117689.04977,0.8041283874855858,0.7499999999999999,0.8040881810662116
MAIN,0.0,0.25,400,dollars,SRSWOR,DIFF-OR,177145588266.78726,,,,,,,,,SRSWOR/DIFF-OR,220295155628.942,236194117689.04977,0.8041283874855857,0.7499999999999997,
MAIN,0.0,0.25,400,dollars,RA-OR,DIFF-OR,45061680459.277405,6.518257446423344e-05,0.7548035511562711,15341.523531702687,1.7774773876602563,0.0,19.242976377272033,45055115118.570335,,RA-OR/DIFF-OR,220295155628.942,236194117689.04977,0.204551390749499,0.19078239924078563,0.20452158827523068
MAIN,0.0,0.7,100,rate,EQ-P,HT,2786000.0000000005,0.005,0.005,200.0,0.0,0.0,9.974968671630002,835758.2099999997,,EQ-P/HT,835799.9999999999,2786000.0000000005,3.3333333333333344,1.0,0.9999499999999998
MAIN,0.0,0.7,100,rate,SRSWOR,EXP,835799.9999999999,,,,,,,,,SRSWOR/EXP,835799.9999999999,2786000.0000000005,1.0,0.29999999999999993,
MAIN,0.0,0.7,100,rate,ST-PROP,EXP,836331.7574407895,,,,,,,,"[np.int64(64), np.int64(19), np.int64(10), np.int64(5), np.int64(2)]",ST-PROP/EXP,835799.9999999999,2786000.0000000005,1.000636225700873,0.30019086771026177,
MAIN,0.0,0.7,100,rate,ST-EQD,EXP,1893973.347,,,,,,,,"[np.int64(20), np.int64(20), np.int64(20), np.int64(20), np.int64(20)]",ST-EQD/EXP,835799.9999999999,2786000.0000000005,2.2660604773869353,0.6798181432160804,
MAIN,0.0,0.7,100,rate,PPS-A,HT,11632392.418201886,1.629564361605836e-05,0.1887008877890677,61366.09412681075,1.7774773876602563,0.0,9.90672795331615,9655190.306929218,,PPS-A/HT,835799.9999999999,2786000.0000000005,13.917674585070456,4.175302375521135,11.552034346648982
MAIN,0.0,0.7,100,rate,RA-OR,HT,2786000.0000000005,0.005,0.005,200.0,0.0,0.0,9.974968671630002,835758.2099999997,,RA-OR/HT,835799.9999999999,2786000.0000000005,3.3333333333333344,1.0,0.9999499999999998
MAIN,0.0,0.7,100,rate,DEF-0.25-OR,HT,2786000.0000000005,0.005,0.005,200.0,0.0,0.0,9.974968671630002,835758.2099999997,,DEF-0.25-OR/HT,835799.9999999999,2786000.0000000005,3.3333333333333344,1.0,0.9999499999999998
MAIN,0.0,0.7,100,rate,DEF-0.5-OR,HT,2786000.0000000005,0.005,0.005,200.0,0.0,0.0,9.974968671630002,835758.2099999997,,DEF-0.5-OR/HT,835799.9999999999,2786000.0000000005,3.3333333333333344,1.0,0.9999499999999998
MAIN,0.0,0.7,100,rate,DEF-0.75-OR,HT,2786000.0000000005,0.005,0.005,200.0,0.0,0.0,9.974968671630002,835758.2099999997,,DEF-0.75-OR/HT,835799.9999999999,2786000.0000000005,3.3333333333333344,1.0,0.9999499999999998
MAIN,0.0,0.7,100,rate,EQ-P,DIFF-OR,835799.9999999995,0.005,0.005,200.0,0.0,0.0,9.974968671630002,835758.2099999995,,EQ-P/DIFF-OR,835799.9999999999,2786000.0000000005,0.9999999999999996,0.29999999999999977,0.9999499999999996
MAIN,0.0,0.7,100,rate,SRSWOR,DIFF-OR,835799.9999999999,,,,,,,,,SRSWOR/DIFF-OR,835799.9999999999,2786000.0000000005,1.0,0.29999999999999993,
MAIN,0.0,0.7,100,rate,RA-OR,DIFF-OR,835799.9999999995,0.005,0.005,200.0,0.0,0.0,9.974968671630002,835758.2099999995,,RA-OR/DIFF-OR,835799.9999999999,2786000.0000000005,0.9999999999999996,0.29999999999999977,0.9999499999999996
MAIN,0.0,0.7,100,dollars,EQ-P,HT,2685864538292.623,0.005,0.005,200.0,0.0,0.0,9.974968671630002,2179532604219.477,,EQ-P/HT,2179641586298.7915,2685864538292.623,1.232250547601929,1.0,0.9999500000000002
MAIN,0.0,0.7,100,dollars,SRSWOR,EXP,2179641586298.7915,,,,,,,,,SRSWOR/EXP,2179641586298.7915,2685864538292.623,1.0,0.8115232749915108,
MAIN,0.0,0.7,100,dollars,ST-PROP,EXP,1153520281934.1836,,,,,,,,"[np.int64(64), np.int64(19), np.int64(10), np.int64(5), np.int64(2)]",ST-PROP/EXP,2179641586298.7915,2685864538292.623,0.5292247538242995,0.4294782054300716,
MAIN,0.0,0.7,100,dollars,ST-EQD,EXP,319956731970.6012,,,,,,,,"[np.int64(20), np.int64(20), np.int64(20), np.int64(20), np.int64(20)]",ST-EQD/EXP,2179641586298.7915,2685864538292.623,0.14679327738186246,0.11912616120766628,
MAIN,0.0,0.7,100,dollars,PPS-A,HT,713411515033.8083,1.629564361605836e-05,0.1887008877890677,61366.09412681075,1.7774773876602563,0.0,9.90672795331615,213986136229.9892,,PPS-A/HT,2179641586298.7915,2685864538292.623,0.3273068010439455,0.2656170871101775,0.09817491902113826
MAIN,0.0,0.7,100,dollars,RA-OR,HT,713411515033.8083,1.629564361605836e-05,0.1887008877890677,61366.09412681075,1.7774773876602563,0.0,9.90672795331615,213986136229.9892,,RA-OR/HT,2179641586298.7915,2685864538292.623,0.3273068010439455,0.2656170871101775,0.09817491902113826
MAIN,0.0,0.7,100,dollars,DEF-0.25-OR,HT,1212722260180.7136,0.003754073910904,0.0509252219472669,266.377280717734,0.2762640542931926,0.0,9.970717309768313,709408199495.3988,,DEF-0.25-OR/HT,2179641586298.7915,2685864538292.623,0.5563860901736668,0.45152026205745616,0.32547011580010804
MAIN,0.0,0.7,100,dollars,DEF-0.5-OR,HT,908137922010.072,0.002508147821808,0.0968504438945338,398.7005834764307,0.5175741825262512,0.0,9.95795233395169,406979422340.1229,,DEF-0.5-OR/HT,2179641586298.7915,2685864538292.623,0.41664552911754815,0.33811754430004354,0.1867185067941409
MAIN,0.0,0.7,100,dollars,DEF-0.75-OR,HT,769558443937.3542,0.001262221732712,0.1427756658418008,792.2538283755999,0.8337664922857714,0.0,9.93664093352584,269697635159.85315,,DEF-0.75-OR/HT,2179641586298.7915,2685864538292.623,0.3530665081703304,0.2865216890002035,0.12373485478308462
MAIN,0.0,0.7,100,dollars,EQ-P,DIFF-OR,805759361487.7864,0.005,0.005,200.0,0.0,0.0,9.974968671630002,805719073519.712,,EQ-P/DIFF-OR,2179641586298.7915,2685864538292.623,0.36967516428057845,0.2999999999999998,0.36965668052236444
MAIN,0.0,0.7,100,dollars,SRSWOR,DIFF-OR,805759361487.7863,,,,,,,,,SRSWOR/DIFF-OR,2179641586298.7915,2685864538292.623,0.3696751642805784,0.29999999999999977,
MAIN,0.0,0.7,100,dollars,RA-OR,DIFF-OR,214023454510.14233,1.629564361605836e-05,0.1887008877890678,61366.09412681075,1.7774773876602563,0.0,9.90672795331615,213986136229.989,,RA-OR/DIFF-OR,2179641586298.7915,2685864538292.623,0.09819204031318357,0.07968512613305319,0.09817491902113817
MAIN,0.0,0.7,400,rate,EQ-P,HT,686000.0000000002,0.02,0.02,50.0,0.0,0.0,19.798989873223334,205789.71000000025,,EQ-P/HT,205799.99999999997,686000.0000000002,3.333333333333335,1.0,0.9999500000000013
MAIN,0.0,0.7,400,rate,SRSWOR,EXP,205799.99999999997,,,,,,,,,SRSWOR/EXP,205799.99999999997,686000.0000000002,1.0,0.2999999999999999,
MAIN,0.0,0.7,400,rate,ST-PROP,EXP,205806.03580620376,,,,,,,,"[np.int64(254), np.int64(75), np.int64(40), np.int64(22), np.int64(9)]",ST-PROP/EXP,205799.99999999997,686000.0000000002,1.0000293285043915,0.30000879855131735,
MAIN,0.0,0.7,400,rate,ST-EQD,EXP,470343.3367499999,,,,,,,,"[np.int64(80), np.int64(80), np.int64(80), np.int64(80), np.int64(80)]",ST-EQD/EXP,205799.99999999997,686000.0000000002,2.2854389540816324,0.6856316862244894,
MAIN,0.0,0.7,400,rate,PPS-A,HT,2897598.1045504715,6.518257446423344e-05,0.7548035511562711,15341.523531702687,1.7774773876602563,0.0,19.242976377272033,2389236.143878749,,PPS-A/HT,205799.99999999997,686000.0000000002,14.079679808311331,4.223903942493397,11.60950507229713
MAIN,0.0,0.7,400,rate,RA-OR,HT,686000.0000000002,0.02,0.02,50.0,0.0,0.0,19.798989873223334,205789.71000000025,,RA-OR/HT,205799.99999999997,686000.0000000002,3.333333333333335,1.0,0.9999500000000013
MAIN,0.0,0.7,400,rate,DEF-0.25-OR,HT,686000.0000000002,0.02,0.02,50.0,0.0,0.0,19.798989873223334,205789.71000000025,,DEF-0.25-OR/HT,205799.99999999997,686000.0000000002,3.333333333333335,1.0,0.9999500000000013
MAIN,0.0,0.7,400,rate,DEF-0.5-OR,HT,686000.0000000002,0.02,0.02,50.0,0.0,0.0,19.798989873223334,205789.71000000025,,DEF-0.5-OR/HT,205799.99999999997,686000.0000000002,3.333333333333335,1.0,0.9999500000000013
MAIN,0.0,0.7,400,rate,DEF-0.75-OR,HT,686000.0000000002,0.02,0.02,50.0,0.0,0.0,19.798989873223334,205789.71000000025,,DEF-0.75-OR/HT,205799.99999999997,686000.0000000002,3.333333333333335,1.0,0.9999500000000013
MAIN,0.0,0.7,400,rate,EQ-P,DIFF-OR,205799.9999999999,0.02,0.02,50.0,0.0,0.0,19.798989873223334,205789.7099999999,,EQ-P/DIFF-OR,205799.99999999997,686000.0000000002,0.9999999999999997,0.29999999999999977,0.9999499999999997
MAIN,0.0,0.7,400,rate,SRSWOR,DIFF-OR,205799.99999999997,,,,,,,,,SRSWOR/DIFF-OR,205799.99999999997,686000.0000000002,1.0,0.2999999999999999,
MAIN,0.0,0.7,400,rate,RA-OR,DIFF-OR,205799.9999999999,0.02,0.02,50.0,0.0,0.0,19.798989873223334,205789.7099999999,,RA-OR/DIFF-OR,205799.99999999997,686000.0000000002,0.9999999999999997,0.29999999999999977,0.9999499999999997
MAIN,0.0,0.7,400,dollars,EQ-P,HT,661343529529.3392,0.02,0.02,50.0,0.0,0.0,19.798989873223334,536668832194.74536,,EQ-P/HT,536695666978.0944,661343529529.3392,1.2322505476019288,1.0,0.9999499999999997
MAIN,0.0,0.7,400,dollars,SRSWOR,EXP,536695666978.0944,,,,,,,,,SRSWOR/EXP,536695666978.0944,661343529529.3392,1.0,0.811523274991511,
MAIN,0.0,0.7,400,dollars,ST-PROP,EXP,258397984223.05933,,,,,,,,"[np.int64(254), np.int64(75), np.int64(40), np.int64(22), np.int64(9)]",ST-PROP/EXP,536695666978.0944,661343529529.3392,0.4814609100125379,0.3907167344737679,
MAIN,0.0,0.7,400,dollars,ST-EQD,EXP,75994201415.38385,,,,,,,,"[np.int64(80), np.int64(80), np.int64(80), np.int64(80), np.int64(80)]",ST-EQD/EXP,536695666978.0944,661343529529.3392,0.14159645044886415,0.11490881519543546,
MAIN,0.0,0.7,400,dollars,PPS-A,HT,168230273714.63568,6.518257446423344e-05,0.7548035511562711,15341.523531702687,1.7774773876602563,0.0,19.242976377272033,50461728932.79877,,PPS-A/HT,536695666978.0944,661343529529.3392,0.3134556212496907,0.2543765323210476,0.09402298553466502
MAIN,0.0,0.7,400,dollars,RA-OR,HT,168230273714.63568,6.518257446423344e-05,0.7548035511562711,15341.523531702687,1.7774773876602563,0.0,19.242976377272033,50461728932.79877,,RA-OR/HT,536695666978.0944,661343529529.3392,0.3134556212496907,0.2543765323210476,0.09402298553466502
MAIN,0.0,0.7,400,dollars,DEF-0.25-OR,HT,293057960001.36206,0.015016295643616,0.2037008877890677,66.5943201794335,0.2762640542931926,0.0,19.76469728432529,171390931972.93143,,DEF-0.25-OR/HT,536695666978.0944,661343529529.3392,0.5460412260293568,0.4431251640277235,0.3193447283410374
MAIN,0.0,0.7,400,dollars,DEF-0.5-OR,HT,216911875458.7015,0.0100325912872321,0.3874017755781355,99.67514586910768,0.5175741825262512,0.0,19.661460651845335,97392176376.829,,DEF-0.5-OR/HT,536695666978.0944,661343529529.3392,0.4041617788346238,0.32798669038626865,0.18146629900182168
MAIN,0.0,0.7,400,dollars,DEF-0.75-OR,HT,182267005940.52216,0.0050488869308481,0.5711026633672033,198.0634570939,0.8337664922857714,0.0,19.488184334851216,64052660588.53876,,DEF-0.75-OR/HT,536695666978.0944,661343529529.3392,0.3396096096076019,0.2756011026073496,0.11934633448634328
MAIN,0.0,0.7,400,dollars,EQ-P,DIFF-OR,198403058858.8017,0.02,0.02,50.0,0.0,0.0,19.798989873223334,198393138705.8587,,EQ-P/DIFF-OR,536695666978.0944,661343529529.3392,0.3696751642805785,0.2999999999999999,0.36965668052236433
MAIN,0.0,0.7,400,dollars,SRSWOR,DIFF-OR,198403058858.80164,,,,,,,,,SRSWOR/DIFF-OR,536695666978.0944,661343529529.3392,0.3696751642805784,0.2999999999999998,
MAIN,0.0,0.7,400,dollars,RA-OR,DIFF-OR,50469082114.390656,6.518257446423344e-05,0.7548035511562712,15341.523531702687,1.7774773876602563,0.0,19.242976377272033,50461728932.79874,,RA-OR/DIFF-OR,536695666978.0944,661343529529.3392,0.09403668637490711,0.07631295969631421,0.09402298553466497
MAIN,0.75,0.05,100,rate,EQ-P,HT,198999.99999999997,0.005,0.005,200.0,0.0,0.0,9.974968671630002,189041.0807700764,,EQ-P/HT,189050.5332967412,198999.99999999997,1.052628609556164,1.0,0.9999500000000002
MAIN,0.75,0.05,100,rate,SRSWOR,EXP,189050.5332967412,,,,,,,,,SRSWOR/EXP,189050.5332967412,198999.99999999997,1.0,0.9500026798831217,
MAIN,0.75,0.05,100,rate,ST-PROP,EXP,189332.150265094,,,,,,,,"[np.int64(64), np.int64(19), np.int64(10), np.int64(5), np.int64(2)]",ST-PROP/EXP,189050.5332967412,198999.99999999997,1.0014896385820333,0.9514178405281107,
MAIN,0.75,0.05,100,rate,ST-EQD,EXP,364905.2048233557,,,,,,,,"[np.int64(20), np.int64(20), np.int64(20), np.int64(20), np.int64(20)]",ST-EQD/EXP,189050.5332967412,198999.99999999997,1.9301992883066141,1.8336944965997777,
MAIN,0.75,0.05,100,rate,PPS-A,HT,556711.3183630743,1.629564361605836e-05,0.1887008877890677,61366.09412681075,1.7774773876602563,0.0,9.90672795331615,546660.564944966,,PPS-A/HT,189050.5332967412,198999.99999999997,2.944775180767347,2.7975443133822835,2.8916108059156116
MAIN,0.75,0.05,100,rate,RA-OR,HT,171382.13818009227,0.000852684683535,0.0220426695212824,1172.766462573513,0.3673267543855003,0.0,9.970952486762904,161454.45433303236,,RA-OR/HT,189050.5332967412,198999.99999999997,0.9065414161571503,0.8612167747743331,0.854028029001151
MAIN,0.75,0.05,100,rate,DEF-0.25-OR,HT,184819.87173536705,0.0039631711708837,0.0092606673803206,252.32319192940815,0.0930669810819637,0.0,9.974717707450685,174870.26614827936,,DEF-0.25-OR/HT,189050.5332967412,198999.99999999997,0.9776215306690855,0.9287430740470708,0.9249921864742697
MAIN,0.75,0.05,100,rate,DEF-0.5-OR,HT,176989.1505534292,0.0029263423417675,0.0135213347606412,341.7235180337778,0.1803514447131909,0.0,9.973964777024271,167047.85414200954,,DEF-0.5-OR/HT,189050.5332967412,198999.99999999997,0.9362002183597125,0.8893927163488906,0.8836148263057508
MAIN,0.75,0.05,100,rate,DEF-0.75-OR,HT,172772.01455759432,0.0018895135126512,0.0177820021409618,529.2367550189396,0.2693786734521942,0.0,9.9727097666568,162838.02490933336,,DEF-0.75-OR/HT,189050.5332967412,198999.99999999997,0.9138932937385822,0.868201078178866,0.8613465514732844
MAIN,0.75,0.05,100,rate,EQ-P,DIFF-OR,178384.59847147428,0.005,0.005,200.0,0.0,0.0,9.974968671630002,178375.67924155074,,EQ-P/DIFF-OR,189050.5332967412,198999.99999999997,0.9435815671118725,0.8964050174445946,0.943534388033517
MAIN,0.75,0.05,100,rate,SRSWOR,DIFF-OR,178384.5984714743,,,,,,,,,SRSWOR/DIFF-OR,189050.5332967412,198999.99999999997,0.9435815671118726,0.8964050174445947,
MAIN,0.75,0.05,100,rate,RA-OR,DIFF-OR,159112.0504641224,0.0008844856614204,0.0124992063197938,1130.6005779607651,0.3398707214712387,0.0,9.971949481926565,159103.14914934154,,RA-OR/DIFF-OR,189050.5332967412,198999.99999999997,0.8416376705712533,0.7995580425332786,0.8415905862566753
MAIN,0.75,0.05,100,dollars,EQ-P,HT,366210252031.3696,0.005,0.005,200.0,0.0,0.0,9.974968671630002,360746691091.0279,,EQ-P/HT,360764729327.4943,366210252031.3696,1.0150943877302705,1.0,0.9999499999999999
MAIN,0.75,0.05,100,dollars,SRSWOR,EXP,360764729327.4943,,,,,,,,,SRSWOR/EXP,360764729327.4943,366210252031.3696,1.0,0.9851300648366097,
MAIN,0.75,0.05,100,dollars,ST-PROP,EXP,367772614268.7871,,,,,,,,"[np.int64(64), np.int64(19), np.int64(10), np.int64(5), np.int64(2)]",ST-PROP/EXP,360764729327.4943,366210252031.3696,1.0194250833621021,1.004266298468574,
MAIN,0.75,0.05,100,dollars,ST-EQD,EXP,80301470428.99193,,,,,,,,"[np.int64(20), np.int64(20), np.int64(20), np.int64(20), np.int64(20)]",ST-EQD/EXP,360764729327.4943,366210252031.3696,0.22258681046421258,0.21927695902438388,
MAIN,0.75,0.05,100,dollars,PPS-A,HT,73566566051.68999,1.629564361605836e-05,0.1887008877890677,61366.09412681075,1.7774773876602563,0.0,9.90672795331615,68242342737.82353,,PPS-A/HT,360764729327.4943,366210252031.3696,0.20391839908747805,0.2008861457144249,0.18916023987443248
MAIN,0.75,0.05,100,dollars,RA-OR,HT,64007332221.54479,7.116166535158862e-06,0.3087199228268686,140525.0980368851,2.4706422219911777,0.0,9.859274045495956,58765865985.69702,,RA-OR/HT,360764729327.4943,366210252031.3696,0.17742125828337374,0.17478301567609286,0.1628924925539233
MAIN,0.75,0.05,100,dollars,DEF-0.25-OR,HT,122316743144.72072,0.0037517790416337,0.0809299807067171,266.54021702848723,0.3136737292807768,0.0,9.967777098932936,116932229871.3828,,DEF-0.25-OR/HT,360764729327.4943,366210252031.3696,0.3390485077982339,0.33400687847002997,0.32412323147375716
MAIN,0.75,0.05,100,dollars,DEF-0.5-OR,HT,86276948754.78716,0.0025035580832675,0.1568599614134343,399.43151576288807,0.5815491756993463,0.0,9.946171181718498,80955614920.04578,,DEF-0.5-OR/HT,360764729327.4943,366210252031.3696,0.23915017666947933,0.23559402904809082,0.2244000267735598
MAIN,0.75,0.05,100,dollars,DEF-0.75-OR,HT,70595280199.64899,0.0012553371249013,0.2327899421201514,796.5987623273462,0.9489130302839364,0.0,9.910056641922234,65321602600.83138,,DEF-0.75-OR/HT,360764729327.4943,366210252031.3696,0.19568232274603578,0.19277253929418062,0.18106427067468078
MAIN,0.75,0.05,100,dollars,EQ-P,DIFF-OR,304791440153.22266,0.005,0.005,200.0,0.0,0.0,9.974968671630002,304776200581.21497,,EQ-P/DIFF-OR,360764729327.4943,366210252031.3696,0.8448482220570395,0.8322853837721457,0.8448059796459365
MAIN,0.75,0.05,100,dollars,SRSWOR,DIFF-OR,304791440153.22266,,,,,,,,,SRSWOR/DIFF-OR,360764729327.4943,366210252031.3696,0.8448482220570395,0.8322853837721457,
MAIN,0.75,0.05,100,dollars,RA-OR,DIFF-OR,57609601897.43004,7.487372875629727e-06,0.2957294165997023,133558.1941237159,2.412438873129348,0.0,9.8696626346625,57596150596.86427,,RA-OR/DIFF-OR,360764729327.4943,366210252031.3696,0.159687456156872,0.15731291403741257,0.1596501706367746
MAIN,0.75,0.05,400,rate,EQ-P,HT,48999.99999999999,0.02,0.02,50.0,0.0,0.0,19.798989873223334,46547.80380770725,,EQ-P/HT,46550.13131427296,48999.99999999999,1.0526286095561639,1.0,0.99995
MAIN,0.75,0.05,400,rate,SRSWOR,EXP,46550.13131427296,,,,,,,,,SRSWOR/EXP,46550.13131427296,48999.99999999999,1.0,0.9500026798831218,
MAIN,0.75,0.05,400,rate,ST-PROP,EXP,46304.29943090806,,,,,,,,"[np.int64(254), np.int64(75), np.int64(40), np.int64(22), np.int64(9)]",ST-PROP/EXP,46550.13131427296,48999.99999999999,0.9947189862536536,0.9449857026715932,
MAIN,0.75,0.05,400,rate,ST-EQD,EXP,90517.29320327748,,,,,,,,"[np.int64(80), np.int64(80), np.int64(80), np.int64(80), np.int64(80)]",ST-EQD/EXP,46550.13131427296,48999.99999999999,1.9445120915378284,1.8472916980260714,
MAIN,0.75,0.05,400,rate,PPS-A,HT,138427.82959076855,6.518257446423344e-05,0.7548035511562711,15341.523531702687,1.7774773876602563,0.0,19.242976377272033,135879.57110323285,,PPS-A/HT,46550.13131427296,48999.99999999999,2.9737366078777208,2.825057746750379,2.9189943672955905
MAIN,0.75,0.05,400,rate,RA-OR,HT,42095.53454502307,0.0034107387341401,0.0881706780851298,293.19161564337827,0.3673267543855003,0.0,19.766595455275898,39674.53185526472,,RA-OR/HT,46550.13131427296,48999.99999999999,0.9043053876867572,0.8590925417351648,0.8522968837061029
MAIN,0.75,0.05,400,rate,DEF-0.25-OR,HT,45454.96793384176,0.015852684683535,0.0370426695212824,63.08079798235204,0.0930669810819637,0.0,19.796966775071464,43012.079397480185,,DEF-0.25-OR/HT,46550.13131427296,48999.99999999999,0.9764734631350995,0.9276524068130974,0.9239948026589571
MAIN,0.75,0.05,400,rate,DEF-0.5-OR,HT,43497.2876383573,0.01170536936707,0.0540853390425649,85.43087950844445,0.1803514447131909,0.0,19.790896239764724,41062.695426065875,,DEF-0.5-OR/HT,46550.13131427296,48999.99999999999,0.9344181511475218,0.8876997477215777,0.8821177141013873
MAIN,0.75,0.05,400,rate,DEF-0.75-OR,HT,42443.00363939858,0.0075580540506051,0.0711280085638474,132.3091887547349,0.2693786734521942,0.0,19.780774540941263,40015.70474689975,,DEF-0.75-OR/HT,46550.13131427296,48999.99999999999,0.9117697940066803,0.8661837477428282,0.8596260336354913
MAIN,0.75,0.05,400,rate,EQ-P,DIFF-OR,43923.845854785126,0.02,0.02,50.0,0.0,0.0,19.798989873223334,43921.64966249238,,EQ-P/DIFF-OR,46550.13131427296,48999.99999999999,0.9435815671118724,0.8964050174445946,0.9435343880335166
MAIN,0.75,0.05,400,rate,SRSWOR,DIFF-OR,43923.84585478513,,,,,,,,,SRSWOR/DIFF-OR,46550.13131427296,48999.99999999999,0.9435815671118726,0.8964050174445947,
MAIN,0.75,0.05,400,rate,RA-OR,DIFF-OR,39105.70885294715,0.0035379426456819,0.0499968252791752,282.65014449019134,0.3398707214712387,0.0,19.774640920166593,39103.5304242861,,RA-OR/DIFF-OR,46550.13131427296,48999.99999999999,0.8400773048078762,0.7980756908764726,0.8400305073317028
MAIN,0.75,0.05,400,dollars,EQ-P,HT,90172373615.76436,0.02,0.02,50.0,0.0,0.0,19.798989873223334,88827074690.75562,,EQ-P/HT,88831516266.56894,90172373615.76436,1.0150943877302705,1.0,0.99995
MAIN,0.75,0.05,400,dollars,SRSWOR,EXP,88831516266.56894,,,,,,,,,SRSWOR/EXP,88831516266.56894,90172373615.76436,1.0,0.9851300648366097,
MAIN,0.75,0.05,400,dollars,ST-PROP,EXP,82054477644.613,,,,,,,,"[np.int64(254), np.int64(75), np.int64(40), np.int64(22), np.int64(9)]",ST-PROP/EXP,88831516266.56894,90172373615.76436,0.9237090741351398,0.9099735800929151,
MAIN,0.75,0.05,400,dollars,ST-EQD,EXP,18806109282.023304,,,,,,,,"[np.int64(80), np.int64(80), np.int64(80), np.int64(80), np.int64(80)]",ST-EQD/EXP,88831516266.56894,90172373615.76436,0.21170537296233047,0.20855732779263927,
MAIN,0.75,0.05,400,dollars,PPS-A,HT,17011452120.84447,6.518257446423344e-05,0.7548035511562711,15341.523531702687,1.7774773876602563,0.0,19.242976377272033,15804690560.002504,,PPS-A/HT,88831516266.56894,90172373615.76436,0.19150244007763942,0.1886548112100539,0.17791760429457487
MAIN,0.75,0.05,400,dollars,RA-OR,HT,14623919797.684082,2.8481432331195994e-05,1.0,35110.59375004431,2.4697957848144583,1.0,18.861563778794448,13497785772.648272,,RA-OR/HT,88831516266.56894,90172373615.76436,0.16462535384176125,0.16217738550388408,0.15194816366911504
MAIN,0.75,0.05,400,dollars,DEF-0.25-OR,HT,29230974710.555,0.0150071203580827,0.265,66.63503564568951,0.3135315850212035,0.0,19.74170488487111,27963419531.74916,,DEF-0.25-OR/HT,88831516266.56894,90172373615.76436,0.32906085519060146,0.3241677416091075,0.3147916494843506
MAIN,0.75,0.05,400,dollars,DEF-0.5-OR,HT,20202398716.47197,0.0100142407161655,0.51,99.85779534795276,0.5813831311102414,0.0,19.568843784071152,18996532299.25578,,DEF-0.5-OR/HT,88831516266.56894,90172373615.76436,0.22742377441636655,0.22404199763618168,0.213849015503127
MAIN,0.75,0.05,400,dollars,DEF-0.75-OR,HT,16275214322.280752,0.0050213610742483,0.755,199.1491918652118,0.9486880327400032,0.0,19.27729768022762,15116357004.37951,,DEF-0.75-OR/HT,88831516266.56894,90172373615.76436,0.18321441540456745,0.1804900289265031,0.17016885042261107
MAIN,0.75,0.05,400,dollars,EQ-P,DIFF-OR,75049148580.44176,0.02,0.02,50.0,0.0,0.0,19.798989873223334,75045396123.01273,,EQ-P/DIFF-OR,88831516266.56894,90172373615.76436,0.8448482220570396,0.8322853837721459,0.8448059796459366
MAIN,0.75,0.05,400,dollars,SRSWOR,DIFF-OR,75049148580.44176,,,,,,,,,SRSWOR/DIFF-OR,88831516266.56894,90172373615.76436,0.8448482220570396,0.8322853837721459,
MAIN,0.75,0.05,400,dollars,RA-OR,DIFF-OR,13254928865.150385,2.996322785268505e-05,1.0,33374.241417397505,2.41179082272182,1.0,18.9453532108626,13252571242.043827,,RA-OR/DIFF-OR,88831516266.56894,90172373615.76436,0.1492142588827877,0.14699545252774732,0.14918771849255635
MAIN,0.75,0.25,100,rate,EQ-P,HT,995000.0,0.005,0.005,200.0,0.0,0.0,9.974968671630002,746216.4594040959,,EQ-P/HT,746253.7720927006,995000.0,1.3333265937266174,1.0,0.9999499999999999
MAIN,0.75,0.25,100,rate,SRSWOR,EXP,746253.7720927006,,,,,,,,,SRSWOR/EXP,746253.7720927006,995000.0,1.0,0.7500037910479402,
MAIN,0.75,0.25,100,rate,ST-PROP,EXP,736472.8791008753,,,,,,,,"[np.int64(64), np.int64(19), np.int64(10), np.int64(5), np.int64(2)]",ST-PROP/EXP,746253.7720927006,995000.0,0.9868933419734724,0.7401737478400757,
MAIN,0.75,0.25,100,rate,ST-EQD,EXP,1547470.1942570226,,,,,,,,"[np.int64(20), np.int64(20), np.int64(20), np.int64(20), np.int64(20)]",ST-EQD/EXP,746253.7720927006,995000.0,2.0736514201026965,1.5552464263889674,
MAIN,0.75,0.25,100,rate,PPS-A,HT,3037815.361347657,1.629564361605836e-05,0.1887008877890677,61366.09412681075,1.7774773876602563,0.0,9.90672795331615,2786369.5686294893,,PPS-A/HT,746253.7720927006,995000.0,4.07075377700107,3.053080765173525,3.7338096942756396
MAIN,0.75,0.25,100,rate,RA-OR,HT,927544.8031071078,0.0009955777902896,0.0102228796602156,1004.4418525136216,0.2768958849995779,0.0,9.973155605490367,679035.1432588138,,RA-OR/HT,746253.7720927006,995000.0,1.242934826990579,0.93220583226845,0.9099252407858692
MAIN,0.75,0.25,100,rate,DEF-0.25-OR,HT,964511.7340824902,0.0039988944475724,0.0063057199150539,250.0691161295997,0.0663667560896896,0.0,9.974855364651043,715813.6214420752,,DEF-0.25-OR/HT,746253.7720927006,995000.0,1.2924715025261908,0.9693585267160706,0.9592093845431926
MAIN,0.75,0.25,100,rate,DEF-0.5-OR,HT,943973.2741121808,0.0029977888951448,0.0076114398301078,333.57919285763506,0.1327283573869124,0.0,9.974515435991414,695349.2795667078,,DEF-0.5-OR/HT,746253.7720927006,995000.0,1.264949417227092,0.9487168584042018,0.9317866194722975
MAIN,0.75,0.25,100,rate,DEF-0.75-OR,HT,931760.7387990754,0.0019966833427172,0.0089171597451617,500.8305416316576,0.2017127686780683,0.0,9.973948862480182,683199.5602800887,,DEF-0.75-OR/HT,746253.7720927006,995000.0,1.248584293498661,0.9364429535669099,0.9155056708982648
MAIN,0.75,0.25,100,rate,EQ-P,DIFF-OR,670811.9180805945,0.005,0.005,200.0,0.0,0.0,9.974968671630002,670778.3774846905,,EQ-P/DIFF-OR,746253.7720927006,995000.0,0.8989058992619274,0.6741828322418035,0.8988609539669644
MAIN,0.75,0.25,100,rate,SRSWOR,DIFF-OR,670811.9180805945,,,,,,,,,SRSWOR/DIFF-OR,746253.7720927006,995000.0,0.8989058992619274,0.6741828322418035,
MAIN,0.75,0.25,100,rate,RA-OR,DIFF-OR,652196.7280720419,0.0011819111763322,0.006175345281609,846.0872695216216,0.1860952281685047,0.0,9.974256976611882,652163.2003512789,,RA-OR/DIFF-OR,746253.7720927006,995000.0,0.8739610471155183,0.6554740985648662,0.8739161190735882
MAIN,0.75,0.25,100,dollars,EQ-P,HT,1509510965701.5657,0.005,0.005,200.0,0.0,0.0,9.974968671630002,1399195292957.5205,,EQ-P/HT,1399265256220.331,1509510965701.5657,1.078788284773845,1.0,0.9999500000000003
MAIN,0.75,0.25,100,dollars,SRSWOR,EXP,1399265256220.331,,,,,,,,,SRSWOR/EXP,1399265256220.331,1509510965701.5657,1.0,0.9269659432848197,
MAIN,0.75,0.25,100,dollars,ST-PROP,EXP,1101588372455.29,,,,,,,,"[np.int64(64), np.int64(19), np.int64(10), np.int64(5), np.int64(2)]",ST-PROP/EXP,1399265256220.331,1509510965701.5657,0.7872620059408034,0.7297650679492163,
MAIN,0.75,0.25,100,dollars,ST-EQD,EXP,273246049620.3993,,,,,,,,"[np.int64(20), np.int64(20), np.int64(20), np.int64(20), np.int64(20)]",ST-EQD/EXP,1399265256220.331,1509510965701.5657,0.1952782350635121,0.18101627336864326,
MAIN,0.75,0.25,100,dollars,PPS-A,HT,331662340207.391,1.629564361605836e-05,0.1887008877890677,61366.09412681075,1.7774773876602563,0.0,9.90672795331615,223692459970.39124,,PPS-A/HT,1399265256220.331,1509510965701.5657,0.23702606688260885,0.2197150916709283,0.1598642280125107
MAIN,0.75,0.25,100,dollars,RA-OR,HT,314216228671.25323,8.620234357940618e-06,0.260810652002484,116006.12680313496,2.2787272231834703,0.0,9.88143757783464,206647717529.6639,,RA-OR/HT,1399265256220.331,1509510965701.5657,0.22455801519721014,0.2081576323794488,0.14768301907806733
MAIN,0.75,0.25,100,dollars,DEF-0.25-OR,HT,576921923047.4946,0.0037521550585894,0.068952663000621,266.5135060745388,0.3011752740529355,0.0,9.96914868671293,467677402151.133,,DEF-0.25-OR/HT,1399265256220.331,1509510965701.5657,0.41230347175621673,0.38219127661610747,0.33423069719776677
MAIN,0.75,0.25,100,dollars,DEF-0.5-OR,HT,415730950052.28326,0.0025043101171789,0.132905326001242,399.31156814015895,0.5616559177879263,0.0,9.951668309944852,307299922195.5339,,DEF-0.5-OR/HT,1399265256220.331,1509510965701.5657,0.29710660520168125,0.275407704546927,0.21961520221377226
MAIN,0.75,0.25,100,dollars,DEF-0.75-OR,HT,344155694610.23303,0.0012564651757684,0.196857989001863,795.8835782204619,0.915059016950036,0.0,9.922465915290989,236283521503.4129,,DEF-0.75-OR/HT,1399265256220.331,1509510965701.5657,0.24595457728998424,0.22799151674282936,0.16886256587379114
MAIN,0.75,0.25,100,dollars,EQ-P,DIFF-OR,820813581016.114,0.005,0.005,200.0,0.0,0.0,9.974968671630002,820772540337.0631,,EQ-P/DIFF-OR,1399265256220.331,1509510965701.5657,0.5866032743736382,0.5437612575637235,0.5865739442099195
MAIN,0.75,0.25,100,dollars,SRSWOR,DIFF-OR,820813581016.1139,,,,,,,,,SRSWOR/DIFF-OR,1399265256220.331,1509510965701.5657,0.5866032743736381,0.5437612575637234,
MAIN,0.75,0.25,100,dollars,RA-OR,DIFF-OR,196977606945.762,1.067925423100253e-05,0.2051546597608655,93639.497512564,2.088319895744064,0.0,9.8969166216699,196939966408.2881,,RA-OR/DIFF-OR,1399265256220.331,1509510965701.5657,0.14077217030160113,0.130491007631875,0.14074527008571527
MAIN,0.75,0.25,400,rate,EQ-P,HT,244999.99999999997,0.02,0.02,50.0,0.0,0.0,19.798989873223334,183741.74126030505,,EQ-P/HT,183750.92880674536,244999.99999999997,1.3333265937266174,1.0,0.9999500000000001
MAIN,0.75,0.25,400,rate,SRSWOR,EXP,183750.92880674536,,,,,,,,,SRSWOR/EXP,183750.92880674536,244999.99999999997,1.0,0.7500037910479403,
MAIN,0.75,0.25,400,rate,ST-PROP,EXP,180803.69283746745,,,,,,,,"[np.int64(254), np.int64(75), np.int64(40), np.int64(22), np.int64(9)]",ST-PROP/EXP,183750.92880674536,244999.99999999997,0.9839607016496903,0.737974256479459,
MAIN,0.75,0.25,400,rate,ST-EQD,EXP,384099.96764848736,,,,,,,,"[np.int64(80), np.int64(80), np.int64(80), np.int64(80), np.int64(80)]",ST-EQD/EXP,183750.92880674536,244999.99999999997,2.0903293939398435,1.5677549699938262,
MAIN,0.75,0.25,400,rate,PPS-A,HT,755703.8403369143,6.518257446423344e-05,0.7548035511562711,15341.523531702687,1.7774773876602563,0.0,19.242976377272033,691663.7633582851,,PPS-A/HT,183750.92880674536,244999.99999999997,4.112653172663435,3.084505470762916,3.764137508582186
MAIN,0.75,0.25,400,rate,RA-OR,HT,228136.20077677697,0.0039823111611587,0.0408915186408627,251.11046312840543,0.2768958849995779,0.0,19.784370692574047,167151.71884756646,,RA-OR/HT,183750.92880674536,244999.99999999997,1.241551279540538,0.9311681664358245,0.9096646201084696
MAIN,0.75,0.25,400,rate,DEF-0.25-OR,HT,237377.93352062255,0.0159955777902896,0.0252228796602156,62.517279032399934,0.0663667560896896,0.0,19.798076490692825,176205.0831421208,,DEF-0.25-OR/HT,183750.92880674536,244999.99999999997,1.2918461694976129,0.9688895245739697,0.9589343808293852
MAIN,0.75,0.25,400,rate,DEF-0.5-OR,HT,232243.31852804517,0.0119911555805793,0.0304457593204313,83.39479821440877,0.1327283573869124,0.0,19.79533609023337,171144.54806577042,,DEF-0.5-OR/HT,183750.92880674536,244999.99999999997,1.2639028277908748,0.9479319123593681,0.93139419309149
MAIN,0.75,0.25,400,rate,DEF-0.75-OR,HT,229190.18469976884,0.007986733370869,0.035668638980647,125.2076354079144,0.2017127686780683,0.0,19.790767912890985,168154.1973374143,,DEF-0.75-OR/HT,183750.92880674536,244999.99999999997,1.2472872174747638,0.9354701416317097,0.9151202577825637
MAIN,0.75,0.25,400,rate,EQ-P,DIFF-OR,165174.79389924186,0.02,0.02,50.0,0.0,0.0,19.798989873223334,165166.5351595469,,EQ-P/DIFF-OR,183750.92880674536,244999.99999999997,0.8989058992619275,0.6741828322418036,0.8988609539669645
MAIN,0.75,0.25,400,rate,SRSWOR,DIFF-OR,165174.79389924186,,,,,,,,,SRSWOR/DIFF-OR,183750.92880674536,244999.99999999997,0.8989058992619275,0.6741828322418036,
MAIN,0.75,0.25,400,rate,RA-OR,DIFF-OR,160520.9963971037,0.0047276447053288,0.024701381126436,211.5218173804054,0.1860952281685047,0.0,19.793252278689646,160512.7504754298,,RA-OR/DIFF-OR,183750.92880674536,244999.99999999997,0.8735792381540937,0.6551877403963418,0.8735343626167157
MAIN,0.75,0.25,400,dollars,EQ-P,HT,371688629745.6117,0.02,0.02,50.0,0.0,0.0,19.798989873223334,344525474145.31903,,EQ-P/HT,344542701280.383,371688629745.6117,1.0787882847738453,1.0,0.9999500000000001
MAIN,0.75,0.25,400,dollars,SRSWOR,EXP,344542701280.383,,,,,,,,,SRSWOR/EXP,344542701280.383,371688629745.6117,1.0,0.9269659432848196,
MAIN,0.75,0.25,400,dollars,ST-PROP,EXP,246596041793.507,,,,,,,,"[np.int64(254), np.int64(75), np.int64(40), np.int64(22), np.int64(9)]",ST-PROP/EXP,344542701280.383,371688629745.6117,0.7157198247912712,0.6634479025152864,
MAIN,0.75,0.25,400,dollars,ST-EQD,EXP,64498276937.119095,,,,,,,,"[np.int64(80), np.int64(80), np.int64(80), np.int64(80), np.int64(80)]",ST-EQD/EXP,344542701280.383,371688629745.6117,0.18719966116661835,0.17352771049591298,
MAIN,0.75,0.25,400,dollars,PPS-A,HT,77226473372.068,6.518257446423344e-05,0.7548035511562711,15341.523531702687,1.7774773876602563,0.0,19.242976377272033,52403413081.91254,,PPS-A/HT,344542701280.383,371688629745.6117,0.224141951302641,0.2077719553189527,0.15209555415677642
MAIN,0.75,0.25,400,dollars,RA-OR,HT,72865322520.91019,3.448467479335174e-05,1.0,28998.388588335732,2.2785799659421513,1.0,19.03589641974817,48442871342.09659,,RA-OR/HT,344542701280.383,371688629745.6117,0.2114841563908609,0.19603861051864868,0.14060048627375973
MAIN,0.75,0.25,400,dollars,DEF-0.25-OR,HT,138564588018.85855,0.0150086211686983,0.265,66.62837237077972,0.3011469905794481,0.0,19.752160249741284,112464759351.55292,,DEF-0.25-OR/HT,344542701280.383,371688629745.6117,0.40216956419023675,0.3727974894300476,0.3264174772346462
MAIN,0.75,0.25,400,dollars,DEF-0.5-OR,HT,98252669445.34464,0.0100172423373966,0.51,99.8278734125029,0.5616232854807022,0.0,19.611000436638697,72958152708.68341,,DEF-0.5-OR/HT,344542701280.383,371688629745.6117,0.28516833785832624,0.2643413372978075,0.21175358652950046
MAIN,0.75,0.25,400,dollars,DEF-0.75-OR,HT,80353636611.47609,0.005025863506095,0.755,198.97078358520287,0.9150155548110972,0.0,19.373448603259828,55618801747.220985,,DEF-0.75-OR/HT,344542701280.383,371688629745.6117,0.23321822320678234,0.2161853502660846,0.16142789134853666
MAIN,0.75,0.25,400,dollars,EQ-P,DIFF-OR,202109876732.61096,0.02,0.02,50.0,0.0,0.0,19.798989873223334,202099771238.77432,,EQ-P/DIFF-OR,344542701280.383,371688629745.6117,0.5866032743736381,0.5437612575637233,0.5865739442099195
MAIN,0.75,0.25,400,dollars,SRSWOR,DIFF-OR,202109876732.61096,,,,,,,,,SRSWOR/DIFF-OR,344542701280.383,371688629745.6117,0.5866032743736381,0.5437612575637233,
MAIN,0.75,0.25,400,dollars,RA-OR,DIFF-OR,46150883215.022995,4.271701692401012e-05,0.8206186390434623,23409.874378141,2.088319895744064,0.0,19.16202854242147,46143659014.09753,,RA-OR/DIFF-OR,344542701280.383,371688629745.6117,0.13394822483111082,0.12416544258189774,0.13392725732578092
MAIN,0.75,0.7,100,rate,EQ-P,HT,2786000.0,0.005,0.005,200.0,0.0,0.0,9.974968671630002,835761.95733588,,EQ-P/HT,835803.7475232562,2786000.0,3.3333183875470476,1.0,0.99995
MAIN,0.75,0.7,100,rate,SRSWOR,EXP,835803.7475232562,,,,,,,,,SRSWOR/EXP,835803.7475232562,2786000.0,1.0,0.30000134512679694,
MAIN,0.75,0.7,100,rate,ST-PROP,EXP,821339.8139385488,,,,,,,,"[np.int64(64), np.int64(19), np.int64(10), np.int64(5), np.int64(2)]",ST-PROP/EXP,835803.7475232562,2786000.0,0.9826945815598835,0.2948096963167799,
MAIN,0.75,0.7,100,rate,ST-EQD,EXP,1986494.5993667347,,,,,,,,"[np.int64(20), np.int64(20), np.int64(20), np.int64(20), np.int64(20)]",ST-EQD/EXP,835803.7475232562,2786000.0,2.3767476578722335,0.7130274943886341,
MAIN,0.75,0.7,100,rate,PPS-A,HT,10125972.956230797,1.629564361605836e-05,0.1887008877890677,61366.09412681075,1.7774773876602563,0.0,9.90672795331615,8150901.219486177,,PPS-A/HT,835803.7475232562,2786000.0,12.115251919170225,3.6345918723010757,9.752171180901984
MAIN,0.75,0.7,100,rate,RA-OR,HT,2756616.8502009874,0.0016520673136511,0.0059988322761082,605.3022124080189,0.1099059451345451,0.0,9.974702870922464,806669.3277146127,,RA-OR/HT,835803.7475232562,2786000.0,3.2981628263449303,0.9894532843506775,0.9651420325704715
MAIN,0.75,0.7,100,rate,DEF-0.25-OR,HT,2773528.5716214743,0.0041630168284127,0.005249708069027,240.21041499879465,0.0260426046334513,0.0,9.974952059293283,823382.6467503386,,DEF-0.25-OR/HT,835803.7475232562,2786000.0,3.3183969081740696,0.995523536116825,0.985138735247688
MAIN,0.75,0.7,100,rate,DEF-0.5-OR,HT,2764349.229605747,0.0033260336568255,0.0054994161380541,300.65841274571494,0.0528285076047904,0.0,9.974902222117128,814282.4299871945,,DEF-0.5-OR/HT,835803.7475232562,2786000.0,3.3074142557955315,0.9922287256302035,0.9742507525243383
MAIN,0.75,0.7,100,rate,DEF-0.75-OR,HT,2758618.7365758247,0.0024890504852383,0.0057491242070811,401.75962919620827,0.080640410705328,0.0,9.974819159603532,808618.0708613149,,DEF-0.75-OR/HT,835803.7475232562,2786000.0,3.3005579895405606,0.9901718365311646,0.9674736123850833
MAIN,0.75,0.7,100,rate,EQ-P,DIFF-OR,760853.2823986663,0.005,0.005,200.0,0.0,0.0,9.974968671630002,760815.2397345463,,EQ-P/DIFF-OR,835803.7475232562,2786000.0,0.9103252822846377,0.2730988091883224,0.9102797660205234
MAIN,0.75,0.7,100,rate,SRSWOR,DIFF-OR,760853.2823986661,,,,,,,,,SRSWOR/DIFF-OR,835803.7475232562,2786000.0,0.9103252822846375,0.27309880918832236,
MAIN,0.75,0.7,100,rate,RA-OR,DIFF-OR,742254.8897691434,0.0006295904658399,0.0057886568823189,1588.3340905834932,0.2013489536081198,0.0,9.974343883041652,742216.8586634763,,RA-OR/DIFF-OR,835803.7475232562,2786000.0,0.8880731774279227,0.2664231477994054,0.8880276749929553
MAIN,0.75,0.7,100,dollars,EQ-P,HT,3164248628427.065,0.005,0.005,200.0,0.0,0.0,9.974968671630002,2543730692366.2715,,EQ-P/HT,2543857885260.534,3164248628427.065,1.2438779095173362,1.0,0.9999500000000001
MAIN,0.75,0.7,100,dollars,SRSWOR,EXP,2543857885260.534,,,,,,,,,SRSWOR/EXP,2543857885260.534,3164248628427.065,1.0,0.8039374221124576,
MAIN,0.75,0.7,100,dollars,ST-PROP,EXP,1015993233536.4875,,,,,,,,"[np.int64(64), np.int64(19), np.int64(10), np.int64(5), np.int64(2)]",ST-PROP/EXP,2543857885260.534,3164248628427.065,0.3993907204578107,0.3210851462204895,
MAIN,0.75,0.7,100,dollars,ST-EQD,EXP,295089184424.2925,,,,,,,,"[np.int64(20), np.int64(20), np.int64(20), np.int64(20), np.int64(20)]",ST-EQD/EXP,2543857885260.534,3164248628427.065,0.11600065637867595,0.09325726865242574,
MAIN,0.75,0.7,100,dollars,PPS-A,HT,788823899232.9089,1.629564361605836e-05,0.1887008877890677,61366.09412681075,1.7774773876602563,0.0,9.90672795331615,178253968176.53418,,PPS-A/HT,2543857885260.534,3164248628427.065,0.31008960988090734,0.24929264159151426,0.0700722981458054
MAIN,0.75,0.7,100,dollars,RA-OR,HT,784059746614.5873,1.4104352429808834e-05,0.2040146862080238,70900.10016245415,1.9529666824395864,0.0,9.9001165893132,173652153829.90637,,RA-OR/HT,2543857885260.534,3164248628427.065,0.30821680375996563,0.247787022666528,0.06826330780350233
MAIN,0.75,0.7,100,dollars,DEF-0.25-OR,HT,1365760848988.6702,0.0037535260881074,0.0547536715520059,266.4161581741411,0.2842460373068508,0.0,9.97030687993728,749504683923.3569,,DEF-0.25-OR/HT,2543857885260.534,3164248628427.065,0.5368856715235856,0.43162248273378706,0.2946330800419674
MAIN,0.75,0.7,100,dollars,DEF-0.5-OR,HT,1010686211432.3876,0.0025070521762149,0.1045073431040119,398.8748257763743,0.532256583914258,0.0,9.956308408265516,397532717117.72473,,DEF-0.5-OR/HT,2543857885260.534,3164248628427.065,0.3973045103220757,0.31940796382198183,0.15627159025709908
MAIN,0.75,0.7,100,dollars,DEF-0.75-OR,HT,850050754042.7012,0.0012605782643223,0.1542610146560178,793.2867226911654,0.8616469679396002,0.0,9.932933782177445,238848542995.9331,,DEF-0.75-OR/HT,2543857885260.534,3164248628427.065,0.33415811432235004,0.26864221300626995,0.09389225097040788
MAIN,0.75,0.7,100,dollars,EQ-P,DIFF-OR,521618193506.0141,0.005,0.005,200.0,0.0,0.0,9.974968671630002,521592112596.33875,,EQ-P/DIFF-OR,2543857885260.534,3164248628427.065,0.20505005272831567,0.16484741079442558,0.20503980022567922
MAIN,0.75,0.7,100,dollars,SRSWOR,DIFF-OR,521618193506.0141,,,,,,,,,SRSWOR/DIFF-OR,2543857885260.534,3164248628427.065,0.20505005272831567,0.16484741079442558,
MAIN,0.75,0.7,100,dollars,RA-OR,DIFF-OR,158706610087.80664,1.3930458483833115e-05,0.1883956311545707,71785.14627932326,1.6292362242371474,0.0,9.91842908382065,158682133408.75388,,RA-OR/DIFF-OR,2543857885260.534,3164248628427.065,0.06238815894841248,0.05015617567532898,0.06237853707480288
MAIN,0.75,0.7,400,rate,EQ-P,HT,686000.0,0.02,0.02,50.0,0.0,0.0,19.798989873223334,205790.63271084495,,EQ-P/HT,205800.92275698268,686000.0,3.3333183875470476,1.0,0.9999500000000006
MAIN,0.75,0.7,400,rate,SRSWOR,EXP,205800.92275698268,,,,,,,,,SRSWOR/EXP,205800.92275698268,686000.0,1.0,0.3000013451267969,
MAIN,0.75,0.7,400,rate,ST-PROP,EXP,202623.14861497423,,,,,,,,"[np.int64(254), np.int64(75), np.int64(40), np.int64(22), np.int64(9)]",ST-PROP/EXP,205800.92275698268,686000.0,0.9845589898264894,0.29536902130462717,
MAIN,0.75,0.7,400,rate,ST-EQD,EXP,493522.7954674742,,,,,,,,"[np.int64(80), np.int64(80), np.int64(80), np.int64(80), np.int64(80)]",ST-EQD/EXP,205800.92275698268,686000.0,2.3980591965092604,0.7194209846464639,
MAIN,0.75,0.7,400,rate,PPS-A,HT,2520993.239057699,6.518257446423344e-05,0.7548035511562711,15341.523531702687,1.7774773876602563,0.0,19.242976377272033,2014850.9753599665,,PPS-A/HT,205800.92275698268,686000.0,12.24966926914405,3.6749172581016025,9.790291259962798
MAIN,0.75,0.7,400,rate,RA-OR,HT,678654.2125502469,0.0066082692546045,0.023995329104433,151.32555310200473,0.1099059451345451,0.0,19.79684716845138,198735.35173843385,,RA-OR/HT,205800.92275698268,686000.0,3.2976247310204085,0.9892918550295143,0.9656679332439528
MAIN,0.75,0.7,400,rate,DEF-0.25-OR,HT,682882.1429053686,0.0166520673136511,0.0209988322761082,60.052603749698655,0.0260426046334513,0.0,19.798855960968776,202764.890530092,,DEF-0.25-OR/HT,205800.92275698268,686000.0,3.3181685181836675,0.9954550188124907,0.9852477229634401
MAIN,0.75,0.7,400,rate,DEF-0.5-OR,HT,680587.3074014367,0.0133041346273022,0.0219976645522165,75.16460318642874,0.0528285076047904,0.0,19.7984542187706,200549.1748682839,,DEF-0.5-OR/HT,205800.92275698268,686000.0,3.3070177639830085,0.9921097775531148,0.9744814171951006
MAIN,0.75,0.7,400,rate,DEF-0.75-OR,HT,679154.684143956,0.0099562019409533,0.0229964968283247,100.43990729905208,0.080640410705328,0.0,19.79778463032416,199182.68122127553,,DEF-0.75-OR/HT,205800.92275698268,686000.0,3.3000565548771954,0.9900214054576619,0.9678415361454807
MAIN,0.75,0.7,400,rate,EQ-P,DIFF-OR,187345.78310318917,0.02,0.02,50.0,0.0,0.0,19.798989873223334,187336.415814034,,EQ-P/DIFF-OR,205800.92275698268,686000.0,0.9103252822846377,0.2730988091883224,0.9102797660205234
MAIN,0.75,0.7,400,rate,SRSWOR,DIFF-OR,187345.7831031891,,,,,,,,,SRSWOR/DIFF-OR,205800.92275698268,686000.0,0.9103252822846374,0.2730988091883223,
MAIN,0.75,0.7,400,rate,RA-OR,DIFF-OR,182696.1849458085,0.0025183618633599,0.0231546275292759,397.0835226458733,0.2013489536081198,0.0,19.793952974449734,182686.82917237573,,RA-OR/DIFF-OR,205800.92275698268,686000.0,0.8877325839862384,0.26632096930875876,0.8876871236777645
MAIN,0.75,0.7,400,dollars,EQ-P,HT,779136596949.3777,0.02,0.02,50.0,0.0,0.0,19.798989873223334,626345748371.5945,,EQ-P/HT,626377067224.9556,779136596949.3777,1.2438779095173362,1.0,0.9999500000000002
MAIN,0.75,0.7,400,dollars,SRSWOR,EXP,626377067224.9556,,,,,,,,,SRSWOR/EXP,626377067224.9556,779136596949.3777,1.0,0.8039374221124576,
MAIN,0.75,0.7,400,dollars,ST-PROP,EXP,227619829786.03775,,,,,,,,"[np.int64(254), np.int64(75), np.int64(40), np.int64(22), np.int64(9)]",ST-PROP/EXP,626377067224.9556,779136596949.3777,0.3633910653761066,0.2921436763171667,
MAIN,0.75,0.7,400,dollars,ST-EQD,EXP,70253731645.16716,,,,,,,,"[np.int64(80), np.int64(80), np.int64(80), np.int64(80), np.int64(80)]",ST-EQD/EXP,626377067224.9556,779136596949.3777,0.11215885018973148,0.09016869688863005,
MAIN,0.75,0.7,400,dollars,PPS-A,HT,185280414650.8388,6.518257446423344e-05,0.7548035511562711,15341.523531702687,1.7774773876602563,0.0,19.242976377272033,42434427900.8739,,PPS-A/HT,626377067224.9556,779136596949.3777,0.29579693182524774,0.23780222284036404,0.06774581976455742
MAIN,0.75,0.7,400,dollars,RA-OR,HT,184089376496.2584,5.641740971923534e-05,0.8160587448320952,17725.02504061354,1.9529666824395864,0.0,19.188458398524656,41407715361.93234,,RA-OR/HT,626377067224.9556,779136596949.3777,0.29389546030449576,0.2362735587277504,0.06610669120659438
MAIN,0.75,0.7,400,dollars,DEF-0.25-OR,HT,329514652089.77905,0.0150141043524298,0.2190146862080237,66.60403954353528,0.2842460373068508,0.0,19.761384275449796,180968711929.7954,,DEF-0.25-OR/HT,626377067224.9556,779136596949.3777,0.5260643617583751,0.42292282685726335,0.28891337406642753
MAIN,0.75,0.7,400,dollars,DEF-0.5-OR,HT,240745992700.7085,0.0100282087048596,0.4180293724160476,99.71870644409356,0.532256583914258,0.0,19.648135634914013,95287405671.8169,,DEF-0.5-OR/HT,626377067224.9556,779136596949.3777,0.38434675421194425,0.3089907387784408,0.1521246716358401
MAIN,0.75,0.7,400,dollars,DEF-0.75-OR,HT,200587128353.28687,0.0050423130572894,0.6170440586240714,198.32168067279136,0.8616469679396002,0.0,19.45792322777408,57090190897.562805,,DEF-0.75-OR/HT,626377067224.9556,779136596949.3777,0.320233831742835,0.2574479611645292,0.09114348829929236
MAIN,0.75,0.7,400,dollars,EQ-P,DIFF-OR,128438650662.28488,0.02,0.02,50.0,0.0,0.0,19.798989873223334,128432228729.75174,,EQ-P/DIFF-OR,626377067224.9556,779136596949.3777,0.2050500527283157,0.1648474107944256,0.20503980022567922
MAIN,0.75,0.7,400,dollars,SRSWOR,DIFF-OR,128438650662.28488,,,,,,,,,SRSWOR/DIFF-OR,626377067224.9556,779136596949.3777,0.2050500527283157,0.1648474107944256,
MAIN,0.75,0.7,400,dollars,RA-OR,DIFF-OR,37710754807.73302,5.572183393533246e-05,0.753582524618283,17946.286569830816,1.6292362242371474,0.0,19.339177021074843,37705743361.90408,,RA-OR/DIFF-OR,626377067224.9556,779136596949.3777,0.06020455853341397,0.04840069758677139,0.06019655784805821
MAIN,1.5,0.05,100,rate,EQ-P,HT,198999.99999999997,0.005,0.005,200.0,0.0,0.0,9.974968671630002,189042.8152368707,,EQ-P/HT,189052.2678502632,198999.99999999997,1.052618951694437,1.0,0.9999500000000001
MAIN,1.5,0.05,100,rate,SRSWOR,EXP,189052.2678502632,,,,,,,,,SRSWOR/EXP,189052.2678502632,198999.99999999997,1.0,0.9500113962324784,
MAIN,1.5,0.05,100,rate,ST-PROP,EXP,188364.84542134544,,,,,,,,"[np.int64(64), np.int64(19), np.int64(10), np.int64(5), np.int64(2)]",ST-PROP/EXP,189052.2678502632,198999.99999999997,0.996363849866841,0.9465570121675652,
MAIN,1.5,0.05,100,rate,ST-EQD,EXP,323718.1113753883,,,,,,,,"[np.int64(20), np.int64(20), np.int64(20), np.int64(20), np.int64(20)]",ST-EQD/EXP,189052.2678502632,198999.99999999997,1.7123206986958004,1.6267241777657706,
MAIN,1.5,0.05,100,rate,PPS-A,HT,436671.8692151953,1.629564361605836e-05,0.1887008877890677,61366.09412681075,1.7774773876602563,0.0,9.90672795331615,426657.6420035617,,PPS-A/HT,189052.2678502632,198999.99999999997,2.309794398028891,2.194331001081384,2.2568237178804504
MAIN,1.5,0.05,100,rate,RA-OR,HT,118727.13445322984,0.0001267588779035,0.0288560049431277,7888.993785197272,0.7921433058348504,0.0,9.95815080466463,108898.411582517,,RA-OR/HT,189052.2678502632,198999.99999999997,0.6280122201298658,0.5966187660966324,0.5760227730712483
MAIN,1.5,0.05,100,rate,DEF-0.25-OR,HT,152101.20439211983,0.0037816897194758,0.0109640012357819,264.43205925910536,0.1759896133011726,0.0,9.97391838574628,142182.44911115477,,DEF-0.25-OR/HT,189052.2678502632,198999.99999999997,0.8045457804959524,0.7643276602619088,0.7520801031795548
MAIN,1.5,0.05,100,rate,DEF-0.5-OR,HT,132329.00319070098,0.0025633794389517,0.0169280024715638,390.1100183626796,0.3370567241807193,0.0,9.970766864294376,122444.44630181772,,DEF-0.5-OR/HT,189052.2678502632,198999.99999999997,0.6999598824993242,0.6649698652799045,0.6476750990302773
MAIN,1.5,0.05,100,rate,DEF-0.75-OR,HT,122312.65376420504,0.0013450691584276,0.0228920037073458,743.4561960880449,0.5191597247945002,0.0,9.965512113772633,112458.09943314,,DEF-0.75-OR/HT,189052.2678502632,198999.99999999997,0.646977976805237,0.6146364510764073,0.5948518931400031
MAIN,1.5,0.05,100,rate,EQ-P,DIFF-OR,143695.26258584484,0.005,0.005,200.0,0.0,0.0,9.974968671630002,143688.07782271554,,EQ-P/DIFF-OR,189052.2678502632,198999.99999999997,0.7600821943043663,0.722086746662537,0.760044190194651
MAIN,1.5,0.05,100,rate,SRSWOR,DIFF-OR,143695.26258584484,,,,,,,,,SRSWOR/DIFF-OR,189052.2678502632,198999.99999999997,0.7600821943043663,0.722086746662537,
MAIN,1.5,0.05,100,rate,RA-OR,DIFF-OR,100843.9463254251,0.0001376246595466,0.0156890092425229,7266.139682336237,0.7188131844658113,0.0,9.964388943244469,100836.80700378022,,RA-OR/DIFF-OR,189052.2678502632,198999.99999999997,0.5334183370140657,0.5067534991227393,0.5333805732690122
MAIN,1.5,0.05,100,dollars,EQ-P,HT,523843673414.87494,0.005,0.005,200.0,0.0,0.0,9.974968671630002,515493015032.5112,,EQ-P/HT,515518790972.05975,523843673414.87494,1.016148552853171,1.0,0.9999500000000001
MAIN,1.5,0.05,100,dollars,SRSWOR,EXP,515518790972.05975,,,,,,,,,SRSWOR/EXP,515518790972.05975,523843673414.87494,1.0,0.9841080786782319,
MAIN,1.5,0.05,100,dollars,ST-PROP,EXP,508432768553.6178,,,,,,,,"[np.int64(64), np.int64(19), np.int64(10), np.int64(5), np.int64(2)]",ST-PROP/EXP,515518790972.05975,523843673414.87494,0.9862545797698653,0.9705810995849291,
MAIN,1.5,0.05,100,dollars,ST-EQD,EXP,98011479196.46783,,,,,,,,"[np.int64(20), np.int64(20), np.int64(20), np.int64(20), np.int64(20)]",ST-EQD/EXP,515518790972.05975,523843673414.87494,0.19012203029817373,0.18710062595114033,
MAIN,1.5,0.05,100,dollars,PPS-A,HT,90629066104.79428,1.629564361605836e-05,0.1887008877890677,61366.09412681075,1.7774773876602563,0.0,9.90672795331615,82554638982.97731,,PPS-A/HT,515518790972.05975,523843673414.87494,0.1758016733665606,0.17300784700518404,0.16013895211717244
MAIN,1.5,0.05,100,dollars,RA-OR,HT,60142654762.16774,1.6733666193746417e-06,0.4507527363414692,597597.6743062513,3.732041687579731,0.0,9.788086875598006,52453841839.09647,,RA-OR/HT,515518790972.05975,523843673414.87494,0.11666433079725967,0.11481031043117289,0.10174962146421426
MAIN,1.5,0.05,100,dollars,DEF-0.25-OR,HT,129206909886.11555,0.0037504183416548,0.1164381840853673,266.6369212450997,0.3496326078274807,0.0,9.963391254626403,121079608012.46507,,DEF-0.25-OR/HT,515518790972.05975,523843673414.87494,0.25063472398839937,0.2466516566742727,0.23486943663907564
MAIN,1.5,0.05,100,dollars,DEF-0.5-OR,HT,86154525476.77493,0.0025008366833096,0.2278763681707346,399.86617545795434,0.6437130468185944,0.0,9.928578003473785,78210975807.83142,,DEF-0.5-OR/HT,515518790972.05975,523843673414.87494,0.1671219885395882,0.16446609904657963,0.15171314252261722
MAIN,1.5,0.05,100,dollars,DEF-0.75-OR,HT,68060410940.80766,0.0012512550249645,0.3393145522561019,799.1975896587082,1.0654396006768094,0.0,9.870283057485882,60262776935.74934,,DEF-0.75-OR/HT,515518790972.05975,523843673414.87494,0.1320231427693902,0.1299250413718465,0.1168973430088128
MAIN,1.5,0.05,100,dollars,EQ-P,DIFF-OR,336131669774.7241,0.005,0.005,200.0,0.0,0.0,9.974968671630002,336114863191.2354,,EQ-P/DIFF-OR,515518790972.05975,523843673414.87494,0.6520260282674001,0.6416640819264295,0.6519934269659867
MAIN,1.5,0.05,100,dollars,SRSWOR,DIFF-OR,336131669774.7241,,,,,,,,,SRSWOR/DIFF-OR,515518790972.05975,523843673414.87494,0.6520260282674001,0.6416640819264295,
MAIN,1.5,0.05,100,dollars,RA-OR,DIFF-OR,47694011646.874344,1.8864804448977383e-06,0.4074017940684193,530087.657523642,3.507610854587002,0.0,9.82749166039638,47679945215.546844,,RA-OR/DIFF-OR,515518790972.05975,523843673414.87494,0.09251653379490347,0.09104626831887216,0.09248924782284225
MAIN,1.5,0.05,400,rate,EQ-P,HT,48999.99999999999,0.02,0.02,50.0,0.0,0.0,19.798989873223334,46548.23088747067,,EQ-P/HT,46550.55841539144,48999.99999999999,1.052618951694437,1.0,0.9999500000000001
MAIN,1.5,0.05,400,rate,SRSWOR,EXP,46550.55841539144,,,,,,,,,SRSWOR/EXP,46550.55841539144,48999.99999999999,1.0,0.9500113962324784,
MAIN,1.5,0.05,400,rate,ST-PROP,EXP,45860.24242195983,,,,,,,,"[np.int64(254), np.int64(75), np.int64(40), np.int64(22), np.int64(9)]",ST-PROP/EXP,46550.55841539144,48999.99999999999,0.9851706184215534,0.9359233147338742,
MAIN,1.5,0.05,400,rate,ST-EQD,EXP,80227.06036597432,,,,,,,,"[np.int64(80), np.int64(80), np.int64(80), np.int64(80), np.int64(80)]",ST-EQD/EXP,46550.55841539144,48999.99999999999,1.7234392689787392,1.6372869462443742,
MAIN,1.5,0.05,400,rate,PPS-A,HT,108417.96730379884,6.518257446423344e-05,0.7548035511562711,15341.523531702687,1.7774773876602563,0.0,19.242976377272033,105906.11505887569,,PPS-A/HT,46550.55841539144,48999.99999999999,2.329036879350337,2.212611577628548,2.275077220638861
MAIN,1.5,0.05,400,rate,RA-OR,HT,28931.783613307467,0.0005070355116143,0.1154240197725111,1972.248446299318,0.7921433058348504,0.0,19.663068915484303,26607.76761954213,,RA-OR/HT,46550.55841539144,48999.99999999999,0.6215131375038776,0.5904445635368871,0.5715885807879925
MAIN,1.5,0.05,400,rate,DEF-0.25-OR,HT,37275.30109802996,0.0151267588779035,0.0438560049431277,66.10801481477634,0.1759896133011726,0.0,19.790522162096757,34861.859652413055,,DEF-0.25-OR/HT,46550.55841539144,48999.99999999999,0.8007487421612817,0.7607204305720401,0.7489031461518699
MAIN,1.5,0.05,400,rate,DEF-0.5-OR,HT,32332.25079767524,0.0102535177558071,0.0677120098862555,97.5275045906699,0.3370567241807193,0.0,19.765097262441472,29952.78973137752,,DEF-0.5-OR/HT,46550.55841539144,48999.99999999999,0.6945620396034804,0.6598418530137805,0.6434464107625818
MAIN,1.5,0.05,400,rate,DEF-0.75-OR,HT,29828.163441051263,0.0053802766337107,0.0915680148293833,185.8640490220112,0.5191597247945002,0.0,19.722649594716867,27478.477456792614,,DEF-0.75-OR/HT,46550.55841539144,48999.99999999999,0.6407691863732595,0.6087380294092095,0.5902931864230259
MAIN,1.5,0.05,400,rate,EQ-P,DIFF-OR,35382.2505864643,0.02,0.02,50.0,0.0,0.0,19.798989873223334,35380.48147393498,,EQ-P/DIFF-OR,46550.55841539144,48999.99999999999,0.7600821943043662,0.7220867466625369,0.760044190194651
MAIN,1.5,0.05,400,rate,SRSWOR,DIFF-OR,35382.25058646431,,,,,,,,,SRSWOR/DIFF-OR,46550.55841539144,48999.99999999999,0.7600821943043663,0.722086746662537,
MAIN,1.5,0.05,400,rate,RA-OR,DIFF-OR,24669.42152135937,0.0005504986381866,0.0627560369700916,1816.5349205840591,0.7188131844658113,0.0,19.71356771860541,24667.697396174328,,RA-OR/DIFF-OR,46550.55841539144,48999.99999999999,0.5299489922596222,0.5034575820685586,0.5299119545689106
MAIN,1.5,0.05,400,dollars,EQ-P,HT,128986633152.4064,0.02,0.02,50.0,0.0,0.0,19.798989873223334,126930440887.40228,,EQ-P/HT,126936787726.7886,128986633152.4064,1.016148552853171,1.0,0.9999500000000001
MAIN,1.5,0.05,400,dollars,SRSWOR,EXP,126936787726.7886,,,,,,,,,SRSWOR/EXP,126936787726.7886,128986633152.4064,1.0,0.984108078678232,
MAIN,1.5,0.05,400,dollars,ST-PROP,EXP,113050335261.79813,,,,,,,,"[np.int64(254), np.int64(75), np.int64(40), np.int64(22), np.int64(9)]",ST-PROP/EXP,126936787726.7886,128986633152.4064,0.8906034041535786,0.8764500049258711,
MAIN,1.5,0.05,400,dollars,ST-EQD,EXP,22753693743.34077,,,,,,,,"[np.int64(80), np.int64(80), np.int64(80), np.int64(80), np.int64(80)]",ST-EQD/EXP,126936787726.7886,128986633152.4064,0.17925216283489467,0.17640350156636578,
MAIN,1.5,0.05,400,dollars,PPS-A,HT,20682981324.886223,6.518257446423344e-05,0.7548035511562711,15341.523531702687,1.7774773876602563,0.0,19.242976377272033,18900203129.530933,,PPS-A/HT,126936787726.7886,128986633152.4064,0.16293922112952058,0.16034980384710007,0.1488946070559989
MAIN,1.5,0.05,400,dollars,RA-OR,HT,13101830079.239,6.731334477921892e-06,1.0,148558.9526534301,3.720773653515784,9.0,18.377336566411117,11660568120.37382,,RA-OR/HT,126936787726.7886,128986633152.4064,0.1032153902258707,0.10157509936520558,0.0918612195029809
MAIN,1.5,0.05,400,dollars,DEF-0.25-OR,HT,30670937507.0035,0.0150016828336194,0.265,66.65918824513159,0.348568095235419,0.0,19.713140445010207,28821661695.85701,,DEF-0.25-OR/HT,126936787726.7886,128986633152.4064,0.2416237093774411,0.23778384439854106,0.2270552312848115
MAIN,1.5,0.05,400,dollars,DEF-0.5-OR,HT,19714743866.622147,0.0100033656672389,0.51,99.9663546515151,0.6424538606571303,0.0,19.45331912087981,18033323494.75341,,DEF-0.5-OR/HT,126936787726.7886,128986633152.4064,0.1553115075596132,0.15284330930111067,0.1420653840206457
MAIN,1.5,0.05,400,dollars,DEF-0.75-OR,HT,15122839570.33633,0.0050050485008584,0.755,199.7982636588806,1.0636728960593265,0.0,19.012394795034968,13576365706.676971,,DEF-0.75-OR/HT,126936787726.7886,128986633152.4064,0.1191367754073457,0.11724346314604302,0.10695375194067425
MAIN,1.5,0.05,400,dollars,EQ-P,DIFF-OR,82766089542.52002,0.02,0.02,50.0,0.0,0.0,19.798989873223334,82761951238.0429,,EQ-P/DIFF-OR,126936787726.7886,128986633152.4064,0.6520260282674,0.6416640819264295,0.6519934269659866
MAIN,1.5,0.05,400,dollars,SRSWOR,DIFF-OR,82766089542.52,,,,,,,,,SRSWOR/DIFF-OR,126936787726.7886,128986633152.4064,0.6520260282673999,0.6416640819264294,
MAIN,1.5,0.05,400,dollars,RA-OR,DIFF-OR,10671524578.742832,7.565561652610598e-06,1.0,132177.89318456437,3.5026846488474583,3.0,18.64287376020008,10669284227.070517,,RA-OR/DIFF-OR,126936787726.7886,128986633152.4064,0.08406959692182855,0.0827335695019941,0.08405194757279084
MAIN,1.5,0.25,100,rate,EQ-P,HT,995000.0,0.005,0.005,200.0,0.0,0.0,9.974968671630002,746222.7941871495,,EQ-P/HT,746260.107192509,995000.0,1.3333152749425006,1.0,0.9999500000000002
MAIN,1.5,0.25,100,rate,SRSWOR,EXP,746260.107192509,,,,,,,,,SRSWOR/EXP,746260.107192509,995000.0,1.0,0.7500101579824211,
MAIN,1.5,0.25,100,rate,ST-PROP,EXP,715686.0049924352,,,,,,,,"[np.int64(64), np.int64(19), np.int64(10), np.int64(5), np.int64(2)]",ST-PROP/EXP,746260.107192509,995000.0,0.9590302336874257,0.7192824170778244,
MAIN,1.5,0.25,100,rate,ST-EQD,EXP,1436046.103946849,,,,,,,,"[np.int64(20), np.int64(20), np.int64(20), np.int64(20), np.int64(20)]",ST-EQD/EXP,746260.107192509,995000.0,1.9243238250391956,1.443262416026984,
MAIN,1.5,0.25,100,rate,PPS-A,HT,2470399.6251034117,1.629564361605836e-05,0.1887008877890677,61366.09412681075,1.7774773876602563,0.0,9.90672795331615,2219485.993441471,,PPS-A/HT,746260.107192509,995000.0,3.3103734224749806,2.482813693571268,2.974145304096928
MAIN,1.5,0.25,100,rate,RA-OR,HT,807629.9508139112,0.0001676607216554,0.0110916793451728,5964.426194317678,0.5782496547579774,0.0,9.969188221372946,559616.8004507376,,RA-OR/HT,746260.107192509,995000.0,1.082236532584169,0.8116883927778001,0.7498951036737865
MAIN,1.5,0.25,100,rate,DEF-0.25-OR,HT,909958.7995341576,0.0037919151804138,0.0065229198362932,263.7189790439501,0.1182854637253786,0.0,9.97460749162956,661426.659095031,,DEF-0.25-OR/HT,746260.107192509,995000.0,1.2193587607911889,0.9145314568182489,0.886321877211649
MAIN,1.5,0.25,100,rate,DEF-0.5-OR,HT,854620.9058976297,0.0025838303608277,0.0080458396725864,387.0223119754855,0.240469900441614,0.0,9.973523873149864,606297.756806822,,DEF-0.5-OR/HT,746260.107192509,995000.0,1.1452051337874443,0.8589154833142006,0.8124483018230243
MAIN,1.5,0.25,100,rate,DEF-0.75-OR,HT,820720.0344798225,0.0013757455412415,0.0095687595088796,726.8786051070999,0.3807553842929234,0.0,9.971717580670498,572569.8700506537,,DEF-0.75-OR/HT,746260.107192509,995000.0,1.0997774456515408,0.8248442557586155,0.7672524157893257
MAIN,1.5,0.25,100,rate,EQ-P,DIFF-OR,544116.2570125265,0.005,0.005,200.0,0.0,0.0,9.974968671630002,544089.0511996759,,EQ-P/DIFF-OR,746260.107192509,995000.0,0.7291241375068754,0.5468505095603281,0.7290876813000001
MAIN,1.5,0.25,100,rate,SRSWOR,DIFF-OR,544116.2570125265,,,,,,,,,SRSWOR/DIFF-OR,746260.107192509,995000.0,0.7291241375068754,0.5468505095603281,
MAIN,1.5,0.25,100,rate,RA-OR,DIFF-OR,490246.1296502594,0.000215235208888,0.0071212328315676,4646.080003202731,0.4396280868376715,0.0,9.972229580601809,490218.95867921587,,RA-OR/DIFF-OR,746260.107192509,995000.0,0.6569373398433491,0.4927096780404617,0.6569009303250302
MAIN,1.5,0.25,100,dollars,EQ-P,HT,1895424879901.523,0.005,0.005,200.0,0.0,0.0,9.974968671630002,1747244538516.0532,,EQ-P/HT,1747331905111.3088,1895424879901.523,1.0847537748020346,1.0,0.99995
MAIN,1.5,0.25,100,dollars,SRSWOR,EXP,1747331905111.3088,,,,,,,,,SRSWOR/EXP,1747331905111.3088,1895424879901.523,1.0,0.9218681909472939,
MAIN,1.5,0.25,100,dollars,ST-PROP,EXP,1215426146658.017,,,,,,,,"[np.int64(64), np.int64(19), np.int64(10), np.int64(5), np.int64(2)]",ST-PROP/EXP,1747331905111.3088,1895424879901.523,0.6955897406226276,0.6412420558292792,
MAIN,1.5,0.25,100,dollars,ST-EQD,EXP,291061763185.42664,,,,,,,,"[np.int64(20), np.int64(20), np.int64(20), np.int64(20), np.int64(20)]",ST-EQD/EXP,1747331905111.3088,1895424879901.523,0.1665749720096168,0.15356016810360154,
MAIN,1.5,0.25,100,dollars,PPS-A,HT,383683478071.632,1.629564361605836e-05,0.1887008877890677,61366.09412681075,1.7774773876602563,0.0,9.90672795331615,239205097263.91345,,PPS-A/HT,1747331905111.3088,1895424879901.523,0.21958248284099782,0.20242610622034587,0.13689734421044383
MAIN,1.5,0.25,100,dollars,RA-OR,HT,335763319619.18823,2.456262551717848e-06,0.2996176177685099,407122.601490881,3.0906777375937673,0.0,9.861110825947296,192423929835.07663,,RA-OR/HT,1747331905111.3088,1895424879901.523,0.192157722661053,0.17714409216609675,0.11012442986486806
MAIN,1.5,0.25,100,dollars,DEF-0.25-OR,HT,654268071990.3025,0.0037506140656379,0.0786544044421274,266.6230069261774,0.3201444065575308,0.0,9.967890658012903,507925097404.1367,,DEF-0.25-OR/HT,1747331905111.3088,1895424879901.523,0.37443834801873216,0.3451828025093219,0.29068610028715797
MAIN,1.5,0.25,100,dollars,DEF-0.5-OR,HT,459023858980.6224,0.0025012281312758,0.1523088088842549,399.803595480076,0.5974770755708559,0.0,9.946626396945032,314096837463.2046,,DEF-0.5-OR/HT,1747331905111.3088,1895424879901.523,0.26269986694450104,0.242174651102222,0.17975797073492797
MAIN,1.5,0.25,100,dollars,DEF-0.75-OR,HT,373118569280.26447,0.0012518421969137,0.2259632133263824,798.8227289871966,0.9867480824744732,0.0,9.91108457894031,229192845299.7484,,DEF-0.75-OR/HT,1747331905111.3088,1895424879901.523,0.213536173745134,0.19685220619223373,0.13116732123376887
MAIN,1.5,0.25,100,dollars,EQ-P,DIFF-OR,709067237216.9038,0.005,0.005,200.0,0.0,0.0,9.974968671630002,709031783855.043,,EQ-P/DIFF-OR,1747331905111.3088,1895424879901.523,0.40579997145518537,0.37409408557185525,0.40577968145661264
MAIN,1.5,0.25,100,dollars,SRSWOR,DIFF-OR,709067237216.9038,,,,,,,,,SRSWOR/DIFF-OR,1747331905111.3088,1895424879901.523,0.40579997145518537,0.37409408557185525,
MAIN,1.5,0.25,100,dollars,RA-OR,DIFF-OR,163937753800.47968,3.522463112233843e-06,0.227847035788932,283892.2561110453,2.6065930591778277,0.0,9.893066087412898,163905213488.70374,,RA-OR/DIFF-OR,1747331905111.3088,1895424879901.523,0.09382175951857097,0.08649129571887706,0.09380313666181389
MAIN,1.5,0.25,400,rate,EQ-P,HT,245000.0,0.02,0.02,50.0,0.0,0.0,19.798989873223334,183743.30108125784,,EQ-P/HT,183752.4887056932,245000.0,1.3333152749425004,1.0,0.9999499999999997
MAIN,1.5,0.25,400,rate,SRSWOR,EXP,183752.4887056932,,,,,,,,,SRSWOR/EXP,183752.4887056932,245000.0,1.0,0.7500101579824212,
MAIN,1.5,0.25,400,rate,ST-PROP,EXP,175533.81757991877,,,,,,,,"[np.int64(254), np.int64(75), np.int64(40), np.int64(22), np.int64(9)]",ST-PROP/EXP,183752.4887056932,245000.0,0.9552731438705147,0.7164645615506888,
MAIN,1.5,0.25,400,rate,ST-EQD,EXP,356324.6549022222,,,,,,,,"[np.int64(80), np.int64(80), np.int64(80), np.int64(80), np.int64(80)]",ST-EQD/EXP,183752.4887056932,245000.0,1.9391555315091753,1.4543863465396825,
MAIN,1.5,0.25,400,rate,PPS-A,HT,613849.906275853,6.518257446423344e-05,0.7548035511562711,15341.523531702687,1.7774773876602563,0.0,19.242976377272033,550356.9771432135,,PPS-A/HT,183752.4887056932,245000.0,3.3406345165698657,2.505509821534094,2.9950994461070493
MAIN,1.5,0.25,400,rate,RA-OR,HT,198157.4877034778,0.0006706428866218,0.0443667173806915,1491.1065485794195,0.5782496547579774,0.0,19.752352282464415,137664.14257174902,,RA-OR/HT,183752.4887056932,245000.0,1.0783934906092965,0.8088060722590931,0.7491824657256126
MAIN,1.5,0.25,400,rate,DEF-0.25-OR,HT,223739.69988353935,0.0151676607216554,0.0260916793451728,65.92974476098753,0.1182854637253786,0.0,19.79607824275205,162727.90759377333,,DEF-0.25-OR/HT,183752.4887056932,245000.0,1.2176145284317297,0.9132232648307729,0.8855820606294272
MAIN,1.5,0.25,400,rate,DEF-0.5-OR,HT,209905.22647440745,0.0103353214433109,0.0321833586903457,96.75557799387136,0.240469900441614,0.0,19.78734078072757,149102.13427415077,,DEF-0.5-OR/HT,183752.4887056932,245000.0,1.14232589693303,0.8567560264261529,0.8114291965479712
MAIN,1.5,0.25,400,rate,DEF-0.75-OR,HT,201430.0086199556,0.0055029821649663,0.0382750380355186,181.71965127677495,0.3807553842929234,0.0,19.772769763956937,140799.68312749857,,DEF-0.75-OR/HT,183752.4887056932,245000.0,1.096202887039944,0.8221633004896147,0.7662464009018681
MAIN,1.5,0.25,400,rate,EQ-P,DIFF-OR,133978.3748422804,0.02,0.02,50.0,0.0,0.0,19.798989873223334,133971.67592353825,,EQ-P/DIFF-OR,183752.4887056932,245000.0,0.7291241375068753,0.5468505095603282,0.7290876812999998
MAIN,1.5,0.25,400,rate,SRSWOR,DIFF-OR,133978.3748422804,,,,,,,,,SRSWOR/DIFF-OR,183752.4887056932,245000.0,0.7291241375068753,0.5468505095603282,
MAIN,1.5,0.25,400,rate,RA-OR,DIFF-OR,120510.8430017136,0.0008609408355522,0.0284849313262707,1161.5200008006827,0.4396280868376715,0.0,19.77690079187525,120504.17879018332,,RA-OR/DIFF-OR,183752.4887056932,245000.0,0.6558324398791112,0.49188099184372897,0.6557961725524631
MAIN,1.5,0.25,400,dollars,EQ-P,HT,466712658870.2242,0.02,0.02,50.0,0.0,0.0,19.798989873223334,430226042147.1688,,EQ-P/HT,430247554524.8951,466712658870.2242,1.0847537748020346,1.0,0.99995
MAIN,1.5,0.25,400,dollars,SRSWOR,EXP,430247554524.8951,,,,,,,,,SRSWOR/EXP,430247554524.8951,466712658870.2242,1.0,0.9218681909472939,
MAIN,1.5,0.25,400,dollars,ST-PROP,EXP,271854064086.5462,,,,,,,,"[np.int64(254), np.int64(75), np.int64(40), np.int64(22), np.int64(9)]",ST-PROP/EXP,430247554524.8951,466712658870.2242,0.6318549895925466,0.5824870161967022,
MAIN,1.5,0.25,400,dollars,ST-EQD,EXP,68561334272.84278,,,,,,,,"[np.int64(80), np.int64(80), np.int64(80), np.int64(80), np.int64(80)]",ST-EQD/EXP,430247554524.8951,466712658870.2242,0.15935322246875355,0.1469026669188915,
MAIN,1.5,0.25,400,dollars,PPS-A,HT,88777308412.75151,6.518257446423344e-05,0.7548035511562711,15341.523531702687,1.7774773876602563,0.0,19.242976377272033,55976580998.54202,,PPS-A/HT,430247554524.8951,466712658870.2242,0.20634006510690037,0.19021834254004508,0.1301031938702236
MAIN,1.5,0.25,400,dollars,RA-OR,HT,76805794267.07599,9.830039032460175e-06,1.0,101728.99585625844,3.0898112684070385,2.0,18.874987050766332,45124747279.84166,,RA-OR/HT,430247554524.8951,466712658870.2242,0.17851535345015385,0.1645676259414101,0.10488089195456575
MAIN,1.5,0.25,400,dollars,DEF-0.25-OR,HT,156560152389.70837,0.0150024575097581,0.265,66.65574619022021,0.3200284150491591,0.0,19.742506705340443,121884812149.32964,,DEF-0.25-OR/HT,430247554524.8951,466712658870.2242,0.3638838867139905,0.33545298035989646,0.2832899591583317
MAIN,1.5,0.25,400,dollars,DEF-0.5-OR,HT,107668317038.23991,0.0100049150195162,0.51,99.95087395038696,0.5973441672918488,0.0,19.572079195671808,74383868996.92264,,DEF-0.5-OR/HT,430247554524.8951,466712658870.2242,0.2502473655129398,0.23069508613474005,0.17288620984507796
MAIN,1.5,0.25,400,dollars,DEF-0.75-OR,HT,86162944751.43074,0.0050073725292743,0.755,199.70553302230888,0.9865694747639044,0.0,19.28468664753749,53876400945.33971,,DEF-0.75-OR/HT,430247554524.8951,466712658870.2242,0.2002636478586775,0.18461668676398496,0.12522186443298494
MAIN,1.5,0.25,400,dollars,EQ-P,DIFF-OR,174594445344.86578,0.02,0.02,50.0,0.0,0.0,19.798989873223334,174585715622.59854,,EQ-P/DIFF-OR,430247554524.8951,466712658870.2242,0.4057999714551855,0.37409408557185536,0.40577968145661275
MAIN,1.5,0.25,400,dollars,SRSWOR,DIFF-OR,174594445344.86575,,,,,,,,,SRSWOR/DIFF-OR,430247554524.8951,466712658870.2242,0.4057999714551854,0.3740940855718553,
MAIN,1.5,0.25,400,dollars,RA-OR,DIFF-OR,38312074490.75973,1.4089852448935372e-05,0.911388143155728,70973.06402776133,2.6065930591778277,0.0,19.130188335683115,38305823078.23813,,RA-OR/DIFF-OR,430247554524.8951,466712658870.2242,0.08904658280525544,0.08208921220071924,0.08903205300152768
MAIN,1.5,0.7,100,rate,EQ-P,HT,2786000.0,0.005,0.005,200.0,0.0,0.0,9.974968671630002,835768.5506012931,,EQ-P/HT,835810.3411183495,2786000.0,3.3332920914477016,1.0,0.9999499999999995
MAIN,1.5,0.7,100,rate,SRSWOR,EXP,835810.3411183495,,,,,,,,,SRSWOR/EXP,835810.3411183495,2786000.0,1.0,0.3000037118156315,
MAIN,1.5,0.7,100,rate,ST-PROP,EXP,798154.7481141214,,,,,,,,"[np.int64(64), np.int64(19), np.int64(10), np.int64(5), np.int64(2)]",ST-PROP/EXP,835810.3411183495,2786000.0,0.9549472037473916,0.28648770571217563,
MAIN,1.5,0.7,100,rate,ST-EQD,EXP,2026337.5852369904,,,,,,,,"[np.int64(20), np.int64(20), np.int64(20), np.int64(20), np.int64(20)]",ST-EQD/EXP,835810.3411183495,2786000.0,2.4243987966524383,0.727328637917082,
MAIN,1.5,0.7,100,rate,PPS-A,HT,9095860.222074509,1.629564361605836e-05,0.1887008877890677,61366.09412681075,1.7774773876602563,0.0,9.90672795331615,7122041.381175622,,PPS-A/HT,835810.3411183495,2786000.0,10.882684473494148,3.264845736566586,8.521121396567109
MAIN,1.5,0.7,100,rate,RA-OR,HT,2689713.9081299086,0.0003486880781228,0.006081570322567,2867.892717708046,0.2374586225466907,0.0,9.974076084287052,740327.0352092613,,RA-OR/HT,835810.3411183495,2786000.0,3.2180912053935082,0.9654393065792924,0.8857596021349443
MAIN,1.5,0.7,100,rate,DEF-0.25-OR,HT,2747539.1958177807,0.0038371720195307,0.0052703925806417,260.6085927110204,0.0487480534668043,0.0,9.974912887261054,797584.3291750893,,DEF-0.25-OR/HT,835810.3411183495,2786000.0,3.287275905370419,0.9861949733732164,0.9542647296130458
MAIN,1.5,0.7,100,rate,DEF-0.5-OR,HT,2717724.6344406237,0.0026743440390614,0.0055407851612835,373.9234688559233,0.1017845398265118,0.0,9.974745532282352,768002.7182772195,,DEF-0.5-OR/HT,835810.3411183495,2786000.0,3.2516044618497943,0.9754934079112073,0.9188719982210312
MAIN,1.5,0.7,100,rate,DEF-0.75-OR,HT,2697595.1881727623,0.0015115160585921,0.0058111777419252,661.5874137198698,0.1619717471643482,0.0,9.974466601077982,748062.6014539506,,DEF-0.75-OR/HT,835810.3411183495,2786000.0,3.2275207130881705,0.9682681938882851,0.8950147714767579
MAIN,1.5,0.7,100,rate,EQ-P,DIFF-OR,628987.974136671,0.005,0.005,200.0,0.0,0.0,9.974968671630002,628956.5247379644,,EQ-P/DIFF-OR,835810.3411183495,2786000.0,0.7525486862187643,0.22576739918760627,0.7525110587844535
MAIN,1.5,0.7,100,rate,SRSWOR,DIFF-OR,628987.9741366712,,,,,,,,,SRSWOR/DIFF-OR,835810.3411183495,2786000.0,0.7525486862187644,0.2257673991876063,
MAIN,1.5,0.7,100,rate,RA-OR,DIFF-OR,577048.0003817765,5.563261608527025e-05,0.0065641405203206,17975.06697271366,0.5269778258725212,0.0,9.972724816705568,577016.5810266432,,RA-OR/DIFF-OR,835810.3411183495,2786000.0,0.6904054328996001,0.20712419252755795,0.6903678414107328
MAIN,1.5,0.7,100,dollars,EQ-P,HT,3407957613077.3545,0.005,0.005,200.0,0.0,0.0,9.974968671630002,2715102768256.797,,EQ-P/HT,2715238530183.306,3407957613077.3545,1.2551227360666846,1.0,0.99995
MAIN,1.5,0.7,100,dollars,SRSWOR,EXP,2715238530183.306,,,,,,,,,SRSWOR/EXP,2715238530183.306,3407957613077.3545,1.0,0.7967348301998013,
MAIN,1.5,0.7,100,dollars,ST-PROP,EXP,892004829734.9875,,,,,,,,"[np.int64(64), np.int64(19), np.int64(10), np.int64(5), np.int64(2)]",ST-PROP/EXP,2715238530183.306,3407957613077.3545,0.32851803619432585,0.2617417617848584,
MAIN,1.5,0.7,100,dollars,ST-EQD,EXP,272486996593.86203,,,,,,,,"[np.int64(20), np.int64(20), np.int64(20), np.int64(20), np.int64(20)]",ST-EQD/EXP,2715238530183.306,3407957613077.3545,0.10035471785068784,0.07995609908651674,
MAIN,1.5,0.7,100,dollars,PPS-A,HT,833219910531.9635,1.629564361605836e-05,0.1887008877890677,61366.09412681075,1.7774773876602563,0.0,9.90672795331615,152000613204.5464,,PPS-A/HT,2715238530183.306,3407957613077.3545,0.3068680343438234,0.24449245123667296,0.05598057464007952
MAIN,1.5,0.7,100,dollars,RA-OR,HT,820859406550.7684,5.898037649643164e-06,0.2052998462570015,169547.91735866605,2.207200622822006,0.0,9.897290404904425,139943553913.88513,,RA-OR/HT,2715238530183.306,3407957613077.3545,0.3023157624738597,0.2408654976813341,0.05154005895181427
MAIN,1.5,0.7,100,dollars,DEF-0.25-OR,HT,1449736904653.8774,0.0037514745094124,0.0550749615642503,266.56185387665846,0.2887644306876922,0.0,9.970131510413406,761875604967.8064,,DEF-0.25-OR/HT,2715238530183.306,3407957613077.3545,0.5339261683782918,0.42539757510210885,0.2805925138799397
MAIN,1.5,0.7,100,dollars,DEF-0.5-OR,HT,1066864686425.8691,0.0025029490188248,0.1051499231285007,399.5287129218147,0.5418188846306891,0.0,9.955605925294217,382653933852.1782,,DEF-0.5-OR/HT,2715238530183.306,3407957613077.3545,0.39291748204303983,0.31305104333809486,0.14092829399645607
MAIN,1.5,0.7,100,dollars,DEF-0.75-OR,HT,893392050091.9857,0.0012544235282372,0.1552248846927511,797.1789252113608,0.8826122109075224,0.0,9.931349405516096,211498448529.04297,,DEF-0.75-OR/HT,2715238530183.306,3407957613077.3545,0.3290289380328117,0.26214881507439314,0.07789313762970382
MAIN,1.5,0.7,100,dollars,EQ-P,DIFF-OR,322916934622.8924,0.005,0.005,200.0,0.0,0.0,9.974968671630002,322900788776.16125,,EQ-P/DIFF-OR,2715238530183.306,3407957613077.3545,0.11892764890939148,0.0947538001598856,0.11892170252694602
MAIN,1.5,0.7,100,dollars,SRSWOR,DIFF-OR,322916934622.8924,,,,,,,,,SRSWOR/DIFF-OR,2715238530183.306,3407957613077.3545,0.11892764890939148,0.0947538001598856,
MAIN,1.5,0.7,100,dollars,RA-OR,DIFF-OR,104671524297.64651,1.0420240040928786e-05,0.199670528012388,95967.07907612338,1.6556252451509588,0.0,9.923375940762442,104656344478.32132,,RA-OR/DIFF-OR,2715238530183.306,3407957613077.3545,0.038549660788210795,0.030713857442355066,0.03854407018570702
MAIN,1.5,0.7,400,rate,EQ-P,HT,686000.0,0.02,0.02,50.0,0.0,0.0,19.798989873223334,205792.25617820793,,EQ-P/HT,205802.5463055232,686000.0,3.3332920914477024,1.0,0.99995
MAIN,1.5,0.7,400,rate,SRSWOR,EXP,205802.5463055232,,,,,,,,,SRSWOR/EXP,205802.5463055232,686000.0,1.0,0.30000371181563146,
MAIN,1.5,0.7,400,rate,ST-PROP,EXP,197275.84320214303,,,,,,,,"[np.int64(254), np.int64(75), np.int64(40), np.int64(22), np.int64(9)]",ST-PROP/EXP,205802.5463055232,686000.0,0.9585685247512833,0.287574115455019,
MAIN,1.5,0.7,400,rate,ST-EQD,EXP,503565.6881155948,,,,,,,,"[np.int64(80), np.int64(80), np.int64(80), np.int64(80), np.int64(80)]",ST-EQD/EXP,205802.5463055232,686000.0,2.446838958775703,0.7340607698478058,
MAIN,1.5,0.7,400,rate,PPS-A,HT,2263465.0555186267,6.518257446423344e-05,0.7548035511562711,15341.523531702687,1.7774773876602563,0.0,19.242976377272033,1758623.019524171,,PPS-A/HT,205802.5463055232,686000.0,10.998236397709144,3.299511742738523,8.545195630929733
MAIN,1.5,0.7,400,rate,RA-OR,HT,661928.4770324772,0.0013947523124912,0.0243262812902681,716.9731794270115,0.2374586225466907,0.0,19.79179374797421,182565.2131154524,,RA-OR/HT,205802.5463055232,686000.0,3.2163279265253326,0.9649103163738734,0.8870891852058336
MAIN,1.5,0.7,400,rate,DEF-0.25-OR,HT,676384.7989544452,0.0153486880781228,0.021081570322567,65.1521481777551,0.0487480534668043,0.0,19.79854019202292,196453.61240835692,,DEF-0.25-OR/HT,205802.5463055232,686000.0,3.2865715759916854,0.9859836719452554,0.9545732836400995
MAIN,1.5,0.7,400,rate,DEF-0.5-OR,HT,668931.1586101559,0.0106973761562456,0.022163140645134,93.48086721398084,0.1017845398265118,0.0,19.79719108713627,189232.87799857568,,DEF-0.5-OR/HT,205802.5463055232,686000.0,3.2503541409886023,0.9751183070118891,0.9194875447150732
MAIN,1.5,0.7,400,rate,DEF-0.75-OR,HT,663898.7970431906,0.0060460642343684,0.0232447109677011,165.39685342996745,0.1619717471643482,0.0,19.794942374665364,184389.81667547915,,DEF-0.75-OR/HT,205802.5463055232,686000.0,3.2259017634194027,0.967782502978412,0.8959549820231287
MAIN,1.5,0.7,400,rate,EQ-P,DIFF-OR,154876.43584269792,0.02,0.02,50.0,0.0,0.0,19.798989873223334,154868.6920209058,,EQ-P/DIFF-OR,205802.5463055232,686000.0,0.7525486862187645,0.2257673991876063,0.7525110587844536
MAIN,1.5,0.7,400,rate,SRSWOR,DIFF-OR,154876.43584269797,,,,,,,,,SRSWOR/DIFF-OR,205802.5463055232,686000.0,0.7525486862187647,0.22576739918760638,
MAIN,1.5,0.7,400,rate,RA-OR,DIFF-OR,141891.44240397427,0.000222530464341,0.0262565620812826,4493.766743178415,0.5269778258725212,0.0,19.780895943201404,141883.72852879352,,RA-OR/DIFF-OR,205802.5463055232,686000.0,0.6894542606549192,0.20683883732357766,0.6894167787319828
MAIN,1.5,0.7,400,dollars,EQ-P,HT,839145341913.5194,0.02,0.02,50.0,0.0,0.0,19.798989873223334,668542892686.3469,,EQ-P/HT,668576321502.4221,839145341913.5194,1.2551227360666846,1.0,0.9999499999999999
MAIN,1.5,0.7,400,dollars,SRSWOR,EXP,668576321502.4221,,,,,,,,,SRSWOR/EXP,668576321502.4221,839145341913.5194,1.0,0.7967348301998013,
MAIN,1.5,0.7,400,dollars,ST-PROP,EXP,199890813507.25143,,,,,,,,"[np.int64(254), np.int64(75), np.int64(40), np.int64(22), np.int64(9)]",ST-PROP/EXP,668576321502.4221,839145341913.5194,0.2989797979354961,0.2382076185413084,
MAIN,1.5,0.7,400,dollars,ST-EQD,EXP,65032367757.80492,,,,,,,,"[np.int64(80), np.int64(80), np.int64(80), np.int64(80), np.int64(80)]",ST-EQD/EXP,668576321502.4221,839145341913.5194,0.09726992366655228,0.07749833611601817,
MAIN,1.5,0.7,400,dollars,PPS-A,HT,195460916277.1717,6.518257446423344e-05,0.7548035511562711,15341.523531702687,1.7774773876602563,0.0,19.242976377272033,36488222619.212494,,PPS-A/HT,668576321502.4221,839145341913.5194,0.2923539317664327,0.23292856018417307,0.05457600193978797
MAIN,1.5,0.7,400,dollars,RA-OR,HT,192370790281.87292,2.3592150598572655e-05,0.821199385028006,42386.97933966651,2.207200622822006,0.0,19.16511721185683,33705522879.59146,,RA-OR/HT,668576321502.4221,839145341913.5194,0.28773198226580626,0.2292460920335994,0.05041387467005792
MAIN,1.5,0.7,400,dollars,DEF-0.25-OR,HT,349590164807.65015,0.0150058980376496,0.2202998462570015,66.64046346916462,0.2887644306876922,0.0,19.759968556630177,183960457026.85748,,DEF-0.25-OR/HT,668576321502.4221,839145341913.5194,0.5228874454034694,0.4166026400271411,0.2751525160410441
MAIN,1.5,0.7,400,dollars,DEF-0.5-OR,HT,253872110250.64813,0.0100117960752992,0.420599692514003,99.88217823045368,0.5418188846306891,0.0,19.64243949808813,91873576144.86163,,DEF-0.5-OR/HT,668576321502.4221,839145341913.5194,0.37972046284880046,0.302536518491229,0.137416736414481
MAIN,1.5,0.7,400,dollars,DEF-0.75-OR,HT,210503951167.17725,0.0050176941129489,0.6208995387710046,199.2947313028402,0.8826122109075224,0.0,19.444979203668968,50834676522.339325,,DEF-0.75-OR/HT,668576321502.4221,839145341913.5194,0.3148540329608646,0.25085517448879713,0.07603421612076215
MAIN,1.5,0.7,400,dollars,EQ-P,DIFF-OR,79512210032.77249,0.02,0.02,50.0,0.0,0.0,19.798989873223334,79508234422.27086,,EQ-P/DIFF-OR,668576321502.4221,839145341913.5194,0.11892764890939146,0.0947538001598856,0.118921702526946
MAIN,1.5,0.7,400,dollars,SRSWOR,DIFF-OR,79512210032.7725,,,,,,,,,SRSWOR/DIFF-OR,668576321502.4221,839145341913.5194,0.11892764890939149,0.09475380015988562,
MAIN,1.5,0.7,400,dollars,RA-OR,DIFF-OR,24950857451.46103,4.1680960163715145e-05,0.7986821120495523,23991.769769030845,1.6556252451509588,0.0,19.379737897795373,24947713936.41376,,RA-OR/DIFF-OR,668576321502.4221,839145341913.5194,0.037319385459825376,0.029733654237494907,0.03731468365548955
STRATCAP,0.0,0.05,100,rate,EQ-P,HT,199000.00000000003,0.005,0.005,200.0,0.0,0.0,9.974968671630002,189040.5475,,EQ-P/HT,189050.0,199000.00000000003,1.0526315789473686,1.0,0.9999499999999999
STRATCAP,0.0,0.05,100,rate,SRSWOR,EXP,189050.0,,,,,,,,,SRSWOR/EXP,189050.0,199000.00000000003,1.0,0.9499999999999998,
STRATCAP,0.0,0.05,100,rate,ST-PROP,EXP,189170.27846875,,,,,,,,"[np.int64(64), np.int64(19), np.int64(10), np.int64(5), np.int64(2)]",ST-PROP/EXP,189050.0,199000.00000000003,1.0006362257008727,0.9506044144158291,
STRATCAP,0.0,0.05,100,rate,ST-EQD,EXP,428398.7332500001,,,,,,,,"[np.int64(20), np.int64(20), np.int64(20), np.int64(20), np.int64(20)]",ST-EQD/EXP,189050.0,199000.00000000003,2.2660604773869353,2.152757453517588,
STRATCAP,0.0,0.05,100,rate,PPS-A,HT,830885.1727287062,1.629564361605836e-05,0.1887008877890677,61366.09412681075,1.7774773876602563,0.0,9.90672795331615,820788.0392026001,,PPS-A/HT,189050.0,199000.00000000003,4.395055132127512,4.175302375521136,4.341645274808782
STRATCAP,0.0,0.05,100,rate,RA-OR,HT,199000.00000000003,0.005,0.005,200.0,0.0,0.0,9.974968671630002,189040.5475,,RA-OR/HT,189050.0,199000.00000000003,1.0526315789473686,1.0,0.9999499999999999
STRATCAP,0.0,0.05,100,rate,DEF-0.25-OR,HT,199000.00000000003,0.005,0.005,200.0,0.0,0.0,9.974968671630002,189040.5475,,DEF-0.25-OR/HT,189050.0,199000.00000000003,1.0526315789473686,1.0,0.9999499999999999
STRATCAP,0.0,0.05,100,rate,DEF-0.5-OR,HT,199000.00000000003,0.005,0.005,200.0,0.0,0.0,9.974968671630002,189040.5475,,DEF-0.5-OR/HT,189050.0,199000.00000000003,1.0526315789473686,1.0,0.9999499999999999
STRATCAP,0.0,0.05,100,rate,DEF-0.75-OR,HT,199000.00000000003,0.005,0.005,200.0,0.0,0.0,9.974968671630002,189040.5475,,DEF-0.75-OR/HT,189050.0,199000.00000000003,1.0526315789473686,1.0,0.9999499999999999
STRATCAP,0.0,0.05,100,rate,EQ-P,DIFF-OR,189050.00000000003,0.005,0.005,200.0,0.0,0.0,9.974968671630002,189040.5475,,EQ-P/DIFF-OR,189050.0,199000.00000000003,1.0000000000000002,0.95,0.9999499999999999
STRATCAP,0.0,0.05,100,rate,SRSWOR,DIFF-OR,189050.0,,,,,,,,,SRSWOR/DIFF-OR,189050.0,199000.00000000003,1.0,0.9499999999999998,
STRATCAP,0.0,0.05,100,rate,RA-OR,DIFF-OR,189050.00000000003,0.005,0.005,200.0,0.0,0.0,9.974968671630002,189040.5475,,RA-OR/DIFF-OR,189050.0,199000.00000000003,1.0000000000000002,0.95,0.9999499999999999
STRATCAP,0.0,0.05,100,dollars,EQ-P,HT,191847467020.9016,0.005,0.005,200.0,0.0,0.0,9.974968671630002,189255233622.8249,,EQ-P/HT,189264696857.6678,191847467020.9016,1.013646338731497,1.0,0.9999499999999999
STRATCAP,0.0,0.05,100,dollars,SRSWOR,EXP,189264696857.6678,,,,,,,,,SRSWOR/EXP,189264696857.6678,191847467020.9016,1.0,0.986537376785108,
STRATCAP,0.0,0.05,100,dollars,ST-PROP,EXP,199042929186.24188,,,,,,,,"[np.int64(64), np.int64(19), np.int64(10), np.int64(5), np.int64(2)]",ST-PROP/EXP,189264696857.6678,191847467020.9016,1.0516643224590774,1.0375061619372663,
STRATCAP,0.0,0.05,100,dollars,ST-EQD,EXP,56057231900.257904,,,,,,,,"[np.int64(20), np.int64(20), np.int64(20), np.int64(20), np.int64(20)]",ST-EQD/EXP,189264696857.6678,191847467020.9016,0.2961843007754081,0.2921968831319025,
STRATCAP,0.0,0.05,100,dollars,PPS-A,HT,50957965359.55773,1.629564361605836e-05,0.1887008877890677,61366.09412681075,1.7774773876602563,0.0,9.90672795331615,48401626052.021355,,PPS-A/HT,189264696857.6678,191847467020.9016,0.2692417878537565,0.2656170871101775,0.25573509933773175
STRATCAP,0.0,0.05,100,dollars,RA-OR,HT,50957965359.55773,1.629564361605836e-05,0.1887008877890678,61366.09412681075,1.777477387660256,0.0,9.906727953316151,48401626052.02135,,RA-OR/HT,189264696857.6678,191847467020.9016,0.2692417878537565,0.2656170871101775,0.2557350993377317
STRATCAP,0.0,0.05,100,dollars,DEF-0.25-OR,HT,86623018584.33667,0.003754073910904,0.0509252219472669,266.377280717734,0.2762640542931927,0.0,9.970717309768313,84046374168.44873,,DEF-0.25-OR/HT,189264696857.6678,191847467020.9016,0.4576818604976265,0.45152026205745616,0.44406788779871553
STRATCAP,0.0,0.05,100,dollars,DEF-0.5-OR,HT,64866994429.29083,0.002508147821808,0.0968504438945339,398.7005834764307,0.5175741825262512,0.0,9.95795233395169,62301520623.331085,,DEF-0.5-OR/HT,189264696857.6678,191847467020.9016,0.3427316108406238,0.3381175443000435,0.32917665923816486
STRATCAP,0.0,0.05,100,dollars,DEF-0.75-OR,HT,54968460281.23957,0.001262221732712,0.1427756658418008,792.2538283755999,0.8337664922857715,0.0,9.93664093352584,52409762122.69713,,DEF-0.75-OR/HT,189264696857.6678,191847467020.9016,0.2904316610222209,0.2865216890002035,0.27691250926796296
STRATCAP,0.0,0.05,100,dollars,EQ-P,DIFF-OR,182255093669.85657,0.005,0.005,200.0,0.0,0.0,9.974968671630002,182245980915.17303,,EQ-P/DIFF-OR,189264696857.6678,191847467020.9016,0.9629640217949224,0.9500000000000002,0.9629158735938323
STRATCAP,0.0,0.05,100,dollars,SRSWOR,DIFF-OR,182255093669.85657,,,,,,,,,SRSWOR/DIFF-OR,189264696857.6678,191847467020.9016,0.9629640217949224,0.9500000000000002,
STRATCAP,0.0,0.05,100,dollars,RA-OR,DIFF-OR,48410067091.57984,1.6295643616058356e-05,0.1887008877890678,61366.09412681076,1.7774773876602563,0.0,9.90672795331615,48401626052.02135,,RA-OR/DIFF-OR,189264696857.6678,191847467020.9016,0.2557796984610687,0.2523362327546686,0.2557350993377317
STRATCAP,0.0,0.05,400,rate,EQ-P,HT,49000.00000000001,0.02,0.02,50.0,0.0,0.0,19.798989873223334,46547.67249999999,,EQ-P/HT,46550.0,49000.00000000001,1.0526315789473686,1.0,0.9999499999999999
STRATCAP,0.0,0.05,400,rate,SRSWOR,EXP,46550.0,,,,,,,,,SRSWOR/EXP,46550.0,49000.00000000001,1.0,0.9499999999999998,
STRATCAP,0.0,0.05,400,rate,ST-PROP,EXP,46551.36524187943,,,,,,,,"[np.int64(254), np.int64(75), np.int64(40), np.int64(22), np.int64(9)]",ST-PROP/EXP,46550.0,49000.00000000001,1.0000293285043915,0.9500278620791719,
STRATCAP,0.0,0.05,400,rate,ST-EQD,EXP,106387.1833125,,,,,,,,"[np.int64(80), np.int64(80), np.int64(80), np.int64(80), np.int64(80)]",ST-EQD/EXP,46550.0,49000.00000000001,2.2854389540816324,2.1711670063775506,
STRATCAP,0.0,0.05,400,rate,PPS-A,HT,206971.29318217657,6.518257446423344e-05,0.7548035511562711,15341.523531702687,1.7774773876602563,0.0,19.242976377272033,204375.19861885,,PPS-A/HT,46550.0,49000.00000000001,4.446214676308841,4.223903942493399,4.390444653466165
STRATCAP,0.0,0.05,400,rate,RA-OR,HT,49000.00000000001,0.02,0.02,50.0,0.0,0.0,19.798989873223334,46547.67249999999,,RA-OR/HT,46550.0,49000.00000000001,1.0526315789473686,1.0,0.9999499999999999
STRATCAP,0.0,0.05,400,rate,DEF-0.25-OR,HT,49000.00000000001,0.02,0.02,50.0,0.0,0.0,19.798989873223334,46547.67249999999,,DEF-0.25-OR/HT,46550.0,49000.00000000001,1.0526315789473686,1.0,0.9999499999999999
STRATCAP,0.0,0.05,400,rate,DEF-0.5-OR,HT,49000.00000000001,0.02,0.02,50.0,0.0,0.0,19.798989873223334,46547.67249999999,,DEF-0.5-OR/HT,46550.0,49000.00000000001,1.0526315789473686,1.0,0.9999499999999999
STRATCAP,0.0,0.05,400,rate,DEF-0.75-OR,HT,49000.00000000001,0.02,0.02,50.0,0.0,0.0,19.798989873223334,46547.67249999999,,DEF-0.75-OR/HT,46550.0,49000.00000000001,1.0526315789473686,1.0,0.9999499999999999
STRATCAP,0.0,0.05,400,rate,EQ-P,DIFF-OR,46550.000000000015,0.02,0.02,50.0,0.0,0.0,19.798989873223334,46547.6725,,EQ-P/DIFF-OR,46550.0,49000.00000000001,1.0000000000000002,0.9500000000000002,0.99995
STRATCAP,0.0,0.05,400,rate,SRSWOR,DIFF-OR,46550.0,,,,,,,,,SRSWOR/DIFF-OR,46550.0,49000.00000000001,1.0,0.9499999999999998,
STRATCAP,0.0,0.05,400,rate,RA-OR,DIFF-OR,46550.000000000015,0.02,0.02,50.0,0.0,0.0,19.798989873223334,46547.6725,,RA-OR/DIFF-OR,46550.0,49000.00000000001,1.0000000000000002,0.9500000000000002,0.99995
STRATCAP,0.0,0.05,400,dollars,EQ-P,HT,47238823537.80994,0.02,0.02,50.0,0.0,0.0,19.798989873223334,46600534912.152855,,EQ-P/HT,46602865055.40563,47238823537.80994,1.013646338731497,1.0,0.9999499999999999
STRATCAP,0.0,0.05,400,dollars,SRSWOR,EXP,46602865055.40563,,,,,,,,,SRSWOR/EXP,46602865055.40563,47238823537.80994,1.0,0.986537376785108,
STRATCAP,0.0,0.05,400,dollars,ST-PROP,EXP,44752584060.26318,,,,,,,,"[np.int64(254), np.int64(75), np.int64(40), np.int64(22), np.int64(9)]",ST-PROP/EXP,46602865055.40563,47238823537.80994,0.9602968402705999,0.9473687257355855,
STRATCAP,0.0,0.05,400,dollars,ST-EQD,EXP,13322528142.682436,,,,,,,,"[np.int64(80), np.int64(80), np.int64(80), np.int64(80), np.int64(80)]",ST-EQD/EXP,46602865055.40563,47238823537.80994,0.28587358581588124,0.28202497744295196,
STRATCAP,0.0,0.05,400,dollars,PPS-A,HT,12016448122.473976,6.518257446423344e-05,0.7548035511562711,15341.523531702687,1.7774773876602563,0.0,19.242976377272033,11413962496.704485,,PPS-A/HT,46602865055.40563,47238823537.80994,0.2578478406464442,0.2543765323210477,0.24491975939965388
STRATCAP,0.0,0.05,400,dollars,RA-OR,HT,12016448122.473972,6.518257446423344e-05,0.7548035511562714,15341.523531702687,1.777477387660256,0.0,19.242976377272033,11413962496.70448,,RA-OR/HT,46602865055.40563,47238823537.80994,0.25784784064644417,0.25437653232104757,0.24491975939965377
STRATCAP,0.0,0.05,400,dollars,DEF-0.25-OR,HT,20932711428.66871,0.015016295643616,0.2037008877890678,66.5943201794335,0.2762640542931927,0.0,19.764697284325297,20309953231.661373,,DEF-0.25-OR/HT,46602865055.40563,47238823537.80994,0.44917220011649583,0.4431251640277234,0.43580911189719973
STRATCAP,0.0,0.05,400,dollars,DEF-0.5-OR,HT,15493705389.90725,0.0100325912872321,0.3874017755781357,99.67514586910768,0.5175741825262512,0.0,19.661460651845335,14882057882.448544,,DEF-0.5-OR/HT,46602865055.40563,47238823537.80994,0.3324625078627023,0.3279866903862687,0.31933783179972797
STRATCAP,0.0,0.05,400,dollars,DEF-0.75-OR,HT,13019071852.894436,0.0050488869308481,0.5711026633672035,198.0634570939,0.8337664922857715,0.0,19.48818433485122,12414211343.879528,,DEF-0.75-OR/HT,46602865055.40563,47238823537.80994,0.2793620486083035,0.27560110260734955,0.26638300733485826
STRATCAP,0.0,0.05,400,dollars,EQ-P,DIFF-OR,44876882360.91945,0.02,0.02,50.0,0.0,0.0,19.798989873223334,44874638516.80139,,EQ-P/DIFF-OR,46602865055.40563,47238823537.80994,0.9629640217949222,0.9500000000000002,0.9629158735938322
STRATCAP,0.0,0.05,400,dollars,SRSWOR,DIFF-OR,44876882360.91946,,,,,,,,,SRSWOR/DIFF-OR,46602865055.40563,47238823537.80994,0.9629640217949224,0.9500000000000004,
STRATCAP,0.0,0.05,400,dollars,RA-OR,DIFF-OR,11415625716.350271,6.518257446423343e-05,0.7548035511562712,15341.52353170269,1.7774773876602563,0.0,19.242976377272033,11413962496.70448,,RA-OR/DIFF-OR,46602865055.40563,47238823537.80994,0.24495544861412188,0.24165770570499515,0.24491975939965377
STRATCAP,0.0,0.25,100,rate,EQ-P,HT,995000.0000000002,0.005,0.005,200.0,0.0,0.0,9.974968671630002,746212.6875000003,,EQ-P/HT,746250.0000000001,995000.0000000002,1.3333333333333335,1.0,0.9999500000000003
STRATCAP,0.0,0.25,100,rate,SRSWOR,EXP,746250.0000000001,,,,,,,,,SRSWOR/EXP,746250.0000000001,995000.0000000002,1.0,0.7499999999999999,
STRATCAP,0.0,0.25,100,rate,ST-PROP,EXP,746724.7834292763,,,,,,,,"[np.int64(64), np.int64(19), np.int64(10), np.int64(5), np.int64(2)]",ST-PROP/EXP,746250.0000000001,995000.0000000002,1.0006362257008725,0.7504771692756544,
STRATCAP,0.0,0.25,100,rate,ST-EQD,EXP,1691047.6312499996,,,,,,,,"[np.int64(20), np.int64(20), np.int64(20), np.int64(20), np.int64(20)]",ST-EQD/EXP,746250.0000000001,995000.0000000002,2.266060477386934,1.6995453580402002,
STRATCAP,0.0,0.25,100,rate,PPS-A,HT,4154425.863643532,1.629564361605836e-05,0.1887008877890677,61366.09412681075,1.7774773876602563,0.0,9.90672795331615,3902199.290308915,,PPS-A/HT,746250.0000000001,995000.0000000002,5.567069834028183,4.175302375521137,5.229077775958344
STRATCAP,0.0,0.25,100,rate,RA-OR,HT,995000.0000000002,0.005,0.005,200.0,0.0,0.0,9.974968671630002,746212.6875000003,,RA-OR/HT,746250.0000000001,995000.0000000002,1.3333333333333335,1.0,0.9999500000000003
STRATCAP,0.0,0.25,100,rate,DEF-0.25-OR,HT,995000.0000000002,0.005,0.005,200.0,0.0,0.0,9.974968671630002,746212.6875000003,,DEF-0.25-OR/HT,746250.0000000001,995000.0000000002,1.3333333333333335,1.0,0.9999500000000003
STRATCAP,0.0,0.25,100,rate,DEF-0.5-OR,HT,995000.0000000002,0.005,0.005,200.0,0.0,0.0,9.974968671630002,746212.6875000003,,DEF-0.5-OR/HT,746250.0000000001,995000.0000000002,1.3333333333333335,1.0,0.9999500000000003
STRATCAP,0.0,0.25,100,rate,DEF-0.75-OR,HT,995000.0000000002,0.005,0.005,200.0,0.0,0.0,9.974968671630002,746212.6875000003,,DEF-0.75-OR/HT,746250.0000000001,995000.0000000002,1.3333333333333335,1.0,0.9999500000000003
STRATCAP,0.0,0.25,100,rate,EQ-P,DIFF-OR,746250.0000000001,0.005,0.005,200.0,0.0,0.0,9.974968671630002,746212.6875000001,,EQ-P/DIFF-OR,746250.0000000001,995000.0000000002,1.0,0.7499999999999999,0.99995
STRATCAP,0.0,0.25,100,rate,SRSWOR,DIFF-OR,746250.0000000001,,,,,,,,,SRSWOR/DIFF-OR,746250.0000000001,995000.0000000002,1.0,0.7499999999999999,
STRATCAP,0.0,0.25,100,rate,RA-OR,DIFF-OR,746250.0000000001,0.005,0.005,200.0,0.0,0.0,9.974968671630002,746212.6875000001,,RA-OR/DIFF-OR,746250.0000000001,995000.0000000002,1.0,0.7499999999999999,0.99995
STRATCAP,0.0,0.25,100,dollars,EQ-P,HT,959237335104.5082,0.005,0.005,200.0,0.0,0.0,9.974968671630002,894623347619.6112,,EQ-P/HT,894668081023.6625,959237335104.5082,1.0721711833141143,1.0,0.9999499999999999
STRATCAP,0.0,0.25,100,dollars,SRSWOR,EXP,894668081023.6625,,,,,,,,,SRSWOR/EXP,894668081023.6625,959237335104.5082,1.0,0.9326868839255398,
STRATCAP,0.0,0.25,100,dollars,ST-PROP,EXP,815755225417.6707,,,,,,,,"[np.int64(64), np.int64(19), np.int64(10), np.int64(5), np.int64(2)]",ST-PROP/EXP,894668081023.6625,959237335104.5082,0.9117965005349233,0.8504206368581293,
STRATCAP,0.0,0.25,100,dollars,ST-EQD,EXP,229204344706.45337,,,,,,,,"[np.int64(20), np.int64(20), np.int64(20), np.int64(20), np.int64(20)]",ST-EQD/EXP,894668081023.6625,959237335104.5082,0.2561892500336013,0.2389443533090606,
STRATCAP,0.0,0.25,100,dollars,PPS-A,HT,254789826797.7887,1.629564361605836e-05,0.1887008877890677,61366.09412681075,1.7774773876602563,0.0,9.90672795331615,191059050205.34747,,PPS-A/HT,894668081023.6625,959237335104.5082,0.2847869865953672,0.2656170871101775,0.21355299720399243
STRATCAP,0.0,0.25,100,dollars,RA-OR,HT,254789826797.78864,1.629564361605836e-05,0.1887008877890678,61366.09412681075,1.7774773876602563,0.0,9.90672795331615,191059050205.3474,,RA-OR/HT,894668081023.6625,959237335104.5082,0.28478698659536716,0.26561708711017745,0.21355299720399237
STRATCAP,0.0,0.25,100,dollars,DEF-0.25-OR,HT,433115092921.6834,0.003754073910904,0.0509252219472669,266.377280717734,0.2762640542931927,0.0,9.970717309768313,368886701736.4323,,DEF-0.25-OR/HT,894668081023.6625,959237335104.5082,0.4841070136604418,0.45152026205745616,0.4123168240386525
STRATCAP,0.0,0.25,100,dollars,DEF-0.5-OR,HT,324334972146.4542,0.002508147821808,0.0968504438945339,398.7005834764307,0.5175741825262512,0.0,9.95795233395169,260382123293.9618,,DEF-0.5-OR/HT,894668081023.6625,959237335104.5082,0.36251988757144016,0.3381175443000435,0.29103768069610514
STRATCAP,0.0,0.25,100,dollars,DEF-0.75-OR,HT,274842301406.1979,0.001262221732712,0.1427756658418008,792.2538283755999,0.8337664922857715,0.0,9.93664093352584,211055510112.6168,,DEF-0.75-OR/HT,894668081023.6625,959237335104.5082,0.3072002983405069,0.2865216890002035,0.235903699471575
STRATCAP,0.0,0.25,100,dollars,EQ-P,DIFF-OR,719428001328.3811,0.005,0.005,200.0,0.0,0.0,9.974968671630002,719392029928.3147,,EQ-P/DIFF-OR,894668081023.6625,959237335104.5082,0.8041283874855858,0.75,0.8040881810662115
STRATCAP,0.0,0.25,100,dollars,SRSWOR,DIFF-OR,719428001328.381,,,,,,,,,SRSWOR/DIFF-OR,894668081023.6625,959237335104.5082,0.8041283874855857,0.7499999999999999,
STRATCAP,0.0,0.25,100,dollars,RA-OR,DIFF-OR,191092370098.3415,1.629564361605836e-05,0.1887008877890677,61366.09412681075,1.7774773876602563,0.0,9.90672795331615,191059050205.34744,,RA-OR/DIFF-OR,894668081023.6625,959237335104.5082,0.2135902399465254,0.1992128153326331,0.2135529972039924
STRATCAP,0.0,0.25,400,rate,EQ-P,HT,245000.0000000001,0.02,0.02,50.0,0.0,0.0,19.798989873223334,183740.81250000003,,EQ-P/HT,183750.00000000003,245000.0000000001,1.3333333333333337,1.0,0.99995
STRATCAP,0.0,0.25,400,rate,SRSWOR,EXP,183750.00000000003,,,,,,,,,SRSWOR/EXP,183750.00000000003,245000.0000000001,1.0,0.7499999999999999,
STRATCAP,0.0,0.25,400,rate,ST-PROP,EXP,183755.389112682,,,,,,,,"[np.int64(254), np.int64(75), np.int64(40), np.int64(22), np.int64(9)]",ST-PROP/EXP,183750.00000000003,245000.0000000001,1.0000293285043917,0.7500219963782936,
STRATCAP,0.0,0.25,400,rate,ST-EQD,EXP,419949.4078124999,,,,,,,,"[np.int64(80), np.int64(80), np.int64(80), np.int64(80), np.int64(80)]",ST-EQD/EXP,183750.00000000003,245000.0000000001,2.285438954081632,1.7140792155612234,
STRATCAP,0.0,0.25,400,rate,PPS-A,HT,1034856.4659108828,6.518257446423344e-05,0.7548035511562711,15341.523531702687,1.7774773876602563,0.0,19.242976377272033,970006.03300797,,PPS-A/HT,183750.00000000003,245000.0000000001,5.631871923324532,4.223903942493398,5.2789443973222845
STRATCAP,0.0,0.25,400,rate,RA-OR,HT,245000.0000000001,0.02,0.02,50.0,0.0,0.0,19.798989873223334,183740.81250000003,,RA-OR/HT,183750.00000000003,245000.0000000001,1.3333333333333337,1.0,0.99995
STRATCAP,0.0,0.25,400,rate,DEF-0.25-OR,HT,245000.0000000001,0.02,0.02,50.0,0.0,0.0,19.798989873223334,183740.81250000003,,DEF-0.25-OR/HT,183750.00000000003,245000.0000000001,1.3333333333333337,1.0,0.99995
STRATCAP,0.0,0.25,400,rate,DEF-0.5-OR,HT,245000.0000000001,0.02,0.02,50.0,0.0,0.0,19.798989873223334,183740.81250000003,,DEF-0.5-OR/HT,183750.00000000003,245000.0000000001,1.3333333333333337,1.0,0.99995
STRATCAP,0.0,0.25,400,rate,DEF-0.75-OR,HT,245000.0000000001,0.02,0.02,50.0,0.0,0.0,19.798989873223334,183740.81250000003,,DEF-0.75-OR/HT,183750.00000000003,245000.0000000001,1.3333333333333337,1.0,0.99995
STRATCAP,0.0,0.25,400,rate,EQ-P,DIFF-OR,183750.00000000003,0.02,0.02,50.0,0.0,0.0,19.798989873223334,183740.81250000003,,EQ-P/DIFF-OR,183750.00000000003,245000.0000000001,1.0,0.7499999999999999,0.99995
STRATCAP,0.0,0.25,400,rate,SRSWOR,DIFF-OR,183750.00000000003,,,,,,,,,SRSWOR/DIFF-OR,183750.00000000003,245000.0000000001,1.0,0.7499999999999999,
STRATCAP,0.0,0.25,400,rate,RA-OR,DIFF-OR,183750.00000000003,0.02,0.02,50.0,0.0,0.0,19.798989873223334,183740.81250000003,,RA-OR/DIFF-OR,183750.00000000003,245000.0000000001,1.0,0.7499999999999999,0.99995
STRATCAP,0.0,0.25,400,dollars,EQ-P,HT,236194117689.04977,0.02,0.02,50.0,0.0,0.0,19.798989873223334,220284140871.16055,,EQ-P/HT,220295155628.942,236194117689.04977,1.0721711833141148,1.0,0.9999500000000001
STRATCAP,0.0,0.25,400,dollars,SRSWOR,EXP,220295155628.942,,,,,,,,,SRSWOR/EXP,220295155628.942,236194117689.04977,1.0,0.9326868839255396,
STRATCAP,0.0,0.25,400,dollars,ST-PROP,EXP,183308173859.48895,,,,,,,,"[np.int64(254), np.int64(75), np.int64(40), np.int64(22), np.int64(9)]",ST-PROP/EXP,220295155628.942,236194117689.04977,0.8321026095019869,0.7760911899627182,
STRATCAP,0.0,0.25,400,dollars,ST-EQD,EXP,54467454715.37149,,,,,,,,"[np.int64(80), np.int64(80), np.int64(80), np.int64(80), np.int64(80)]",ST-EQD/EXP,220295155628.942,236194117689.04977,0.24724762811904363,0.23060461982833141,
STRATCAP,0.0,0.25,400,dollars,PPS-A,HT,60082240612.36988,6.518257446423344e-05,0.7548035511562711,15341.523531702687,1.7774773876602563,0.0,19.242976377272033,45055115118.57033,,PPS-A/HT,220295155628.942,236194117689.04977,0.2727351876659987,0.25437653232104757,0.20452158827523062
STRATCAP,0.0,0.25,400,dollars,RA-OR,HT,60082240612.36987,6.518257446423344e-05,0.7548035511562712,15341.523531702687,1.7774773876602563,0.0,19.242976377272033,45055115118.57033,,RA-OR/HT,220295155628.942,236194117689.04977,0.27273518766599864,0.2543765323210475,0.20452158827523062
STRATCAP,0.0,0.25,400,dollars,DEF-0.25-OR,HT,104663557143.34357,0.015016295643616,0.2037008877890678,66.5943201794335,0.2762640542931927,0.0,19.764697284325297,89137852612.117,,DEF-0.25-OR/HT,220295155628.942,236194117689.04977,0.47510603147186525,0.44312516402772334,0.40462920011848974
STRATCAP,0.0,0.25,400,dollars,DEF-0.5-OR,HT,77468526949.53625,0.0100325912872321,0.3874017755781356,99.67514586910768,0.5175741825262512,0.0,19.661460651845335,62217252711.42398,,DEF-0.5-OR/HT,220295155628.942,236194117689.04977,0.35165787794272574,0.3279866903862686,0.2824267857084461
STRATCAP,0.0,0.25,400,dollars,DEF-0.75-OR,HT,65095359264.47218,0.0050488869308481,0.5711026633672034,198.0634570939,0.8337664922857715,0.0,19.488184334851216,50011023947.334496,,DEF-0.75-OR/HT,220295155628.942,236194117689.04977,0.29549156030519663,0.2756011026073495,0.22701826467564926
STRATCAP,0.0,0.25,400,dollars,EQ-P,DIFF-OR,177145588266.7873,0.02,0.02,50.0,0.0,0.0,19.798989873223334,177136730987.37396,,EQ-P/DIFF-OR,220295155628.942,236194117689.04977,0.8041283874855858,0.7499999999999999,0.8040881810662116
STRATCAP,0.0,0.25,400,dollars,SRSWOR,DIFF-OR,177145588266.78726,,,,,,,,,SRSWOR/DIFF-OR,220295155628.942,236194117689.04977,0.8041283874855857,0.7499999999999997,
STRATCAP,0.0,0.25,400,dollars,RA-OR,DIFF-OR,45061680459.277405,6.518257446423344e-05,0.7548035511562711,15341.523531702687,1.7774773876602563,0.0,19.242976377272033,45055115118.570335,,RA-OR/DIFF-OR,220295155628.942,236194117689.04977,0.204551390749499,0.19078239924078563,0.20452158827523068
STRATCAP,0.0,0.7,100,rate,EQ-P,HT,2786000.0000000005,0.005,0.005,200.0,0.0,0.0,9.974968671630002,835758.2099999997,,EQ-P/HT,835799.9999999999,2786000.0000000005,3.3333333333333344,1.0,0.9999499999999998
STRATCAP,0.0,0.7,100,rate,SRSWOR,EXP,835799.9999999999,,,,,,,,,SRSWOR/EXP,835799.9999999999,2786000.0000000005,1.0,0.29999999999999993,
STRATCAP,0.0,0.7,100,rate,ST-PROP,EXP,836331.7574407895,,,,,,,,"[np.int64(64), np.int64(19), np.int64(10), np.int64(5), np.int64(2)]",ST-PROP/EXP,835799.9999999999,2786000.0000000005,1.000636225700873,0.30019086771026177,
STRATCAP,0.0,0.7,100,rate,ST-EQD,EXP,1893973.347,,,,,,,,"[np.int64(20), np.int64(20), np.int64(20), np.int64(20), np.int64(20)]",ST-EQD/EXP,835799.9999999999,2786000.0000000005,2.2660604773869353,0.6798181432160804,
STRATCAP,0.0,0.7,100,rate,PPS-A,HT,11632392.418201886,1.629564361605836e-05,0.1887008877890677,61366.09412681075,1.7774773876602563,0.0,9.90672795331615,9655190.306929218,,PPS-A/HT,835799.9999999999,2786000.0000000005,13.917674585070456,4.175302375521135,11.552034346648982
STRATCAP,0.0,0.7,100,rate,RA-OR,HT,2786000.0000000005,0.005,0.005,200.0,0.0,0.0,9.974968671630002,835758.2099999997,,RA-OR/HT,835799.9999999999,2786000.0000000005,3.3333333333333344,1.0,0.9999499999999998
STRATCAP,0.0,0.7,100,rate,DEF-0.25-OR,HT,2786000.0000000005,0.005,0.005,200.0,0.0,0.0,9.974968671630002,835758.2099999997,,DEF-0.25-OR/HT,835799.9999999999,2786000.0000000005,3.3333333333333344,1.0,0.9999499999999998
STRATCAP,0.0,0.7,100,rate,DEF-0.5-OR,HT,2786000.0000000005,0.005,0.005,200.0,0.0,0.0,9.974968671630002,835758.2099999997,,DEF-0.5-OR/HT,835799.9999999999,2786000.0000000005,3.3333333333333344,1.0,0.9999499999999998
STRATCAP,0.0,0.7,100,rate,DEF-0.75-OR,HT,2786000.0000000005,0.005,0.005,200.0,0.0,0.0,9.974968671630002,835758.2099999997,,DEF-0.75-OR/HT,835799.9999999999,2786000.0000000005,3.3333333333333344,1.0,0.9999499999999998
STRATCAP,0.0,0.7,100,rate,EQ-P,DIFF-OR,835799.9999999995,0.005,0.005,200.0,0.0,0.0,9.974968671630002,835758.2099999995,,EQ-P/DIFF-OR,835799.9999999999,2786000.0000000005,0.9999999999999996,0.29999999999999977,0.9999499999999996
STRATCAP,0.0,0.7,100,rate,SRSWOR,DIFF-OR,835799.9999999999,,,,,,,,,SRSWOR/DIFF-OR,835799.9999999999,2786000.0000000005,1.0,0.29999999999999993,
STRATCAP,0.0,0.7,100,rate,RA-OR,DIFF-OR,835799.9999999995,0.005,0.005,200.0,0.0,0.0,9.974968671630002,835758.2099999995,,RA-OR/DIFF-OR,835799.9999999999,2786000.0000000005,0.9999999999999996,0.29999999999999977,0.9999499999999996
STRATCAP,0.0,0.7,100,dollars,EQ-P,HT,2685864538292.623,0.005,0.005,200.0,0.0,0.0,9.974968671630002,2179532604219.477,,EQ-P/HT,2179641586298.7915,2685864538292.623,1.232250547601929,1.0,0.9999500000000002
STRATCAP,0.0,0.7,100,dollars,SRSWOR,EXP,2179641586298.7915,,,,,,,,,SRSWOR/EXP,2179641586298.7915,2685864538292.623,1.0,0.8115232749915108,
STRATCAP,0.0,0.7,100,dollars,ST-PROP,EXP,1153520281934.1836,,,,,,,,"[np.int64(64), np.int64(19), np.int64(10), np.int64(5), np.int64(2)]",ST-PROP/EXP,2179641586298.7915,2685864538292.623,0.5292247538242995,0.4294782054300716,
STRATCAP,0.0,0.7,100,dollars,ST-EQD,EXP,319956731970.6012,,,,,,,,"[np.int64(20), np.int64(20), np.int64(20), np.int64(20), np.int64(20)]",ST-EQD/EXP,2179641586298.7915,2685864538292.623,0.14679327738186246,0.11912616120766628,
STRATCAP,0.0,0.7,100,dollars,PPS-A,HT,713411515033.8083,1.629564361605836e-05,0.1887008877890677,61366.09412681075,1.7774773876602563,0.0,9.90672795331615,213986136229.9892,,PPS-A/HT,2179641586298.7915,2685864538292.623,0.3273068010439455,0.2656170871101775,0.09817491902113826
STRATCAP,0.0,0.7,100,dollars,RA-OR,HT,713411515033.8083,1.629564361605836e-05,0.1887008877890677,61366.09412681075,1.7774773876602563,0.0,9.90672795331615,213986136229.9892,,RA-OR/HT,2179641586298.7915,2685864538292.623,0.3273068010439455,0.2656170871101775,0.09817491902113826
STRATCAP,0.0,0.7,100,dollars,DEF-0.25-OR,HT,1212722260180.7136,0.003754073910904,0.0509252219472669,266.377280717734,0.2762640542931926,0.0,9.970717309768313,709408199495.3988,,DEF-0.25-OR/HT,2179641586298.7915,2685864538292.623,0.5563860901736668,0.45152026205745616,0.32547011580010804
STRATCAP,0.0,0.7,100,dollars,DEF-0.5-OR,HT,908137922010.072,0.002508147821808,0.0968504438945338,398.7005834764307,0.5175741825262512,0.0,9.95795233395169,406979422340.1229,,DEF-0.5-OR/HT,2179641586298.7915,2685864538292.623,0.41664552911754815,0.33811754430004354,0.1867185067941409
STRATCAP,0.0,0.7,100,dollars,DEF-0.75-OR,HT,769558443937.3542,0.001262221732712,0.1427756658418008,792.2538283755999,0.8337664922857714,0.0,9.93664093352584,269697635159.85315,,DEF-0.75-OR/HT,2179641586298.7915,2685864538292.623,0.3530665081703304,0.2865216890002035,0.12373485478308462
STRATCAP,0.0,0.7,100,dollars,EQ-P,DIFF-OR,805759361487.7864,0.005,0.005,200.0,0.0,0.0,9.974968671630002,805719073519.712,,EQ-P/DIFF-OR,2179641586298.7915,2685864538292.623,0.36967516428057845,0.2999999999999998,0.36965668052236444
STRATCAP,0.0,0.7,100,dollars,SRSWOR,DIFF-OR,805759361487.7863,,,,,,,,,SRSWOR/DIFF-OR,2179641586298.7915,2685864538292.623,0.3696751642805784,0.29999999999999977,
STRATCAP,0.0,0.7,100,dollars,RA-OR,DIFF-OR,214023454510.14233,1.629564361605836e-05,0.1887008877890678,61366.09412681075,1.7774773876602563,0.0,9.90672795331615,213986136229.989,,RA-OR/DIFF-OR,2179641586298.7915,2685864538292.623,0.09819204031318357,0.07968512613305319,0.09817491902113817
STRATCAP,0.0,0.7,400,rate,EQ-P,HT,686000.0000000002,0.02,0.02,50.0,0.0,0.0,19.798989873223334,205789.71000000025,,EQ-P/HT,205799.99999999997,686000.0000000002,3.333333333333335,1.0,0.9999500000000013
STRATCAP,0.0,0.7,400,rate,SRSWOR,EXP,205799.99999999997,,,,,,,,,SRSWOR/EXP,205799.99999999997,686000.0000000002,1.0,0.2999999999999999,
STRATCAP,0.0,0.7,400,rate,ST-PROP,EXP,205806.03580620376,,,,,,,,"[np.int64(254), np.int64(75), np.int64(40), np.int64(22), np.int64(9)]",ST-PROP/EXP,205799.99999999997,686000.0000000002,1.0000293285043915,0.30000879855131735,
STRATCAP,0.0,0.7,400,rate,ST-EQD,EXP,470343.3367499999,,,,,,,,"[np.int64(80), np.int64(80), np.int64(80), np.int64(80), np.int64(80)]",ST-EQD/EXP,205799.99999999997,686000.0000000002,2.2854389540816324,0.6856316862244894,
STRATCAP,0.0,0.7,400,rate,PPS-A,HT,2897598.1045504715,6.518257446423344e-05,0.7548035511562711,15341.523531702687,1.7774773876602563,0.0,19.242976377272033,2389236.143878749,,PPS-A/HT,205799.99999999997,686000.0000000002,14.079679808311331,4.223903942493397,11.60950507229713
STRATCAP,0.0,0.7,400,rate,RA-OR,HT,686000.0000000002,0.02,0.02,50.0,0.0,0.0,19.798989873223334,205789.71000000025,,RA-OR/HT,205799.99999999997,686000.0000000002,3.333333333333335,1.0,0.9999500000000013
STRATCAP,0.0,0.7,400,rate,DEF-0.25-OR,HT,686000.0000000002,0.02,0.02,50.0,0.0,0.0,19.798989873223334,205789.71000000025,,DEF-0.25-OR/HT,205799.99999999997,686000.0000000002,3.333333333333335,1.0,0.9999500000000013
STRATCAP,0.0,0.7,400,rate,DEF-0.5-OR,HT,686000.0000000002,0.02,0.02,50.0,0.0,0.0,19.798989873223334,205789.71000000025,,DEF-0.5-OR/HT,205799.99999999997,686000.0000000002,3.333333333333335,1.0,0.9999500000000013
STRATCAP,0.0,0.7,400,rate,DEF-0.75-OR,HT,686000.0000000002,0.02,0.02,50.0,0.0,0.0,19.798989873223334,205789.71000000025,,DEF-0.75-OR/HT,205799.99999999997,686000.0000000002,3.333333333333335,1.0,0.9999500000000013
STRATCAP,0.0,0.7,400,rate,EQ-P,DIFF-OR,205799.9999999999,0.02,0.02,50.0,0.0,0.0,19.798989873223334,205789.7099999999,,EQ-P/DIFF-OR,205799.99999999997,686000.0000000002,0.9999999999999997,0.29999999999999977,0.9999499999999997
STRATCAP,0.0,0.7,400,rate,SRSWOR,DIFF-OR,205799.99999999997,,,,,,,,,SRSWOR/DIFF-OR,205799.99999999997,686000.0000000002,1.0,0.2999999999999999,
STRATCAP,0.0,0.7,400,rate,RA-OR,DIFF-OR,205799.9999999999,0.02,0.02,50.0,0.0,0.0,19.798989873223334,205789.7099999999,,RA-OR/DIFF-OR,205799.99999999997,686000.0000000002,0.9999999999999997,0.29999999999999977,0.9999499999999997
STRATCAP,0.0,0.7,400,dollars,EQ-P,HT,661343529529.3392,0.02,0.02,50.0,0.0,0.0,19.798989873223334,536668832194.74536,,EQ-P/HT,536695666978.0944,661343529529.3392,1.2322505476019288,1.0,0.9999499999999997
STRATCAP,0.0,0.7,400,dollars,SRSWOR,EXP,536695666978.0944,,,,,,,,,SRSWOR/EXP,536695666978.0944,661343529529.3392,1.0,0.811523274991511,
STRATCAP,0.0,0.7,400,dollars,ST-PROP,EXP,258397984223.05933,,,,,,,,"[np.int64(254), np.int64(75), np.int64(40), np.int64(22), np.int64(9)]",ST-PROP/EXP,536695666978.0944,661343529529.3392,0.4814609100125379,0.3907167344737679,
STRATCAP,0.0,0.7,400,dollars,ST-EQD,EXP,75994201415.38385,,,,,,,,"[np.int64(80), np.int64(80), np.int64(80), np.int64(80), np.int64(80)]",ST-EQD/EXP,536695666978.0944,661343529529.3392,0.14159645044886415,0.11490881519543546,
STRATCAP,0.0,0.7,400,dollars,PPS-A,HT,168230273714.63568,6.518257446423344e-05,0.7548035511562711,15341.523531702687,1.7774773876602563,0.0,19.242976377272033,50461728932.79877,,PPS-A/HT,536695666978.0944,661343529529.3392,0.3134556212496907,0.2543765323210476,0.09402298553466502
STRATCAP,0.0,0.7,400,dollars,RA-OR,HT,168230273714.63568,6.518257446423344e-05,0.7548035511562711,15341.523531702687,1.7774773876602563,0.0,19.242976377272033,50461728932.79877,,RA-OR/HT,536695666978.0944,661343529529.3392,0.3134556212496907,0.2543765323210476,0.09402298553466502
STRATCAP,0.0,0.7,400,dollars,DEF-0.25-OR,HT,293057960001.36206,0.015016295643616,0.2037008877890677,66.5943201794335,0.2762640542931926,0.0,19.76469728432529,171390931972.93143,,DEF-0.25-OR/HT,536695666978.0944,661343529529.3392,0.5460412260293568,0.4431251640277235,0.3193447283410374
STRATCAP,0.0,0.7,400,dollars,DEF-0.5-OR,HT,216911875458.7015,0.0100325912872321,0.3874017755781355,99.67514586910768,0.5175741825262512,0.0,19.661460651845335,97392176376.829,,DEF-0.5-OR/HT,536695666978.0944,661343529529.3392,0.4041617788346238,0.32798669038626865,0.18146629900182168
STRATCAP,0.0,0.7,400,dollars,DEF-0.75-OR,HT,182267005940.52216,0.0050488869308481,0.5711026633672033,198.0634570939,0.8337664922857714,0.0,19.488184334851216,64052660588.53876,,DEF-0.75-OR/HT,536695666978.0944,661343529529.3392,0.3396096096076019,0.2756011026073496,0.11934633448634328
STRATCAP,0.0,0.7,400,dollars,EQ-P,DIFF-OR,198403058858.8017,0.02,0.02,50.0,0.0,0.0,19.798989873223334,198393138705.8587,,EQ-P/DIFF-OR,536695666978.0944,661343529529.3392,0.3696751642805785,0.2999999999999999,0.36965668052236433
STRATCAP,0.0,0.7,400,dollars,SRSWOR,DIFF-OR,198403058858.80164,,,,,,,,,SRSWOR/DIFF-OR,536695666978.0944,661343529529.3392,0.3696751642805784,0.2999999999999998,
STRATCAP,0.0,0.7,400,dollars,RA-OR,DIFF-OR,50469082114.390656,6.518257446423344e-05,0.7548035511562712,15341.523531702687,1.7774773876602563,0.0,19.242976377272033,50461728932.79874,,RA-OR/DIFF-OR,536695666978.0944,661343529529.3392,0.09403668637490711,0.07631295969631421,0.09402298553466497
STRATCAP,0.75,0.05,100,rate,EQ-P,HT,199000.00000000003,0.005,0.005,200.0,0.0,0.0,9.974968671630002,189041.197443898,,EQ-P/HT,189050.6499763968,199000.00000000003,1.0526279598871806,1.0,0.9999500000000002
STRATCAP,0.75,0.05,100,rate,SRSWOR,EXP,189050.6499763968,,,,,,,,,SRSWOR/EXP,189050.6499763968,199000.00000000003,1.0,0.9500032662130491,
STRATCAP,0.75,0.05,100,rate,ST-PROP,EXP,180234.242657379,,,,,,,,"[np.int64(64), np.int64(19), np.int64(10), np.int64(5), np.int64(2)]",ST-PROP/EXP,189050.6499763968,199000.00000000003,0.9533648399509945,0.9056997118461255,
STRATCAP,0.75,0.05,100,rate,ST-EQD,EXP,239319.92389161495,,,,,,,,"[np.int64(20), np.int64(20), np.int64(20), np.int64(20), np.int64(20)]",ST-EQD/EXP,189050.6499763968,199000.00000000003,1.2659037349064621,1.2026126828724368,
STRATCAP,0.75,0.05,100,rate,PPS-A,HT,425349.9575763225,1.629564361605836e-05,0.1887008877890677,61366.09412681075,1.7774773876602563,0.0,9.90672795331615,415423.0525573073,,PPS-A/HT,189050.6499763968,199000.00000000003,2.2499259200083572,2.1374369727453386,2.197416684942228
STRATCAP,0.75,0.05,100,rate,RA-OR,HT,164873.4313471331,0.0037116958843656,0.013923877335617,269.4186245732534,0.3628795802242732,0.0,9.969810965943797,154955.15065568467,,RA-OR/HT,189050.6499763968,199000.00000000003,0.8721124807966424,0.8285097052619752,0.8196488648678596
STRATCAP,0.75,0.05,100,rate,DEF-0.25-OR,HT,180703.7812583088,0.0046779239710914,0.0072309693339042,213.77004119344173,0.1029758980575745,0.0,9.974646393158046,170757.04216605774,,DEF-0.25-OR/HT,189050.6499763968,199000.00000000003,0.9558485055770498,0.9080592023030591,0.9032343564403348
STRATCAP,0.75,0.05,100,rate,DEF-0.5-OR,HT,171091.0708554951,0.0043558479421828,0.0094619386678085,229.57642536504025,0.1936084708598296,0.0,9.973679495259674,161155.10444265866,,DEF-0.5-OR/HT,189050.6499763968,199000.00000000003,0.9050012305001651,0.8597541249019853,0.8524440643963883
STRATCAP,0.75,0.05,100,rate,DEF-0.75-OR,HT,166307.5317442256,0.0040337719132742,0.0116929080017127,247.9069271887247,0.2789475930335591,0.0,9.972067790426788,156381.05065425878,,DEF-0.75-OR/HT,189050.6499763968,199000.00000000003,0.8796982806723452,0.8357162399207315,0.8271912880161119
STRATCAP,0.75,0.05,100,rate,EQ-P,DIFF-OR,176051.1220411676,0.005,0.005,200.0,0.0,0.0,9.974968671630002,176042.31948506556,,EQ-P/DIFF-OR,189050.6499763968,199000.00000000003,0.9312378564323783,0.8846790052319978,0.9311912945395568
STRATCAP,0.75,0.05,100,rate,SRSWOR,DIFF-OR,176051.1220411676,,,,,,,,,SRSWOR/DIFF-OR,189050.6499763968,199000.00000000003,0.9312378564323783,0.8846790052319978,
STRATCAP,0.75,0.05,100,rate,RA-OR,DIFF-OR,152157.71513924317,0.0038197516620932,0.0119396091790384,261.7971241229852,0.329041111038433,0.0,9.971055039494203,152148.93821074307,,RA-OR/DIFF-OR,189050.6499763968,199000.00000000003,0.804851584261891,0.7646116338655434,0.8048051579285184
STRATCAP,0.75,0.05,100,dollars,EQ-P,HT,937933588366.4471,0.005,0.005,200.0,0.0,0.0,9.974968671630002,919368287062.9176,,EQ-P/HT,919414257775.8064,937933588366.4471,1.020142531436745,1.0,0.99995
STRATCAP,0.75,0.05,100,dollars,SRSWOR,EXP,919414257775.8064,,,,,,,,,SRSWOR/EXP,919414257775.8064,937933588366.4471,1.0,0.9802551792362026,
STRATCAP,0.75,0.05,100,dollars,ST-PROP,EXP,787761423478.7941,,,,,,,,"[np.int64(64), np.int64(19), np.int64(10), np.int64(5), np.int64(2)]",ST-PROP/EXP,919414257775.8064,937933588366.4471,0.8568079261512659,0.8398904072204083,
STRATCAP,0.75,0.05,100,dollars,ST-EQD,EXP,124814947402.42694,,,,,,,,"[np.int64(20), np.int64(20), np.int64(20), np.int64(20), np.int64(20)]",ST-EQD/EXP,919414257775.8064,937933588366.4471,0.13575485299126427,0.13307439775113608,
STRATCAP,0.75,0.05,100,dollars,PPS-A,HT,134358397711.63588,1.629564361605836e-05,0.1887008877890677,61366.09412681075,1.7774773876602563,0.0,9.90672795331615,116615212519.0027,,PPS-A/HT,919414257775.8064,937933588366.4471,0.14613477719680779,0.14324937221369938,0.12683641952770175
STRATCAP,0.75,0.05,100,dollars,RA-OR,HT,111367457028.4621,7.367889868586804e-06,0.320061439536777,135724.06996249044,2.826657923873844,0.0,9.79488088487963,93953210114.1101,,RA-OR/HT,919414257775.8064,937933588366.4471,0.12112870350507265,0.11873703896501385,0.10218811522609651
STRATCAP,0.75,0.05,100,dollars,DEF-0.25-OR,HT,247618487930.5904,0.0037518419724671,0.0837653598841942,266.5357462650319,0.3611342269088068,0.0,9.963808545019884,229464537074.4126,,DEF-0.25-OR/HT,919414257775.8064,937933588366.4471,0.2693220013028889,0.2640042866594162,0.24957687476972554
STRATCAP,0.75,0.05,100,dollars,DEF-0.5-OR,HT,162040529249.08945,0.0025036839449342,0.1625307197683885,399.41143610530435,0.6607065696780171,0.0,9.930252911544857,144214055707.6987,,DEF-0.5-OR/HT,919414257775.8064,937933588366.4471,0.17624321993993056,0.17276332915138212,0.15685427378141054
STRATCAP,0.75,0.05,100,dollars,DEF-0.75-OR,HT,126456366435.7276,0.0012555259174014,0.2412960796525828,796.4789783628667,1.0816087392449898,0.0,9.874073450015525,108876258686.58144,,DEF-0.75-OR/HT,919414257775.8064,937933588366.4471,0.137540140764886,0.13482443533765587,0.11841915411445604
STRATCAP,0.75,0.05,100,dollars,EQ-P,DIFF-OR,669192627283.9729,0.005,0.005,200.0,0.0,0.0,9.974968671630002,669159167652.6085,,EQ-P/DIFF-OR,919414257775.8064,937933588366.4471,0.7278466932880123,0.713475490785518,0.7278103009533478
STRATCAP,0.75,0.05,100,dollars,SRSWOR,DIFF-OR,669192627283.9728,,,,,,,,,SRSWOR/DIFF-OR,919414257775.8064,937933588366.4471,0.7278466932880122,0.7134754907855179,
STRATCAP,0.75,0.05,100,dollars,RA-OR,DIFF-OR,91184357239.98576,8.070104113121255e-06,0.2921033552805048,123914.13865083735,2.68595839195543,0.0,9.820553945747983,91155362427.86237,,RA-OR/DIFF-OR,919414257775.8064,937933588366.4471,0.09917657516055241,0.09721835146004003,0.09914503898207988
STRATCAP,0.75,0.05,400,rate,EQ-P,HT,49000.0,0.02,0.02,50.0,0.0,0.0,19.798989873223334,46547.832536437185,,EQ-P/HT,46550.160044439406,49000.0,1.0526279598871806,1.0,0.99995
STRATCAP,0.75,0.05,400,rate,SRSWOR,EXP,46550.160044439406,,,,,,,,,SRSWOR/EXP,46550.160044439406,49000.0,1.0,0.9500032662130491,
STRATCAP,0.75,0.05,400,rate,ST-PROP,EXP,43225.51934074165,,,,,,,,"[np.int64(254), np.int64(75), np.int64(40), np.int64(22), np.int64(9)]",ST-PROP/EXP,46550.160044439406,49000.0,0.9285793926267092,0.8821534559335031,
STRATCAP,0.75,0.05,400,rate,ST-EQD,EXP,59166.47171897976,,,,,,,,"[np.int64(80), np.int64(80), np.int64(80), np.int64(80), np.int64(80)]",ST-EQD/EXP,46550.160044439406,49000.0,1.2710261718218823,1.2074790146730563,
STRATCAP,0.75,0.05,400,rate,PPS-A,HT,105587.48939408062,6.518257446423344e-05,0.7548035511562711,15341.523531702687,1.7774773876602563,0.0,19.242976377272033,103166.32716676415,,PPS-A/HT,46550.160044439406,49000.0,2.2682519091938858,2.154846722328176,2.2162400100939665
STRATCAP,0.75,0.05,400,rate,RA-OR,HT,40468.35783678328,0.0148467835374626,0.0556955093424681,67.35465614331335,0.3628795802242732,0.0,19.75738067524261,38056.6412334472,,RA-OR/HT,46550.160044439406,49000.0,0.8693494887697466,0.8258848538119037,0.81754050248412
STRATCAP,0.75,0.05,400,rate,DEF-0.25-OR,HT,44425.9453145772,0.0187116958843656,0.028923877335617,53.44251029836043,0.1029758980575745,0.0,19.79639186055512,41985.83126386175,,DEF-0.25-OR/HT,46550.160044439406,49000.0,0.9543671873988336,0.906651945195453,0.9019481613764531
STRATCAP,0.75,0.05,400,rate,DEF-0.5-OR,HT,42022.76771387378,0.0174233917687313,0.037847754671234,57.394106341260056,0.1936084708598296,0.0,19.788595776017377,39593.40469040644,,DEF-0.5-OR/HT,46550.160044439406,49000.0,0.9027416377034252,0.857607504364771,0.8505535674336746
STRATCAP,0.75,0.05,400,rate,DEF-0.75-OR,HT,40826.882936056405,0.0161350876530969,0.046771632006851,61.97673179718117,0.2789475930335591,0.0,19.775595471941628,38406.98243887908,,DEF-0.75-OR/HT,46550.160044439406,49000.0,0.8770513978272204,0.8332016925725797,0.8250666034706134
STRATCAP,0.75,0.05,400,rate,EQ-P,DIFF-OR,43349.2712563679,0.02,0.02,50.0,0.0,0.0,19.798989873223334,43347.10379280508,,EQ-P/DIFF-OR,46550.160044439406,49000.0,0.9312378564323784,0.8846790052319979,0.9311912945395567
STRATCAP,0.75,0.05,400,rate,SRSWOR,DIFF-OR,43349.27125636791,,,,,,,,,SRSWOR/DIFF-OR,46550.160044439406,49000.0,0.9312378564323786,0.8846790052319982,
STRATCAP,0.75,0.05,400,rate,RA-OR,DIFF-OR,37375.9195308868,0.0152790066483729,0.0477584367161538,65.4492810307463,0.329041111038433,0.0,19.767423140358076,37373.77744740952,,RA-OR/DIFF-OR,46550.160044439406,49000.0,0.8029171005041796,0.7627738679772816,0.8028710838315144
STRATCAP,0.75,0.05,400,dollars,EQ-P,HT,230948471507.31613,0.02,0.02,50.0,0.0,0.0,19.798989873223334,226377115909.9646,,EQ-P/HT,226388435331.7312,230948471507.31613,1.0201425314367452,1.0,0.9999499999999999
STRATCAP,0.75,0.05,400,dollars,SRSWOR,EXP,226388435331.7312,,,,,,,,,SRSWOR/EXP,226388435331.7312,230948471507.31613,1.0,0.9802551792362025,
STRATCAP,0.75,0.05,400,dollars,ST-PROP,EXP,174320921918.69305,,,,,,,,"[np.int64(254), np.int64(75), np.int64(40), np.int64(22), np.int64(9)]",ST-PROP/EXP,226388435331.7312,230948471507.31613,0.7700080689336333,0.7548043976258609,
STRATCAP,0.75,0.05,400,dollars,ST-EQD,EXP,28504769809.244053,,,,,,,,"[np.int64(80), np.int64(80), np.int64(80), np.int64(80), np.int64(80)]",ST-EQD/EXP,226388435331.7312,230948471507.31613,0.12591089190344676,0.12342480391060333,
STRATCAP,0.75,0.05,400,dollars,PPS-A,HT,30054673843.61331,6.518257446423344e-05,0.7548035511562711,15341.523531702687,1.7774773876602563,0.0,19.242976377272033,26290578323.586903,,PPS-A/HT,226388435331.7312,230948471507.31613,0.13275710748905364,0.1301358421965621,0.11613039458072506
STRATCAP,0.75,0.05,400,dollars,RA-OR,HT,24319833738.43199,2.9526493404733752e-05,1.0,33867.88895967165,2.823697889061678,4.0,18.342944640144704,20876095920.85859,,RA-OR/HT,226388435331.7312,230948471507.31613,0.10742524768456342,0.10530415542352517,0.09221361457915664
STRATCAP,0.75,0.05,400,dollars,DEF-0.25-OR,HT,58530497868.8596,0.0150073816233511,0.265,66.63387558853172,0.3608124227215016,0.0,19.71113837731,54359179557.16824,,DEF-0.25-OR/HT,226388435331.7312,230948471507.31613,0.25854014045856083,0.25343531172495953,0.2401146484250166
STRATCAP,0.75,0.05,400,dollars,DEF-0.5-OR,HT,37041879436.04904,0.0100147632467023,0.51,99.8525851651338,0.6603093898245934,0.0,19.445202609328938,33185829628.397236,,DEF-0.5-OR/HT,226388435331.7312,230948471507.31613,0.16362089954714729,0.16039023421237758,0.14658800737665517
STRATCAP,0.75,0.05,400,dollars,DEF-0.75-OR,HT,28113057574.539604,0.0050221448700535,0.755,199.11811106104895,1.0810080569938747,0.0,18.993703829563355,24498367086.57916,,DEF-0.75-OR/HT,226388435331.7312,230948471507.31613,0.1241806258051345,0.12172870160627593,0.10821386282687649
STRATCAP,0.75,0.05,400,dollars,EQ-P,DIFF-OR,164776074054.8476,0.02,0.02,50.0,0.0,0.0,19.798989873223334,164767835251.14484,,EQ-P/DIFF-OR,226388435331.7312,230948471507.31613,0.7278466932880124,0.713475490785518,0.727810300953348
STRATCAP,0.75,0.05,400,dollars,SRSWOR,DIFF-OR,164776074054.84756,,,,,,,,,SRSWOR/DIFF-OR,226388435331.7312,230948471507.31613,0.7278466932880123,0.7134754907855179,
STRATCAP,0.75,0.05,400,dollars,RA-OR,DIFF-OR,20277312238.36989,3.2312099177103e-05,1.0,30948.159527457137,2.68445868916499,3.0,18.54244694036708,20272566199.2079,,RA-OR/DIFF-OR,226388435331.7312,230948471507.31613,0.0895686752225535,0.0878001577842334,0.08954771108118721
STRATCAP,0.75,0.25,100,rate,EQ-P,HT,995000.0,0.005,0.005,200.0,0.0,0.0,9.974968671630002,746217.586223553,,EQ-P/HT,746254.8989685014,995000.0,1.3333245803482463,1.0,0.9999500000000001
STRATCAP,0.75,0.25,100,rate,SRSWOR,EXP,746254.8989685014,,,,,,,,,SRSWOR/EXP,746254.8989685014,995000.0,1.0,0.7500049235864336,
STRATCAP,0.75,0.25,100,rate,ST-PROP,EXP,650442.5000165121,,,,,,,,"[np.int64(64), np.int64(19), np.int64(10), np.int64(5), np.int64(2)]",ST-PROP/EXP,746254.8989685014,995000.0,0.8716090184675178,0.653711055292977,
STRATCAP,0.75,0.25,100,rate,ST-EQD,EXP,1267789.550083016,,,,,,,,"[np.int64(20), np.int64(20), np.int64(20), np.int64(20), np.int64(20)]",ST-EQD/EXP,746254.8989685014,995000.0,1.6988693164164115,1.274160351842227,
STRATCAP,0.75,0.25,100,rate,PPS-A,HT,2784797.646106628,1.629564361605836e-05,0.1887008877890677,61366.09412681075,1.7774773876602563,0.0,9.90672795331615,2534743.149370919,,PPS-A/HT,746254.8989685014,995000.0,3.731697641055179,2.7987916041272642,3.3966184381161533
STRATCAP,0.75,0.25,100,rate,RA-OR,HT,922785.8164875208,0.0041028682290642,0.0092249533419296,243.73193194850995,0.2468284941204312,0.0,9.973017723525304,674341.0499948697,,RA-OR/HT,746254.8989685014,995000.0,1.236555790471897,0.927422931143237,0.9036336658251312
STRATCAP,0.75,0.25,100,rate,DEF-0.25-OR,HT,959939.0633366344,0.004775717057266,0.0060562383354824,209.3926394735924,0.0667042134234007,0.0,9.97484674855255,711259.3114943786,,DEF-0.25-OR/HT,746254.8989685014,995000.0,1.2863420590785997,0.9647628777252607,0.9531050482583165
STRATCAP,0.75,0.25,100,rate,DEF-0.5-OR,HT,938218.3735840034,0.0045514341145321,0.0071124766709648,219.71096907832387,0.1289718952085951,0.0,9.974480970378233,689629.1104636793,,DEF-0.5-OR/HT,746254.8989685014,995000.0,1.2572357982250306,0.9429330387778929,0.9241200445275574
STRATCAP,0.75,0.25,100,rate,DEF-0.75-OR,HT,926452.461232909,0.0043271511717982,0.0081687150064472,231.09892867099316,0.1885957089777588,0.0,9.973871310277884,677941.5242186856,,DEF-0.75-OR/HT,746254.8989685014,995000.0,1.2414691850110233,0.9311080012391045,0.9084583902306828
STRATCAP,0.75,0.25,100,rate,EQ-P,DIFF-OR,648275.5289441617,0.005,0.005,200.0,0.0,0.0,9.974968671630002,648243.1151677148,,EQ-P/DIFF-OR,746254.8989685014,995000.0,0.8687052236980018,0.6515331949187555,0.8686617884368173
STRATCAP,0.75,0.25,100,rate,SRSWOR,DIFF-OR,648275.5289441617,,,,,,,,,SRSWOR/DIFF-OR,746254.8989685014,995000.0,0.8687052236980018,0.6515331949187555,
STRATCAP,0.75,0.25,100,rate,RA-OR,DIFF-OR,637674.479807413,0.0045345119418586,0.0062195756360767,220.5309000884704,0.1235078758852686,0.0,9.97455412414354,637642.074478246,,RA-OR/DIFF-OR,746254.8989685014,995000.0,0.8544995559678443,0.6408788741783045,0.8544561320262237
STRATCAP,0.75,0.25,100,dollars,EQ-P,HT,2594536917413.222,0.005,0.005,200.0,0.0,0.0,9.974968671630002,2371844286723.94,,EQ-P/HT,2371962884868.183,2594536917413.222,1.0938353774272518,1.0,0.9999500000000001
STRATCAP,0.75,0.25,100,dollars,SRSWOR,EXP,2371962884868.183,,,,,,,,,SRSWOR/EXP,2371962884868.183,2594536917413.222,1.0,0.9142143512966671,
STRATCAP,0.75,0.25,100,dollars,ST-PROP,EXP,1110923876698.796,,,,,,,,"[np.int64(64), np.int64(19), np.int64(10), np.int64(5), np.int64(2)]",ST-PROP/EXP,2371962884868.183,2594536917413.222,0.4683563489909047,0.42817809576839533,
STRATCAP,0.75,0.25,100,dollars,ST-EQD,EXP,260235011798.61285,,,,,,,,"[np.int64(20), np.int64(20), np.int64(20), np.int64(20), np.int64(20)]",ST-EQD/EXP,2371962884868.183,2594536917413.222,0.10971293583840157,0.10030114046635714,
STRATCAP,0.75,0.25,100,dollars,PPS-A,HT,469017191288.6404,1.629564361605836e-05,0.1887008877890677,61366.09412681075,1.7774773876602563,0.0,9.90672795331615,253141392703.62695,,PPS-A/HT,2371962884868.183,2594536917413.222,0.19773378170489586,0.18077106097077816,0.10672232450116721
STRATCAP,0.75,0.25,100,dollars,RA-OR,HT,436088321792.34454,9.792409324872297e-06,0.254957970411125,102119.91419313358,2.406641670172762,0.0,9.853783932081164,221303839715.19617,,RA-OR/HT,2371962884868.183,2594536917413.222,0.1838512417602939,0.1680794437209738,0.09329987460048081
STRATCAP,0.75,0.25,100,dollars,DEF-0.25-OR,HT,876099955140.1122,0.0037524481023312,0.0674894926027812,266.49269296456026,0.329933665096443,0.0,9.96743779068918,656386728648.8533,,DEF-0.25-OR/HT,2371962884868.183,2594536917413.222,0.36935651933221525,0.337671030718496,0.27672723415540734
STRATCAP,0.75,0.25,100,dollars,DEF-0.5-OR,HT,603808732493.6846,0.0025048962046624,0.1299789852055625,399.2181385155485,0.6110950493054478,0.0,9.944810930582603,386400745146.42786,,DEF-0.5-OR/HT,2371962884868.183,2594536917413.222,0.25456078438058694,0.23272312235806905,0.16290336902463853
STRATCAP,0.75,0.25,100,dollars,DEF-0.75-OR,HT,485640989363.81366,0.0012573443069936,0.1924684778083437,795.3270989002433,0.996484576016932,0.0,9.906984657368218,269875956287.60037,,DEF-0.75-OR/HT,2371962884868.183,2594536917413.222,0.2047422379422274,0.18717829224338126,0.11377747856396082
STRATCAP,0.75,0.25,100,dollars,EQ-P,DIFF-OR,728732694177.3342,0.005,0.005,200.0,0.0,0.0,9.974968671630002,728696257542.6254,,EQ-P/DIFF-OR,2371962884868.183,2594536917413.222,0.30722769686922485,0.28087196959366745,0.30721233548438137
STRATCAP,0.75,0.25,100,dollars,SRSWOR,DIFF-OR,728732694177.3342,,,,,,,,,SRSWOR/DIFF-OR,2371962884868.183,2594536917413.222,0.30722769686922485,0.28087196959366745,
STRATCAP,0.75,0.25,100,dollars,RA-OR,DIFF-OR,197183333506.9158,1.3451417472582642e-05,0.1749053408816495,74341.6076438227,1.9934210058549704,0.0,9.908416598462688,197149151717.5684,,RA-OR/DIFF-OR,2371962884868.183,2594536917413.222,0.08313086801013493,0.07599943257061435,0.083116457249509
STRATCAP,0.75,0.25,400,rate,EQ-P,HT,245000.00000000003,0.02,0.02,50.0,0.0,0.0,19.798989873223334,183742.01871836223,,EQ-P/HT,183751.2062786762,245000.00000000003,1.3333245803482465,1.0,0.9999499999999999
STRATCAP,0.75,0.25,400,rate,SRSWOR,EXP,183751.2062786762,,,,,,,,,SRSWOR/EXP,183751.2062786762,245000.00000000003,1.0,0.7500049235864333,
STRATCAP,0.75,0.25,400,rate,ST-PROP,EXP,159644.32673426848,,,,,,,,"[np.int64(254), np.int64(75), np.int64(40), np.int64(22), np.int64(9)]",ST-PROP/EXP,183751.2062786762,245000.00000000003,0.8688069589712116,0.6516094968745652,
STRATCAP,0.75,0.25,400,rate,ST-EQD,EXP,314504.1380398087,,,,,,,,"[np.int64(80), np.int64(80), np.int64(80), np.int64(80), np.int64(80)]",ST-EQD/EXP,183751.2062786762,245000.00000000003,1.7115759096723058,1.283690359346158,
STRATCAP,0.75,0.25,400,rate,PPS-A,HT,692449.4115266571,6.518257446423344e-05,0.7548035511562711,15341.523531702687,1.7774773876602563,0.0,19.242976377272033,629848.1829127425,,PPS-A/HT,183751.2062786762,245000.00000000003,3.7684074328006947,2.8263241286802328,3.427722710878522
STRATCAP,0.75,0.25,400,rate,RA-OR,HT,226946.45412188023,0.0164114729162571,0.0368998133677186,60.93298298712749,0.2468284941204312,0.0,19.783258584469788,166025.9417377264,,RA-OR/HT,183751.2062786762,245000.00000000003,1.2350746355248103,0.9263120576403274,0.9035366085484753
STRATCAP,0.75,0.25,400,rate,DEF-0.25-OR,HT,236234.7658341586,0.0191028682290642,0.0242249533419296,52.3481598683981,0.0667042134234007,0.0,19.798007033884744,175079.4177676165,,DEF-0.25-OR/HT,183751.2062786762,245000.00000000003,1.2856229388550848,0.9642235340169738,0.95280690294948
STRATCAP,0.75,0.25,400,rate,DEF-0.5-OR,HT,230804.59339600088,0.0182057364581285,0.0284499066838593,54.92774226958097,0.1289718952085951,0.0,19.795058223076776,169739.674957039,,DEF-0.5-OR/HT,183751.2062786762,245000.00000000003,1.2560711740088593,0.9420595648816361,0.9237472689001706
STRATCAP,0.75,0.25,400,rate,DEF-0.75-OR,HT,227863.11530822728,0.0173086046871928,0.0326748600257889,57.77473216774829,0.1885957089777588,0.0,19.790142561986475,166876.46591042093,,DEF-0.75-OR/HT,183751.2062786762,245000.00000000003,1.2400632350823928,0.9300535318703154,0.9081652811428997
STRATCAP,0.75,0.25,400,rate,EQ-P,DIFF-OR,159625.6327550951,0.02,0.02,50.0,0.0,0.0,19.798989873223334,159617.65147345734,,EQ-P/DIFF-OR,183751.2062786762,245000.00000000003,0.868705223698002,0.6515331949187555,0.868661788436817
STRATCAP,0.75,0.25,400,rate,SRSWOR,DIFF-OR,159625.6327550951,,,,,,,,,SRSWOR/DIFF-OR,183751.2062786762,245000.00000000003,0.868705223698002,0.6515331949187555,
STRATCAP,0.75,0.25,400,rate,RA-OR,DIFF-OR,156975.3704709079,0.0181380477674344,0.0248783025443068,55.1327250221176,0.1235078758852686,0.0,19.7956479966558,156967.3975880433,,RA-OR/DIFF-OR,183751.2062786762,245000.00000000003,0.8542821222780971,0.6407157978404403,0.8542387327242211
STRATCAP,0.75,0.25,400,dollars,EQ-P,HT,638855823885.6677,0.02,0.02,50.0,0.0,0.0,19.798989873223334,584021960047.6031,,EQ-P/HT,584051162605.7336,638855823885.6677,1.0938353774272516,1.0,0.9999499999999997
STRATCAP,0.75,0.25,400,dollars,SRSWOR,EXP,584051162605.7336,,,,,,,,,SRSWOR/EXP,584051162605.7336,638855823885.6677,1.0,0.9142143512966673,
STRATCAP,0.75,0.25,400,dollars,ST-PROP,EXP,248792418071.7508,,,,,,,,"[np.int64(254), np.int64(75), np.int64(40), np.int64(22), np.int64(9)]",ST-PROP/EXP,584051162605.7336,638855823885.6677,0.42597709584511045,0.38943437434527595,
STRATCAP,0.75,0.25,400,dollars,ST-EQD,EXP,61211638762.87122,,,,,,,,"[np.int64(80), np.int64(80), np.int64(80), np.int64(80), np.int64(80)]",ST-EQD/EXP,584051162605.7336,638855823885.6677,0.10480526824016001,0.09581448031665109,
STRATCAP,0.75,0.25,400,dollars,PPS-A,HT,107475892354.52232,6.518257446423344e-05,0.7548035511562711,15341.523531702687,1.7774773876602563,0.0,19.242976377272033,59405418636.260315,,PPS-A/HT,584051162605.7336,638855823885.6677,0.18401794095404345,0.16823184251624926,0.10171269648916392
STRATCAP,0.75,0.25,400,dollars,RA-OR,HT,99243786759.20096,3.91717789013709e-05,1.0,25528.58277174139,2.4065645267893068,2.0,18.80404171552532,52290757034.42723,,RA-OR/HT,584051162605.7336,638855823885.6677,0.16992310453835346,0.1553461407858466,0.0895311239534786
STRATCAP,0.75,0.25,400,dollars,DEF-0.25-OR,HT,209261241504.735,0.0150097929447253,0.265,66.62317086468634,0.3299219856859313,0.0,19.738274976614623,157381029138.31433,,DEF-0.25-OR/HT,584051162605.7336,638855823885.6677,0.3582926546556637,0.3275562868503884,0.2694644565660339
STRATCAP,0.75,0.25,400,dollars,DEF-0.5-OR,HT,141179302832.3337,0.0100195858894506,0.51,99.80452396269882,0.6110811668311299,0.0,19.554999263866108,91572335650.3695,,DEF-0.5-OR/HT,584051162605.7336,638855823885.6677,0.2417242047810757,0.22098773706663388,0.15678820883057779
STRATCAP,0.75,0.25,400,dollars,DEF-0.75-OR,HT,111634124715.12018,0.005029378834176,0.755,198.83171122539463,0.9964646813102724,0.0,19.24566162728783,63668705770.29871,,DEF-0.75-OR/HT,584051162605.7336,638855823885.6677,0.19113757811399015,0.17474071698389756,0.10901220620166552
STRATCAP,0.75,0.25,400,dollars,EQ-P,DIFF-OR,179436693541.15265,0.02,0.02,50.0,0.0,0.0,19.798989873223334,179427721706.4756,,EQ-P/DIFF-OR,584051162605.7336,638855823885.6677,0.3072276968692248,0.2808719695936675,0.3072123354843813
STRATCAP,0.75,0.25,400,dollars,SRSWOR,DIFF-OR,179436693541.15265,,,,,,,,,SRSWOR/DIFF-OR,584051162605.7336,638855823885.6677,0.3072276968692248,0.2808719695936675,
STRATCAP,0.75,0.25,400,dollars,RA-OR,DIFF-OR,46549353373.548035,5.380566989033057e-05,0.6996213635265982,18585.401910955676,1.9934210058549704,0.0,19.25688219362248,46542368736.219894,,RA-OR/DIFF-OR,584051162605.7336,638855823885.6677,0.07970081450718965,0.07286362843250639,0.0796888555594547
STRATCAP,0.75,0.7,100,rate,EQ-P,HT,2786000.000000001,0.005,0.005,200.0,0.0,0.0,9.974968671630002,835760.8323095029,,EQ-P/HT,835802.6224406238,2786000.000000001,3.3333228745617163,1.0,0.9999500000000013
STRATCAP,0.75,0.7,100,rate,SRSWOR,EXP,835802.6224406238,,,,,,,,,SRSWOR/EXP,835802.6224406238,2786000.000000001,1.0,0.30000094129239896,
STRATCAP,0.75,0.7,100,rate,ST-PROP,EXP,778931.7242360038,,,,,,,,"[np.int64(64), np.int64(19), np.int64(10), np.int64(5), np.int64(2)]",ST-PROP/EXP,835802.6224406238,2786000.000000001,0.931956544909429,0.2795878407164406,
STRATCAP,0.75,0.7,100,rate,ST-EQD,EXP,2044606.89512443,,,,,,,,"[np.int64(20), np.int64(20), np.int64(20), np.int64(20), np.int64(20)]",ST-EQD/EXP,835802.6224406238,2786000.000000001,2.4462795883003836,0.7338861791544973,
STRATCAP,0.75,0.7,100,rate,PPS-A,HT,10482681.730575634,1.629564361605836e-05,0.1887008877890677,61366.09412681075,1.7774773876602563,0.0,9.90672795331615,8509367.445179999,,PPS-A/HT,835802.6224406238,2786000.000000001,12.542054127522594,3.762628043996996,10.181072919263917
STRATCAP,0.75,0.7,100,rate,RA-OR,HT,2768417.6883483157,0.0047178070081414,0.0059061054244637,211.96288832381688,0.0769792158534461,0.0,9.97481029701789,818372.0014391516,,RA-OR/HT,835802.6224406238,2786000.000000001,3.3122864346420338,0.9936890482226542,0.9791450510760864
STRATCAP,0.75,0.7,100,rate,DEF-0.25-OR,HT,2778130.4205829636,0.0049294517520353,0.0052265263561159,202.86231619715176,0.0196941975759372,0.0,9.974958773290412,827951.2347769921,,DEF-0.25-OR/HT,835802.6224406238,2786000.000000001,3.3239072790541817,0.9971753124849112,0.9906061701018538
STRATCAP,0.75,0.7,100,rate,DEF-0.5-OR,HT,2772663.0298142117,0.0048589035040707,0.0054530527122318,205.8077504857251,0.0390611613167616,0.0,9.974929078212714,822536.0844748279,,DEF-0.5-OR/HT,835802.6224406238,2786000.000000001,3.317365793514466,0.9952128606655458,0.9841271879154239
STRATCAP,0.75,0.7,100,rate,DEF-0.75-OR,HT,2769462.8422360243,0.004788355256106,0.0056795790683477,208.83997667566743,0.0581433716297241,0.0,9.974879586220098,819380.3964290908,,DEF-0.75-OR/HT,835802.6224406238,2786000.000000001,3.3135369139533535,0.9940641931931168,0.9803515500303426
STRATCAP,0.75,0.7,100,rate,EQ-P,DIFF-OR,783353.8099515138,0.005,0.005,200.0,0.0,0.0,9.974968671630002,783314.6422610162,,EQ-P/DIFF-OR,835802.6224406238,2786000.000000001,0.9372473702751082,0.28117509330635804,0.9372005079065944
STRATCAP,0.75,0.7,100,rate,SRSWOR,DIFF-OR,783353.8099515139,,,,,,,,,SRSWOR/DIFF-OR,835802.6224406238,2786000.000000001,0.9372473702751083,0.2811750933063581,
STRATCAP,0.75,0.7,100,rate,RA-OR,DIFF-OR,757137.2132343543,0.0019374457783359,0.005565806884632,516.1434767268154,0.2414212285315227,0.0,9.974105301771406,757098.0608146173,,RA-OR/DIFF-OR,835802.6224406238,2786000.000000001,0.9058803991586446,0.2717649724459275,0.9058335550609047
STRATCAP,0.75,0.7,100,dollars,EQ-P,HT,3584615184268.7334,0.005,0.005,200.0,0.0,0.0,9.974968671630002,2860852197519.6143,,EQ-P/HT,2860995247281.9775,3584615184268.7334,1.2529259486446942,1.0,0.9999500000000003
STRATCAP,0.75,0.7,100,dollars,SRSWOR,EXP,2860995247281.9775,,,,,,,,,SRSWOR/EXP,2860995247281.9775,3584615184268.7334,1.0,0.7981317659528981,
STRATCAP,0.75,0.7,100,dollars,ST-PROP,EXP,744473638306.4336,,,,,,,,"[np.int64(64), np.int64(19), np.int64(10), np.int64(5), np.int64(2)]",ST-PROP/EXP,2860995247281.9775,3584615184268.7334,0.2602149161253251,0.207685790534391,
STRATCAP,0.75,0.7,100,dollars,ST-EQD,EXP,239089717395.6925,,,,,,,,"[np.int64(20), np.int64(20), np.int64(20), np.int64(20), np.int64(20)]",ST-EQD/EXP,2860995247281.9775,3584615184268.7334,0.08356872232585293,0.06669885192836038,
STRATCAP,0.75,0.7,100,dollars,PPS-A,HT,851095751794.1467,1.629564361605836e-05,0.1887008877890677,61366.09412681075,1.7774773876602563,0.0,9.90672795331615,140338730256.89233,,PPS-A/HT,2860995247281.9775,3584615184268.7334,0.2974824067263693,0.23743015862043543,0.04905241642404611
STRATCAP,0.75,0.7,100,dollars,RA-OR,HT,845708806348.446,1.4061338872050964e-05,0.2038403346607729,71116.98317630701,1.945228850620429,0.0,9.895174302760816,135164597551.74792,,RA-OR/HT,2860995247281.9775,3584615184268.7334,0.2955995145926552,0.23592736259665537,0.04724390845463932
STRATCAP,0.75,0.7,100,dollars,DEF-0.25-OR,HT,1507244377499.63,0.003753515334718,0.0547100836651932,266.4169214257723,0.2917214531247325,0.0,9.970000233456672,788941007221.0326,,DEF-0.25-OR/HT,2860995247281.9775,3584615184268.7334,0.5268251944604077,0.42047592280316415,0.2757575385595442
STRATCAP,0.75,0.7,100,dollars,DEF-0.5-OR,HT,1102690715082.1538,0.002507030669436,0.1044201673303864,398.8782475584781,0.5454617449529855,0.0,9.955080040888898,388405747913.0698,,DEF-0.5-OR/HT,2860995247281.9775,3584615184268.7334,0.38542207161292547,0.30761759865364857,0.13575896299795176
STRATCAP,0.75,0.7,100,dollars,DEF-0.75-OR,HT,920408005235.392,0.001260546004154,0.1541302509955797,793.307024658023,0.8822511823600034,0.0,9.930163236127346,208711422351.24048,,DEF-0.75-OR/HT,2860995247281.9775,3584615184268.7334,0.32170902978947774,0.2567661960688694,0.07295063581441526
STRATCAP,0.75,0.7,100,dollars,EQ-P,DIFF-OR,216697190808.036,0.005,0.005,200.0,0.0,0.0,9.974968671630002,216686355948.4956,,EQ-P/DIFF-OR,2860995247281.9775,3584615184268.7334,0.07574189122261009,0.06045200939811411,0.07573810412804896
STRATCAP,0.75,0.7,100,dollars,SRSWOR,DIFF-OR,216697190808.036,,,,,,,,,SRSWOR/DIFF-OR,2860995247281.9775,3584615184268.7334,0.07574189122261009,0.06045200939811411,
STRATCAP,0.75,0.7,100,dollars,RA-OR,DIFF-OR,109996226371.00424,2.419222331533714e-05,0.0975168426567965,41335.59726881448,1.361431977367133,0.0,9.950865966131897,109985628592.68956,,RA-OR/DIFF-OR,2860995247281.9775,3584615184268.7334,0.03844683995036469,0.030685644264893005,0.03844313572250037
STRATCAP,0.75,0.7,400,rate,EQ-P,HT,686000.0000000002,0.02,0.02,50.0,0.0,0.0,19.798989873223334,205790.3556942996,,EQ-P/HT,205800.64572658576,686000.0000000002,3.3333228745617163,1.0,0.9999500000000008
STRATCAP,0.75,0.7,400,rate,SRSWOR,EXP,205800.64572658576,,,,,,,,,SRSWOR/EXP,205800.64572658576,686000.0000000002,1.0,0.30000094129239896,
STRATCAP,0.75,0.7,400,rate,ST-PROP,EXP,193004.50104282805,,,,,,,,"[np.int64(254), np.int64(75), np.int64(40), np.int64(22), np.int64(9)]",ST-PROP/EXP,205800.64572658576,686000.0000000002,0.9378226213111212,0.2813476691586414,
STRATCAP,0.75,0.7,400,rate,ST-EQD,EXP,508199.3853013908,,,,,,,,"[np.int64(80), np.int64(80), np.int64(80), np.int64(80), np.int64(80)]",ST-EQD/EXP,205800.64572658576,686000.0000000002,2.469377020208934,0.7408154304684994,
STRATCAP,0.75,0.7,400,rate,PPS-A,HT,2610170.4326439085,6.518257446423344e-05,0.7548035511562711,15341.523531702687,1.7774773876602563,0.0,19.242976377272033,2105859.9023419507,,PPS-A/HT,205800.64572658576,686000.0000000002,12.68300409568016,3.8049131671193988,10.232523298977732
STRATCAP,0.75,0.7,400,rate,RA-OR,HT,681604.4220870791,0.0188712280325656,0.0236244216978548,52.990722080954214,0.0769792158534461,0.0,19.797713185716816,201588.25175480495,,RA-OR/HT,205800.64572658576,686000.0000000002,3.3119644483167336,0.9935924520219809,0.9795316775760892
STRATCAP,0.75,0.7,400,rate,DEF-0.25-OR,HT,684032.605145741,0.0197178070081414,0.0209061054244637,50.715579049287946,0.0196941975759372,0.0,19.79891008266602,203882.94148805767,,DEF-0.25-OR/HT,205800.64572658576,686000.0000000002,3.323763162796414,0.9971320774719253,0.990681738476779
STRATCAP,0.75,0.7,400,rate,DEF-0.5-OR,HT,682665.7574535528,0.0194356140162828,0.0218122108489274,51.45193762143128,0.0390611613167616,0.0,19.798670709064695,202568.3318223768,,DEF-0.5-OR/HT,205800.64572658576,686000.0000000002,3.317121552478028,0.9951395881247121,0.9842939564509277
STRATCAP,0.75,0.7,400,rate,DEF-0.75-OR,HT,681865.710559006,0.0191534210244242,0.0227183162733911,52.209994168916865,0.0581433716297241,0.0,19.798271746630988,201812.7822975627,,DEF-0.75-OR/HT,205800.64572658576,686000.0000000002,3.3132340676175103,0.993973339007297,0.9806226874801884
STRATCAP,0.75,0.7,400,rate,EQ-P,DIFF-OR,192886.11400816173,0.02,0.02,50.0,0.0,0.0,19.798989873223334,192876.4697024613,,EQ-P/DIFF-OR,205800.64572658576,686000.0000000002,0.9372473702751084,0.2811750933063581,0.9372005079065945
STRATCAP,0.75,0.7,400,rate,SRSWOR,DIFF-OR,192886.11400816173,,,,,,,,,SRSWOR/DIFF-OR,205800.64572658576,686000.0000000002,0.9372473702751084,0.2811750933063581,
STRATCAP,0.75,0.7,400,rate,RA-OR,DIFF-OR,186331.96482887183,0.0077497831133437,0.0222632275385283,129.03586918170384,0.2414212285315227,0.0,19.79202933337538,186322.33574761671,,RA-OR/DIFF-OR,205800.64572658576,686000.0000000002,0.9054002924578826,0.27162093998377806,0.9053535040660332
STRATCAP,0.75,0.7,400,dollars,EQ-P,HT,882643939845.065,0.02,0.02,50.0,0.0,0.0,19.798989873223334,704430943107.8447,,EQ-P/HT,704466166416.1653,882643939845.065,1.2529259486446942,1.0,0.9999500000000003
STRATCAP,0.75,0.7,400,dollars,SRSWOR,EXP,704466166416.1653,,,,,,,,,SRSWOR/EXP,704466166416.1653,882643939845.065,1.0,0.7981317659528981,
STRATCAP,0.75,0.7,400,dollars,ST-PROP,EXP,166984359079.83557,,,,,,,,"[np.int64(254), np.int64(75), np.int64(40), np.int64(22), np.int64(9)]",ST-PROP/EXP,704466166416.1653,882643939845.065,0.23703673368635436,0.18918654685279684,
STRATCAP,0.75,0.7,400,dollars,ST-EQD,EXP,57192709828.65849,,,,,,,,"[np.int64(80), np.int64(80), np.int64(80), np.int64(80), np.int64(80)]",ST-EQD/EXP,704466166416.1653,882643939845.065,0.08118588593064063,0.06479703450827275,
STRATCAP,0.75,0.7,400,dollars,PPS-A,HT,199264081726.41833,6.518257446423344e-05,0.7548035511562711,15341.523531702687,1.7774773876602563,0.0,19.242976377272033,34045802040.981903,,PPS-A/HT,704466166416.1653,882643939845.065,0.28285827088068066,0.22575817125238087,0.048328512658291745
STRATCAP,0.75,0.7,400,dollars,RA-OR,HT,197917345364.99316,5.624535548820385e-05,0.8153613386430919,17779.245794076753,1.945228850620429,0.0,19.14762626834689,32919792233.091583,,RA-OR/HT,704466166416.1653,882643939845.065,0.2809465589694097,0.224232373248645,0.046730125309728685
STRATCAP,0.75,0.7,400,dollars,DEF-0.25-OR,HT,363301238152.7892,0.015014061338872,0.2188403346607729,66.60423035644307,0.2917214531247325,0.0,19.758908737124575,190523910178.06857,,DEF-0.25-OR/HT,704466166416.1653,882643939845.065,0.5157114074065666,0.41160565631545754,0.2704514698659297
STRATCAP,0.75,0.7,400,dollars,DEF-0.5-OR,HT,262162822548.4201,0.0100281226777441,0.4176806693215459,99.71956188961953,0.5454617449529855,0.0,19.638174505999075,93380683810.99684,,DEF-0.5-OR/HT,704466166416.1653,882643939845.065,0.3721439510461127,0.2970199088371228,0.1325552429097524
STRATCAP,0.75,0.7,400,dollars,DEF-0.75-OR,HT,216592145086.72968,0.0050421840166161,0.6165210039823189,198.32675616450575,0.8822511823600034,0.0,19.435284158925025,50410917265.99563,,DEF-0.75-OR/HT,704466166416.1653,882643939845.065,0.30745570960291835,0.24539016845767866,0.07155903245496001
STRATCAP,0.75,0.7,400,dollars,EQ-P,DIFF-OR,53357599746.70233,0.02,0.02,50.0,0.0,0.0,19.798989873223334,53354931866.715,,EQ-P/DIFF-OR,704466166416.1653,882643939845.065,0.07574189122261009,0.06045200939811411,0.07573810412804896
STRATCAP,0.75,0.7,400,dollars,SRSWOR,DIFF-OR,53357599746.70233,,,,,,,,,SRSWOR/DIFF-OR,704466166416.1653,882643939845.065,0.07574189122261009,0.06045200939811411,
STRATCAP,0.75,0.7,400,dollars,RA-OR,DIFF-OR,26682358637.44439,9.676889326134856e-05,0.390067370627186,10333.89931720362,1.361431977367133,0.0,19.603972444756007,26679913694.965176,,RA-OR/DIFF-OR,704466166416.1653,882643939845.065,0.037875997328850726,0.030230036635302885,0.037872526697334596
STRATCAP,1.5,0.05,100,rate,EQ-P,HT,199000.00000000003,0.005,0.005,200.0,0.0,0.0,9.974968671630002,189043.4513276538,,EQ-P/HT,189052.90397285245,199000.00000000003,1.0526154098567877,1.0,0.99995
STRATCAP,1.5,0.05,100,rate,SRSWOR,EXP,189052.90397285245,,,,,,,,,SRSWOR/EXP,189052.90397285245,199000.00000000003,1.0,0.9500145928284042,
STRATCAP,1.5,0.05,100,rate,ST-PROP,EXP,136828.03322394754,,,,,,,,"[np.int64(64), np.int64(19), np.int64(10), np.int64(5), np.int64(2)]",ST-PROP/EXP,189052.90397285245,199000.00000000003,0.7237552576478578,0.6875780564017463,
STRATCAP,1.5,0.05,100,rate,ST-EQD,EXP,89627.38735996443,,,,,,,,"[np.int64(20), np.int64(20), np.int64(20), np.int64(20), np.int64(20)]",ST-EQD/EXP,189052.90397285245,199000.00000000003,0.4740862767854373,0.45038888120585135,
STRATCAP,1.5,0.05,100,rate,PPS-A,HT,144886.04353662935,1.629564361605836e-05,0.1887008877890677,61366.09412681075,1.7774773876602563,0.0,9.90672795331615,135146.2651483443,,PPS-A/HT,189052.90397285245,199000.00000000003,0.7663783020092336,0.7280705705358258,0.7148595039182841
STRATCAP,1.5,0.05,100,rate,RA-OR,HT,94783.43904349004,0.0023343188684074,0.026705305107094,428.3904883492768,0.7878438075671192,0.0,9.947661945588882,85013.4243727095,,RA-OR/HT,189052.90397285245,199000.00000000003,0.50135933937889,0.4762986886607539,0.44968060572567153
STRATCAP,1.5,0.05,100,rate,DEF-0.25-OR,HT,133684.3651004069,0.0043335797171018,0.0104263262767735,230.75611048612785,0.2124288520815756,0.0,9.973264191651714,123784.69598886484,,DEF-0.25-OR/HT,189052.90397285245,199000.00000000003,0.7071267475457751,0.6717807291477732,0.6547622035292303
STRATCAP,1.5,0.05,100,rate,DEF-0.5-OR,HT,109417.33232964113,0.0036671594342037,0.015852652553547,272.69062552147705,0.3908721510660042,0.0,9.968149002995958,99567.66226629168,,DEF-0.5-OR/HT,189052.90397285245,199000.00000000003,0.578765678972872,0.5498358408524678,0.5266656061553509
STRATCAP,1.5,0.05,100,rate,DEF-0.75-OR,HT,98288.81452265129,0.0030007391513055,0.0212789788303205,333.2512256404928,0.5739093680239509,0.0,9.959617850517205,88482.34459956245,,DEF-0.75-OR/HT,189052.90397285245,199000.00000000003,0.5199011094628059,0.49391364081734307,0.46802954485305504
STRATCAP,1.5,0.05,100,rate,EQ-P,DIFF-OR,130973.44692445143,0.005,0.005,200.0,0.0,0.0,9.974968671630002,130966.8982521052,,EQ-P/DIFF-OR,189052.90397285245,199000.00000000003,0.692787278968531,0.6581580247459871,0.6927526396045824
STRATCAP,1.5,0.05,100,rate,SRSWOR,DIFF-OR,130973.44692445142,,,,,,,,,SRSWOR/DIFF-OR,189052.90397285245,199000.00000000003,0.6927872789685309,0.658158024745987,
STRATCAP,1.5,0.05,100,rate,RA-OR,DIFF-OR,76914.56128835009,0.0025871080351554,0.0168000882447792,386.5319833618421,0.6869173989269016,0.0,9.95748763202758,76908.08474829655,,RA-OR/DIFF-OR,189052.90397285245,199000.00000000003,0.406841469620561,0.3865053331072868,0.4068072118021544
STRATCAP,1.5,0.05,100,dollars,EQ-P,HT,1874772047442.12,0.005,0.005,200.0,0.0,0.0,9.974968671630002,1821833838535.8623,,EQ-P/HT,1821924934782.6016,1874772047442.12,1.0290061964961386,1.0,0.9999499999999999
STRATCAP,1.5,0.05,100,dollars,SRSWOR,EXP,1821924934782.6016,,,,,,,,,SRSWOR/EXP,1821924934782.6016,1874772047442.12,1.0,0.9718114462333586,
STRATCAP,1.5,0.05,100,dollars,ST-PROP,EXP,1018276337570.5385,,,,,,,,"[np.int64(64), np.int64(19), np.int64(10), np.int64(5), np.int64(2)]",ST-PROP/EXP,1821924934782.6016,1874772047442.12,0.5589013675209636,0.5431467462723495,
STRATCAP,1.5,0.05,100,dollars,ST-EQD,EXP,147224310209.2683,,,,,,,,"[np.int64(20), np.int64(20), np.int64(20), np.int64(20), np.int64(20)]",ST-EQD/EXP,1821924934782.6016,1874772047442.12,0.08080701207749573,0.0785291792728276,
STRATCAP,1.5,0.05,100,dollars,PPS-A,HT,225551695750.12103,1.629564361605836e-05,0.1887008877890677,61366.09412681075,1.7774773876602563,0.0,9.90672795331615,175601907571.5961,,PPS-A/HT,1821924934782.6016,1874772047442.12,0.12379856680376057,0.12030886424717963,0.09638262489258348
STRATCAP,1.5,0.05,100,dollars,RA-OR,HT,145269351301.7428,3.050255003300747e-06,0.4040879846552951,327841.442409857,4.5172915158929285,0.0,9.690706374394525,97402807271.82346,,RA-OR/HT,1821924934782.6016,1874772047442.12,0.07973399371641886,0.07748640774751454,0.053461482090888614
STRATCAP,1.5,0.05,100,dollars,DEF-0.25-OR,HT,380566599565.63434,0.0037507625637508,0.1047719961638238,266.6124509358394,0.4111076947340345,0.0,9.957440026290426,329446850078.4296,,DEF-0.25-OR/HT,1821924934782.6016,1874772047442.12,0.2088816022549496,0.20299353197892372,0.18082350364107638
STRATCAP,1.5,0.05,100,dollars,DEF-0.5-OR,HT,232673662593.0689,0.0025015251275016,0.2045439923276475,399.75612837386547,0.7516832342407802,0.0,9.904667965594944,182995124138.419,,DEF-0.5-OR/HT,1821924934782.6016,1874772047442.12,0.12770760098347977,0.12410770840674817,0.10044053991733454
STRATCAP,1.5,0.05,100,dollars,DEF-0.75-OR,HT,172773544299.06995,0.0012522876912524,0.3043159884914713,798.5385522713634,1.264995976838678,0.0,9.81608409165977,124178012520.3648,,DEF-0.75-OR/HT,1821924934782.6016,1874772047442.12,0.0948302210484242,0.09215709426369821,0.06815758989279225
STRATCAP,1.5,0.05,100,dollars,EQ-P,DIFF-OR,714290682431.3801,0.005,0.005,200.0,0.0,0.0,9.974968671630002,714254967897.2585,,EQ-P/DIFF-OR,1821924934782.6016,1874772047442.12,0.39205275079931423,0.3810013507540481,0.39203314816177426
STRATCAP,1.5,0.05,100,dollars,SRSWOR,DIFF-OR,714290682431.3801,,,,,,,,,SRSWOR/DIFF-OR,1821924934782.6016,1874772047442.12,0.39205275079931423,0.3810013507540481,
STRATCAP,1.5,0.05,100,dollars,RA-OR,DIFF-OR,83766798503.66833,4.048410354684054e-06,0.3027055834630145,247010.533120238,3.890528875856847,0.0,9.792398854366503,83735676047.25636,,RA-OR/DIFF-OR,1821924934782.6016,1874772047442.12,0.04597708550141978,0.04468105795472954,0.04596000331772615
STRATCAP,1.5,0.05,400,rate,EQ-P,HT,49000.00000000001,0.02,0.02,50.0,0.0,0.0,19.798989873223334,46548.38751283938,,EQ-P/HT,46550.71504859181,49000.00000000001,1.0526154098567877,1.0,0.9999499999999999
STRATCAP,1.5,0.05,400,rate,SRSWOR,EXP,46550.71504859181,,,,,,,,,SRSWOR/EXP,46550.71504859181,49000.00000000001,1.0,0.9500145928284042,
STRATCAP,1.5,0.05,400,rate,ST-PROP,EXP,32037.18719234619,,,,,,,,"[np.int64(254), np.int64(75), np.int64(40), np.int64(22), np.int64(9)]",ST-PROP/EXP,46550.71504859181,49000.00000000001,0.6882211617781656,0.6538201467825753,
STRATCAP,1.5,0.05,400,rate,ST-EQD,EXP,21913.22832143162,,,,,,,,"[np.int64(80), np.int64(80), np.int64(80), np.int64(80), np.int64(80)]",ST-EQD/EXP,46550.71504859181,49000.00000000001,0.4707388124663084,0.44720874125370647,
STRATCAP,1.5,0.05,400,rate,PPS-A,HT,35471.51088415734,6.518257446423344e-05,0.7548035511562711,15341.523531702687,1.7774773876602563,0.0,19.242976377272033,33236.11896584158,,PPS-A/HT,46550.71504859181,49000.00000000001,0.7619971217870771,0.723908385390966,0.7139765507607815
STRATCAP,1.5,0.05,400,rate,RA-OR,HT,22945.85976087251,0.0093372754736298,0.1068212204283763,107.0976220873192,0.7878438075671192,0.0,19.577937862284543,20679.3913310641,,RA-OR/HT,46550.71504859181,49000.00000000001,0.492921746463412,0.4682828522627042,0.4442335914599375
STRATCAP,1.5,0.05,400,rate,DEF-0.25-OR,HT,32671.091275101724,0.0173343188684074,0.041705305107094,57.68902762153195,0.2124288520815756,0.0,19.785246477709524,30276.13746965241,,DEF-0.25-OR/HT,46550.71504859181,49000.00000000001,0.7018386557757086,0.6667569647979943,0.6503903847244615
STRATCAP,1.5,0.05,400,rate,DEF-0.5-OR,HT,26604.33308241027,0.0146686377368149,0.0634106102141881,68.17265638036926,0.3908721510660042,0.0,19.743958892148974,24258.922370478933,,DEF-0.5-OR/HT,46550.71504859181,49000.00000000001,0.5715128769695466,0.5429455731104136,0.5211288880344016
STRATCAP,1.5,0.05,400,rate,DEF-0.75-OR,HT,23822.20363066283,0.0120029566052223,0.0851159153212822,83.3128064101232,0.5739093680239509,0.0,19.67495371413754,21519.548180653197,,DEF-0.75-OR/HT,46550.71504859181,49000.00000000001,0.5117473191506532,0.48616742103393523,0.46228179649206436
STRATCAP,1.5,0.05,400,rate,EQ-P,DIFF-OR,32249.743212553367,0.02,0.02,50.0,0.0,0.0,19.798989873223334,32248.13072539274,,EQ-P/DIFF-OR,46550.71504859181,49000.00000000001,0.692787278968531,0.658158024745987,0.6927526396045826
STRATCAP,1.5,0.05,400,rate,SRSWOR,DIFF-OR,32249.743212553367,,,,,,,,,SRSWOR/DIFF-OR,46550.71504859181,49000.00000000001,0.692787278968531,0.658158024745987,
STRATCAP,1.5,0.05,400,rate,RA-OR,DIFF-OR,18735.02180352803,0.0103484321406218,0.067200352979117,96.63299584046052,0.6869173989269016,0.0,19.657694653028766,18733.48061085526,,RA-OR/DIFF-OR,46550.71504859181,49000.00000000001,0.40246474804890836,0.38234738374546995,0.40243164022937944
STRATCAP,1.5,0.05,400,dollars,EQ-P,HT,461627288063.6376,0.02,0.02,50.0,0.0,0.0,19.798989873223334,448592251699.7851,,EQ-P/HT,448614682433.90686,461627288063.6376,1.0290061964961386,1.0,0.9999499999999999
STRATCAP,1.5,0.05,400,dollars,SRSWOR,EXP,448614682433.90686,,,,,,,,,SRSWOR/EXP,448614682433.90686,461627288063.6376,1.0,0.9718114462333586,
STRATCAP,1.5,0.05,400,dollars,ST-PROP,EXP,224851331899.21652,,,,,,,,"[np.int64(254), np.int64(75), np.int64(40), np.int64(22), np.int64(9)]",ST-PROP/EXP,448614682433.90686,461627288063.6376,0.501212601155432,0.48708414279924384,
STRATCAP,1.5,0.05,400,dollars,ST-EQD,EXP,33323027526.803257,,,,,,,,"[np.int64(80), np.int64(80), np.int64(80), np.int64(80), np.int64(80)]",ST-EQD/EXP,448614682433.90686,461627288063.6376,0.07427984154689954,0.07218600023967715,
STRATCAP,1.5,0.05,400,dollars,PPS-A,HT,49322200140.63785,6.518257446423344e-05,0.7548035511562711,15341.523531702687,1.7774773876602563,0.0,19.242976377272033,39193818785.692245,,PPS-A/HT,448614682433.90686,461627288063.6376,0.10994334798193849,0.10684420400606505,0.08736633088567394
STRATCAP,1.5,0.05,400,dollars,RA-OR,HT,29355638656.494663,1.2266839331462557e-05,1.0,81520.59165193056,4.504560780903287,5.0,17.51905724194115,21187581689.23562,,RA-OR/HT,448614682433.90686,461627288063.6376,0.06543619682090888,0.06359164506853816,0.047228908278892826
STRATCAP,1.5,0.05,400,dollars,DEF-0.25-OR,HT,88816610174.80244,0.0150030667098328,0.265,66.65303963119818,0.410505862539359,0.0,19.664240016217263,77507703620.80074,,DEF-0.25-OR/HT,448614682433.90686,461627288063.6376,0.19797972213690876,0.19239896009474777,0.1727712147098969
STRATCAP,1.5,0.05,400,dollars,DEF-0.5-OR,HT,51428220126.44991,0.0100061334196657,0.51,99.9387033991204,0.750948444361081,0.0,19.2543330619786,41465268515.9124,,DEF-0.5-OR/HT,448614682433.90686,461627288063.6376,0.11463784432429201,0.11140636928586484,0.09242958409418836
STRATCAP,1.5,0.05,400,dollars,DEF-0.75-OR,HT,36313530806.90309,0.0050092001294985,0.755,199.63267071545343,1.2638209817290116,0.0,18.551038211879295,27388275256.88581,,DEF-0.75-OR/HT,448614682433.90686,461627288063.6376,0.08094592582188405,0.07866417723966329,0.06105077771483961
STRATCAP,1.5,0.05,400,dollars,EQ-P,DIFF-OR,175880620297.174,0.02,0.02,50.0,0.0,0.0,19.798989873223334,175871826266.15915,,EQ-P/DIFF-OR,448614682433.90686,461627288063.6376,0.3920527507993143,0.3810013507540482,0.3920331481617743
STRATCAP,1.5,0.05,400,dollars,SRSWOR,DIFF-OR,175880620297.17398,,,,,,,,,SRSWOR/DIFF-OR,448614682433.90686,461627288063.6376,0.39205275079931423,0.3810013507540481,
STRATCAP,1.5,0.05,400,dollars,RA-OR,DIFF-OR,18254757632.30632,1.621456452141063e-05,1.0,61672.948334785266,3.8878520252319047,3.0,18.308886547779014,18249560218.37716,,RA-OR/DIFF-OR,448614682433.90686,461627288063.6376,0.04069139586173875,0.039544364261650436,0.040679810387315656
STRATCAP,1.5,0.25,100,rate,EQ-P,HT,995000.0,0.005,0.005,200.0,0.0,0.0,9.974968671630002,746226.3428193616,,EQ-P/HT,746263.6560021618,995000.0,1.333308934445975,1.0,0.9999499999999999
STRATCAP,1.5,0.25,100,rate,SRSWOR,EXP,746263.6560021618,,,,,,,,,SRSWOR/EXP,746263.6560021618,995000.0,1.0,0.7500137246252883,
STRATCAP,1.5,0.25,100,rate,ST-PROP,EXP,472460.771614507,,,,,,,,"[np.int64(64), np.int64(19), np.int64(10), np.int64(5), np.int64(2)]",ST-PROP/EXP,746263.6560021618,995000.0,0.6331016763506145,0.4748349463462382,
STRATCAP,1.5,0.25,100,rate,ST-EQD,EXP,847353.6823688908,,,,,,,,"[np.int64(20), np.int64(20), np.int64(20), np.int64(20), np.int64(20)]",ST-EQD/EXP,746263.6560021618,995000.0,1.135461543053406,0.8516117410742622,
STRATCAP,1.5,0.25,100,rate,PPS-A,HT,1801318.486937094,1.629564361605836e-05,0.1887008877890677,61366.09412681075,1.7774773876602563,0.0,9.90672795331615,1552497.3618910946,,PPS-A/HT,746263.6560021618,995000.0,2.413782947151691,1.8103703386302452,2.0803604053399023
STRATCAP,1.5,0.25,100,rate,RA-OR,HT,795604.3375550131,0.0033208050649483,0.0110382596780608,301.13179799536505,0.446767213087406,0.0,9.968724681839706,547812.6103015532,,RA-OR/HT,746263.6560021618,995000.0,1.0661169563277089,0.7996023493015207,0.7340738168012382
STRATCAP,1.5,0.25,100,rate,DEF-0.25-OR,HT,895275.4438664784,0.004580201266237,0.0065095649195152,218.33101688598123,0.1176127528788906,0.0,9.97457853678014,646805.6792772731,,DEF-0.25-OR/HT,746263.6560021618,995000.0,1.199677133766092,0.8997743154436969,0.866725418121393
STRATCAP,1.5,0.25,100,rate,DEF-0.5-OR,HT,836921.6632285434,0.0041604025324741,0.0080191298390304,240.3613573913745,0.2271732192059102,0.0,9.973408040663935,588716.7926072261,,DEF-0.5-OR/HT,746263.6560021618,995000.0,1.1214825437326656,0.8411272997271793,0.7888857883835102
STRATCAP,1.5,0.25,100,rate,DEF-0.75-OR,HT,805601.0693601314,0.0037406037987112,0.0095286947585456,267.33651939949755,0.3352287871644305,0.0,9.97145690847406,557622.1910187227,,DEF-0.75-OR/HT,746263.6560021618,995000.0,1.079512666710648,0.8096493159398306,0.7472187430458322
STRATCAP,1.5,0.25,100,rate,EQ-P,DIFF-OR,473143.612764957,0.005,0.005,200.0,0.0,0.0,9.974968671630002,473119.9555843188,,EQ-P/DIFF-OR,746263.6560021618,995000.0,0.6340166896236823,0.4755212188592533,0.6339849887892011
STRATCAP,1.5,0.25,100,rate,SRSWOR,DIFF-OR,473143.6127649571,,,,,,,,,SRSWOR/DIFF-OR,746263.6560021618,995000.0,0.6340166896236824,0.4755212188592534,
STRATCAP,1.5,0.25,100,rate,RA-OR,DIFF-OR,443959.21632690704,0.0023148501500716,0.0070778653278328,431.99340569368104,0.2510693357612595,0.0,9.973329772796385,443935.5831007309,,RA-OR/DIFF-OR,746263.6560021618,995000.0,0.5949093363399985,0.44619016716272064,0.5948776676047117
STRATCAP,1.5,0.25,100,dollars,EQ-P,HT,3315455171194.9453,0.005,0.005,200.0,0.0,0.0,9.974968671630002,2961031693110.7285,,EQ-P/HT,2961179752098.333,3315455171194.9453,1.1196399572993054,1.0,0.9999500000000001
STRATCAP,1.5,0.25,100,dollars,SRSWOR,EXP,2961179752098.333,,,,,,,,,SRSWOR/EXP,2961179752098.333,3315455171194.9453,1.0,0.8931442589920691,
STRATCAP,1.5,0.25,100,dollars,ST-PROP,EXP,791202287569.3286,,,,,,,,"[np.int64(64), np.int64(19), np.int64(10), np.int64(5), np.int64(2)]",ST-PROP/EXP,2961179752098.333,3315455171194.9453,0.2671915769411403,0.2386406229960172,
STRATCAP,1.5,0.25,100,dollars,ST-EQD,EXP,196581934245.70633,,,,,,,,"[np.int64(20), np.int64(20), np.int64(20), np.int64(20), np.int64(20)]",ST-EQD/EXP,2961179752098.333,3315455171194.9453,0.06638635635219566,0.05929259305136523,
STRATCAP,1.5,0.25,100,dollars,PPS-A,HT,591519218170.3539,1.629564361605836e-05,0.1887008877890677,61366.09412681075,1.7774773876602563,0.0,9.90672795331615,248188400610.90588,,PPS-A/HT,2961179752098.333,3315455171194.9453,0.19975795719634892,0.1784126726579025,0.08381402730956679
STRATCAP,1.5,0.25,100,dollars,RA-OR,HT,520962467713.5431,6.729390517850125e-06,0.2590212418025022,148601.8677839305,2.9590774663045387,0.0,9.843833951312122,179573086391.70465,,RA-OR/HT,2961179752098.333,3315455171194.9453,0.17593071387996012,0.15713150708226273,0.06064241330316293
STRATCAP,1.5,0.25,100,dollars,DEF-0.25-OR,HT,1106408398645.6523,0.0037516823476294,0.0685053104506255,266.5470867041449,0.3478429474786176,0.0,9.966823299267064,756968038989.0299,,DEF-0.25-OR/HT,2961179752098.333,3315455171194.9453,0.3736377022913371,0.3337123687444956,0.2556305602362139
STRATCAP,1.5,0.25,100,dollars,DEF-0.5-OR,HT,748942551845.9232,0.0025033646952589,0.1320106209012511,399.4623723398676,0.6511926890104452,0.0,9.94234714316752,403325498751.6808,,DEF-0.5-OR/HT,2961179752098.333,3315455171194.9453,0.2529203272159389,0.22589433823531138,0.13620432817895595
STRATCAP,1.5,0.25,100,dollars,DEF-0.75-OR,HT,591147793112.434,0.0012550470428883,0.1955159313518766,796.7828820970585,1.0839405784419025,0.0,9.901419095731452,248214947738.71997,,DEF-0.75-OR/HT,2961179752098.333,3315455171194.9453,0.19963252575043391,0.17830064428208645,0.08382299236067361
STRATCAP,1.5,0.25,100,dollars,EQ-P,DIFF-OR,277867441078.1398,0.005,0.005,200.0,0.0,0.0,9.974968671630002,277853547706.0859,,EQ-P/DIFF-OR,2961179752098.333,3315455171194.9453,0.09383673547046209,0.08380974156800067,0.09383204363368856
STRATCAP,1.5,0.25,100,dollars,SRSWOR,DIFF-OR,277867441078.13983,,,,,,,,,SRSWOR/DIFF-OR,2961179752098.333,3315455171194.9453,0.0938367354704621,0.08380974156800068,
STRATCAP,1.5,0.25,100,dollars,RA-OR,DIFF-OR,114896082040.18169,1.3815534489317156e-05,0.0872053875941441,72382.28826928473,1.949293346545251,0.0,9.939783875368922,114882450484.40608,,RA-OR/DIFF-OR,2961179752098.333,3315455171194.9453,0.038800779303844936,0.034654693279647396,0.03879617588327719
STRATCAP,1.5,0.25,400,rate,EQ-P,HT,244999.99999999997,0.02,0.02,50.0,0.0,0.0,19.798989873223334,183744.17486506896,,EQ-P/HT,183753.3625331956,244999.99999999997,1.333308934445975,1.0,0.99995
STRATCAP,1.5,0.25,400,rate,SRSWOR,EXP,183753.3625331956,,,,,,,,,SRSWOR/EXP,183753.3625331956,244999.99999999997,1.0,0.7500137246252883,
STRATCAP,1.5,0.25,400,rate,ST-PROP,EXP,116708.96759114234,,,,,,,,"[np.int64(254), np.int64(75), np.int64(40), np.int64(22), np.int64(9)]",ST-PROP/EXP,183753.3625331956,244999.99999999997,0.6351392213030034,0.47636313302507083,
STRATCAP,1.5,0.25,400,rate,ST-EQD,EXP,210055.21602150053,,,,,,,,"[np.int64(80), np.int64(80), np.int64(80), np.int64(80), np.int64(80)]",ST-EQD/EXP,183753.3625331956,244999.99999999997,1.1431367193814121,0.8573682286591859,
STRATCAP,1.5,0.25,400,rate,PPS-A,HT,446579.6217342735,6.518257446423344e-05,0.7548035511562711,15341.523531702687,1.7774773876602563,0.0,19.242976377272033,385237.5320601909,,PPS-A/HT,183753.3625331956,244999.99999999997,2.4303208146931055,1.822773966262341,2.096492421958246
STRATCAP,1.5,0.25,400,rate,RA-OR,HT,195151.08438875325,0.0132832202597932,0.0441530387122435,75.28294949884126,0.446767213087406,0.0,19.748608774218052,134875.79445039175,,RA-OR/HT,183753.3625331956,244999.99999999997,1.0620272831932456,0.7965350383214419,0.7340044970661477
STRATCAP,1.5,0.25,400,rate,DEF-0.25-OR,HT,220068.86096661963,0.0183208050649483,0.0260382596780608,54.58275422149531,0.1176127528788906,0.0,19.7958448110284,159116.67925844845,,DEF-0.25-OR/HT,183753.3625331956,244999.99999999997,1.1976317490618085,0.8982402488433455,0.865925265610873
STRATCAP,1.5,0.25,400,rate,DEF-0.5-OR,HT,205480.4158071358,0.0166416101298966,0.0320765193561217,60.090339347843624,0.2271732192059102,0.0,19.78640662498577,144792.63366298657,,DEF-0.5-OR/HT,183753.3625331956,244999.99999999997,1.1182403030584822,0.8386955747230034,0.7879727024686655
STRATCAP,1.5,0.25,400,rate,DEF-0.75-OR,HT,197650.26734003288,0.0149624151948449,0.0381147790341826,66.83412984987439,0.3352287871644305,0.0,19.770666302400667,137188.03377687617,,DEF-0.75-OR/HT,183753.3625331956,244999.99999999997,1.0756280299595973,0.8067357850613588,0.7465878821787151
STRATCAP,1.5,0.25,400,rate,EQ-P,DIFF-OR,116502.69862051708,0.02,0.02,50.0,0.0,0.0,19.798989873223334,116496.87348558604,,EQ-P/DIFF-OR,183753.3625331956,244999.99999999997,0.6340166896236824,0.47552121885925347,0.6339849887892012
STRATCAP,1.5,0.25,400,rate,SRSWOR,DIFF-OR,116502.69862051708,,,,,,,,,SRSWOR/DIFF-OR,183753.3625331956,244999.99999999997,0.6340166896236824,0.47552121885925347,
STRATCAP,1.5,0.25,400,rate,RA-OR,DIFF-OR,109206.59951100456,0.0092594006002867,0.0283114613113312,107.99835142342026,0.2510693357612595,0.0,19.785775398279146,109200.7981869702,,RA-OR/DIFF-OR,183753.3625331956,244999.99999999997,0.594310754401983,0.44574122249389625,0.5942791831482417
STRATCAP,1.5,0.25,400,dollars,EQ-P,HT,816368358736.4438,0.02,0.02,50.0,0.0,0.0,19.798989873223334,729098256092.5913,,EQ-P/HT,729134712828.2328,816368358736.4438,1.1196399572993054,1.0,0.9999499999999999
STRATCAP,1.5,0.25,400,dollars,SRSWOR,EXP,729134712828.2328,,,,,,,,,SRSWOR/EXP,729134712828.2328,816368358736.4438,1.0,0.8931442589920691,
STRATCAP,1.5,0.25,400,dollars,ST-PROP,EXP,178042924294.11014,,,,,,,,"[np.int64(254), np.int64(75), np.int64(40), np.int64(22), np.int64(9)]",ST-PROP/EXP,729134712828.2328,816368358736.4438,0.2441838540418702,0.21809140737605373,
STRATCAP,1.5,0.25,400,dollars,ST-EQD,EXP,46395609856.05255,,,,,,,,"[np.int64(80), np.int64(80), np.int64(80), np.int64(80), np.int64(80)]",ST-EQD/EXP,729134712828.2328,816368358736.4438,0.06363105341136362,0.05683171004797713,
STRATCAP,1.5,0.25,400,dollars,PPS-A,HT,135384370480.29596,6.518257446423344e-05,0.7548035511562711,15341.523531702687,1.7774773876602563,0.0,19.242976377272033,59115245146.70886,,PPS-A/HT,729134712828.2328,816368358736.4438,0.18567813066416078,0.16583735642307448,0.08107588914181219
STRATCAP,1.5,0.25,400,dollars,RA-OR,HT,117745730465.22536,2.692121336650888e-05,1.0,37145.42826825339,2.9588538810833356,2.0,18.72201304953604,43468512149.01312,,RA-OR/HT,729134712828.2328,816368358736.4438,0.16148693566995695,0.14423112949584363,0.059616572060331045
STRATCAP,1.5,0.25,400,dollars,DEF-0.25-OR,HT,264149260483.9976,0.0150067303033416,0.265,66.63676762267959,0.3478181201385317,0.0,19.733400892628392,181814543193.81223,,DEF-0.25-OR/HT,729134712828.2328,816368358736.4438,0.36227771883112225,0.32356626473475986,0.24935658664305496
STRATCAP,1.5,0.25,400,dollars,DEF-0.5-OR,HT,174755866345.41766,0.0100134606066832,0.51,99.86557487753764,0.651164240082613,0.0,19.535312722266543,96189333220.54538,,DEF-0.5-OR/HT,729134712828.2328,816368358736.4438,0.23967569129654934,0.21406496770146846,0.13192258101035625
STRATCAP,1.5,0.25,400,dollars,DEF-0.75-OR,HT,135297963430.24538,0.0050201909100248,0.755,199.19561186469772,1.0838989613676735,0.0,19.200624914379375,59417545257.06534,,DEF-0.75-OR/HT,729134712828.2328,816368358736.4438,0.18555962437371767,0.16573151321011076,0.0814904903191226
STRATCAP,1.5,0.25,400,dollars,EQ-P,DIFF-OR,68419621169.9942,0.02,0.02,50.0,0.0,0.0,19.798989873223334,68416200188.93569,,EQ-P/DIFF-OR,729134712828.2328,816368358736.4438,0.09383673547046206,0.08380974156800064,0.09383204363368852
STRATCAP,1.5,0.25,400,dollars,SRSWOR,DIFF-OR,68419621169.99422,,,,,,,,,SRSWOR/DIFF-OR,729134712828.2328,816368358736.4438,0.09383673547046209,0.08380974156800067,
STRATCAP,1.5,0.25,400,dollars,RA-OR,DIFF-OR,27676781410.504692,5.526213795726863e-05,0.3488215503765766,18095.572067321184,1.949293346545251,0.0,19.51381192449862,27673613263.2441,,RA-OR/DIFF-OR,729134712828.2328,816368358736.4438,0.03795839221966202,0.033902320091560356,0.037954047141578566
STRATCAP,1.5,0.7,100,rate,EQ-P,HT,2786000.0,0.005,0.005,200.0,0.0,0.0,9.974968671630002,835763.8301352151,,EQ-P/HT,835805.6204162359,2786000.0,3.333310918168457,1.0,0.99995
STRATCAP,1.5,0.7,100,rate,SRSWOR,EXP,835805.6204162359,,,,,,,,,SRSWOR/EXP,835805.6204162359,2786000.0,1.0,0.3000020173784048,
STRATCAP,1.5,0.7,100,rate,ST-PROP,EXP,717868.4665278003,,,,,,,,"[np.int64(64), np.int64(19), np.int64(10), np.int64(5), np.int64(2)]",ST-PROP/EXP,835805.6204162359,2786000.0,0.8588940406625859,0.25766994491306544,
STRATCAP,1.5,0.7,100,rate,ST-EQD,EXP,2058175.8784907225,,,,,,,,"[np.int64(20), np.int64(20), np.int64(20), np.int64(20), np.int64(20)]",ST-EQD/EXP,835805.6204162359,2786000.0,2.4625054297502085,0.7387565967303383,
STRATCAP,1.5,0.7,100,rate,PPS-A,HT,9881798.27924562,1.629564361605836e-05,0.1887008877890677,61366.09412681075,1.7774773876602563,0.0,9.90672795331615,7909650.512812274,,PPS-A/HT,835805.6204162359,2786000.0,11.823081871984098,3.5469484132252767,9.463504814520418
STRATCAP,1.5,0.7,100,rate,RA-OR,HT,2748173.2818463966,0.0045645402758336,0.0060115301952674,219.08011312647577,0.1134699030110433,0.0,9.974625442860267,798353.3952110128,,RA-OR/HT,835805.6204162359,2786000.0,3.288053124693982,0.9864225706555623,0.9551902687773604
STRATCAP,1.5,0.7,100,rate,DEF-0.25-OR,HT,2769058.2008539448,0.0048911350689584,0.0052528825488168,204.45152012801643,0.0289847582827641,0.0,9.974947220177894,818951.266677798,,DEF-0.25-OR/HT,835805.6204162359,2786000.0,3.3130408951724184,0.9939189522088818,0.9798346011001406
STRATCAP,1.5,0.7,100,rate,DEF-0.5-OR,HT,2757304.4026956707,0.0047822701379168,0.0055057650976337,209.1057115471941,0.057495861446748,0.0,9.97488286554478,807309.9262631007,,DEF-0.5-OR/HT,835805.6204162359,2786000.0,3.2989780582266457,0.9897000727550864,0.9659063142708418
STRATCAP,1.5,0.7,100,rate,DEF-0.75-OR,HT,2750423.6130377436,0.0046734052068752,0.0057586476464505,213.97673767488692,0.0856286337391175,0.0,9.974775606900256,800524.8186564285,,DEF-0.75-OR/HT,835805.6204162359,2786000.0,3.290745534431818,0.9872302990085224,0.957788269308075
STRATCAP,1.5,0.7,100,rate,EQ-P,DIFF-OR,723397.2956975867,0.005,0.005,200.0,0.0,0.0,9.974968671630002,723361.1258328018,,EQ-P/DIFF-OR,835805.6204162359,2786000.0,0.8655090107402374,0.2596544492812587,0.8654657352897004
STRATCAP,1.5,0.7,100,rate,SRSWOR,DIFF-OR,723397.2956975867,,,,,,,,,SRSWOR/DIFF-OR,835805.6204162359,2786000.0,0.8655090107402374,0.2596544492812587,
STRATCAP,1.5,0.7,100,rate,RA-OR,DIFF-OR,647866.8790837864,0.0005240085928836,0.0061235557758674,1908.3656519769877,0.6433669219771165,0.0,9.972062656748674,647830.7470594964,,RA-OR/DIFF-OR,835805.6204162359,2786000.0,0.7751406107572536,0.23254374697910496,0.7750973805809932
STRATCAP,1.5,0.7,100,dollars,EQ-P,HT,3741056805217.5767,0.005,0.005,200.0,0.0,0.0,9.974968671630002,2944591240238.8525,,EQ-P/HT,2944738477162.7104,3741056805217.5767,1.270420729796735,1.0,0.9999500000000001
STRATCAP,1.5,0.7,100,dollars,SRSWOR,EXP,2944738477162.7104,,,,,,,,,SRSWOR/EXP,2944738477162.7104,3741056805217.5767,1.0,0.7871408081950916,
STRATCAP,1.5,0.7,100,dollars,ST-PROP,EXP,623973046717.0132,,,,,,,,"[np.int64(64), np.int64(19), np.int64(10), np.int64(5), np.int64(2)]",ST-PROP/EXP,2944738477162.7104,3741056805217.5767,0.21189421456475768,0.1667905833043675,
STRATCAP,1.5,0.7,100,dollars,ST-EQD,EXP,199194859182.655,,,,,,,,"[np.int64(20), np.int64(20), np.int64(20), np.int64(20), np.int64(20)]",ST-EQD/EXP,2944738477162.7104,3741056805217.5767,0.06764432927659557,0.053245612016594335,
STRATCAP,1.5,0.7,100,dollars,PPS-A,HT,892921275614.2957,1.629564361605836e-05,0.1887008877890677,61366.09412681075,1.7774773876602563,0.0,9.90672795331615,110597841095.32936,,PPS-A/HT,2944738477162.7104,3741056805217.5767,0.3032260020844485,0.23868156034651927,0.0375577804117572
STRATCAP,1.5,0.7,100,dollars,RA-OR,HT,884362763930.1909,1.3255679134130312e-05,0.2021586821063668,75439.36375355005,2.013010554713736,0.0,9.895377918748585,102256413654.71423,,RA-OR/HT,2944738477162.7104,3741056805217.5767,0.3003196279699122,0.23639383467708588,0.03472512565979695
STRATCAP,1.5,0.7,100,dollars,DEF-0.25-OR,HT,1586936067910.2295,0.0037533139197835,0.0542896705265917,266.431218217333,0.293996207510167,0.0,9.970012864067858,796425762728.9735,,DEF-0.25-OR/HT,2944738477162.7104,3741056805217.5767,0.5389056040858544,0.42419459274100346,0.27045721340128615
STRATCAP,1.5,0.7,100,dollars,DEF-0.5-OR,HT,1159594136169.6982,0.002506627839567,0.1035793410531834,398.94234964402057,0.5520343836331014,0.0,9.955130638957696,373457235552.3002,,DEF-0.5-OR/HT,2944738477162.7104,3741056805217.5767,0.39378510015836127,0.30996432199383755,0.12682186837594167
STRATCAP,1.5,0.7,100,dollars,DEF-0.75-OR,HT,965153882696.3224,0.0012599417593505,0.1528690115797751,793.6874800589374,0.8972639658210089,0.0,9.930277367078276,181820563512.2218,,DEF-0.75-OR/HT,2944738477162.7104,3741056805217.5767,0.3277553813968089,0.2579896358029746,0.061744214273115355
STRATCAP,1.5,0.7,100,dollars,EQ-P,DIFF-OR,74476054227.31146,0.005,0.005,200.0,0.0,0.0,9.974968671630002,74472330424.6001,,EQ-P/DIFF-OR,2944738477162.7104,3741056805217.5767,0.025291228679522673,0.019907758183046353,0.025289964118088697
STRATCAP,1.5,0.7,100,dollars,SRSWOR,DIFF-OR,74476054227.31146,,,,,,,,,SRSWOR/DIFF-OR,2944738477162.7104,3741056805217.5767,0.025291228679522673,0.019907758183046353,
STRATCAP,1.5,0.7,100,dollars,RA-OR,DIFF-OR,55282045213.36039,3.479098574236137e-05,0.0344749694522259,28743.07751454147,1.0353930359849832,0.0,9.966321618304878,55278336179.73621,,RA-OR/DIFF-OR,2944738477162.7104,3741056805217.5767,0.018773159532531825,0.014777119966812488,0.018771899986513414
STRATCAP,1.5,0.7,400,rate,EQ-P,HT,685999.9999999999,0.02,0.02,50.0,0.0,0.0,19.798989873223334,205791.09385238972,,EQ-P/HT,205801.38392158577,685999.9999999999,3.3333109181684555,1.0,0.9999500000000001
STRATCAP,1.5,0.7,400,rate,SRSWOR,EXP,205801.38392158577,,,,,,,,,SRSWOR/EXP,205801.38392158577,685999.9999999999,1.0,0.300002017378405,
STRATCAP,1.5,0.7,400,rate,ST-PROP,EXP,178206.95177661258,,,,,,,,"[np.int64(254), np.int64(75), np.int64(40), np.int64(22), np.int64(9)]",ST-PROP/EXP,205801.38392158577,685999.9999999999,0.8659171691698283,0.25977689763354606,
STRATCAP,1.5,0.7,400,rate,ST-EQD,EXP,511817.5979052273,,,,,,,,"[np.int64(80), np.int64(80), np.int64(80), np.int64(80), np.int64(80)]",ST-EQD/EXP,205801.38392158577,685999.9999999999,2.4869492524901555,0.746089792864763,
STRATCAP,1.5,0.7,400,rate,PPS-A,HT,2459949.5698114056,6.518257446423344e-05,0.7548035511562711,15341.523531702687,1.7774773876602563,0.0,19.242976377272033,1956850.5058054049,,PPS-A/HT,205801.38392158577,685999.9999999999,11.953027345766989,3.585932317509338,9.508441918694784
STRATCAP,1.5,0.7,400,rate,RA-OR,HT,676543.3204615994,0.0182581611033347,0.0240461207810698,54.77002828161894,0.1134699030110433,0.0,19.796222963123196,196750.6662714677,,RA-OR/HT,205801.38392158577,685999.9999999999,3.2873604033652915,0.9862147528594745,0.9560220758594773
STRATCAP,1.5,0.7,400,rate,DEF-0.25-OR,HT,681764.5502134864,0.0195645402758336,0.0210115301952674,51.11288003200411,0.0289847582827641,0.0,19.798816952670563,201684.87402105797,,DEF-0.25-OR/HT,205801.38392158577,685999.9999999999,3.312730639718398,0.9938258749467733,0.9799976568568836
STRATCAP,1.5,0.7,400,rate,DEF-0.5-OR,HT,678826.1006739177,0.0191290805516673,0.0220230603905349,52.276427886798515,0.057495861446748,0.0,19.79829818195043,198858.8709466008,,DEF-0.5-OR/HT,205801.38392158577,685999.9999999999,3.298452555268352,0.9895424208074604,0.966265955832298
STRATCAP,1.5,0.7,400,rate,DEF-0.75-OR,HT,677105.9032594359,0.018693620827501,0.0230345905858023,53.49418441872173,0.0856286337391175,0.0,19.797433533875004,197234.34565507976,,DEF-0.75-OR/HT,205801.38392158577,685999.9999999999,3.290094023456257,0.9870348444015102,0.9583723000144148
STRATCAP,1.5,0.7,400,rate,EQ-P,DIFF-OR,178122.95220694348,0.02,0.02,50.0,0.0,0.0,19.798989873223334,178114.04605933308,,EQ-P/DIFF-OR,205801.38392158577,685999.9999999999,0.8655090107402372,0.25965444928125875,0.8654657352897
STRATCAP,1.5,0.7,400,rate,SRSWOR,DIFF-OR,178122.95220694345,,,,,,,,,SRSWOR/DIFF-OR,205801.38392158577,685999.9999999999,0.8655090107402371,0.2596544492812587,
STRATCAP,1.5,0.7,400,rate,RA-OR,DIFF-OR,159240.34805349336,0.0020960343715347,0.0244942231034696,477.09141299424687,0.6433669219771165,0.0,19.775554052464457,159231.47966656345,,RA-OR/DIFF-OR,205801.38392158577,685999.9999999999,0.7737574209615954,0.23212878724999036,0.7737143289922368
STRATCAP,1.5,0.7,400,dollars,EQ-P,HT,921164740983.2224,0.02,0.02,50.0,0.0,0.0,19.798989873223334,725050104380.421,,EQ-P/HT,725086358698.356,921164740983.2224,1.2704207297967347,1.0,0.99995
STRATCAP,1.5,0.7,400,dollars,SRSWOR,EXP,725086358698.356,,,,,,,,,SRSWOR/EXP,725086358698.356,921164740983.2224,1.0,0.7871408081950917,
STRATCAP,1.5,0.7,400,dollars,ST-PROP,EXP,139296670476.2718,,,,,,,,"[np.int64(254), np.int64(75), np.int64(40), np.int64(22), np.int64(9)]",ST-PROP/EXP,725086358698.356,921164740983.2224,0.1921104552653993,0.1512179790203334,
STRATCAP,1.5,0.7,400,dollars,ST-EQD,EXP,47646254453.892105,,,,,,,,"[np.int64(80), np.int64(80), np.int64(80), np.int64(80), np.int64(80)]",ST-EQD/EXP,725086358698.356,921164740983.2224,0.06571114444826216,0.05172392334842949,
STRATCAP,1.5,0.7,400,dollars,PPS-A,HT,209130858582.40216,6.518257446423344e-05,0.7548035511562711,15341.523531702687,1.7774773876602563,0.0,19.242976377272033,27147216090.07733,,PPS-A/HT,725086358698.356,921164740983.2224,0.2884220011500767,0.22702872708651703,0.037439976306837236
STRATCAP,1.5,0.7,400,dollars,RA-OR,HT,206991230661.376,5.3022716536521253e-05,0.8086347284254672,18859.84093838751,2.013010554713736,0.0,19.149309817267884,25232782745.85022,,RA-OR/HT,725086358698.356,921164740983.2224,0.28547114171746085,0.22470598520785767,0.034799693089174966
STRATCAP,1.5,0.7,400,dollars,DEF-0.25-OR,HT,382634556656.3856,0.0150132556791341,0.2171586821063668,66.60780455433326,0.293996207510167,0.0,19.75901070789874,192449342044.93857,,DEF-0.25-OR/HT,725086358698.356,921164740983.2224,0.5277089439984429,0.41538124467071275,0.26541575322202365
STRATCAP,1.5,0.7,400,dollars,DEF-0.5-OR,HT,275799073721.2528,0.0100265113582682,0.4143173642127336,99.73558741100514,0.5520343836331014,0.0,19.63858489350564,89962549985.48318,,DEF-0.5-OR/HT,725086358698.356,921164740983.2224,0.380367207867978,0.29940255141211064,0.12407149701034248
STRATCAP,1.5,0.7,400,dollars,DEF-0.75-OR,HT,227189010352.9088,0.0050397670374023,0.6114760463191005,198.4218700147343,0.8972639658210089,0.0,19.43621715750555,44170120819.49237,,DEF-0.75-OR/HT,725086358698.356,921164740983.2224,0.31332683014578955,0.246632334310163,0.06091704841721845
STRATCAP,1.5,0.7,400,dollars,EQ-P,DIFF-OR,18338324910.24252,0.02,0.02,50.0,0.0,0.0,19.798989873223334,18337407993.997005,,EQ-P/DIFF-OR,725086358698.356,921164740983.2224,0.025291228679522666,0.019907758183046353,0.025289964118088686
STRATCAP,1.5,0.7,400,dollars,SRSWOR,DIFF-OR,18338324910.242523,,,,,,,,,SRSWOR/DIFF-OR,725086358698.356,921164740983.2224,0.02529122867952267,0.019907758183046357,
STRATCAP,1.5,0.7,400,dollars,RA-OR,DIFF-OR,13539822656.754751,0.0001391639429694,0.1378998778089039,7185.7693786353675,1.0353930359849832,0.0,19.729193232158757,13538920383.904926,,RA-OR/DIFF-OR,725086358698.356,921164740983.2224,0.018673393168037063,0.014698589790033396,0.01867214880198466
