dgp,sigma,prevalence,n,estimand,design,estimator,AV,min_pi,max_pi,max_weight,cv_weights,n_certainty,sd_size,AV_fixed_hajek,nh
MAIN,0.0,0.05,100,rate,EQ-P,HT,199000.00000000003,0.005,0.005,200.0,0.0,0.0,9.974968671630002,189040.54750000002,
MAIN,0.0,0.05,100,rate,SRSWOR,EXP,189050.0,,,,,,,,
MAIN,0.0,0.05,100,rate,ST-PROP,EXP,189170.27846874998,,,,,,,,"[np.int64(64), np.int64(19), np.int64(10), np.int64(5), np.int64(2)]"
MAIN,0.0,0.05,100,rate,ST-EQD,EXP,428398.73325000005,,,,,,,,"[np.int64(20), np.int64(20), np.int64(20), np.int64(20), np.int64(20)]"
MAIN,0.0,0.05,100,rate,PPS-A,HT,830885.1727287062,1.629564361605836e-05,0.18870088778906777,61366.09412681075,1.7774773876602563,0.0,9.90672795331615,820788.0392026001,
MAIN,0.0,0.05,100,rate,RA-OR,HT,199000.00000000003,0.005,0.005,200.0,0.0,0.0,9.974968671630002,189040.54750000002,
MAIN,0.0,0.05,100,rate,DEF-0.25-OR,HT,199000.00000000003,0.005,0.005,200.0,0.0,0.0,9.974968671630002,189040.54750000002,
MAIN,0.0,0.05,100,rate,DEF-0.5-OR,HT,199000.00000000003,0.005,0.005,200.0,0.0,0.0,9.974968671630002,189040.54750000002,
MAIN,0.0,0.05,100,rate,DEF-0.75-OR,HT,199000.00000000003,0.005,0.005,200.0,0.0,0.0,9.974968671630002,189040.54750000002,
MAIN,0.0,0.05,100,rate,EQ-P,DIFF-OR,189050.00000000003,0.005,0.005,200.0,0.0,0.0,9.974968671630002,189040.54750000002,
MAIN,0.0,0.05,100,rate,SRSWOR,DIFF-OR,189050.0,,,,,,,,
MAIN,0.0,0.05,100,rate,RA-OR,DIFF-OR,189050.00000000003,0.005,0.005,200.0,0.0,0.0,9.974968671630002,189040.54750000002,
MAIN,0.0,0.05,100,dollars,EQ-P,HT,191847467020.9016,0.005,0.005,200.0,0.0,0.0,9.974968671630002,189255233622.8249,
MAIN,0.0,0.05,100,dollars,SRSWOR,EXP,189264696857.6678,,,,,,,,
MAIN,0.0,0.05,100,dollars,ST-PROP,EXP,199042929186.24188,,,,,,,,"[np.int64(64), np.int64(19), np.int64(10), np.int64(5), np.int64(2)]"
MAIN,0.0,0.05,100,dollars,ST-EQD,EXP,56057231900.257904,,,,,,,,"[np.int64(20), np.int64(20), np.int64(20), np.int64(20), np.int64(20)]"
MAIN,0.0,0.05,100,dollars,PPS-A,HT,50957965359.55773,1.629564361605836e-05,0.18870088778906777,61366.09412681075,1.7774773876602563,0.0,9.90672795331615,48401626052.021355,
MAIN,0.0,0.05,100,dollars,RA-OR,HT,50957965359.557724,1.629564361605836e-05,0.18870088778906785,61366.09412681075,1.777477387660256,0.0,9.906727953316151,48401626052.02135,
MAIN,0.0,0.05,100,dollars,DEF-0.25-OR,HT,86623018584.33667,0.0037540739109040142,0.050925221947266966,266.377280717734,0.2762640542931927,0.0,9.970717309768313,84046374168.44873,
MAIN,0.0,0.05,100,dollars,DEF-0.5-OR,HT,64866994429.29083,0.0025081478218080292,0.09685044389453393,398.7005834764307,0.5175741825262512,0.0,9.95795233395169,62301520623.331085,
MAIN,0.0,0.05,100,dollars,DEF-0.75-OR,HT,54968460281.23957,0.0012622217327120438,0.14277566584180088,792.2538283755999,0.8337664922857715,0.0,9.93664093352584,52409762122.69713,
MAIN,0.0,0.05,100,dollars,EQ-P,DIFF-OR,182255093669.85654,0.005,0.005,200.0,0.0,0.0,9.974968671630002,182245980915.17303,
MAIN,0.0,0.05,100,dollars,SRSWOR,DIFF-OR,182255093669.85654,,,,,,,,
MAIN,0.0,0.05,100,dollars,RA-OR,DIFF-OR,48410067091.57984,1.6295643616058356e-05,0.1887008877890678,61366.09412681076,1.7774773876602563,0.0,9.90672795331615,48401626052.02135,
MAIN,0.0,0.05,400,rate,EQ-P,HT,49000.00000000001,0.02,0.02,50.0,0.0,0.0,19.798989873223334,46547.67249999999,
MAIN,0.0,0.05,400,rate,SRSWOR,EXP,46550.0,,,,,,,,
MAIN,0.0,0.05,400,rate,ST-PROP,EXP,46551.36524187943,,,,,,,,"[np.int64(254), np.int64(75), np.int64(40), np.int64(22), np.int64(9)]"
MAIN,0.0,0.05,400,rate,ST-EQD,EXP,106387.1833125,,,,,,,,"[np.int64(80), np.int64(80), np.int64(80), np.int64(80), np.int64(80)]"
MAIN,0.0,0.05,400,rate,PPS-A,HT,206971.29318217654,6.518257446423344e-05,0.7548035511562711,15341.523531702687,1.7774773876602563,0.0,19.242976377272033,204375.19861885,
MAIN,0.0,0.05,400,rate,RA-OR,HT,49000.00000000001,0.02,0.02,50.0,0.0,0.0,19.798989873223334,46547.67249999999,
MAIN,0.0,0.05,400,rate,DEF-0.25-OR,HT,49000.00000000001,0.02,0.02,50.0,0.0,0.0,19.798989873223334,46547.67249999999,
MAIN,0.0,0.05,400,rate,DEF-0.5-OR,HT,49000.00000000001,0.02,0.02,50.0,0.0,0.0,19.798989873223334,46547.67249999999,
MAIN,0.0,0.05,400,rate,DEF-0.75-OR,HT,49000.00000000001,0.02,0.02,50.0,0.0,0.0,19.798989873223334,46547.67249999999,
MAIN,0.0,0.05,400,rate,EQ-P,DIFF-OR,46550.000000000015,0.02,0.02,50.0,0.0,0.0,19.798989873223334,46547.6725,
MAIN,0.0,0.05,400,rate,SRSWOR,DIFF-OR,46550.0,,,,,,,,
MAIN,0.0,0.05,400,rate,RA-OR,DIFF-OR,46550.000000000015,0.02,0.02,50.0,0.0,0.0,19.798989873223334,46547.6725,
MAIN,0.0,0.05,400,dollars,EQ-P,HT,47238823537.80994,0.02,0.02,50.0,0.0,0.0,19.798989873223334,46600534912.152855,
MAIN,0.0,0.05,400,dollars,SRSWOR,EXP,46602865055.40563,,,,,,,,
MAIN,0.0,0.05,400,dollars,ST-PROP,EXP,44752584060.26318,,,,,,,,"[np.int64(254), np.int64(75), np.int64(40), np.int64(22), np.int64(9)]"
MAIN,0.0,0.05,400,dollars,ST-EQD,EXP,13322528142.682436,,,,,,,,"[np.int64(80), np.int64(80), np.int64(80), np.int64(80), np.int64(80)]"
MAIN,0.0,0.05,400,dollars,PPS-A,HT,12016448122.473976,6.518257446423344e-05,0.7548035511562711,15341.523531702687,1.7774773876602563,0.0,19.242976377272033,11413962496.704485,
MAIN,0.0,0.05,400,dollars,RA-OR,HT,12016448122.473972,6.518257446423344e-05,0.7548035511562714,15341.523531702687,1.777477387660256,0.0,19.242976377272033,11413962496.704481,
MAIN,0.0,0.05,400,dollars,DEF-0.25-OR,HT,20932711428.66871,0.015016295643616057,0.20370088778906786,66.5943201794335,0.2762640542931927,0.0,19.764697284325294,20309953231.661373,
MAIN,0.0,0.05,400,dollars,DEF-0.5-OR,HT,15493705389.90725,0.010032591287232117,0.3874017755781357,99.67514586910768,0.5175741825262512,0.0,19.661460651845335,14882057882.448544,
MAIN,0.0,0.05,400,dollars,DEF-0.75-OR,HT,13019071852.894436,0.005048886930848175,0.5711026633672035,198.06345709389998,0.8337664922857715,0.0,19.48818433485122,12414211343.879528,
MAIN,0.0,0.05,400,dollars,EQ-P,DIFF-OR,44876882360.91945,0.02,0.02,50.0,0.0,0.0,19.798989873223334,44874638516.80139,
MAIN,0.0,0.05,400,dollars,SRSWOR,DIFF-OR,44876882360.91946,,,,,,,,
MAIN,0.0,0.05,400,dollars,RA-OR,DIFF-OR,11415625716.350273,6.518257446423343e-05,0.7548035511562712,15341.52353170269,1.7774773876602563,0.0,19.242976377272033,11413962496.704481,
MAIN,0.0,0.25,100,rate,EQ-P,HT,995000.0000000002,0.005,0.005,200.0,0.0,0.0,9.974968671630002,746212.6875000003,
MAIN,0.0,0.25,100,rate,SRSWOR,EXP,746250.0000000001,,,,,,,,
MAIN,0.0,0.25,100,rate,ST-PROP,EXP,746724.7834292763,,,,,,,,"[np.int64(64), np.int64(19), np.int64(10), np.int64(5), np.int64(2)]"
MAIN,0.0,0.25,100,rate,ST-EQD,EXP,1691047.6312499996,,,,,,,,"[np.int64(20), np.int64(20), np.int64(20), np.int64(20), np.int64(20)]"
MAIN,0.0,0.25,100,rate,PPS-A,HT,4154425.8636435317,1.629564361605836e-05,0.18870088778906777,61366.09412681075,1.7774773876602563,0.0,9.90672795331615,3902199.290308915,
MAIN,0.0,0.25,100,rate,RA-OR,HT,995000.0000000002,0.005,0.005,200.0,0.0,0.0,9.974968671630002,746212.6875000003,
MAIN,0.0,0.25,100,rate,DEF-0.25-OR,HT,995000.0000000002,0.005,0.005,200.0,0.0,0.0,9.974968671630002,746212.6875000003,
MAIN,0.0,0.25,100,rate,DEF-0.5-OR,HT,995000.0000000002,0.005,0.005,200.0,0.0,0.0,9.974968671630002,746212.6875000003,
MAIN,0.0,0.25,100,rate,DEF-0.75-OR,HT,995000.0000000002,0.005,0.005,200.0,0.0,0.0,9.974968671630002,746212.6875000003,
MAIN,0.0,0.25,100,rate,EQ-P,DIFF-OR,746250.0000000001,0.005,0.005,200.0,0.0,0.0,9.974968671630002,746212.6875000001,
MAIN,0.0,0.25,100,rate,SRSWOR,DIFF-OR,746250.0000000001,,,,,,,,
MAIN,0.0,0.25,100,rate,RA-OR,DIFF-OR,746250.0000000001,0.005,0.005,200.0,0.0,0.0,9.974968671630002,746212.6875000001,
MAIN,0.0,0.25,100,dollars,EQ-P,HT,959237335104.5082,0.005,0.005,200.0,0.0,0.0,9.974968671630002,894623347619.6112,
MAIN,0.0,0.25,100,dollars,SRSWOR,EXP,894668081023.6625,,,,,,,,
MAIN,0.0,0.25,100,dollars,ST-PROP,EXP,815755225417.6707,,,,,,,,"[np.int64(64), np.int64(19), np.int64(10), np.int64(5), np.int64(2)]"
MAIN,0.0,0.25,100,dollars,ST-EQD,EXP,229204344706.45334,,,,,,,,"[np.int64(20), np.int64(20), np.int64(20), np.int64(20), np.int64(20)]"
MAIN,0.0,0.25,100,dollars,PPS-A,HT,254789826797.7887,1.629564361605836e-05,0.18870088778906777,61366.09412681075,1.7774773876602563,0.0,9.90672795331615,191059050205.34747,
MAIN,0.0,0.25,100,dollars,RA-OR,HT,254789826797.78864,1.629564361605836e-05,0.1887008877890678,61366.09412681075,1.7774773876602563,0.0,9.90672795331615,191059050205.3474,
MAIN,0.0,0.25,100,dollars,DEF-0.25-OR,HT,433115092921.6834,0.0037540739109040142,0.05092522194726695,266.377280717734,0.2762640542931927,0.0,9.970717309768313,368886701736.4323,
MAIN,0.0,0.25,100,dollars,DEF-0.5-OR,HT,324334972146.4542,0.0025081478218080292,0.0968504438945339,398.7005834764307,0.5175741825262512,0.0,9.95795233395169,260382123293.9618,
MAIN,0.0,0.25,100,dollars,DEF-0.75-OR,HT,274842301406.1979,0.0012622217327120438,0.14277566584180085,792.2538283755999,0.8337664922857715,0.0,9.93664093352584,211055510112.61682,
MAIN,0.0,0.25,100,dollars,EQ-P,DIFF-OR,719428001328.3811,0.005,0.005,200.0,0.0,0.0,9.974968671630002,719392029928.3147,
MAIN,0.0,0.25,100,dollars,SRSWOR,DIFF-OR,719428001328.381,,,,,,,,
MAIN,0.0,0.25,100,dollars,RA-OR,DIFF-OR,191092370098.3415,1.629564361605836e-05,0.18870088778906777,61366.09412681075,1.7774773876602563,0.0,9.90672795331615,191059050205.34744,
MAIN,0.0,0.25,400,rate,EQ-P,HT,245000.00000000006,0.02,0.02,50.0,0.0,0.0,19.798989873223334,183740.81250000003,
MAIN,0.0,0.25,400,rate,SRSWOR,EXP,183750.00000000003,,,,,,,,
MAIN,0.0,0.25,400,rate,ST-PROP,EXP,183755.389112682,,,,,,,,"[np.int64(254), np.int64(75), np.int64(40), np.int64(22), np.int64(9)]"
MAIN,0.0,0.25,400,rate,ST-EQD,EXP,419949.4078124999,,,,,,,,"[np.int64(80), np.int64(80), np.int64(80), np.int64(80), np.int64(80)]"
MAIN,0.0,0.25,400,rate,PPS-A,HT,1034856.4659108829,6.518257446423344e-05,0.7548035511562711,15341.523531702687,1.7774773876602563,0.0,19.242976377272033,970006.03300797,
MAIN,0.0,0.25,400,rate,RA-OR,HT,245000.00000000006,0.02,0.02,50.0,0.0,0.0,19.798989873223334,183740.81250000003,
MAIN,0.0,0.25,400,rate,DEF-0.25-OR,HT,245000.00000000006,0.02,0.02,50.0,0.0,0.0,19.798989873223334,183740.81250000003,
MAIN,0.0,0.25,400,rate,DEF-0.5-OR,HT,245000.00000000006,0.02,0.02,50.0,0.0,0.0,19.798989873223334,183740.81250000003,
MAIN,0.0,0.25,400,rate,DEF-0.75-OR,HT,245000.00000000006,0.02,0.02,50.0,0.0,0.0,19.798989873223334,183740.81250000003,
MAIN,0.0,0.25,400,rate,EQ-P,DIFF-OR,183750.00000000003,0.02,0.02,50.0,0.0,0.0,19.798989873223334,183740.81250000003,
MAIN,0.0,0.25,400,rate,SRSWOR,DIFF-OR,183750.00000000003,,,,,,,,
MAIN,0.0,0.25,400,rate,RA-OR,DIFF-OR,183750.00000000003,0.02,0.02,50.0,0.0,0.0,19.798989873223334,183740.81250000003,
MAIN,0.0,0.25,400,dollars,EQ-P,HT,236194117689.04974,0.02,0.02,50.0,0.0,0.0,19.798989873223334,220284140871.16055,
MAIN,0.0,0.25,400,dollars,SRSWOR,EXP,220295155628.942,,,,,,,,
MAIN,0.0,0.25,400,dollars,ST-PROP,EXP,183308173859.48898,,,,,,,,"[np.int64(254), np.int64(75), np.int64(40), np.int64(22), np.int64(9)]"
MAIN,0.0,0.25,400,dollars,ST-EQD,EXP,54467454715.37149,,,,,,,,"[np.int64(80), np.int64(80), np.int64(80), np.int64(80), np.int64(80)]"
MAIN,0.0,0.25,400,dollars,PPS-A,HT,60082240612.36988,6.518257446423344e-05,0.7548035511562711,15341.523531702687,1.7774773876602563,0.0,19.242976377272033,45055115118.57033,
MAIN,0.0,0.25,400,dollars,RA-OR,HT,60082240612.36987,6.518257446423344e-05,0.7548035511562712,15341.523531702687,1.7774773876602563,0.0,19.242976377272033,45055115118.57033,
MAIN,0.0,0.25,400,dollars,DEF-0.25-OR,HT,104663557143.34357,0.015016295643616057,0.2037008877890678,66.5943201794335,0.2762640542931927,0.0,19.764697284325294,89137852612.117,
MAIN,0.0,0.25,400,dollars,DEF-0.5-OR,HT,77468526949.53625,0.010032591287232117,0.3874017755781356,99.67514586910768,0.5175741825262512,0.0,19.661460651845335,62217252711.42398,
MAIN,0.0,0.25,400,dollars,DEF-0.75-OR,HT,65095359264.47218,0.005048886930848175,0.5711026633672034,198.06345709389998,0.8337664922857715,0.0,19.488184334851216,50011023947.334496,
MAIN,0.0,0.25,400,dollars,EQ-P,DIFF-OR,177145588266.7873,0.02,0.02,50.0,0.0,0.0,19.798989873223334,177136730987.37396,
MAIN,0.0,0.25,400,dollars,SRSWOR,DIFF-OR,177145588266.78726,,,,,,,,
MAIN,0.0,0.25,400,dollars,RA-OR,DIFF-OR,45061680459.277405,6.518257446423344e-05,0.7548035511562711,15341.523531702687,1.7774773876602563,0.0,19.242976377272033,45055115118.570335,
MAIN,0.0,0.7,100,rate,EQ-P,HT,2786000.0000000005,0.005,0.005,200.0,0.0,0.0,9.974968671630002,835758.2099999997,
MAIN,0.0,0.7,100,rate,SRSWOR,EXP,835799.9999999999,,,,,,,,
MAIN,0.0,0.7,100,rate,ST-PROP,EXP,836331.7574407895,,,,,,,,"[np.int64(64), np.int64(19), np.int64(10), np.int64(5), np.int64(2)]"
MAIN,0.0,0.7,100,rate,ST-EQD,EXP,1893973.3469999998,,,,,,,,"[np.int64(20), np.int64(20), np.int64(20), np.int64(20), np.int64(20)]"
MAIN,0.0,0.7,100,rate,PPS-A,HT,11632392.418201886,1.629564361605836e-05,0.18870088778906777,61366.09412681075,1.7774773876602563,0.0,9.90672795331615,9655190.306929218,
MAIN,0.0,0.7,100,rate,RA-OR,HT,2786000.0000000005,0.005,0.005,200.0,0.0,0.0,9.974968671630002,835758.2099999997,
MAIN,0.0,0.7,100,rate,DEF-0.25-OR,HT,2786000.0000000005,0.005,0.005,200.0,0.0,0.0,9.974968671630002,835758.2099999997,
MAIN,0.0,0.7,100,rate,DEF-0.5-OR,HT,2786000.0000000005,0.005,0.005,200.0,0.0,0.0,9.974968671630002,835758.2099999997,
MAIN,0.0,0.7,100,rate,DEF-0.75-OR,HT,2786000.0000000005,0.005,0.005,200.0,0.0,0.0,9.974968671630002,835758.2099999997,
MAIN,0.0,0.7,100,rate,EQ-P,DIFF-OR,835799.9999999995,0.005,0.005,200.0,0.0,0.0,9.974968671630002,835758.2099999995,
MAIN,0.0,0.7,100,rate,SRSWOR,DIFF-OR,835799.9999999999,,,,,,,,
MAIN,0.0,0.7,100,rate,RA-OR,DIFF-OR,835799.9999999995,0.005,0.005,200.0,0.0,0.0,9.974968671630002,835758.2099999995,
MAIN,0.0,0.7,100,dollars,EQ-P,HT,2685864538292.623,0.005,0.005,200.0,0.0,0.0,9.974968671630002,2179532604219.477,
MAIN,0.0,0.7,100,dollars,SRSWOR,EXP,2179641586298.7915,,,,,,,,
MAIN,0.0,0.7,100,dollars,ST-PROP,EXP,1153520281934.1836,,,,,,,,"[np.int64(64), np.int64(19), np.int64(10), np.int64(5), np.int64(2)]"
MAIN,0.0,0.7,100,dollars,ST-EQD,EXP,319956731970.6012,,,,,,,,"[np.int64(20), np.int64(20), np.int64(20), np.int64(20), np.int64(20)]"
MAIN,0.0,0.7,100,dollars,PPS-A,HT,713411515033.8083,1.629564361605836e-05,0.18870088778906777,61366.09412681075,1.7774773876602563,0.0,9.90672795331615,213986136229.9892,
MAIN,0.0,0.7,100,dollars,RA-OR,HT,713411515033.8083,1.629564361605836e-05,0.18870088778906777,61366.09412681075,1.7774773876602563,0.0,9.90672795331615,213986136229.9892,
MAIN,0.0,0.7,100,dollars,DEF-0.25-OR,HT,1212722260180.7136,0.0037540739109040142,0.05092522194726694,266.377280717734,0.2762640542931926,0.0,9.970717309768313,709408199495.3988,
MAIN,0.0,0.7,100,dollars,DEF-0.5-OR,HT,908137922010.0719,0.0025081478218080292,0.09685044389453389,398.7005834764307,0.5175741825262512,0.0,9.95795233395169,406979422340.1229,
MAIN,0.0,0.7,100,dollars,DEF-0.75-OR,HT,769558443937.3542,0.0012622217327120438,0.14277566584180082,792.2538283755999,0.8337664922857714,0.0,9.936640933525839,269697635159.85315,
MAIN,0.0,0.7,100,dollars,EQ-P,DIFF-OR,805759361487.7864,0.005,0.005,200.0,0.0,0.0,9.974968671630002,805719073519.712,
MAIN,0.0,0.7,100,dollars,SRSWOR,DIFF-OR,805759361487.7863,,,,,,,,
MAIN,0.0,0.7,100,dollars,RA-OR,DIFF-OR,214023454510.14233,1.629564361605836e-05,0.1887008877890678,61366.09412681075,1.7774773876602563,0.0,9.90672795331615,213986136229.989,
MAIN,0.0,0.7,400,rate,EQ-P,HT,686000.0000000002,0.02,0.02,50.0,0.0,0.0,19.798989873223334,205789.71000000025,
MAIN,0.0,0.7,400,rate,SRSWOR,EXP,205799.99999999997,,,,,,,,
MAIN,0.0,0.7,400,rate,ST-PROP,EXP,205806.03580620378,,,,,,,,"[np.int64(254), np.int64(75), np.int64(40), np.int64(22), np.int64(9)]"
MAIN,0.0,0.7,400,rate,ST-EQD,EXP,470343.3367499999,,,,,,,,"[np.int64(80), np.int64(80), np.int64(80), np.int64(80), np.int64(80)]"
MAIN,0.0,0.7,400,rate,PPS-A,HT,2897598.1045504715,6.518257446423344e-05,0.7548035511562711,15341.523531702687,1.7774773876602563,0.0,19.242976377272033,2389236.143878749,
MAIN,0.0,0.7,400,rate,RA-OR,HT,686000.0000000002,0.02,0.02,50.0,0.0,0.0,19.798989873223334,205789.71000000025,
MAIN,0.0,0.7,400,rate,DEF-0.25-OR,HT,686000.0000000002,0.02,0.02,50.0,0.0,0.0,19.798989873223334,205789.71000000025,
MAIN,0.0,0.7,400,rate,DEF-0.5-OR,HT,686000.0000000002,0.02,0.02,50.0,0.0,0.0,19.798989873223334,205789.71000000025,
MAIN,0.0,0.7,400,rate,DEF-0.75-OR,HT,686000.0000000002,0.02,0.02,50.0,0.0,0.0,19.798989873223334,205789.71000000025,
MAIN,0.0,0.7,400,rate,EQ-P,DIFF-OR,205799.9999999999,0.02,0.02,50.0,0.0,0.0,19.798989873223334,205789.7099999999,
MAIN,0.0,0.7,400,rate,SRSWOR,DIFF-OR,205799.99999999997,,,,,,,,
MAIN,0.0,0.7,400,rate,RA-OR,DIFF-OR,205799.9999999999,0.02,0.02,50.0,0.0,0.0,19.798989873223334,205789.7099999999,
MAIN,0.0,0.7,400,dollars,EQ-P,HT,661343529529.3392,0.02,0.02,50.0,0.0,0.0,19.798989873223334,536668832194.74536,
MAIN,0.0,0.7,400,dollars,SRSWOR,EXP,536695666978.09436,,,,,,,,
MAIN,0.0,0.7,400,dollars,ST-PROP,EXP,258397984223.05933,,,,,,,,"[np.int64(254), np.int64(75), np.int64(40), np.int64(22), np.int64(9)]"
MAIN,0.0,0.7,400,dollars,ST-EQD,EXP,75994201415.38385,,,,,,,,"[np.int64(80), np.int64(80), np.int64(80), np.int64(80), np.int64(80)]"
MAIN,0.0,0.7,400,dollars,PPS-A,HT,168230273714.63568,6.518257446423344e-05,0.7548035511562711,15341.523531702687,1.7774773876602563,0.0,19.242976377272033,50461728932.79877,
MAIN,0.0,0.7,400,dollars,RA-OR,HT,168230273714.63568,6.518257446423344e-05,0.7548035511562711,15341.523531702687,1.7774773876602563,0.0,19.242976377272033,50461728932.79877,
MAIN,0.0,0.7,400,dollars,DEF-0.25-OR,HT,293057960001.36206,0.015016295643616057,0.20370088778906775,66.5943201794335,0.2762640542931926,0.0,19.76469728432529,171390931972.93143,
MAIN,0.0,0.7,400,dollars,DEF-0.5-OR,HT,216911875458.70154,0.010032591287232117,0.38740177557813554,99.67514586910768,0.5175741825262512,0.0,19.661460651845335,97392176376.829,
MAIN,0.0,0.7,400,dollars,DEF-0.75-OR,HT,182267005940.52216,0.005048886930848175,0.5711026633672033,198.06345709389998,0.8337664922857714,0.0,19.488184334851216,64052660588.53876,
MAIN,0.0,0.7,400,dollars,EQ-P,DIFF-OR,198403058858.8017,0.02,0.02,50.0,0.0,0.0,19.798989873223334,198393138705.8587,
MAIN,0.0,0.7,400,dollars,SRSWOR,DIFF-OR,198403058858.80164,,,,,,,,
MAIN,0.0,0.7,400,dollars,RA-OR,DIFF-OR,50469082114.390656,6.518257446423344e-05,0.7548035511562712,15341.523531702687,1.7774773876602563,0.0,19.242976377272033,50461728932.79874,
MAIN,0.75,0.05,100,rate,EQ-P,HT,198999.99999999997,0.005,0.005,200.0,0.0,0.0,9.974968671630002,189041.0807700764,
MAIN,0.75,0.05,100,rate,SRSWOR,EXP,189050.5332967412,,,,,,,,
MAIN,0.75,0.05,100,rate,ST-PROP,EXP,189332.15026509398,,,,,,,,"[np.int64(64), np.int64(19), np.int64(10), np.int64(5), np.int64(2)]"
MAIN,0.75,0.05,100,rate,ST-EQD,EXP,364905.2048233557,,,,,,,,"[np.int64(20), np.int64(20), np.int64(20), np.int64(20), np.int64(20)]"
MAIN,0.75,0.05,100,rate,PPS-A,HT,556711.3183630743,1.629564361605836e-05,0.18870088778906777,61366.09412681075,1.7774773876602563,0.0,9.90672795331615,546660.564944966,
MAIN,0.75,0.05,100,rate,RA-OR,HT,171382.13818009227,0.0008526846835350362,0.02204266952128247,1172.766462573513,0.36732675438550033,0.0,9.970952486762904,161454.45433303236,
MAIN,0.75,0.05,100,rate,DEF-0.25-OR,HT,184819.87173536705,0.003963171170883759,0.009260667380320617,252.32319192940815,0.09306698108196378,0.0,9.974717707450683,174870.26614827936,
MAIN,0.75,0.05,100,rate,DEF-0.5-OR,HT,176989.1505534292,0.002926342341767518,0.013521334760641235,341.7235180337778,0.18035144471319098,0.0,9.973964777024271,167047.85414200954,
MAIN,0.75,0.05,100,rate,DEF-0.75-OR,HT,172772.01455759432,0.0018895135126512771,0.01778200214096185,529.2367550189396,0.2693786734521942,0.0,9.972709766656799,162838.02490933336,
MAIN,0.75,0.05,100,rate,EQ-P,DIFF-OR,178384.59847147428,0.005,0.005,200.0,0.0,0.0,9.974968671630002,178375.67924155074,
MAIN,0.75,0.05,100,rate,SRSWOR,DIFF-OR,178384.5984714743,,,,,,,,
MAIN,0.75,0.05,100,rate,RA-OR,DIFF-OR,159112.0504641224,0.0008844856614204761,0.012499206319793812,1130.6005779607653,0.33987072147123876,0.0,9.971949481926563,159103.14914934154,
MAIN,0.75,0.05,100,dollars,EQ-P,HT,366210252031.3696,0.005,0.005,200.0,0.0,0.0,9.974968671630002,360746691091.02795,
MAIN,0.75,0.05,100,dollars,SRSWOR,EXP,360764729327.4943,,,,,,,,
MAIN,0.75,0.05,100,dollars,ST-PROP,EXP,367772614268.7871,,,,,,,,"[np.int64(64), np.int64(19), np.int64(10), np.int64(5), np.int64(2)]"
MAIN,0.75,0.05,100,dollars,ST-EQD,EXP,80301470428.99193,,,,,,,,"[np.int64(20), np.int64(20), np.int64(20), np.int64(20), np.int64(20)]"
MAIN,0.75,0.05,100,dollars,PPS-A,HT,73566566051.68999,1.629564361605836e-05,0.18870088778906777,61366.09412681075,1.7774773876602563,0.0,9.90672795331615,68242342737.82353,
MAIN,0.75,0.05,100,dollars,RA-OR,HT,64007332221.54479,7.116166535158862e-06,0.3087199228268686,140525.0980368851,2.4706422219911777,0.0,9.859274045495956,58765865985.69702,
MAIN,0.75,0.05,100,dollars,DEF-0.25-OR,HT,122316743144.72073,0.0037517790416337895,0.08092998070671716,266.54021702848723,0.31367372928077686,0.0,9.967777098932935,116932229871.3828,
MAIN,0.75,0.05,100,dollars,DEF-0.5-OR,HT,86276948754.78716,0.0025035580832675794,0.1568599614134343,399.43151576288807,0.5815491756993463,0.0,9.946171181718498,80955614920.04578,
MAIN,0.75,0.05,100,dollars,DEF-0.75-OR,HT,70595280199.64899,0.0012553371249013692,0.23278994212015144,796.5987623273462,0.9489130302839365,0.0,9.910056641922234,65321602600.83138,
MAIN,0.75,0.05,100,dollars,EQ-P,DIFF-OR,304791440153.22266,0.005,0.005,200.0,0.0,0.0,9.974968671630002,304776200581.21497,
MAIN,0.75,0.05,100,dollars,SRSWOR,DIFF-OR,304791440153.22266,,,,,,,,
MAIN,0.75,0.05,100,dollars,RA-OR,DIFF-OR,57609601897.43004,7.487372875629727e-06,0.2957294165997023,133558.1941237159,2.412438873129348,0.0,9.8696626346625,57596150596.86427,
MAIN,0.75,0.05,400,rate,EQ-P,HT,48999.99999999999,0.02,0.02,50.0,0.0,0.0,19.798989873223334,46547.80380770725,
MAIN,0.75,0.05,400,rate,SRSWOR,EXP,46550.13131427296,,,,,,,,
MAIN,0.75,0.05,400,rate,ST-PROP,EXP,46304.29943090806,,,,,,,,"[np.int64(254), np.int64(75), np.int64(40), np.int64(22), np.int64(9)]"
MAIN,0.75,0.05,400,rate,ST-EQD,EXP,90517.29320327748,,,,,,,,"[np.int64(80), np.int64(80), np.int64(80), np.int64(80), np.int64(80)]"
MAIN,0.75,0.05,400,rate,PPS-A,HT,138427.82959076855,6.518257446423344e-05,0.7548035511562711,15341.523531702687,1.7774773876602563,0.0,19.242976377272033,135879.57110323285,
MAIN,0.75,0.05,400,rate,RA-OR,HT,42095.53454502307,0.003410738734140145,0.08817067808512988,293.19161564337827,0.36732675438550033,0.0,19.766595455275894,39674.53185526472,
MAIN,0.75,0.05,400,rate,DEF-0.25-OR,HT,45454.96793384176,0.015852684683535036,0.03704266952128247,63.08079798235204,0.09306698108196378,0.0,19.796966775071464,43012.079397480185,
MAIN,0.75,0.05,400,rate,DEF-0.5-OR,HT,43497.2876383573,0.011705369367070072,0.05408533904256494,85.43087950844445,0.18035144471319098,0.0,19.790896239764724,41062.695426065875,
MAIN,0.75,0.05,400,rate,DEF-0.75-OR,HT,42443.00363939858,0.0075580540506051085,0.0711280085638474,132.3091887547349,0.2693786734521942,0.0,19.780774540941266,40015.70474689975,
MAIN,0.75,0.05,400,rate,EQ-P,DIFF-OR,43923.845854785126,0.02,0.02,50.0,0.0,0.0,19.798989873223334,43921.64966249238,
MAIN,0.75,0.05,400,rate,SRSWOR,DIFF-OR,43923.84585478513,,,,,,,,
MAIN,0.75,0.05,400,rate,RA-OR,DIFF-OR,39105.70885294715,0.0035379426456819043,0.04999682527917525,282.65014449019134,0.33987072147123876,0.0,19.774640920166593,39103.5304242861,
MAIN,0.75,0.05,400,dollars,EQ-P,HT,90172373615.76437,0.02,0.02,50.0,0.0,0.0,19.798989873223334,88827074690.75562,
MAIN,0.75,0.05,400,dollars,SRSWOR,EXP,88831516266.56894,,,,,,,,
MAIN,0.75,0.05,400,dollars,ST-PROP,EXP,82054477644.613,,,,,,,,"[np.int64(254), np.int64(75), np.int64(40), np.int64(22), np.int64(9)]"
MAIN,0.75,0.05,400,dollars,ST-EQD,EXP,18806109282.023304,,,,,,,,"[np.int64(80), np.int64(80), np.int64(80), np.int64(80), np.int64(80)]"
MAIN,0.75,0.05,400,dollars,PPS-A,HT,17011452120.84447,6.518257446423344e-05,0.7548035511562711,15341.523531702687,1.7774773876602563,0.0,19.242976377272033,15804690560.002504,
MAIN,0.75,0.05,400,dollars,RA-OR,HT,14623919797.684082,2.8481432331195994e-05,1.0,35110.59375004431,2.4697957848144583,1.0,18.861563778794448,13497785772.648273,
MAIN,0.75,0.05,400,dollars,DEF-0.25-OR,HT,29230974710.555,0.015007120358082798,0.265,66.63503564568951,0.3135315850212035,0.0,19.74170488487111,27963419531.74916,
MAIN,0.75,0.05,400,dollars,DEF-0.5-OR,HT,20202398716.471966,0.010014240716165598,0.51,99.85779534795275,0.5813831311102414,0.0,19.568843784071152,18996532299.25578,
MAIN,0.75,0.05,400,dollars,DEF-0.75-OR,HT,16275214322.280752,0.005021361074248397,0.755,199.1491918652118,0.9486880327400031,0.0,19.27729768022762,15116357004.37951,
MAIN,0.75,0.05,400,dollars,EQ-P,DIFF-OR,75049148580.44176,0.02,0.02,50.0,0.0,0.0,19.798989873223334,75045396123.01273,
MAIN,0.75,0.05,400,dollars,SRSWOR,DIFF-OR,75049148580.44176,,,,,,,,
MAIN,0.75,0.05,400,dollars,RA-OR,DIFF-OR,13254928865.150383,2.996322785268505e-05,1.0,33374.241417397505,2.41179082272182,1.0,18.9453532108626,13252571242.043827,
MAIN,0.75,0.25,100,rate,EQ-P,HT,994999.9999999999,0.005,0.005,200.0,0.0,0.0,9.974968671630002,746216.4594040959,
MAIN,0.75,0.25,100,rate,SRSWOR,EXP,746253.7720927006,,,,,,,,
MAIN,0.75,0.25,100,rate,ST-PROP,EXP,736472.8791008753,,,,,,,,"[np.int64(64), np.int64(19), np.int64(10), np.int64(5), np.int64(2)]"
MAIN,0.75,0.25,100,rate,ST-EQD,EXP,1547470.1942570226,,,,,,,,"[np.int64(20), np.int64(20), np.int64(20), np.int64(20), np.int64(20)]"
MAIN,0.75,0.25,100,rate,PPS-A,HT,3037815.361347657,1.629564361605836e-05,0.18870088778906777,61366.09412681075,1.7774773876602563,0.0,9.90672795331615,2786369.5686294893,
MAIN,0.75,0.25,100,rate,RA-OR,HT,927544.8031071078,0.0009955777902896958,0.010222879660215685,1004.4418525136217,0.27689588499957796,0.0,9.973155605490367,679035.1432588138,
MAIN,0.75,0.25,100,rate,DEF-0.25-OR,HT,964511.7340824902,0.003998894447572424,0.006305719915053921,250.06911612959973,0.0663667560896896,0.0,9.974855364651045,715813.6214420752,
MAIN,0.75,0.25,100,rate,DEF-0.5-OR,HT,943973.2741121808,0.002997788895144848,0.007611439830107843,333.57919285763506,0.1327283573869124,0.0,9.974515435991414,695349.2795667078,
MAIN,0.75,0.25,100,rate,DEF-0.75-OR,HT,931760.7387990754,0.001996683342717272,0.008917159745161763,500.8305416316576,0.2017127686780683,0.0,9.973948862480182,683199.5602800887,
MAIN,0.75,0.25,100,rate,EQ-P,DIFF-OR,670811.9180805945,0.005,0.005,200.0,0.0,0.0,9.974968671630002,670778.3774846905,
MAIN,0.75,0.25,100,rate,SRSWOR,DIFF-OR,670811.9180805945,,,,,,,,
MAIN,0.75,0.25,100,rate,RA-OR,DIFF-OR,652196.7280720419,0.0011819111763322013,0.00617534528160902,846.0872695216216,0.18609522816850477,0.0,9.974256976611882,652163.2003512789,
MAIN,0.75,0.25,100,dollars,EQ-P,HT,1509510965701.5657,0.005,0.005,200.0,0.0,0.0,9.974968671630002,1399195292957.5203,
MAIN,0.75,0.25,100,dollars,SRSWOR,EXP,1399265256220.331,,,,,,,,
MAIN,0.75,0.25,100,dollars,ST-PROP,EXP,1101588372455.29,,,,,,,,"[np.int64(64), np.int64(19), np.int64(10), np.int64(5), np.int64(2)]"
MAIN,0.75,0.25,100,dollars,ST-EQD,EXP,273246049620.3993,,,,,,,,"[np.int64(20), np.int64(20), np.int64(20), np.int64(20), np.int64(20)]"
MAIN,0.75,0.25,100,dollars,PPS-A,HT,331662340207.391,1.629564361605836e-05,0.18870088778906777,61366.09412681075,1.7774773876602563,0.0,9.90672795331615,223692459970.39124,
MAIN,0.75,0.25,100,dollars,RA-OR,HT,314216228671.25323,8.620234357940618e-06,0.26081065200248404,116006.12680313496,2.2787272231834703,0.0,9.881437577834639,206647717529.6639,
MAIN,0.75,0.25,100,dollars,DEF-0.25-OR,HT,576921923047.4946,0.003752155058589485,0.06895266300062101,266.5135060745388,0.3011752740529355,0.0,9.96914868671293,467677402151.133,
MAIN,0.75,0.25,100,dollars,DEF-0.5-OR,HT,415730950052.28326,0.0025043101171789706,0.13290532600124202,399.31156814015895,0.5616559177879263,0.0,9.951668309944852,307299922195.5339,
MAIN,0.75,0.25,100,dollars,DEF-0.75-OR,HT,344155694610.23303,0.0012564651757684556,0.19685798900186305,795.8835782204619,0.9150590169500359,0.0,9.922465915290987,236283521503.4129,
MAIN,0.75,0.25,100,dollars,EQ-P,DIFF-OR,820813581016.114,0.005,0.005,200.0,0.0,0.0,9.974968671630002,820772540337.0631,
MAIN,0.75,0.25,100,dollars,SRSWOR,DIFF-OR,820813581016.1139,,,,,,,,
MAIN,0.75,0.25,100,dollars,RA-OR,DIFF-OR,196977606945.76202,1.067925423100253e-05,0.20515465976086558,93639.497512564,2.088319895744064,0.0,9.8969166216699,196939966408.2881,
MAIN,0.75,0.25,400,rate,EQ-P,HT,244999.99999999997,0.02,0.02,50.0,0.0,0.0,19.798989873223334,183741.74126030502,
MAIN,0.75,0.25,400,rate,SRSWOR,EXP,183750.92880674536,,,,,,,,
MAIN,0.75,0.25,400,rate,ST-PROP,EXP,180803.69283746745,,,,,,,,"[np.int64(254), np.int64(75), np.int64(40), np.int64(22), np.int64(9)]"
MAIN,0.75,0.25,400,rate,ST-EQD,EXP,384099.96764848736,,,,,,,,"[np.int64(80), np.int64(80), np.int64(80), np.int64(80), np.int64(80)]"
MAIN,0.75,0.25,400,rate,PPS-A,HT,755703.8403369143,6.518257446423344e-05,0.7548035511562711,15341.523531702687,1.7774773876602563,0.0,19.242976377272033,691663.7633582851,
MAIN,0.75,0.25,400,rate,RA-OR,HT,228136.20077677694,0.003982311161158783,0.04089151864086274,251.11046312840543,0.27689588499957796,0.0,19.784370692574047,167151.71884756646,
MAIN,0.75,0.25,400,rate,DEF-0.25-OR,HT,237377.93352062255,0.015995577790289695,0.025222879660215684,62.517279032399934,0.0663667560896896,0.0,19.798076490692825,176205.0831421208,
MAIN,0.75,0.25,400,rate,DEF-0.5-OR,HT,232243.31852804517,0.011991155580579392,0.03044575932043137,83.39479821440877,0.1327283573869124,0.0,19.79533609023337,171144.54806577042,
MAIN,0.75,0.25,400,rate,DEF-0.75-OR,HT,229190.18469976884,0.007986733370869088,0.03566863898064705,125.2076354079144,0.2017127686780683,0.0,19.790767912890985,168154.1973374143,
MAIN,0.75,0.25,400,rate,EQ-P,DIFF-OR,165174.79389924186,0.02,0.02,50.0,0.0,0.0,19.798989873223334,165166.5351595469,
MAIN,0.75,0.25,400,rate,SRSWOR,DIFF-OR,165174.79389924186,,,,,,,,
MAIN,0.75,0.25,400,rate,RA-OR,DIFF-OR,160520.9963971037,0.004727644705328805,0.02470138112643608,211.5218173804054,0.18609522816850477,0.0,19.793252278689646,160512.7504754298,
MAIN,0.75,0.25,400,dollars,EQ-P,HT,371688629745.6117,0.02,0.02,50.0,0.0,0.0,19.798989873223334,344525474145.31903,
MAIN,0.75,0.25,400,dollars,SRSWOR,EXP,344542701280.383,,,,,,,,
MAIN,0.75,0.25,400,dollars,ST-PROP,EXP,246596041793.507,,,,,,,,"[np.int64(254), np.int64(75), np.int64(40), np.int64(22), np.int64(9)]"
MAIN,0.75,0.25,400,dollars,ST-EQD,EXP,64498276937.119095,,,,,,,,"[np.int64(80), np.int64(80), np.int64(80), np.int64(80), np.int64(80)]"
MAIN,0.75,0.25,400,dollars,PPS-A,HT,77226473372.068,6.518257446423344e-05,0.7548035511562711,15341.523531702687,1.7774773876602563,0.0,19.242976377272033,52403413081.91254,
MAIN,0.75,0.25,400,dollars,RA-OR,HT,72865322520.91019,3.448467479335174e-05,1.0,28998.388588335732,2.2785799659421513,1.0,19.035896419748166,48442871342.09659,
MAIN,0.75,0.25,400,dollars,DEF-0.25-OR,HT,138564588018.85855,0.015008621168698338,0.265,66.62837237077972,0.30114699057944816,0.0,19.752160249741284,112464759351.55293,
MAIN,0.75,0.25,400,dollars,DEF-0.5-OR,HT,98252669445.34464,0.010017242337396676,0.51,99.8278734125029,0.5616232854807022,0.0,19.611000436638694,72958152708.68341,
MAIN,0.75,0.25,400,dollars,DEF-0.75-OR,HT,80353636611.47609,0.005025863506095014,0.755,198.97078358520287,0.9150155548110973,0.0,19.373448603259828,55618801747.220985,
MAIN,0.75,0.25,400,dollars,EQ-P,DIFF-OR,202109876732.61096,0.02,0.02,50.0,0.0,0.0,19.798989873223334,202099771238.77432,
MAIN,0.75,0.25,400,dollars,SRSWOR,DIFF-OR,202109876732.61096,,,,,,,,
MAIN,0.75,0.25,400,dollars,RA-OR,DIFF-OR,46150883215.022995,4.271701692401012e-05,0.8206186390434623,23409.874378141,2.088319895744064,0.0,19.162028542421474,46143659014.09753,
MAIN,0.75,0.7,100,rate,EQ-P,HT,2786000.0,0.005,0.005,200.0,0.0,0.0,9.974968671630002,835761.95733588,
MAIN,0.75,0.7,100,rate,SRSWOR,EXP,835803.7475232562,,,,,,,,
MAIN,0.75,0.7,100,rate,ST-PROP,EXP,821339.8139385488,,,,,,,,"[np.int64(64), np.int64(19), np.int64(10), np.int64(5), np.int64(2)]"
MAIN,0.75,0.7,100,rate,ST-EQD,EXP,1986494.5993667347,,,,,,,,"[np.int64(20), np.int64(20), np.int64(20), np.int64(20), np.int64(20)]"
MAIN,0.75,0.7,100,rate,PPS-A,HT,10125972.956230797,1.629564361605836e-05,0.18870088778906777,61366.09412681075,1.7774773876602563,0.0,9.90672795331615,8150901.219486177,
MAIN,0.75,0.7,100,rate,RA-OR,HT,2756616.8502009874,0.0016520673136511275,0.005998832276108264,605.3022124080189,0.10990594513454514,0.0,9.974702870922464,806669.3277146127,
MAIN,0.75,0.7,100,rate,DEF-0.25-OR,HT,2773528.5716214743,0.004163016828412781,0.005249708069027066,240.21041499879462,0.02604260463345132,0.0,9.974952059293283,823382.6467503386,
MAIN,0.75,0.7,100,rate,DEF-0.5-OR,HT,2764349.229605747,0.003326033656825564,0.005499416138054132,300.65841274571494,0.05282850760479043,0.0,9.974902222117128,814282.4299871945,
MAIN,0.75,0.7,100,rate,DEF-0.75-OR,HT,2758618.7365758247,0.0024890504852383456,0.005749124207081198,401.75962919620827,0.080640410705328,0.0,9.974819159603532,808618.0708613149,
MAIN,0.75,0.7,100,rate,EQ-P,DIFF-OR,760853.2823986663,0.005,0.005,200.0,0.0,0.0,9.974968671630002,760815.2397345463,
MAIN,0.75,0.7,100,rate,SRSWOR,DIFF-OR,760853.2823986661,,,,,,,,
MAIN,0.75,0.7,100,rate,RA-OR,DIFF-OR,742254.8897691434,0.000629590465839991,0.005788656882318996,1588.3340905834932,0.20134895360811983,0.0,9.974343883041653,742216.8586634763,
MAIN,0.75,0.7,100,dollars,EQ-P,HT,3164248628427.065,0.005,0.005,200.0,0.0,0.0,9.974968671630002,2543730692366.2715,
MAIN,0.75,0.7,100,dollars,SRSWOR,EXP,2543857885260.534,,,,,,,,
MAIN,0.75,0.7,100,dollars,ST-PROP,EXP,1015993233536.4877,,,,,,,,"[np.int64(64), np.int64(19), np.int64(10), np.int64(5), np.int64(2)]"
MAIN,0.75,0.7,100,dollars,ST-EQD,EXP,295089184424.2925,,,,,,,,"[np.int64(20), np.int64(20), np.int64(20), np.int64(20), np.int64(20)]"
MAIN,0.75,0.7,100,dollars,PPS-A,HT,788823899232.9089,1.629564361605836e-05,0.18870088778906777,61366.09412681075,1.7774773876602563,0.0,9.90672795331615,178253968176.53418,
MAIN,0.75,0.7,100,dollars,RA-OR,HT,784059746614.5873,1.4104352429808834e-05,0.2040146862080238,70900.10016245415,1.9529666824395862,0.0,9.900116589313201,173652153829.90637,
MAIN,0.75,0.7,100,dollars,DEF-0.25-OR,HT,1365760848988.6702,0.003753526088107452,0.054753671552005945,266.4161581741411,0.2842460373068508,0.0,9.97030687993728,749504683923.3569,
MAIN,0.75,0.7,100,dollars,DEF-0.5-OR,HT,1010686211432.3877,0.0025070521762149043,0.1045073431040119,398.8748257763743,0.532256583914258,0.0,9.956308408265516,397532717117.72473,
MAIN,0.75,0.7,100,dollars,DEF-0.75-OR,HT,850050754042.7012,0.0012605782643223566,0.15426101465601785,793.2867226911654,0.8616469679396002,0.0,9.932933782177443,238848542995.9331,
MAIN,0.75,0.7,100,dollars,EQ-P,DIFF-OR,521618193506.01404,0.005,0.005,200.0,0.0,0.0,9.974968671630002,521592112596.33875,
MAIN,0.75,0.7,100,dollars,SRSWOR,DIFF-OR,521618193506.01404,,,,,,,,
MAIN,0.75,0.7,100,dollars,RA-OR,DIFF-OR,158706610087.80664,1.3930458483833115e-05,0.18839563115457075,71785.14627932326,1.6292362242371474,0.0,9.91842908382065,158682133408.75388,
MAIN,0.75,0.7,400,rate,EQ-P,HT,686000.0,0.02,0.02,50.0,0.0,0.0,19.798989873223334,205790.63271084498,
MAIN,0.75,0.7,400,rate,SRSWOR,EXP,205800.92275698268,,,,,,,,
MAIN,0.75,0.7,400,rate,ST-PROP,EXP,202623.14861497426,,,,,,,,"[np.int64(254), np.int64(75), np.int64(40), np.int64(22), np.int64(9)]"
MAIN,0.75,0.7,400,rate,ST-EQD,EXP,493522.7954674742,,,,,,,,"[np.int64(80), np.int64(80), np.int64(80), np.int64(80), np.int64(80)]"
MAIN,0.75,0.7,400,rate,PPS-A,HT,2520993.239057699,6.518257446423344e-05,0.7548035511562711,15341.523531702687,1.7774773876602563,0.0,19.242976377272033,2014850.9753599665,
MAIN,0.75,0.7,400,rate,RA-OR,HT,678654.2125502469,0.00660826925460451,0.023995329104433055,151.32555310200473,0.10990594513454514,0.0,19.79684716845138,198735.35173843382,
MAIN,0.75,0.7,400,rate,DEF-0.25-OR,HT,682882.1429053686,0.016652067313651125,0.020998832276108263,60.052603749698655,0.02604260463345132,0.0,19.798855960968776,202764.890530092,
MAIN,0.75,0.7,400,rate,DEF-0.5-OR,HT,680587.3074014367,0.013304134627302256,0.02199766455221653,75.16460318642874,0.05282850760479043,0.0,19.798454218770598,200549.1748682839,
MAIN,0.75,0.7,400,rate,DEF-0.75-OR,HT,679154.684143956,0.009956201940953383,0.022996496828324792,100.43990729905207,0.080640410705328,0.0,19.79778463032416,199182.68122127553,
MAIN,0.75,0.7,400,rate,EQ-P,DIFF-OR,187345.78310318917,0.02,0.02,50.0,0.0,0.0,19.798989873223334,187336.415814034,
MAIN,0.75,0.7,400,rate,SRSWOR,DIFF-OR,187345.78310318914,,,,,,,,
MAIN,0.75,0.7,400,rate,RA-OR,DIFF-OR,182696.18494580846,0.002518361863359964,0.023154627529275985,397.0835226458733,0.20134895360811983,0.0,19.793952974449738,182686.82917237573,
MAIN,0.75,0.7,400,dollars,EQ-P,HT,779136596949.3777,0.02,0.02,50.0,0.0,0.0,19.798989873223334,626345748371.5945,
MAIN,0.75,0.7,400,dollars,SRSWOR,EXP,626377067224.9556,,,,,,,,
MAIN,0.75,0.7,400,dollars,ST-PROP,EXP,227619829786.03778,,,,,,,,"[np.int64(254), np.int64(75), np.int64(40), np.int64(22), np.int64(9)]"
MAIN,0.75,0.7,400,dollars,ST-EQD,EXP,70253731645.16716,,,,,,,,"[np.int64(80), np.int64(80), np.int64(80), np.int64(80), np.int64(80)]"
MAIN,0.75,0.7,400,dollars,PPS-A,HT,185280414650.8388,6.518257446423344e-05,0.7548035511562711,15341.523531702687,1.7774773876602563,0.0,19.242976377272033,42434427900.8739,
MAIN,0.75,0.7,400,dollars,RA-OR,HT,184089376496.2584,5.641740971923534e-05,0.8160587448320952,17725.02504061354,1.9529666824395862,0.0,19.188458398524656,41407715361.93234,
MAIN,0.75,0.7,400,dollars,DEF-0.25-OR,HT,329514652089.77905,0.015014104352429808,0.21901468620802378,66.60403954353528,0.2842460373068508,0.0,19.761384275449796,180968711929.7954,
MAIN,0.75,0.7,400,dollars,DEF-0.5-OR,HT,240745992700.7085,0.010028208704859617,0.4180293724160476,99.71870644409357,0.532256583914258,0.0,19.648135634914013,95287405671.8169,
MAIN,0.75,0.7,400,dollars,DEF-0.75-OR,HT,200587128353.28687,0.005042313057289426,0.6170440586240714,198.32168067279136,0.8616469679396002,0.0,19.45792322777408,57090190897.562805,
MAIN,0.75,0.7,400,dollars,EQ-P,DIFF-OR,128438650662.28487,0.02,0.02,50.0,0.0,0.0,19.798989873223334,128432228729.75174,
MAIN,0.75,0.7,400,dollars,SRSWOR,DIFF-OR,128438650662.28487,,,,,,,,
MAIN,0.75,0.7,400,dollars,RA-OR,DIFF-OR,37710754807.73302,5.572183393533246e-05,0.753582524618283,17946.286569830816,1.6292362242371474,0.0,19.339177021074843,37705743361.90408,
MAIN,1.5,0.05,100,rate,EQ-P,HT,198999.99999999997,0.005,0.005,200.0,0.0,0.0,9.974968671630002,189042.81523687067,
MAIN,1.5,0.05,100,rate,SRSWOR,EXP,189052.2678502632,,,,,,,,
MAIN,1.5,0.05,100,rate,ST-PROP,EXP,188364.84542134544,,,,,,,,"[np.int64(64), np.int64(19), np.int64(10), np.int64(5), np.int64(2)]"
MAIN,1.5,0.05,100,rate,ST-EQD,EXP,323718.1113753883,,,,,,,,"[np.int64(20), np.int64(20), np.int64(20), np.int64(20), np.int64(20)]"
MAIN,1.5,0.05,100,rate,PPS-A,HT,436671.8692151953,1.629564361605836e-05,0.18870088778906777,61366.09412681075,1.7774773876602563,0.0,9.90672795331615,426657.6420035617,
MAIN,1.5,0.05,100,rate,RA-OR,HT,118727.13445322985,0.00012675887790358984,0.02885600494312779,7888.993785197272,0.7921433058348504,0.0,9.95815080466463,108898.41158251699,
MAIN,1.5,0.05,100,rate,DEF-0.25-OR,HT,152101.20439211983,0.0037816897194758972,0.010964001235781947,264.43205925910536,0.17598961330117266,0.0,9.97391838574628,142182.44911115477,
MAIN,1.5,0.05,100,rate,DEF-0.5-OR,HT,132329.00319070098,0.002563379438951795,0.016928002471563893,390.1100183626796,0.33705672418071936,0.0,9.970766864294376,122444.44630181773,
MAIN,1.5,0.05,100,rate,DEF-0.75-OR,HT,122312.65376420505,0.0013450691584276924,0.022892003707345843,743.4561960880449,0.5191597247945002,0.0,9.965512113772633,112458.09943313999,
MAIN,1.5,0.05,100,rate,EQ-P,DIFF-OR,143695.26258584484,0.005,0.005,200.0,0.0,0.0,9.974968671630002,143688.07782271554,
MAIN,1.5,0.05,100,rate,SRSWOR,DIFF-OR,143695.26258584484,,,,,,,,
MAIN,1.5,0.05,100,rate,RA-OR,DIFF-OR,100843.9463254251,0.0001376246595466599,0.015689009242522922,7266.139682336237,0.7188131844658113,0.0,9.964388943244469,100836.80700378022,
MAIN,1.5,0.05,100,dollars,EQ-P,HT,523843673414.87494,0.005,0.005,200.0,0.0,0.0,9.974968671630002,515493015032.51117,
MAIN,1.5,0.05,100,dollars,SRSWOR,EXP,515518790972.05975,,,,,,,,
MAIN,1.5,0.05,100,dollars,ST-PROP,EXP,508432768553.6178,,,,,,,,"[np.int64(64), np.int64(19), np.int64(10), np.int64(5), np.int64(2)]"
MAIN,1.5,0.05,100,dollars,ST-EQD,EXP,98011479196.46783,,,,,,,,"[np.int64(20), np.int64(20), np.int64(20), np.int64(20), np.int64(20)]"
MAIN,1.5,0.05,100,dollars,PPS-A,HT,90629066104.79427,1.629564361605836e-05,0.18870088778906777,61366.09412681075,1.7774773876602563,0.0,9.90672795331615,82554638982.97731,
MAIN,1.5,0.05,100,dollars,RA-OR,HT,60142654762.16774,1.6733666193746417e-06,0.45075273634146923,597597.6743062513,3.7320416875797315,0.0,9.788086875598006,52453841839.09647,
MAIN,1.5,0.05,100,dollars,DEF-0.25-OR,HT,129206909886.11557,0.0037504183416548435,0.11643818408536731,266.6369212450997,0.34963260782748073,0.0,9.963391254626403,121079608012.46507,
MAIN,1.5,0.05,100,dollars,DEF-0.5-OR,HT,86154525476.77493,0.0025008366833096872,0.22787636817073462,399.86617545795434,0.6437130468185944,0.0,9.928578003473785,78210975807.83142,
MAIN,1.5,0.05,100,dollars,DEF-0.75-OR,HT,68060410940.80766,0.001251255024964531,0.3393145522561019,799.1975896587082,1.0654396006768094,0.0,9.870283057485882,60262776935.74934,
MAIN,1.5,0.05,100,dollars,EQ-P,DIFF-OR,336131669774.7241,0.005,0.005,200.0,0.0,0.0,9.974968671630002,336114863191.2354,
MAIN,1.5,0.05,100,dollars,SRSWOR,DIFF-OR,336131669774.7241,,,,,,,,
MAIN,1.5,0.05,100,dollars,RA-OR,DIFF-OR,47694011646.874344,1.8864804448977385e-06,0.4074017940684193,530087.657523642,3.507610854587002,0.0,9.827491660396381,47679945215.546844,
MAIN,1.5,0.05,400,rate,EQ-P,HT,48999.99999999999,0.02,0.02,50.0,0.0,0.0,19.798989873223334,46548.23088747067,
MAIN,1.5,0.05,400,rate,SRSWOR,EXP,46550.55841539144,,,,,,,,
MAIN,1.5,0.05,400,rate,ST-PROP,EXP,45860.24242195983,,,,,,,,"[np.int64(254), np.int64(75), np.int64(40), np.int64(22), np.int64(9)]"
MAIN,1.5,0.05,400,rate,ST-EQD,EXP,80227.06036597432,,,,,,,,"[np.int64(80), np.int64(80), np.int64(80), np.int64(80), np.int64(80)]"
MAIN,1.5,0.05,400,rate,PPS-A,HT,108417.96730379883,6.518257446423344e-05,0.7548035511562711,15341.523531702687,1.7774773876602563,0.0,19.242976377272033,105906.11505887567,
MAIN,1.5,0.05,400,rate,RA-OR,HT,28931.783613307467,0.0005070355116143594,0.11542401977251115,1972.248446299318,0.7921433058348504,0.0,19.663068915484306,26607.76761954213,
MAIN,1.5,0.05,400,rate,DEF-0.25-OR,HT,37275.30109802996,0.015126758877903589,0.04385600494312779,66.10801481477634,0.17598961330117266,0.0,19.790522162096757,34861.859652413055,
MAIN,1.5,0.05,400,rate,DEF-0.5-OR,HT,32332.25079767524,0.01025351775580718,0.06771200988625557,97.5275045906699,0.33705672418071936,0.0,19.765097262441472,29952.78973137752,
MAIN,1.5,0.05,400,rate,DEF-0.75-OR,HT,29828.163441051263,0.005380276633710769,0.09156801482938337,185.86404902201122,0.5191597247945002,0.0,19.722649594716867,27478.477456792614,
MAIN,1.5,0.05,400,rate,EQ-P,DIFF-OR,35382.2505864643,0.02,0.02,50.0,0.0,0.0,19.798989873223334,35380.48147393498,
MAIN,1.5,0.05,400,rate,SRSWOR,DIFF-OR,35382.25058646431,,,,,,,,
MAIN,1.5,0.05,400,rate,RA-OR,DIFF-OR,24669.42152135937,0.0005504986381866396,0.06275603697009169,1816.5349205840591,0.7188131844658113,0.0,19.71356771860541,24667.697396174328,
MAIN,1.5,0.05,400,dollars,EQ-P,HT,128986633152.4064,0.02,0.02,50.0,0.0,0.0,19.798989873223334,126930440887.40227,
MAIN,1.5,0.05,400,dollars,SRSWOR,EXP,126936787726.78859,,,,,,,,
MAIN,1.5,0.05,400,dollars,ST-PROP,EXP,113050335261.79811,,,,,,,,"[np.int64(254), np.int64(75), np.int64(40), np.int64(22), np.int64(9)]"
MAIN,1.5,0.05,400,dollars,ST-EQD,EXP,22753693743.34077,,,,,,,,"[np.int64(80), np.int64(80), np.int64(80), np.int64(80), np.int64(80)]"
MAIN,1.5,0.05,400,dollars,PPS-A,HT,20682981324.886223,6.518257446423344e-05,0.7548035511562711,15341.523531702687,1.7774773876602563,0.0,19.242976377272033,18900203129.530933,
MAIN,1.5,0.05,400,dollars,RA-OR,HT,13101830079.239,6.731334477921892e-06,1.0,148558.9526534301,3.720773653515784,9.0,18.377336566411117,11660568120.373821,
MAIN,1.5,0.05,400,dollars,DEF-0.25-OR,HT,30670937507.0035,0.01500168283361948,0.265,66.65918824513159,0.34856809523541904,0.0,19.713140445010207,28821661695.857006,
MAIN,1.5,0.05,400,dollars,DEF-0.5-OR,HT,19714743866.622147,0.01000336566723896,0.51,99.9663546515151,0.6424538606571303,0.0,19.45331912087981,18033323494.75341,
MAIN,1.5,0.05,400,dollars,DEF-0.75-OR,HT,15122839570.33633,0.005005048500858441,0.755,199.79826365888061,1.0636728960593265,0.0,19.012394795034968,13576365706.676973,
MAIN,1.5,0.05,400,dollars,EQ-P,DIFF-OR,82766089542.52002,0.02,0.02,50.0,0.0,0.0,19.798989873223334,82761951238.0429,
MAIN,1.5,0.05,400,dollars,SRSWOR,DIFF-OR,82766089542.52,,,,,,,,
MAIN,1.5,0.05,400,dollars,RA-OR,DIFF-OR,10671524578.742832,7.565561652610598e-06,1.0,132177.89318456437,3.5026846488474583,3.0,18.64287376020008,10669284227.070517,
MAIN,1.5,0.25,100,rate,EQ-P,HT,995000.0,0.005,0.005,200.0,0.0,0.0,9.974968671630002,746222.7941871495,
MAIN,1.5,0.25,100,rate,SRSWOR,EXP,746260.107192509,,,,,,,,
MAIN,1.5,0.25,100,rate,ST-PROP,EXP,715686.0049924352,,,,,,,,"[np.int64(64), np.int64(19), np.int64(10), np.int64(5), np.int64(2)]"
MAIN,1.5,0.25,100,rate,ST-EQD,EXP,1436046.103946849,,,,,,,,"[np.int64(20), np.int64(20), np.int64(20), np.int64(20), np.int64(20)]"
MAIN,1.5,0.25,100,rate,PPS-A,HT,2470399.6251034117,1.629564361605836e-05,0.18870088778906777,61366.09412681075,1.7774773876602563,0.0,9.90672795331615,2219485.993441471,
MAIN,1.5,0.25,100,rate,RA-OR,HT,807629.9508139112,0.00016766072165545483,0.01109167934517289,5964.426194317678,0.5782496547579774,0.0,9.969188221372946,559616.8004507376,
MAIN,1.5,0.25,100,rate,DEF-0.25-OR,HT,909958.7995341575,0.0037919151804138634,0.0065229198362932225,263.7189790439501,0.11828546372537865,0.0,9.97460749162956,661426.659095031,
MAIN,1.5,0.25,100,rate,DEF-0.5-OR,HT,854620.9058976297,0.0025838303608277276,0.008045839672586446,387.0223119754855,0.240469900441614,0.0,9.973523873149864,606297.756806822,
MAIN,1.5,0.25,100,rate,DEF-0.75-OR,HT,820720.0344798225,0.001375745541241591,0.009568759508879667,726.8786051070999,0.3807553842929234,0.0,9.971717580670498,572569.8700506537,
MAIN,1.5,0.25,100,rate,EQ-P,DIFF-OR,544116.2570125265,0.005,0.005,200.0,0.0,0.0,9.974968671630002,544089.0511996759,
MAIN,1.5,0.25,100,rate,SRSWOR,DIFF-OR,544116.2570125265,,,,,,,,
MAIN,1.5,0.25,100,rate,RA-OR,DIFF-OR,490246.1296502594,0.00021523520888806468,0.007121232831567695,4646.080003202731,0.4396280868376715,0.0,9.972229580601809,490218.95867921587,
MAIN,1.5,0.25,100,dollars,EQ-P,HT,1895424879901.523,0.005,0.005,200.0,0.0,0.0,9.974968671630002,1747244538516.0532,
MAIN,1.5,0.25,100,dollars,SRSWOR,EXP,1747331905111.3088,,,,,,,,
MAIN,1.5,0.25,100,dollars,ST-PROP,EXP,1215426146658.017,,,,,,,,"[np.int64(64), np.int64(19), np.int64(10), np.int64(5), np.int64(2)]"
MAIN,1.5,0.25,100,dollars,ST-EQD,EXP,291061763185.42664,,,,,,,,"[np.int64(20), np.int64(20), np.int64(20), np.int64(20), np.int64(20)]"
MAIN,1.5,0.25,100,dollars,PPS-A,HT,383683478071.632,1.629564361605836e-05,0.18870088778906777,61366.09412681075,1.7774773876602563,0.0,9.90672795331615,239205097263.91342,
MAIN,1.5,0.25,100,dollars,RA-OR,HT,335763319619.18823,2.456262551717848e-06,0.2996176177685099,407122.601490881,3.0906777375937673,0.0,9.861110825947295,192423929835.07663,
MAIN,1.5,0.25,100,dollars,DEF-0.25-OR,HT,654268071990.3025,0.0037506140656379293,0.07865440444212748,266.6230069261774,0.3201444065575308,0.0,9.967890658012903,507925097404.1367,
MAIN,1.5,0.25,100,dollars,DEF-0.5-OR,HT,459023858980.62244,0.002501228131275859,0.15230880888425496,399.803595480076,0.5974770755708559,0.0,9.946626396945032,314096837463.2046,
MAIN,1.5,0.25,100,dollars,DEF-0.75-OR,HT,373118569280.26447,0.0012518421969137884,0.22596321332638244,798.8227289871966,0.9867480824744733,0.0,9.91108457894031,229192845299.74838,
MAIN,1.5,0.25,100,dollars,EQ-P,DIFF-OR,709067237216.9038,0.005,0.005,200.0,0.0,0.0,9.974968671630002,709031783855.043,
MAIN,1.5,0.25,100,dollars,SRSWOR,DIFF-OR,709067237216.9038,,,,,,,,
MAIN,1.5,0.25,100,dollars,RA-OR,DIFF-OR,163937753800.47968,3.522463112233843e-06,0.227847035788932,283892.2561110453,2.6065930591778277,0.0,9.893066087412898,163905213488.70374,
MAIN,1.5,0.25,400,rate,EQ-P,HT,245000.0,0.02,0.02,50.0,0.0,0.0,19.798989873223334,183743.30108125784,
MAIN,1.5,0.25,400,rate,SRSWOR,EXP,183752.4887056932,,,,,,,,
MAIN,1.5,0.25,400,rate,ST-PROP,EXP,175533.81757991877,,,,,,,,"[np.int64(254), np.int64(75), np.int64(40), np.int64(22), np.int64(9)]"
MAIN,1.5,0.25,400,rate,ST-EQD,EXP,356324.6549022222,,,,,,,,"[np.int64(80), np.int64(80), np.int64(80), np.int64(80), np.int64(80)]"
MAIN,1.5,0.25,400,rate,PPS-A,HT,613849.906275853,6.518257446423344e-05,0.7548035511562711,15341.523531702687,1.7774773876602563,0.0,19.242976377272033,550356.9771432135,
MAIN,1.5,0.25,400,rate,RA-OR,HT,198157.4877034778,0.0006706428866218193,0.04436671738069156,1491.1065485794195,0.5782496547579774,0.0,19.752352282464415,137664.14257174902,
MAIN,1.5,0.25,400,rate,DEF-0.25-OR,HT,223739.69988353938,0.015167660721655454,0.02609167934517289,65.92974476098753,0.11828546372537865,0.0,19.79607824275205,162727.90759377333,
MAIN,1.5,0.25,400,rate,DEF-0.5-OR,HT,209905.22647440742,0.01033532144331091,0.03218335869034578,96.75557799387137,0.240469900441614,0.0,19.78734078072757,149102.13427415077,
MAIN,1.5,0.25,400,rate,DEF-0.75-OR,HT,201430.00861995562,0.005502982164966364,0.03827503803551867,181.71965127677498,0.3807553842929234,0.0,19.772769763956934,140799.68312749855,
MAIN,1.5,0.25,400,rate,EQ-P,DIFF-OR,133978.3748422804,0.02,0.02,50.0,0.0,0.0,19.798989873223334,133971.67592353825,
MAIN,1.5,0.25,400,rate,SRSWOR,DIFF-OR,133978.3748422804,,,,,,,,
MAIN,1.5,0.25,400,rate,RA-OR,DIFF-OR,120510.8430017136,0.0008609408355522587,0.02848493132627078,1161.5200008006827,0.4396280868376715,0.0,19.776900791875246,120504.17879018332,
MAIN,1.5,0.25,400,dollars,EQ-P,HT,466712658870.2242,0.02,0.02,50.0,0.0,0.0,19.798989873223334,430226042147.1688,
MAIN,1.5,0.25,400,dollars,SRSWOR,EXP,430247554524.8951,,,,,,,,
MAIN,1.5,0.25,400,dollars,ST-PROP,EXP,271854064086.5462,,,,,,,,"[np.int64(254), np.int64(75), np.int64(40), np.int64(22), np.int64(9)]"
MAIN,1.5,0.25,400,dollars,ST-EQD,EXP,68561334272.84278,,,,,,,,"[np.int64(80), np.int64(80), np.int64(80), np.int64(80), np.int64(80)]"
MAIN,1.5,0.25,400,dollars,PPS-A,HT,88777308412.75151,6.518257446423344e-05,0.7548035511562711,15341.523531702687,1.7774773876602563,0.0,19.242976377272033,55976580998.54202,
MAIN,1.5,0.25,400,dollars,RA-OR,HT,76805794267.07599,9.830039032460175e-06,1.0,101728.99585625845,3.0898112684070385,2.0,18.874987050766332,45124747279.84166,
MAIN,1.5,0.25,400,dollars,DEF-0.25-OR,HT,156560152389.70837,0.015002457509758114,0.265,66.65574619022021,0.3200284150491591,0.0,19.742506705340443,121884812149.32965,
MAIN,1.5,0.25,400,dollars,DEF-0.5-OR,HT,107668317038.23993,0.01000491501951623,0.51,99.95087395038696,0.5973441672918488,0.0,19.572079195671808,74383868996.92264,
MAIN,1.5,0.25,400,dollars,DEF-0.75-OR,HT,86162944751.43074,0.005007372529274345,0.755,199.70553302230886,0.9865694747639044,0.0,19.28468664753749,53876400945.33971,
MAIN,1.5,0.25,400,dollars,EQ-P,DIFF-OR,174594445344.86578,0.02,0.02,50.0,0.0,0.0,19.798989873223334,174585715622.59854,
MAIN,1.5,0.25,400,dollars,SRSWOR,DIFF-OR,174594445344.86575,,,,,,,,
MAIN,1.5,0.25,400,dollars,RA-OR,DIFF-OR,38312074490.75973,1.4089852448935372e-05,0.911388143155728,70973.06402776133,2.6065930591778277,0.0,19.130188335683115,38305823078.23813,
MAIN,1.5,0.7,100,rate,EQ-P,HT,2786000.0,0.005,0.005,200.0,0.0,0.0,9.974968671630002,835768.5506012931,
MAIN,1.5,0.7,100,rate,SRSWOR,EXP,835810.3411183495,,,,,,,,
MAIN,1.5,0.7,100,rate,ST-PROP,EXP,798154.7481141214,,,,,,,,"[np.int64(64), np.int64(19), np.int64(10), np.int64(5), np.int64(2)]"
MAIN,1.5,0.7,100,rate,ST-EQD,EXP,2026337.5852369906,,,,,,,,"[np.int64(20), np.int64(20), np.int64(20), np.int64(20), np.int64(20)]"
MAIN,1.5,0.7,100,rate,PPS-A,HT,9095860.222074507,1.629564361605836e-05,0.18870088778906777,61366.09412681075,1.7774773876602563,0.0,9.90672795331615,7122041.381175622,
MAIN,1.5,0.7,100,rate,RA-OR,HT,2689713.9081299086,0.0003486880781228027,0.006081570322567036,2867.892717708046,0.23745862254669076,0.0,9.974076084287052,740327.0352092613,
MAIN,1.5,0.7,100,rate,DEF-0.25-OR,HT,2747539.1958177807,0.0038371720195307006,0.005270392580641759,260.6085927110204,0.04874805346680435,0.0,9.974912887261054,797584.3291750893,
MAIN,1.5,0.7,100,rate,DEF-0.5-OR,HT,2717724.6344406237,0.002674344039061401,0.005540785161283518,373.9234688559233,0.10178453982651188,0.0,9.974745532282352,768002.7182772195,
MAIN,1.5,0.7,100,rate,DEF-0.75-OR,HT,2697595.1881727623,0.0015115160585921022,0.005811177741925277,661.5874137198698,0.16197174716434823,0.0,9.974466601077982,748062.6014539506,
MAIN,1.5,0.7,100,rate,EQ-P,DIFF-OR,628987.974136671,0.005,0.005,200.0,0.0,0.0,9.974968671630002,628956.5247379644,
MAIN,1.5,0.7,100,rate,SRSWOR,DIFF-OR,628987.9741366712,,,,,,,,
MAIN,1.5,0.7,100,rate,RA-OR,DIFF-OR,577048.0003817765,5.563261608527025e-05,0.006564140520320665,17975.06697271366,0.5269778258725212,0.0,9.972724816705568,577016.5810266432,
MAIN,1.5,0.7,100,dollars,EQ-P,HT,3407957613077.3545,0.005,0.005,200.0,0.0,0.0,9.974968671630002,2715102768256.797,
MAIN,1.5,0.7,100,dollars,SRSWOR,EXP,2715238530183.306,,,,,,,,
MAIN,1.5,0.7,100,dollars,ST-PROP,EXP,892004829734.9875,,,,,,,,"[np.int64(64), np.int64(19), np.int64(10), np.int64(5), np.int64(2)]"
MAIN,1.5,0.7,100,dollars,ST-EQD,EXP,272486996593.86203,,,,,,,,"[np.int64(20), np.int64(20), np.int64(20), np.int64(20), np.int64(20)]"
MAIN,1.5,0.7,100,dollars,PPS-A,HT,833219910531.9635,1.629564361605836e-05,0.18870088778906777,61366.09412681075,1.7774773876602563,0.0,9.90672795331615,152000613204.5464,
MAIN,1.5,0.7,100,dollars,RA-OR,HT,820859406550.7684,5.898037649643164e-06,0.2052998462570015,169547.91735866605,2.207200622822006,0.0,9.897290404904425,139943553913.88513,
MAIN,1.5,0.7,100,dollars,DEF-0.25-OR,HT,1449736904653.8774,0.0037514745094124106,0.055074961564250374,266.56185387665846,0.28876443068769225,0.0,9.970131510413406,761875604967.8064,
MAIN,1.5,0.7,100,dollars,DEF-0.5-OR,HT,1066864686425.8691,0.0025029490188248214,0.10514992312850076,399.52871292181476,0.5418188846306891,0.0,9.955605925294215,382653933852.1782,
MAIN,1.5,0.7,100,dollars,DEF-0.75-OR,HT,893392050091.9857,0.0012544235282372323,0.15522488469275114,797.1789252113608,0.8826122109075224,0.0,9.931349405516096,211498448529.04297,
MAIN,1.5,0.7,100,dollars,EQ-P,DIFF-OR,322916934622.8924,0.005,0.005,200.0,0.0,0.0,9.974968671630002,322900788776.16125,
MAIN,1.5,0.7,100,dollars,SRSWOR,DIFF-OR,322916934622.8924,,,,,,,,
MAIN,1.5,0.7,100,dollars,RA-OR,DIFF-OR,104671524297.64651,1.0420240040928786e-05,0.19967052801238808,95967.07907612338,1.6556252451509588,0.0,9.923375940762442,104656344478.32133,
MAIN,1.5,0.7,400,rate,EQ-P,HT,686000.0,0.02,0.02,50.0,0.0,0.0,19.798989873223334,205792.25617820793,
MAIN,1.5,0.7,400,rate,SRSWOR,EXP,205802.54630552322,,,,,,,,
MAIN,1.5,0.7,400,rate,ST-PROP,EXP,197275.84320214303,,,,,,,,"[np.int64(254), np.int64(75), np.int64(40), np.int64(22), np.int64(9)]"
MAIN,1.5,0.7,400,rate,ST-EQD,EXP,503565.6881155948,,,,,,,,"[np.int64(80), np.int64(80), np.int64(80), np.int64(80), np.int64(80)]"
MAIN,1.5,0.7,400,rate,PPS-A,HT,2263465.0555186267,6.518257446423344e-05,0.7548035511562711,15341.523531702687,1.7774773876602563,0.0,19.242976377272033,1758623.019524171,
MAIN,1.5,0.7,400,rate,RA-OR,HT,661928.4770324772,0.0013947523124912108,0.024326281290268145,716.9731794270115,0.23745862254669076,0.0,19.79179374797421,182565.21311545238,
MAIN,1.5,0.7,400,rate,DEF-0.25-OR,HT,676384.7989544452,0.015348688078122803,0.021081570322567036,65.1521481777551,0.04874805346680435,0.0,19.79854019202292,196453.61240835692,
MAIN,1.5,0.7,400,rate,DEF-0.5-OR,HT,668931.1586101559,0.010697376156245605,0.022163140645134072,93.48086721398083,0.10178453982651188,0.0,19.79719108713627,189232.87799857568,
MAIN,1.5,0.7,400,rate,DEF-0.75-OR,HT,663898.7970431906,0.006046064234368409,0.02324471096770111,165.39685342996745,0.16197174716434823,0.0,19.794942374665364,184389.81667547917,
MAIN,1.5,0.7,400,rate,EQ-P,DIFF-OR,154876.43584269792,0.02,0.02,50.0,0.0,0.0,19.798989873223334,154868.6920209058,
MAIN,1.5,0.7,400,rate,SRSWOR,DIFF-OR,154876.43584269795,,,,,,,,
MAIN,1.5,0.7,400,rate,RA-OR,DIFF-OR,141891.44240397427,0.000222530464341081,0.02625656208128266,4493.766743178415,0.5269778258725212,0.0,19.780895943201404,141883.72852879352,
MAIN,1.5,0.7,400,dollars,EQ-P,HT,839145341913.5194,0.02,0.02,50.0,0.0,0.0,19.798989873223334,668542892686.3469,
MAIN,1.5,0.7,400,dollars,SRSWOR,EXP,668576321502.4221,,,,,,,,
MAIN,1.5,0.7,400,dollars,ST-PROP,EXP,199890813507.25146,,,,,,,,"[np.int64(254), np.int64(75), np.int64(40), np.int64(22), np.int64(9)]"
MAIN,1.5,0.7,400,dollars,ST-EQD,EXP,65032367757.80492,,,,,,,,"[np.int64(80), np.int64(80), np.int64(80), np.int64(80), np.int64(80)]"
MAIN,1.5,0.7,400,dollars,PPS-A,HT,195460916277.1717,6.518257446423344e-05,0.7548035511562711,15341.523531702687,1.7774773876602563,0.0,19.242976377272033,36488222619.212494,
MAIN,1.5,0.7,400,dollars,RA-OR,HT,192370790281.87292,2.3592150598572655e-05,0.821199385028006,42386.97933966651,2.207200622822006,0.0,19.16511721185683,33705522879.59146,
MAIN,1.5,0.7,400,dollars,DEF-0.25-OR,HT,349590164807.65015,0.015005898037649642,0.2202998462570015,66.64046346916462,0.28876443068769225,0.0,19.759968556630174,183960457026.85748,
MAIN,1.5,0.7,400,dollars,DEF-0.5-OR,HT,253872110250.64813,0.010011796075299286,0.42059969251400303,99.88217823045369,0.5418188846306891,0.0,19.64243949808813,91873576144.86163,
MAIN,1.5,0.7,400,dollars,DEF-0.75-OR,HT,210503951167.17725,0.005017694112948929,0.6208995387710046,199.2947313028402,0.8826122109075224,0.0,19.444979203668968,50834676522.339325,
MAIN,1.5,0.7,400,dollars,EQ-P,DIFF-OR,79512210032.77249,0.02,0.02,50.0,0.0,0.0,19.798989873223334,79508234422.27086,
MAIN,1.5,0.7,400,dollars,SRSWOR,DIFF-OR,79512210032.7725,,,,,,,,
MAIN,1.5,0.7,400,dollars,RA-OR,DIFF-OR,24950857451.46103,4.1680960163715145e-05,0.7986821120495523,23991.769769030845,1.6556252451509588,0.0,19.379737897795373,24947713936.41376,
STRATCAP,0.0,0.05,100,rate,EQ-P,HT,199000.00000000003,0.005,0.005,200.0,0.0,0.0,9.974968671630002,189040.54750000002,
STRATCAP,0.0,0.05,100,rate,SRSWOR,EXP,189050.0,,,,,,,,
STRATCAP,0.0,0.05,100,rate,ST-PROP,EXP,189170.27846874998,,,,,,,,"[np.int64(64), np.int64(19), np.int64(10), np.int64(5), np.int64(2)]"
STRATCAP,0.0,0.05,100,rate,ST-EQD,EXP,428398.73325000005,,,,,,,,"[np.int64(20), np.int64(20), np.int64(20), np.int64(20), np.int64(20)]"
STRATCAP,0.0,0.05,100,rate,PPS-A,HT,830885.1727287062,1.629564361605836e-05,0.18870088778906777,61366.09412681075,1.7774773876602563,0.0,9.90672795331615,820788.0392026001,
STRATCAP,0.0,0.05,100,rate,RA-OR,HT,199000.00000000003,0.005,0.005,200.0,0.0,0.0,9.974968671630002,189040.54750000002,
STRATCAP,0.0,0.05,100,rate,DEF-0.25-OR,HT,199000.00000000003,0.005,0.005,200.0,0.0,0.0,9.974968671630002,189040.54750000002,
STRATCAP,0.0,0.05,100,rate,DEF-0.5-OR,HT,199000.00000000003,0.005,0.005,200.0,0.0,0.0,9.974968671630002,189040.54750000002,
STRATCAP,0.0,0.05,100,rate,DEF-0.75-OR,HT,199000.00000000003,0.005,0.005,200.0,0.0,0.0,9.974968671630002,189040.54750000002,
STRATCAP,0.0,0.05,100,rate,EQ-P,DIFF-OR,189050.00000000003,0.005,0.005,200.0,0.0,0.0,9.974968671630002,189040.54750000002,
STRATCAP,0.0,0.05,100,rate,SRSWOR,DIFF-OR,189050.0,,,,,,,,
STRATCAP,0.0,0.05,100,rate,RA-OR,DIFF-OR,189050.00000000003,0.005,0.005,200.0,0.0,0.0,9.974968671630002,189040.54750000002,
STRATCAP,0.0,0.05,100,dollars,EQ-P,HT,191847467020.9016,0.005,0.005,200.0,0.0,0.0,9.974968671630002,189255233622.8249,
STRATCAP,0.0,0.05,100,dollars,SRSWOR,EXP,189264696857.6678,,,,,,,,
STRATCAP,0.0,0.05,100,dollars,ST-PROP,EXP,199042929186.24188,,,,,,,,"[np.int64(64), np.int64(19), np.int64(10), np.int64(5), np.int64(2)]"
STRATCAP,0.0,0.05,100,dollars,ST-EQD,EXP,56057231900.257904,,,,,,,,"[np.int64(20), np.int64(20), np.int64(20), np.int64(20), np.int64(20)]"
STRATCAP,0.0,0.05,100,dollars,PPS-A,HT,50957965359.55773,1.629564361605836e-05,0.18870088778906777,61366.09412681075,1.7774773876602563,0.0,9.90672795331615,48401626052.021355,
STRATCAP,0.0,0.05,100,dollars,RA-OR,HT,50957965359.557724,1.629564361605836e-05,0.18870088778906785,61366.09412681075,1.777477387660256,0.0,9.906727953316151,48401626052.02135,
STRATCAP,0.0,0.05,100,dollars,DEF-0.25-OR,HT,86623018584.33667,0.0037540739109040142,0.050925221947266966,266.377280717734,0.2762640542931927,0.0,9.970717309768313,84046374168.44873,
STRATCAP,0.0,0.05,100,dollars,DEF-0.5-OR,HT,64866994429.29083,0.0025081478218080292,0.09685044389453393,398.7005834764307,0.5175741825262512,0.0,9.95795233395169,62301520623.331085,
STRATCAP,0.0,0.05,100,dollars,DEF-0.75-OR,HT,54968460281.23957,0.0012622217327120438,0.14277566584180088,792.2538283755999,0.8337664922857715,0.0,9.93664093352584,52409762122.69713,
STRATCAP,0.0,0.05,100,dollars,EQ-P,DIFF-OR,182255093669.85654,0.005,0.005,200.0,0.0,0.0,9.974968671630002,182245980915.17303,
STRATCAP,0.0,0.05,100,dollars,SRSWOR,DIFF-OR,182255093669.85654,,,,,,,,
STRATCAP,0.0,0.05,100,dollars,RA-OR,DIFF-OR,48410067091.57984,1.6295643616058356e-05,0.1887008877890678,61366.09412681076,1.7774773876602563,0.0,9.90672795331615,48401626052.02135,
STRATCAP,0.0,0.05,400,rate,EQ-P,HT,49000.00000000001,0.02,0.02,50.0,0.0,0.0,19.798989873223334,46547.67249999999,
STRATCAP,0.0,0.05,400,rate,SRSWOR,EXP,46550.0,,,,,,,,
STRATCAP,0.0,0.05,400,rate,ST-PROP,EXP,46551.36524187943,,,,,,,,"[np.int64(254), np.int64(75), np.int64(40), np.int64(22), np.int64(9)]"
STRATCAP,0.0,0.05,400,rate,ST-EQD,EXP,106387.1833125,,,,,,,,"[np.int64(80), np.int64(80), np.int64(80), np.int64(80), np.int64(80)]"
STRATCAP,0.0,0.05,400,rate,PPS-A,HT,206971.29318217654,6.518257446423344e-05,0.7548035511562711,15341.523531702687,1.7774773876602563,0.0,19.242976377272033,204375.19861885,
STRATCAP,0.0,0.05,400,rate,RA-OR,HT,49000.00000000001,0.02,0.02,50.0,0.0,0.0,19.798989873223334,46547.67249999999,
STRATCAP,0.0,0.05,400,rate,DEF-0.25-OR,HT,49000.00000000001,0.02,0.02,50.0,0.0,0.0,19.798989873223334,46547.67249999999,
STRATCAP,0.0,0.05,400,rate,DEF-0.5-OR,HT,49000.00000000001,0.02,0.02,50.0,0.0,0.0,19.798989873223334,46547.67249999999,
STRATCAP,0.0,0.05,400,rate,DEF-0.75-OR,HT,49000.00000000001,0.02,0.02,50.0,0.0,0.0,19.798989873223334,46547.67249999999,
STRATCAP,0.0,0.05,400,rate,EQ-P,DIFF-OR,46550.000000000015,0.02,0.02,50.0,0.0,0.0,19.798989873223334,46547.6725,
STRATCAP,0.0,0.05,400,rate,SRSWOR,DIFF-OR,46550.0,,,,,,,,
STRATCAP,0.0,0.05,400,rate,RA-OR,DIFF-OR,46550.000000000015,0.02,0.02,50.0,0.0,0.0,19.798989873223334,46547.6725,
STRATCAP,0.0,0.05,400,dollars,EQ-P,HT,47238823537.80994,0.02,0.02,50.0,0.0,0.0,19.798989873223334,46600534912.152855,
STRATCAP,0.0,0.05,400,dollars,SRSWOR,EXP,46602865055.40563,,,,,,,,
STRATCAP,0.0,0.05,400,dollars,ST-PROP,EXP,44752584060.26318,,,,,,,,"[np.int64(254), np.int64(75), np.int64(40), np.int64(22), np.int64(9)]"
STRATCAP,0.0,0.05,400,dollars,ST-EQD,EXP,13322528142.682436,,,,,,,,"[np.int64(80), np.int64(80), np.int64(80), np.int64(80), np.int64(80)]"
STRATCAP,0.0,0.05,400,dollars,PPS-A,HT,12016448122.473976,6.518257446423344e-05,0.7548035511562711,15341.523531702687,1.7774773876602563,0.0,19.242976377272033,11413962496.704485,
STRATCAP,0.0,0.05,400,dollars,RA-OR,HT,12016448122.473972,6.518257446423344e-05,0.7548035511562714,15341.523531702687,1.777477387660256,0.0,19.242976377272033,11413962496.704481,
STRATCAP,0.0,0.05,400,dollars,DEF-0.25-OR,HT,20932711428.66871,0.015016295643616057,0.20370088778906786,66.5943201794335,0.2762640542931927,0.0,19.764697284325294,20309953231.661373,
STRATCAP,0.0,0.05,400,dollars,DEF-0.5-OR,HT,15493705389.90725,0.010032591287232117,0.3874017755781357,99.67514586910768,0.5175741825262512,0.0,19.661460651845335,14882057882.448544,
STRATCAP,0.0,0.05,400,dollars,DEF-0.75-OR,HT,13019071852.894436,0.005048886930848175,0.5711026633672035,198.06345709389998,0.8337664922857715,0.0,19.48818433485122,12414211343.879528,
STRATCAP,0.0,0.05,400,dollars,EQ-P,DIFF-OR,44876882360.91945,0.02,0.02,50.0,0.0,0.0,19.798989873223334,44874638516.80139,
STRATCAP,0.0,0.05,400,dollars,SRSWOR,DIFF-OR,44876882360.91946,,,,,,,,
STRATCAP,0.0,0.05,400,dollars,RA-OR,DIFF-OR,11415625716.350273,6.518257446423343e-05,0.7548035511562712,15341.52353170269,1.7774773876602563,0.0,19.242976377272033,11413962496.704481,
STRATCAP,0.0,0.25,100,rate,EQ-P,HT,995000.0000000002,0.005,0.005,200.0,0.0,0.0,9.974968671630002,746212.6875000003,
STRATCAP,0.0,0.25,100,rate,SRSWOR,EXP,746250.0000000001,,,,,,,,
STRATCAP,0.0,0.25,100,rate,ST-PROP,EXP,746724.7834292763,,,,,,,,"[np.int64(64), np.int64(19), np.int64(10), np.int64(5), np.int64(2)]"
STRATCAP,0.0,0.25,100,rate,ST-EQD,EXP,1691047.6312499996,,,,,,,,"[np.int64(20), np.int64(20), np.int64(20), np.int64(20), np.int64(20)]"
STRATCAP,0.0,0.25,100,rate,PPS-A,HT,4154425.8636435317,1.629564361605836e-05,0.18870088778906777,61366.09412681075,1.7774773876602563,0.0,9.90672795331615,3902199.290308915,
STRATCAP,0.0,0.25,100,rate,RA-OR,HT,995000.0000000002,0.005,0.005,200.0,0.0,0.0,9.974968671630002,746212.6875000003,
STRATCAP,0.0,0.25,100,rate,DEF-0.25-OR,HT,995000.0000000002,0.005,0.005,200.0,0.0,0.0,9.974968671630002,746212.6875000003,
STRATCAP,0.0,0.25,100,rate,DEF-0.5-OR,HT,995000.0000000002,0.005,0.005,200.0,0.0,0.0,9.974968671630002,746212.6875000003,
STRATCAP,0.0,0.25,100,rate,DEF-0.75-OR,HT,995000.0000000002,0.005,0.005,200.0,0.0,0.0,9.974968671630002,746212.6875000003,
STRATCAP,0.0,0.25,100,rate,EQ-P,DIFF-OR,746250.0000000001,0.005,0.005,200.0,0.0,0.0,9.974968671630002,746212.6875000001,
STRATCAP,0.0,0.25,100,rate,SRSWOR,DIFF-OR,746250.0000000001,,,,,,,,
STRATCAP,0.0,0.25,100,rate,RA-OR,DIFF-OR,746250.0000000001,0.005,0.005,200.0,0.0,0.0,9.974968671630002,746212.6875000001,
STRATCAP,0.0,0.25,100,dollars,EQ-P,HT,959237335104.5082,0.005,0.005,200.0,0.0,0.0,9.974968671630002,894623347619.6112,
STRATCAP,0.0,0.25,100,dollars,SRSWOR,EXP,894668081023.6625,,,,,,,,
STRATCAP,0.0,0.25,100,dollars,ST-PROP,EXP,815755225417.6707,,,,,,,,"[np.int64(64), np.int64(19), np.int64(10), np.int64(5), np.int64(2)]"
STRATCAP,0.0,0.25,100,dollars,ST-EQD,EXP,229204344706.45334,,,,,,,,"[np.int64(20), np.int64(20), np.int64(20), np.int64(20), np.int64(20)]"
STRATCAP,0.0,0.25,100,dollars,PPS-A,HT,254789826797.7887,1.629564361605836e-05,0.18870088778906777,61366.09412681075,1.7774773876602563,0.0,9.90672795331615,191059050205.34747,
STRATCAP,0.0,0.25,100,dollars,RA-OR,HT,254789826797.78864,1.629564361605836e-05,0.1887008877890678,61366.09412681075,1.7774773876602563,0.0,9.90672795331615,191059050205.3474,
STRATCAP,0.0,0.25,100,dollars,DEF-0.25-OR,HT,433115092921.6834,0.0037540739109040142,0.05092522194726695,266.377280717734,0.2762640542931927,0.0,9.970717309768313,368886701736.4323,
STRATCAP,0.0,0.25,100,dollars,DEF-0.5-OR,HT,324334972146.4542,0.0025081478218080292,0.0968504438945339,398.7005834764307,0.5175741825262512,0.0,9.95795233395169,260382123293.9618,
STRATCAP,0.0,0.25,100,dollars,DEF-0.75-OR,HT,274842301406.1979,0.0012622217327120438,0.14277566584180085,792.2538283755999,0.8337664922857715,0.0,9.93664093352584,211055510112.61682,
STRATCAP,0.0,0.25,100,dollars,EQ-P,DIFF-OR,719428001328.3811,0.005,0.005,200.0,0.0,0.0,9.974968671630002,719392029928.3147,
STRATCAP,0.0,0.25,100,dollars,SRSWOR,DIFF-OR,719428001328.381,,,,,,,,
STRATCAP,0.0,0.25,100,dollars,RA-OR,DIFF-OR,191092370098.3415,1.629564361605836e-05,0.18870088778906777,61366.09412681075,1.7774773876602563,0.0,9.90672795331615,191059050205.34744,
STRATCAP,0.0,0.25,400,rate,EQ-P,HT,245000.00000000006,0.02,0.02,50.0,0.0,0.0,19.798989873223334,183740.81250000003,
STRATCAP,0.0,0.25,400,rate,SRSWOR,EXP,183750.00000000003,,,,,,,,
STRATCAP,0.0,0.25,400,rate,ST-PROP,EXP,183755.389112682,,,,,,,,"[np.int64(254), np.int64(75), np.int64(40), np.int64(22), np.int64(9)]"
STRATCAP,0.0,0.25,400,rate,ST-EQD,EXP,419949.4078124999,,,,,,,,"[np.int64(80), np.int64(80), np.int64(80), np.int64(80), np.int64(80)]"
STRATCAP,0.0,0.25,400,rate,PPS-A,HT,1034856.4659108829,6.518257446423344e-05,0.7548035511562711,15341.523531702687,1.7774773876602563,0.0,19.242976377272033,970006.03300797,
STRATCAP,0.0,0.25,400,rate,RA-OR,HT,245000.00000000006,0.02,0.02,50.0,0.0,0.0,19.798989873223334,183740.81250000003,
STRATCAP,0.0,0.25,400,rate,DEF-0.25-OR,HT,245000.00000000006,0.02,0.02,50.0,0.0,0.0,19.798989873223334,183740.81250000003,
STRATCAP,0.0,0.25,400,rate,DEF-0.5-OR,HT,245000.00000000006,0.02,0.02,50.0,0.0,0.0,19.798989873223334,183740.81250000003,
STRATCAP,0.0,0.25,400,rate,DEF-0.75-OR,HT,245000.00000000006,0.02,0.02,50.0,0.0,0.0,19.798989873223334,183740.81250000003,
STRATCAP,0.0,0.25,400,rate,EQ-P,DIFF-OR,183750.00000000003,0.02,0.02,50.0,0.0,0.0,19.798989873223334,183740.81250000003,
STRATCAP,0.0,0.25,400,rate,SRSWOR,DIFF-OR,183750.00000000003,,,,,,,,
STRATCAP,0.0,0.25,400,rate,RA-OR,DIFF-OR,183750.00000000003,0.02,0.02,50.0,0.0,0.0,19.798989873223334,183740.81250000003,
STRATCAP,0.0,0.25,400,dollars,EQ-P,HT,236194117689.04974,0.02,0.02,50.0,0.0,0.0,19.798989873223334,220284140871.16055,
STRATCAP,0.0,0.25,400,dollars,SRSWOR,EXP,220295155628.942,,,,,,,,
STRATCAP,0.0,0.25,400,dollars,ST-PROP,EXP,183308173859.48898,,,,,,,,"[np.int64(254), np.int64(75), np.int64(40), np.int64(22), np.int64(9)]"
STRATCAP,0.0,0.25,400,dollars,ST-EQD,EXP,54467454715.37149,,,,,,,,"[np.int64(80), np.int64(80), np.int64(80), np.int64(80), np.int64(80)]"
STRATCAP,0.0,0.25,400,dollars,PPS-A,HT,60082240612.36988,6.518257446423344e-05,0.7548035511562711,15341.523531702687,1.7774773876602563,0.0,19.242976377272033,45055115118.57033,
STRATCAP,0.0,0.25,400,dollars,RA-OR,HT,60082240612.36987,6.518257446423344e-05,0.7548035511562712,15341.523531702687,1.7774773876602563,0.0,19.242976377272033,45055115118.57033,
STRATCAP,0.0,0.25,400,dollars,DEF-0.25-OR,HT,104663557143.34357,0.015016295643616057,0.2037008877890678,66.5943201794335,0.2762640542931927,0.0,19.764697284325294,89137852612.117,
STRATCAP,0.0,0.25,400,dollars,DEF-0.5-OR,HT,77468526949.53625,0.010032591287232117,0.3874017755781356,99.67514586910768,0.5175741825262512,0.0,19.661460651845335,62217252711.42398,
STRATCAP,0.0,0.25,400,dollars,DEF-0.75-OR,HT,65095359264.47218,0.005048886930848175,0.5711026633672034,198.06345709389998,0.8337664922857715,0.0,19.488184334851216,50011023947.334496,
STRATCAP,0.0,0.25,400,dollars,EQ-P,DIFF-OR,177145588266.7873,0.02,0.02,50.0,0.0,0.0,19.798989873223334,177136730987.37396,
STRATCAP,0.0,0.25,400,dollars,SRSWOR,DIFF-OR,177145588266.78726,,,,,,,,
STRATCAP,0.0,0.25,400,dollars,RA-OR,DIFF-OR,45061680459.277405,6.518257446423344e-05,0.7548035511562711,15341.523531702687,1.7774773876602563,0.0,19.242976377272033,45055115118.570335,
STRATCAP,0.0,0.7,100,rate,EQ-P,HT,2786000.0000000005,0.005,0.005,200.0,0.0,0.0,9.974968671630002,835758.2099999997,
STRATCAP,0.0,0.7,100,rate,SRSWOR,EXP,835799.9999999999,,,,,,,,
STRATCAP,0.0,0.7,100,rate,ST-PROP,EXP,836331.7574407895,,,,,,,,"[np.int64(64), np.int64(19), np.int64(10), np.int64(5), np.int64(2)]"
STRATCAP,0.0,0.7,100,rate,ST-EQD,EXP,1893973.3469999998,,,,,,,,"[np.int64(20), np.int64(20), np.int64(20), np.int64(20), np.int64(20)]"
STRATCAP,0.0,0.7,100,rate,PPS-A,HT,11632392.418201886,1.629564361605836e-05,0.18870088778906777,61366.09412681075,1.7774773876602563,0.0,9.90672795331615,9655190.306929218,
STRATCAP,0.0,0.7,100,rate,RA-OR,HT,2786000.0000000005,0.005,0.005,200.0,0.0,0.0,9.974968671630002,835758.2099999997,
STRATCAP,0.0,0.7,100,rate,DEF-0.25-OR,HT,2786000.0000000005,0.005,0.005,200.0,0.0,0.0,9.974968671630002,835758.2099999997,
STRATCAP,0.0,0.7,100,rate,DEF-0.5-OR,HT,2786000.0000000005,0.005,0.005,200.0,0.0,0.0,9.974968671630002,835758.2099999997,
STRATCAP,0.0,0.7,100,rate,DEF-0.75-OR,HT,2786000.0000000005,0.005,0.005,200.0,0.0,0.0,9.974968671630002,835758.2099999997,
STRATCAP,0.0,0.7,100,rate,EQ-P,DIFF-OR,835799.9999999995,0.005,0.005,200.0,0.0,0.0,9.974968671630002,835758.2099999995,
STRATCAP,0.0,0.7,100,rate,SRSWOR,DIFF-OR,835799.9999999999,,,,,,,,
STRATCAP,0.0,0.7,100,rate,RA-OR,DIFF-OR,835799.9999999995,0.005,0.005,200.0,0.0,0.0,9.974968671630002,835758.2099999995,
STRATCAP,0.0,0.7,100,dollars,EQ-P,HT,2685864538292.623,0.005,0.005,200.0,0.0,0.0,9.974968671630002,2179532604219.477,
STRATCAP,0.0,0.7,100,dollars,SRSWOR,EXP,2179641586298.7915,,,,,,,,
STRATCAP,0.0,0.7,100,dollars,ST-PROP,EXP,1153520281934.1836,,,,,,,,"[np.int64(64), np.int64(19), np.int64(10), np.int64(5), np.int64(2)]"
STRATCAP,0.0,0.7,100,dollars,ST-EQD,EXP,319956731970.6012,,,,,,,,"[np.int64(20), np.int64(20), np.int64(20), np.int64(20), np.int64(20)]"
STRATCAP,0.0,0.7,100,dollars,PPS-A,HT,713411515033.8083,1.629564361605836e-05,0.18870088778906777,61366.09412681075,1.7774773876602563,0.0,9.90672795331615,213986136229.9892,
STRATCAP,0.0,0.7,100,dollars,RA-OR,HT,713411515033.8083,1.629564361605836e-05,0.18870088778906777,61366.09412681075,1.7774773876602563,0.0,9.90672795331615,213986136229.9892,
STRATCAP,0.0,0.7,100,dollars,DEF-0.25-OR,HT,1212722260180.7136,0.0037540739109040142,0.05092522194726694,266.377280717734,0.2762640542931926,0.0,9.970717309768313,709408199495.3988,
STRATCAP,0.0,0.7,100,dollars,DEF-0.5-OR,HT,908137922010.0719,0.0025081478218080292,0.09685044389453389,398.7005834764307,0.5175741825262512,0.0,9.95795233395169,406979422340.1229,
STRATCAP,0.0,0.7,100,dollars,DEF-0.75-OR,HT,769558443937.3542,0.0012622217327120438,0.14277566584180082,792.2538283755999,0.8337664922857714,0.0,9.936640933525839,269697635159.85315,
STRATCAP,0.0,0.7,100,dollars,EQ-P,DIFF-OR,805759361487.7864,0.005,0.005,200.0,0.0,0.0,9.974968671630002,805719073519.712,
STRATCAP,0.0,0.7,100,dollars,SRSWOR,DIFF-OR,805759361487.7863,,,,,,,,
STRATCAP,0.0,0.7,100,dollars,RA-OR,DIFF-OR,214023454510.14233,1.629564361605836e-05,0.1887008877890678,61366.09412681075,1.7774773876602563,0.0,9.90672795331615,213986136229.989,
STRATCAP,0.0,0.7,400,rate,EQ-P,HT,686000.0000000002,0.02,0.02,50.0,0.0,0.0,19.798989873223334,205789.71000000025,
STRATCAP,0.0,0.7,400,rate,SRSWOR,EXP,205799.99999999997,,,,,,,,
STRATCAP,0.0,0.7,400,rate,ST-PROP,EXP,205806.03580620378,,,,,,,,"[np.int64(254), np.int64(75), np.int64(40), np.int64(22), np.int64(9)]"
STRATCAP,0.0,0.7,400,rate,ST-EQD,EXP,470343.3367499999,,,,,,,,"[np.int64(80), np.int64(80), np.int64(80), np.int64(80), np.int64(80)]"
STRATCAP,0.0,0.7,400,rate,PPS-A,HT,2897598.1045504715,6.518257446423344e-05,0.7548035511562711,15341.523531702687,1.7774773876602563,0.0,19.242976377272033,2389236.143878749,
STRATCAP,0.0,0.7,400,rate,RA-OR,HT,686000.0000000002,0.02,0.02,50.0,0.0,0.0,19.798989873223334,205789.71000000025,
STRATCAP,0.0,0.7,400,rate,DEF-0.25-OR,HT,686000.0000000002,0.02,0.02,50.0,0.0,0.0,19.798989873223334,205789.71000000025,
STRATCAP,0.0,0.7,400,rate,DEF-0.5-OR,HT,686000.0000000002,0.02,0.02,50.0,0.0,0.0,19.798989873223334,205789.71000000025,
STRATCAP,0.0,0.7,400,rate,DEF-0.75-OR,HT,686000.0000000002,0.02,0.02,50.0,0.0,0.0,19.798989873223334,205789.71000000025,
STRATCAP,0.0,0.7,400,rate,EQ-P,DIFF-OR,205799.9999999999,0.02,0.02,50.0,0.0,0.0,19.798989873223334,205789.7099999999,
STRATCAP,0.0,0.7,400,rate,SRSWOR,DIFF-OR,205799.99999999997,,,,,,,,
STRATCAP,0.0,0.7,400,rate,RA-OR,DIFF-OR,205799.9999999999,0.02,0.02,50.0,0.0,0.0,19.798989873223334,205789.7099999999,
STRATCAP,0.0,0.7,400,dollars,EQ-P,HT,661343529529.3392,0.02,0.02,50.0,0.0,0.0,19.798989873223334,536668832194.74536,
STRATCAP,0.0,0.7,400,dollars,SRSWOR,EXP,536695666978.09436,,,,,,,,
STRATCAP,0.0,0.7,400,dollars,ST-PROP,EXP,258397984223.05933,,,,,,,,"[np.int64(254), np.int64(75), np.int64(40), np.int64(22), np.int64(9)]"
STRATCAP,0.0,0.7,400,dollars,ST-EQD,EXP,75994201415.38385,,,,,,,,"[np.int64(80), np.int64(80), np.int64(80), np.int64(80), np.int64(80)]"
STRATCAP,0.0,0.7,400,dollars,PPS-A,HT,168230273714.63568,6.518257446423344e-05,0.7548035511562711,15341.523531702687,1.7774773876602563,0.0,19.242976377272033,50461728932.79877,
STRATCAP,0.0,0.7,400,dollars,RA-OR,HT,168230273714.63568,6.518257446423344e-05,0.7548035511562711,15341.523531702687,1.7774773876602563,0.0,19.242976377272033,50461728932.79877,
STRATCAP,0.0,0.7,400,dollars,DEF-0.25-OR,HT,293057960001.36206,0.015016295643616057,0.20370088778906775,66.5943201794335,0.2762640542931926,0.0,19.76469728432529,171390931972.93143,
STRATCAP,0.0,0.7,400,dollars,DEF-0.5-OR,HT,216911875458.70154,0.010032591287232117,0.38740177557813554,99.67514586910768,0.5175741825262512,0.0,19.661460651845335,97392176376.829,
STRATCAP,0.0,0.7,400,dollars,DEF-0.75-OR,HT,182267005940.52216,0.005048886930848175,0.5711026633672033,198.06345709389998,0.8337664922857714,0.0,19.488184334851216,64052660588.53876,
STRATCAP,0.0,0.7,400,dollars,EQ-P,DIFF-OR,198403058858.8017,0.02,0.02,50.0,0.0,0.0,19.798989873223334,198393138705.8587,
STRATCAP,0.0,0.7,400,dollars,SRSWOR,DIFF-OR,198403058858.80164,,,,,,,,
STRATCAP,0.0,0.7,400,dollars,RA-OR,DIFF-OR,50469082114.390656,6.518257446423344e-05,0.7548035511562712,15341.523531702687,1.7774773876602563,0.0,19.242976377272033,50461728932.79874,
STRATCAP,0.75,0.05,100,rate,EQ-P,HT,199000.00000000003,0.005,0.005,200.0,0.0,0.0,9.974968671630002,189041.19744389798,
STRATCAP,0.75,0.05,100,rate,SRSWOR,EXP,189050.6499763968,,,,,,,,
STRATCAP,0.75,0.05,100,rate,ST-PROP,EXP,180234.242657379,,,,,,,,"[np.int64(64), np.int64(19), np.int64(10), np.int64(5), np.int64(2)]"
STRATCAP,0.75,0.05,100,rate,ST-EQD,EXP,239319.92389161495,,,,,,,,"[np.int64(20), np.int64(20), np.int64(20), np.int64(20), np.int64(20)]"
STRATCAP,0.75,0.05,100,rate,PPS-A,HT,425349.9575763225,1.629564361605836e-05,0.18870088778906777,61366.09412681075,1.7774773876602563,0.0,9.90672795331615,415423.0525573073,
STRATCAP,0.75,0.05,100,rate,RA-OR,HT,164873.4313471331,0.0037116958843656546,0.013923877335617027,269.4186245732534,0.36287958022427325,0.0,9.969810965943795,154955.15065568467,
STRATCAP,0.75,0.05,100,rate,DEF-0.25-OR,HT,180703.78125830882,0.0046779239710914135,0.007230969333904257,213.77004119344173,0.10297589805757454,0.0,9.974646393158046,170757.04216605774,
STRATCAP,0.75,0.05,100,rate,DEF-0.5-OR,HT,171091.0708554951,0.004355847942182828,0.009461938667808513,229.57642536504022,0.19360847085982968,0.0,9.973679495259674,161155.10444265866,
STRATCAP,0.75,0.05,100,rate,DEF-0.75-OR,HT,166307.5317442256,0.004033771913274241,0.011692908001712769,247.9069271887247,0.2789475930335591,0.0,9.972067790426788,156381.05065425878,
STRATCAP,0.75,0.05,100,rate,EQ-P,DIFF-OR,176051.1220411676,0.005,0.005,200.0,0.0,0.0,9.974968671630002,176042.31948506556,
STRATCAP,0.75,0.05,100,rate,SRSWOR,DIFF-OR,176051.1220411676,,,,,,,,
STRATCAP,0.75,0.05,100,rate,RA-OR,DIFF-OR,152157.71513924317,0.003819751662093228,0.011939609179038461,261.7971241229852,0.32904111103843303,0.0,9.971055039494203,152148.93821074307,
STRATCAP,0.75,0.05,100,dollars,EQ-P,HT,937933588366.4473,0.005,0.005,200.0,0.0,0.0,9.974968671630002,919368287062.9177,
STRATCAP,0.75,0.05,100,dollars,SRSWOR,EXP,919414257775.8064,,,,,,,,
STRATCAP,0.75,0.05,100,dollars,ST-PROP,EXP,787761423478.7941,,,,,,,,"[np.int64(64), np.int64(19), np.int64(10), np.int64(5), np.int64(2)]"
STRATCAP,0.75,0.05,100,dollars,ST-EQD,EXP,124814947402.42694,,,,,,,,"[np.int64(20), np.int64(20), np.int64(20), np.int64(20), np.int64(20)]"
STRATCAP,0.75,0.05,100,dollars,PPS-A,HT,134358397711.63588,1.629564361605836e-05,0.18870088778906777,61366.09412681075,1.7774773876602563,0.0,9.90672795331615,116615212519.0027,
STRATCAP,0.75,0.05,100,dollars,RA-OR,HT,111367457028.4621,7.367889868586804e-06,0.32006143953677707,135724.06996249044,2.826657923873844,0.0,9.79488088487963,93953210114.1101,
STRATCAP,0.75,0.05,100,dollars,DEF-0.25-OR,HT,247618487930.5904,0.0037518419724671464,0.08376535988419427,266.5357462650319,0.3611342269088068,0.0,9.963808545019884,229464537074.4126,
STRATCAP,0.75,0.05,100,dollars,DEF-0.5-OR,HT,162040529249.08945,0.0025036839449342936,0.16253071976838854,399.41143610530435,0.6607065696780171,0.0,9.930252911544857,144214055707.6987,
STRATCAP,0.75,0.05,100,dollars,DEF-0.75-OR,HT,126456366435.7276,0.0012555259174014401,0.2412960796525828,796.4789783628667,1.0816087392449898,0.0,9.874073450015523,108876258686.58145,
STRATCAP,0.75,0.05,100,dollars,EQ-P,DIFF-OR,669192627283.9729,0.005,0.005,200.0,0.0,0.0,9.974968671630002,669159167652.6085,
STRATCAP,0.75,0.05,100,dollars,SRSWOR,DIFF-OR,669192627283.9728,,,,,,,,
STRATCAP,0.75,0.05,100,dollars,RA-OR,DIFF-OR,91184357239.98575,8.070104113121255e-06,0.2921033552805048,123914.13865083735,2.68595839195543,0.0,9.820553945747983,91155362427.86237,
STRATCAP,0.75,0.05,400,rate,EQ-P,HT,49000.0,0.02,0.02,50.0,0.0,0.0,19.798989873223334,46547.832536437185,
STRATCAP,0.75,0.05,400,rate,SRSWOR,EXP,46550.160044439406,,,,,,,,
STRATCAP,0.75,0.05,400,rate,ST-PROP,EXP,43225.51934074165,,,,,,,,"[np.int64(254), np.int64(75), np.int64(40), np.int64(22), np.int64(9)]"
STRATCAP,0.75,0.05,400,rate,ST-EQD,EXP,59166.47171897976,,,,,,,,"[np.int64(80), np.int64(80), np.int64(80), np.int64(80), np.int64(80)]"
STRATCAP,0.75,0.05,400,rate,PPS-A,HT,105587.48939408062,6.518257446423344e-05,0.7548035511562711,15341.523531702687,1.7774773876602563,0.0,19.242976377272033,103166.32716676415,
STRATCAP,0.75,0.05,400,rate,RA-OR,HT,40468.35783678328,0.014846783537462618,0.05569550934246811,67.35465614331335,0.36287958022427325,0.0,19.75738067524261,38056.6412334472,
STRATCAP,0.75,0.05,400,rate,DEF-0.25-OR,HT,44425.9453145772,0.018711695884365654,0.028923877335617028,53.44251029836043,0.10297589805757454,0.0,19.796391860555122,41985.83126386175,
STRATCAP,0.75,0.05,400,rate,DEF-0.5-OR,HT,42022.76771387378,0.01742339176873131,0.03784775467123405,57.394106341260056,0.19360847085982968,0.0,19.788595776017374,39593.40469040644,
STRATCAP,0.75,0.05,400,rate,DEF-0.75-OR,HT,40826.882936056405,0.016135087653096965,0.046771632006851076,61.97673179718117,0.2789475930335591,0.0,19.775595471941628,38406.98243887908,
STRATCAP,0.75,0.05,400,rate,EQ-P,DIFF-OR,43349.2712563679,0.02,0.02,50.0,0.0,0.0,19.798989873223334,43347.10379280508,
STRATCAP,0.75,0.05,400,rate,SRSWOR,DIFF-OR,43349.27125636791,,,,,,,,
STRATCAP,0.75,0.05,400,rate,RA-OR,DIFF-OR,37375.9195308868,0.015279006648372912,0.047758436716153846,65.4492810307463,0.32904111103843303,0.0,19.767423140358076,37373.77744740952,
STRATCAP,0.75,0.05,400,dollars,EQ-P,HT,230948471507.31613,0.02,0.02,50.0,0.0,0.0,19.798989873223334,226377115909.9646,
STRATCAP,0.75,0.05,400,dollars,SRSWOR,EXP,226388435331.7312,,,,,,,,
STRATCAP,0.75,0.05,400,dollars,ST-PROP,EXP,174320921918.69305,,,,,,,,"[np.int64(254), np.int64(75), np.int64(40), np.int64(22), np.int64(9)]"
STRATCAP,0.75,0.05,400,dollars,ST-EQD,EXP,28504769809.244053,,,,,,,,"[np.int64(80), np.int64(80), np.int64(80), np.int64(80), np.int64(80)]"
STRATCAP,0.75,0.05,400,dollars,PPS-A,HT,30054673843.61331,6.518257446423344e-05,0.7548035511562711,15341.523531702687,1.7774773876602563,0.0,19.242976377272033,26290578323.586903,
STRATCAP,0.75,0.05,400,dollars,RA-OR,HT,24319833738.43199,2.9526493404733752e-05,1.0,33867.88895967165,2.8236978890616786,4.0,18.342944640144704,20876095920.85859,
STRATCAP,0.75,0.05,400,dollars,DEF-0.25-OR,HT,58530497868.8596,0.015007381623351183,0.265,66.63387558853172,0.3608124227215016,0.0,19.71113837731,54359179557.168236,
STRATCAP,0.75,0.05,400,dollars,DEF-0.5-OR,HT,37041879436.04904,0.010014763246702366,0.51,99.8525851651338,0.6603093898245934,0.0,19.445202609328938,33185829628.397236,
STRATCAP,0.75,0.05,400,dollars,DEF-0.75-OR,HT,28113057574.539604,0.00502214487005355,0.755,199.11811106104895,1.0810080569938747,0.0,18.993703829563355,24498367086.57916,
STRATCAP,0.75,0.05,400,dollars,EQ-P,DIFF-OR,164776074054.8476,0.02,0.02,50.0,0.0,0.0,19.798989873223334,164767835251.14484,
STRATCAP,0.75,0.05,400,dollars,SRSWOR,DIFF-OR,164776074054.84756,,,,,,,,
STRATCAP,0.75,0.05,400,dollars,RA-OR,DIFF-OR,20277312238.36989,3.2312099177103e-05,1.0,30948.159527457134,2.68445868916499,3.0,18.54244694036708,20272566199.2079,
STRATCAP,0.75,0.25,100,rate,EQ-P,HT,995000.0000000001,0.005,0.005,200.0,0.0,0.0,9.974968671630002,746217.586223553,
STRATCAP,0.75,0.25,100,rate,SRSWOR,EXP,746254.8989685014,,,,,,,,
STRATCAP,0.75,0.25,100,rate,ST-PROP,EXP,650442.5000165121,,,,,,,,"[np.int64(64), np.int64(19), np.int64(10), np.int64(5), np.int64(2)]"
STRATCAP,0.75,0.25,100,rate,ST-EQD,EXP,1267789.550083016,,,,,,,,"[np.int64(20), np.int64(20), np.int64(20), np.int64(20), np.int64(20)]"
STRATCAP,0.75,0.25,100,rate,PPS-A,HT,2784797.646106628,1.629564361605836e-05,0.18870088778906777,61366.09412681075,1.7774773876602563,0.0,9.90672795331615,2534743.149370919,
STRATCAP,0.75,0.25,100,rate,RA-OR,HT,922785.8164875209,0.004102868229064286,0.00922495334192966,243.73193194850995,0.24682849412043126,0.0,9.973017723525304,674341.0499948697,
STRATCAP,0.75,0.25,100,rate,DEF-0.25-OR,HT,959939.0633366344,0.004775717057266071,0.006056238335482415,209.3926394735924,0.06670421342340076,0.0,9.97484674855255,711259.3114943786,
STRATCAP,0.75,0.25,100,rate,DEF-0.5-OR,HT,938218.3735840034,0.0045514341145321425,0.00711247667096483,219.71096907832387,0.12897189520859512,0.0,9.974480970378231,689629.1104636793,
STRATCAP,0.75,0.25,100,rate,DEF-0.75-OR,HT,926452.461232909,0.004327151171798214,0.008168715006447244,231.09892867099316,0.18859570897775882,0.0,9.973871310277884,677941.5242186856,
STRATCAP,0.75,0.25,100,rate,EQ-P,DIFF-OR,648275.5289441617,0.005,0.005,200.0,0.0,0.0,9.974968671630002,648243.1151677148,
STRATCAP,0.75,0.25,100,rate,SRSWOR,DIFF-OR,648275.5289441617,,,,,,,,
STRATCAP,0.75,0.25,100,rate,RA-OR,DIFF-OR,637674.479807413,0.004534511941858623,0.006219575636076716,220.53090008847042,0.1235078758852686,0.0,9.974554124143541,637642.074478246,
STRATCAP,0.75,0.25,100,dollars,EQ-P,HT,2594536917413.222,0.005,0.005,200.0,0.0,0.0,9.974968671630002,2371844286723.94,
STRATCAP,0.75,0.25,100,dollars,SRSWOR,EXP,2371962884868.183,,,,,,,,
STRATCAP,0.75,0.25,100,dollars,ST-PROP,EXP,1110923876698.796,,,,,,,,"[np.int64(64), np.int64(19), np.int64(10), np.int64(5), np.int64(2)]"
STRATCAP,0.75,0.25,100,dollars,ST-EQD,EXP,260235011798.61285,,,,,,,,"[np.int64(20), np.int64(20), np.int64(20), np.int64(20), np.int64(20)]"
STRATCAP,0.75,0.25,100,dollars,PPS-A,HT,469017191288.6404,1.629564361605836e-05,0.18870088778906777,61366.09412681075,1.7774773876602563,0.0,9.90672795331615,253141392703.62698,
STRATCAP,0.75,0.25,100,dollars,RA-OR,HT,436088321792.34454,9.792409324872297e-06,0.25495797041112506,102119.91419313358,2.4066416701727626,0.0,9.853783932081164,221303839715.19617,
STRATCAP,0.75,0.25,100,dollars,DEF-0.25-OR,HT,876099955140.1122,0.003752448102331218,0.06748949260278127,266.49269296456026,0.32993366509644306,0.0,9.96743779068918,656386728648.8533,
STRATCAP,0.75,0.25,100,dollars,DEF-0.5-OR,HT,603808732493.6846,0.0025048962046624362,0.12997898520556253,399.21813851554845,0.6110950493054478,0.0,9.944810930582603,386400745146.42786,
STRATCAP,0.75,0.25,100,dollars,DEF-0.75-OR,HT,485640989363.81366,0.0012573443069936543,0.19246847780834378,795.3270989002433,0.996484576016932,0.0,9.906984657368218,269875956287.60037,
STRATCAP,0.75,0.25,100,dollars,EQ-P,DIFF-OR,728732694177.3342,0.005,0.005,200.0,0.0,0.0,9.974968671630002,728696257542.6254,
STRATCAP,0.75,0.25,100,dollars,SRSWOR,DIFF-OR,728732694177.3342,,,,,,,,
STRATCAP,0.75,0.25,100,dollars,RA-OR,DIFF-OR,197183333506.9158,1.3451417472582642e-05,0.17490534088164955,74341.6076438227,1.9934210058549702,0.0,9.908416598462688,197149151717.56842,
STRATCAP,0.75,0.25,400,rate,EQ-P,HT,245000.00000000003,0.02,0.02,50.0,0.0,0.0,19.798989873223334,183742.01871836223,
STRATCAP,0.75,0.25,400,rate,SRSWOR,EXP,183751.2062786762,,,,,,,,
STRATCAP,0.75,0.25,400,rate,ST-PROP,EXP,159644.32673426848,,,,,,,,"[np.int64(254), np.int64(75), np.int64(40), np.int64(22), np.int64(9)]"
STRATCAP,0.75,0.25,400,rate,ST-EQD,EXP,314504.1380398087,,,,,,,,"[np.int64(80), np.int64(80), np.int64(80), np.int64(80), np.int64(80)]"
STRATCAP,0.75,0.25,400,rate,PPS-A,HT,692449.4115266571,6.518257446423344e-05,0.7548035511562711,15341.523531702687,1.7774773876602563,0.0,19.242976377272033,629848.1829127425,
STRATCAP,0.75,0.25,400,rate,RA-OR,HT,226946.45412188023,0.016411472916257143,0.03689981336771864,60.93298298712749,0.24682849412043126,0.0,19.783258584469788,166025.9417377264,
STRATCAP,0.75,0.25,400,rate,DEF-0.25-OR,HT,236234.7658341586,0.019102868229064283,0.02422495334192966,52.3481598683981,0.06670421342340076,0.0,19.798007033884744,175079.4177676165,
STRATCAP,0.75,0.25,400,rate,DEF-0.5-OR,HT,230804.59339600088,0.01820573645812857,0.02844990668385932,54.92774226958097,0.12897189520859512,0.0,19.795058223076776,169739.674957039,
STRATCAP,0.75,0.25,400,rate,DEF-0.75-OR,HT,227863.11530822728,0.017308604687192856,0.032674860025788975,57.77473216774829,0.18859570897775882,0.0,19.790142561986475,166876.46591042093,
STRATCAP,0.75,0.25,400,rate,EQ-P,DIFF-OR,159625.6327550951,0.02,0.02,50.0,0.0,0.0,19.798989873223334,159617.65147345734,
STRATCAP,0.75,0.25,400,rate,SRSWOR,DIFF-OR,159625.6327550951,,,,,,,,
STRATCAP,0.75,0.25,400,rate,RA-OR,DIFF-OR,156975.3704709079,0.018138047767434492,0.024878302544306865,55.132725022117604,0.1235078758852686,0.0,19.795647996655802,156967.3975880433,
STRATCAP,0.75,0.25,400,dollars,EQ-P,HT,638855823885.6677,0.02,0.02,50.0,0.0,0.0,19.798989873223334,584021960047.6031,
STRATCAP,0.75,0.25,400,dollars,SRSWOR,EXP,584051162605.7336,,,,,,,,
STRATCAP,0.75,0.25,400,dollars,ST-PROP,EXP,248792418071.75082,,,,,,,,"[np.int64(254), np.int64(75), np.int64(40), np.int64(22), np.int64(9)]"
STRATCAP,0.75,0.25,400,dollars,ST-EQD,EXP,61211638762.87122,,,,,,,,"[np.int64(80), np.int64(80), np.int64(80), np.int64(80), np.int64(80)]"
STRATCAP,0.75,0.25,400,dollars,PPS-A,HT,107475892354.52232,6.518257446423344e-05,0.7548035511562711,15341.523531702687,1.7774773876602563,0.0,19.242976377272033,59405418636.260315,
STRATCAP,0.75,0.25,400,dollars,RA-OR,HT,99243786759.20097,3.91717789013709e-05,1.0,25528.58277174139,2.4065645267893068,2.0,18.80404171552532,52290757034.42723,
STRATCAP,0.75,0.25,400,dollars,DEF-0.25-OR,HT,209261241504.735,0.015009792944725342,0.265,66.62317086468634,0.32992198568593134,0.0,19.738274976614626,157381029138.31433,
STRATCAP,0.75,0.25,400,dollars,DEF-0.5-OR,HT,141179302832.3337,0.010019585889450686,0.51,99.80452396269882,0.6110811668311299,0.0,19.554999263866108,91572335650.3695,
STRATCAP,0.75,0.25,400,dollars,DEF-0.75-OR,HT,111634124715.12018,0.005029378834176028,0.755,198.83171122539466,0.9964646813102724,0.0,19.24566162728783,63668705770.29871,
STRATCAP,0.75,0.25,400,dollars,EQ-P,DIFF-OR,179436693541.15265,0.02,0.02,50.0,0.0,0.0,19.798989873223334,179427721706.4756,
STRATCAP,0.75,0.25,400,dollars,SRSWOR,DIFF-OR,179436693541.15265,,,,,,,,
STRATCAP,0.75,0.25,400,dollars,RA-OR,DIFF-OR,46549353373.548035,5.380566989033057e-05,0.6996213635265982,18585.401910955676,1.9934210058549702,0.0,19.25688219362248,46542368736.219894,
STRATCAP,0.75,0.7,100,rate,EQ-P,HT,2786000.000000001,0.005,0.005,200.0,0.0,0.0,9.974968671630002,835760.8323095029,
STRATCAP,0.75,0.7,100,rate,SRSWOR,EXP,835802.6224406238,,,,,,,,
STRATCAP,0.75,0.7,100,rate,ST-PROP,EXP,778931.7242360038,,,,,,,,"[np.int64(64), np.int64(19), np.int64(10), np.int64(5), np.int64(2)]"
STRATCAP,0.75,0.7,100,rate,ST-EQD,EXP,2044606.89512443,,,,,,,,"[np.int64(20), np.int64(20), np.int64(20), np.int64(20), np.int64(20)]"
STRATCAP,0.75,0.7,100,rate,PPS-A,HT,10482681.730575634,1.629564361605836e-05,0.18870088778906777,61366.09412681075,1.7774773876602563,0.0,9.90672795331615,8509367.445179999,
STRATCAP,0.75,0.7,100,rate,RA-OR,HT,2768417.6883483157,0.004717807008141418,0.005906105424463723,211.96288832381686,0.07697921585344612,0.0,9.97481029701789,818372.0014391516,
STRATCAP,0.75,0.7,100,rate,DEF-0.25-OR,HT,2778130.4205829636,0.004929451752035355,0.005226526356115931,202.86231619715178,0.019694197575937298,0.0,9.974958773290412,827951.2347769921,
STRATCAP,0.75,0.7,100,rate,DEF-0.5-OR,HT,2772663.0298142117,0.004858903504070709,0.005453052712231862,205.80775048572514,0.03906116131676167,0.0,9.974929078212714,822536.0844748279,
STRATCAP,0.75,0.7,100,rate,DEF-0.75-OR,HT,2769462.8422360243,0.004788355256106064,0.005679579068347792,208.83997667566746,0.05814337162972416,0.0,9.974879586220098,819380.3964290908,
STRATCAP,0.75,0.7,100,rate,EQ-P,DIFF-OR,783353.8099515138,0.005,0.005,200.0,0.0,0.0,9.974968671630002,783314.6422610162,
STRATCAP,0.75,0.7,100,rate,SRSWOR,DIFF-OR,783353.8099515139,,,,,,,,
STRATCAP,0.75,0.7,100,rate,RA-OR,DIFF-OR,757137.2132343543,0.0019374457783359342,0.005565806884632098,516.1434767268154,0.24142122853152273,0.0,9.974105301771406,757098.0608146173,
STRATCAP,0.75,0.7,100,dollars,EQ-P,HT,3584615184268.7334,0.005,0.005,200.0,0.0,0.0,9.974968671630002,2860852197519.6143,
STRATCAP,0.75,0.7,100,dollars,SRSWOR,EXP,2860995247281.9775,,,,,,,,
STRATCAP,0.75,0.7,100,dollars,ST-PROP,EXP,744473638306.4336,,,,,,,,"[np.int64(64), np.int64(19), np.int64(10), np.int64(5), np.int64(2)]"
STRATCAP,0.75,0.7,100,dollars,ST-EQD,EXP,239089717395.6925,,,,,,,,"[np.int64(20), np.int64(20), np.int64(20), np.int64(20), np.int64(20)]"
STRATCAP,0.75,0.7,100,dollars,PPS-A,HT,851095751794.1467,1.629564361605836e-05,0.18870088778906777,61366.09412681075,1.7774773876602563,0.0,9.90672795331615,140338730256.89233,
STRATCAP,0.75,0.7,100,dollars,RA-OR,HT,845708806348.446,1.4061338872050963e-05,0.20384033466077298,71116.98317630701,1.945228850620429,0.0,9.895174302760816,135164597551.74792,
STRATCAP,0.75,0.7,100,dollars,DEF-0.25-OR,HT,1507244377499.6301,0.0037535153347180127,0.05471008366519324,266.4169214257723,0.2917214531247325,0.0,9.970000233456673,788941007221.0326,
STRATCAP,0.75,0.7,100,dollars,DEF-0.5-OR,HT,1102690715082.1538,0.0025070306694360256,0.10442016733038649,398.87824755847805,0.5454617449529855,0.0,9.955080040888898,388405747913.0698,
STRATCAP,0.75,0.7,100,dollars,DEF-0.75-OR,HT,920408005235.3921,0.0012605460041540382,0.15413025099557973,793.307024658023,0.8822511823600034,0.0,9.930163236127346,208711422351.24048,
STRATCAP,0.75,0.7,100,dollars,EQ-P,DIFF-OR,216697190808.036,0.005,0.005,200.0,0.0,0.0,9.974968671630002,216686355948.4956,
STRATCAP,0.75,0.7,100,dollars,SRSWOR,DIFF-OR,216697190808.036,,,,,,,,
STRATCAP,0.75,0.7,100,dollars,RA-OR,DIFF-OR,109996226371.00424,2.419222331533714e-05,0.0975168426567965,41335.59726881448,1.361431977367133,0.0,9.950865966131897,109985628592.68956,
STRATCAP,0.75,0.7,400,rate,EQ-P,HT,686000.0000000002,0.02,0.02,50.0,0.0,0.0,19.798989873223334,205790.35569429962,
STRATCAP,0.75,0.7,400,rate,SRSWOR,EXP,205800.64572658576,,,,,,,,
STRATCAP,0.75,0.7,400,rate,ST-PROP,EXP,193004.50104282805,,,,,,,,"[np.int64(254), np.int64(75), np.int64(40), np.int64(22), np.int64(9)]"
STRATCAP,0.75,0.7,400,rate,ST-EQD,EXP,508199.3853013908,,,,,,,,"[np.int64(80), np.int64(80), np.int64(80), np.int64(80), np.int64(80)]"
STRATCAP,0.75,0.7,400,rate,PPS-A,HT,2610170.4326439085,6.518257446423344e-05,0.7548035511562711,15341.523531702687,1.7774773876602563,0.0,19.242976377272033,2105859.9023419507,
STRATCAP,0.75,0.7,400,rate,RA-OR,HT,681604.4220870791,0.018871228032565673,0.02362442169785489,52.990722080954214,0.07697921585344612,0.0,19.797713185716816,201588.25175480498,
STRATCAP,0.75,0.7,400,rate,DEF-0.25-OR,HT,684032.605145741,0.01971780700814142,0.020906105424463722,50.715579049287946,0.019694197575937298,0.0,19.79891008266602,203882.94148805767,
STRATCAP,0.75,0.7,400,rate,DEF-0.5-OR,HT,682665.7574535528,0.019435614016282837,0.021812210848927448,51.451937621431284,0.03906116131676167,0.0,19.798670709064698,202568.33182237681,
STRATCAP,0.75,0.7,400,rate,DEF-0.75-OR,HT,681865.710559006,0.019153421024424255,0.02271831627339117,52.209994168916865,0.05814337162972416,0.0,19.798271746630988,201812.7822975627,
STRATCAP,0.75,0.7,400,rate,EQ-P,DIFF-OR,192886.11400816173,0.02,0.02,50.0,0.0,0.0,19.798989873223334,192876.4697024613,
STRATCAP,0.75,0.7,400,rate,SRSWOR,DIFF-OR,192886.11400816173,,,,,,,,
STRATCAP,0.75,0.7,400,rate,RA-OR,DIFF-OR,186331.96482887183,0.007749783113343737,0.022263227538528392,129.03586918170384,0.24142122853152273,0.0,19.79202933337538,186322.33574761674,
STRATCAP,0.75,0.7,400,dollars,EQ-P,HT,882643939845.065,0.02,0.02,50.0,0.0,0.0,19.798989873223334,704430943107.8447,
STRATCAP,0.75,0.7,400,dollars,SRSWOR,EXP,704466166416.1653,,,,,,,,
STRATCAP,0.75,0.7,400,dollars,ST-PROP,EXP,166984359079.83557,,,,,,,,"[np.int64(254), np.int64(75), np.int64(40), np.int64(22), np.int64(9)]"
STRATCAP,0.75,0.7,400,dollars,ST-EQD,EXP,57192709828.65849,,,,,,,,"[np.int64(80), np.int64(80), np.int64(80), np.int64(80), np.int64(80)]"
STRATCAP,0.75,0.7,400,dollars,PPS-A,HT,199264081726.41833,6.518257446423344e-05,0.7548035511562711,15341.523531702687,1.7774773876602563,0.0,19.242976377272033,34045802040.981903,
STRATCAP,0.75,0.7,400,dollars,RA-OR,HT,197917345364.99316,5.624535548820385e-05,0.8153613386430919,17779.245794076753,1.945228850620429,0.0,19.14762626834689,32919792233.091583,
STRATCAP,0.75,0.7,400,dollars,DEF-0.25-OR,HT,363301238152.7892,0.01501406133887205,0.21884033466077296,66.60423035644307,0.2917214531247325,0.0,19.758908737124578,190523910178.06857,
STRATCAP,0.75,0.7,400,dollars,DEF-0.5-OR,HT,262162822548.4201,0.010028122677744103,0.41768066932154596,99.71956188961951,0.5454617449529855,0.0,19.638174505999075,93380683810.99683,
STRATCAP,0.75,0.7,400,dollars,DEF-0.75-OR,HT,216592145086.72968,0.005042184016616153,0.6165210039823189,198.32675616450575,0.8822511823600034,0.0,19.435284158925025,50410917265.995636,
STRATCAP,0.75,0.7,400,dollars,EQ-P,DIFF-OR,53357599746.70233,0.02,0.02,50.0,0.0,0.0,19.798989873223334,53354931866.715,
STRATCAP,0.75,0.7,400,dollars,SRSWOR,DIFF-OR,53357599746.70233,,,,,,,,
STRATCAP,0.75,0.7,400,dollars,RA-OR,DIFF-OR,26682358637.44439,9.676889326134856e-05,0.390067370627186,10333.89931720362,1.361431977367133,0.0,19.603972444756007,26679913694.965176,
STRATCAP,1.5,0.05,100,rate,EQ-P,HT,199000.00000000003,0.005,0.005,200.0,0.0,0.0,9.974968671630002,189043.4513276538,
STRATCAP,1.5,0.05,100,rate,SRSWOR,EXP,189052.90397285245,,,,,,,,
STRATCAP,1.5,0.05,100,rate,ST-PROP,EXP,136828.03322394754,,,,,,,,"[np.int64(64), np.int64(19), np.int64(10), np.int64(5), np.int64(2)]"
STRATCAP,1.5,0.05,100,rate,ST-EQD,EXP,89627.38735996443,,,,,,,,"[np.int64(20), np.int64(20), np.int64(20), np.int64(20), np.int64(20)]"
STRATCAP,1.5,0.05,100,rate,PPS-A,HT,144886.04353662935,1.629564361605836e-05,0.18870088778906777,61366.09412681075,1.7774773876602563,0.0,9.90672795331615,135146.2651483443,
STRATCAP,1.5,0.05,100,rate,RA-OR,HT,94783.43904349003,0.002334318868407453,0.026705305107094096,428.39048834927684,0.7878438075671192,0.0,9.947661945588882,85013.4243727095,
STRATCAP,1.5,0.05,100,rate,DEF-0.25-OR,HT,133684.3651004069,0.004333579717101863,0.010426326276773524,230.75611048612782,0.21242885208157566,0.0,9.973264191651714,123784.69598886483,
STRATCAP,1.5,0.05,100,rate,DEF-0.5-OR,HT,109417.33232964111,0.0036671594342037265,0.015852652553547047,272.69062552147705,0.39087215106600426,0.0,9.968149002995958,99567.66226629168,
STRATCAP,1.5,0.05,100,rate,DEF-0.75-OR,HT,98288.81452265129,0.0030007391513055897,0.021278978830320573,333.2512256404928,0.5739093680239509,0.0,9.959617850517203,88482.34459956245,
STRATCAP,1.5,0.05,100,rate,EQ-P,DIFF-OR,130973.44692445145,0.005,0.005,200.0,0.0,0.0,9.974968671630002,130966.89825210521,
STRATCAP,1.5,0.05,100,rate,SRSWOR,DIFF-OR,130973.44692445142,,,,,,,,
STRATCAP,1.5,0.05,100,rate,RA-OR,DIFF-OR,76914.56128835009,0.0025871080351554648,0.016800088244779264,386.53198336184204,0.6869173989269016,0.0,9.95748763202758,76908.08474829655,
STRATCAP,1.5,0.05,100,dollars,EQ-P,HT,1874772047442.12,0.005,0.005,200.0,0.0,0.0,9.974968671630002,1821833838535.8623,
STRATCAP,1.5,0.05,100,dollars,SRSWOR,EXP,1821924934782.6016,,,,,,,,
STRATCAP,1.5,0.05,100,dollars,ST-PROP,EXP,1018276337570.5385,,,,,,,,"[np.int64(64), np.int64(19), np.int64(10), np.int64(5), np.int64(2)]"
STRATCAP,1.5,0.05,100,dollars,ST-EQD,EXP,147224310209.2683,,,,,,,,"[np.int64(20), np.int64(20), np.int64(20), np.int64(20), np.int64(20)]"
STRATCAP,1.5,0.05,100,dollars,PPS-A,HT,225551695750.12106,1.629564361605836e-05,0.18870088778906777,61366.09412681075,1.7774773876602563,0.0,9.90672795331615,175601907571.5961,
STRATCAP,1.5,0.05,100,dollars,RA-OR,HT,145269351301.7428,3.050255003300747e-06,0.40408798465529516,327841.442409857,4.5172915158929285,0.0,9.690706374394523,97402807271.82346,
STRATCAP,1.5,0.05,100,dollars,DEF-0.25-OR,HT,380566599565.63434,0.003750762563750825,0.1047719961638238,266.6124509358394,0.4111076947340345,0.0,9.957440026290426,329446850078.4296,
STRATCAP,1.5,0.05,100,dollars,DEF-0.5-OR,HT,232673662593.0689,0.0025015251275016504,0.20454399232764758,399.75612837386547,0.7516832342407802,0.0,9.904667965594943,182995124138.419,
STRATCAP,1.5,0.05,100,dollars,DEF-0.75-OR,HT,172773544299.06995,0.0012522876912524755,0.30431598849147135,798.5385522713634,1.264995976838678,0.0,9.81608409165977,124178012520.3648,
STRATCAP,1.5,0.05,100,dollars,EQ-P,DIFF-OR,714290682431.3801,0.005,0.005,200.0,0.0,0.0,9.974968671630002,714254967897.2585,
STRATCAP,1.5,0.05,100,dollars,SRSWOR,DIFF-OR,714290682431.3801,,,,,,,,
STRATCAP,1.5,0.05,100,dollars,RA-OR,DIFF-OR,83766798503.66833,4.048410354684054e-06,0.30270558346301457,247010.53312023802,3.890528875856847,0.0,9.792398854366503,83735676047.25636,
STRATCAP,1.5,0.05,400,rate,EQ-P,HT,49000.00000000001,0.02,0.02,50.0,0.0,0.0,19.798989873223334,46548.38751283938,
STRATCAP,1.5,0.05,400,rate,SRSWOR,EXP,46550.71504859181,,,,,,,,
STRATCAP,1.5,0.05,400,rate,ST-PROP,EXP,32037.18719234619,,,,,,,,"[np.int64(254), np.int64(75), np.int64(40), np.int64(22), np.int64(9)]"
STRATCAP,1.5,0.05,400,rate,ST-EQD,EXP,21913.22832143162,,,,,,,,"[np.int64(80), np.int64(80), np.int64(80), np.int64(80), np.int64(80)]"
STRATCAP,1.5,0.05,400,rate,PPS-A,HT,35471.51088415734,6.518257446423344e-05,0.7548035511562711,15341.523531702687,1.7774773876602563,0.0,19.242976377272033,33236.11896584158,
STRATCAP,1.5,0.05,400,rate,RA-OR,HT,22945.85976087251,0.009337275473629812,0.10682122042837638,107.09762208731921,0.7878438075671192,0.0,19.577937862284546,20679.3913310641,
STRATCAP,1.5,0.05,400,rate,DEF-0.25-OR,HT,32671.091275101724,0.01733431886840745,0.041705305107094096,57.689027621531956,0.21242885208157566,0.0,19.785246477709524,30276.13746965241,
STRATCAP,1.5,0.05,400,rate,DEF-0.5-OR,HT,26604.333082410274,0.014668637736814906,0.06341061021418819,68.17265638036926,0.39087215106600426,0.0,19.743958892148978,24258.922370478933,
STRATCAP,1.5,0.05,400,rate,DEF-0.75-OR,HT,23822.20363066283,0.012002956605222359,0.08511591532128229,83.3128064101232,0.5739093680239509,0.0,19.67495371413754,21519.548180653197,
STRATCAP,1.5,0.05,400,rate,EQ-P,DIFF-OR,32249.743212553367,0.02,0.02,50.0,0.0,0.0,19.798989873223334,32248.13072539274,
STRATCAP,1.5,0.05,400,rate,SRSWOR,DIFF-OR,32249.743212553367,,,,,,,,
STRATCAP,1.5,0.05,400,rate,RA-OR,DIFF-OR,18735.021803528034,0.010348432140621859,0.06720035297911706,96.63299584046051,0.6869173989269016,0.0,19.657694653028766,18733.48061085526,
STRATCAP,1.5,0.05,400,dollars,EQ-P,HT,461627288063.63763,0.02,0.02,50.0,0.0,0.0,19.798989873223334,448592251699.78516,
STRATCAP,1.5,0.05,400,dollars,SRSWOR,EXP,448614682433.90686,,,,,,,,
STRATCAP,1.5,0.05,400,dollars,ST-PROP,EXP,224851331899.21652,,,,,,,,"[np.int64(254), np.int64(75), np.int64(40), np.int64(22), np.int64(9)]"
STRATCAP,1.5,0.05,400,dollars,ST-EQD,EXP,33323027526.803257,,,,,,,,"[np.int64(80), np.int64(80), np.int64(80), np.int64(80), np.int64(80)]"
STRATCAP,1.5,0.05,400,dollars,PPS-A,HT,49322200140.63785,6.518257446423344e-05,0.7548035511562711,15341.523531702687,1.7774773876602563,0.0,19.242976377272033,39193818785.692245,
STRATCAP,1.5,0.05,400,dollars,RA-OR,HT,29355638656.494663,1.2266839331462557e-05,1.0,81520.59165193056,4.504560780903287,5.0,17.51905724194115,21187581689.23562,
STRATCAP,1.5,0.05,400,dollars,DEF-0.25-OR,HT,88816610174.80244,0.015003066709832865,0.265,66.65303963119818,0.410505862539359,0.0,19.664240016217263,77507703620.80074,
STRATCAP,1.5,0.05,400,dollars,DEF-0.5-OR,HT,51428220126.44991,0.010006133419665731,0.51,99.93870339912041,0.750948444361081,0.0,19.2543330619786,41465268515.9124,
STRATCAP,1.5,0.05,400,dollars,DEF-0.75-OR,HT,36313530806.90309,0.005009200129498597,0.755,199.63267071545343,1.2638209817290116,0.0,18.551038211879295,27388275256.88581,
STRATCAP,1.5,0.05,400,dollars,EQ-P,DIFF-OR,175880620297.174,0.02,0.02,50.0,0.0,0.0,19.798989873223334,175871826266.15915,
STRATCAP,1.5,0.05,400,dollars,SRSWOR,DIFF-OR,175880620297.17398,,,,,,,,
STRATCAP,1.5,0.05,400,dollars,RA-OR,DIFF-OR,18254757632.30632,1.621456452141063e-05,1.0,61672.948334785266,3.8878520252319047,3.0,18.308886547779014,18249560218.37716,
STRATCAP,1.5,0.25,100,rate,EQ-P,HT,994999.9999999999,0.005,0.005,200.0,0.0,0.0,9.974968671630002,746226.3428193616,
STRATCAP,1.5,0.25,100,rate,SRSWOR,EXP,746263.6560021618,,,,,,,,
STRATCAP,1.5,0.25,100,rate,ST-PROP,EXP,472460.771614507,,,,,,,,"[np.int64(64), np.int64(19), np.int64(10), np.int64(5), np.int64(2)]"
STRATCAP,1.5,0.25,100,rate,ST-EQD,EXP,847353.6823688908,,,,,,,,"[np.int64(20), np.int64(20), np.int64(20), np.int64(20), np.int64(20)]"
STRATCAP,1.5,0.25,100,rate,PPS-A,HT,1801318.486937094,1.629564361605836e-05,0.18870088778906777,61366.09412681075,1.7774773876602563,0.0,9.90672795331615,1552497.3618910946,
STRATCAP,1.5,0.25,100,rate,RA-OR,HT,795604.3375550131,0.0033208050649483115,0.011038259678060875,301.13179799536505,0.446767213087406,0.0,9.968724681839706,547812.6103015532,
STRATCAP,1.5,0.25,100,rate,DEF-0.25-OR,HT,895275.4438664784,0.004580201266237077,0.006509564919515218,218.33101688598123,0.11761275287889067,0.0,9.97457853678014,646805.6792772731,
STRATCAP,1.5,0.25,100,rate,DEF-0.5-OR,HT,836921.6632285434,0.004160402532474156,0.008019129839030437,240.3613573913745,0.22717321920591027,0.0,9.973408040663937,588716.7926072261,
STRATCAP,1.5,0.25,100,rate,DEF-0.75-OR,HT,805601.0693601314,0.0037406037987112338,0.009528694758545656,267.33651939949755,0.33522878716443055,0.0,9.97145690847406,557622.1910187227,
STRATCAP,1.5,0.25,100,rate,EQ-P,DIFF-OR,473143.612764957,0.005,0.005,200.0,0.0,0.0,9.974968671630002,473119.9555843188,
STRATCAP,1.5,0.25,100,rate,SRSWOR,DIFF-OR,473143.6127649571,,,,,,,,
STRATCAP,1.5,0.25,100,rate,RA-OR,DIFF-OR,443959.21632690704,0.0023148501500716945,0.007077865327832811,431.99340569368104,0.25106933576125956,0.0,9.973329772796385,443935.58310073084,
STRATCAP,1.5,0.25,100,dollars,EQ-P,HT,3315455171194.9453,0.005,0.005,200.0,0.0,0.0,9.974968671630002,2961031693110.7285,
STRATCAP,1.5,0.25,100,dollars,SRSWOR,EXP,2961179752098.333,,,,,,,,
STRATCAP,1.5,0.25,100,dollars,ST-PROP,EXP,791202287569.3286,,,,,,,,"[np.int64(64), np.int64(19), np.int64(10), np.int64(5), np.int64(2)]"
STRATCAP,1.5,0.25,100,dollars,ST-EQD,EXP,196581934245.70633,,,,,,,,"[np.int64(20), np.int64(20), np.int64(20), np.int64(20), np.int64(20)]"
STRATCAP,1.5,0.25,100,dollars,PPS-A,HT,591519218170.3539,1.629564361605836e-05,0.18870088778906777,61366.09412681075,1.7774773876602563,0.0,9.90672795331615,248188400610.90588,
STRATCAP,1.5,0.25,100,dollars,RA-OR,HT,520962467713.5431,6.729390517850125e-06,0.2590212418025022,148601.8677839305,2.9590774663045387,0.0,9.843833951312122,179573086391.70465,
STRATCAP,1.5,0.25,100,dollars,DEF-0.25-OR,HT,1106408398645.6523,0.003751682347629462,0.06850531045062555,266.5470867041449,0.34784294747861766,0.0,9.966823299267064,756968038989.0299,
STRATCAP,1.5,0.25,100,dollars,DEF-0.5-OR,HT,748942551845.9232,0.002503364695258925,0.1320106209012511,399.4623723398676,0.6511926890104452,0.0,9.942347143167519,403325498751.6808,
STRATCAP,1.5,0.25,100,dollars,DEF-0.75-OR,HT,591147793112.434,0.0012550470428883875,0.19551593135187664,796.7828820970585,1.0839405784419025,0.0,9.901419095731452,248214947738.71997,
STRATCAP,1.5,0.25,100,dollars,EQ-P,DIFF-OR,277867441078.1398,0.005,0.005,200.0,0.0,0.0,9.974968671630002,277853547706.0859,
STRATCAP,1.5,0.25,100,dollars,SRSWOR,DIFF-OR,277867441078.13983,,,,,,,,
STRATCAP,1.5,0.25,100,dollars,RA-OR,DIFF-OR,114896082040.18167,1.3815534489317157e-05,0.08720538759414415,72382.28826928473,1.949293346545251,0.0,9.939783875368922,114882450484.40608,
STRATCAP,1.5,0.25,400,rate,EQ-P,HT,244999.99999999997,0.02,0.02,50.0,0.0,0.0,19.798989873223334,183744.17486506896,
STRATCAP,1.5,0.25,400,rate,SRSWOR,EXP,183753.3625331956,,,,,,,,
STRATCAP,1.5,0.25,400,rate,ST-PROP,EXP,116708.96759114234,,,,,,,,"[np.int64(254), np.int64(75), np.int64(40), np.int64(22), np.int64(9)]"
STRATCAP,1.5,0.25,400,rate,ST-EQD,EXP,210055.21602150053,,,,,,,,"[np.int64(80), np.int64(80), np.int64(80), np.int64(80), np.int64(80)]"
STRATCAP,1.5,0.25,400,rate,PPS-A,HT,446579.6217342735,6.518257446423344e-05,0.7548035511562711,15341.523531702687,1.7774773876602563,0.0,19.242976377272033,385237.5320601909,
STRATCAP,1.5,0.25,400,rate,RA-OR,HT,195151.08438875325,0.013283220259793246,0.0441530387122435,75.28294949884126,0.446767213087406,0.0,19.748608774218052,134875.79445039175,
STRATCAP,1.5,0.25,400,rate,DEF-0.25-OR,HT,220068.86096661963,0.01832080506494831,0.026038259678060872,54.58275422149531,0.11761275287889067,0.0,19.795844811028402,159116.67925844845,
STRATCAP,1.5,0.25,400,rate,DEF-0.5-OR,HT,205480.4158071358,0.016641610129896622,0.03207651935612175,60.090339347843624,0.22717321920591027,0.0,19.786406624985766,144792.63366298657,
STRATCAP,1.5,0.25,400,rate,DEF-0.75-OR,HT,197650.26734003288,0.014962415194844935,0.03811477903418262,66.83412984987439,0.33522878716443055,0.0,19.770666302400667,137188.03377687617,
STRATCAP,1.5,0.25,400,rate,EQ-P,DIFF-OR,116502.69862051707,0.02,0.02,50.0,0.0,0.0,19.798989873223334,116496.87348558604,
STRATCAP,1.5,0.25,400,rate,SRSWOR,DIFF-OR,116502.69862051707,,,,,,,,
STRATCAP,1.5,0.25,400,rate,RA-OR,DIFF-OR,109206.59951100455,0.009259400600286778,0.028311461311331245,107.99835142342026,0.25106933576125956,0.0,19.785775398279146,109200.79818697019,
STRATCAP,1.5,0.25,400,dollars,EQ-P,HT,816368358736.4438,0.02,0.02,50.0,0.0,0.0,19.798989873223334,729098256092.5913,
STRATCAP,1.5,0.25,400,dollars,SRSWOR,EXP,729134712828.2328,,,,,,,,
STRATCAP,1.5,0.25,400,dollars,ST-PROP,EXP,178042924294.11014,,,,,,,,"[np.int64(254), np.int64(75), np.int64(40), np.int64(22), np.int64(9)]"
STRATCAP,1.5,0.25,400,dollars,ST-EQD,EXP,46395609856.05255,,,,,,,,"[np.int64(80), np.int64(80), np.int64(80), np.int64(80), np.int64(80)]"
STRATCAP,1.5,0.25,400,dollars,PPS-A,HT,135384370480.29596,6.518257446423344e-05,0.7548035511562711,15341.523531702687,1.7774773876602563,0.0,19.242976377272033,59115245146.70886,
STRATCAP,1.5,0.25,400,dollars,RA-OR,HT,117745730465.22537,2.692121336650888e-05,1.0,37145.42826825339,2.9588538810833356,2.0,18.722013049536038,43468512149.01312,
STRATCAP,1.5,0.25,400,dollars,DEF-0.25-OR,HT,264149260483.99762,0.015006730303341627,0.265,66.63676762267959,0.3478181201385317,0.0,19.733400892628392,181814543193.81226,
STRATCAP,1.5,0.25,400,dollars,DEF-0.5-OR,HT,174755866345.41766,0.010013460606683254,0.51,99.86557487753764,0.651164240082613,0.0,19.535312722266543,96189333220.54538,
STRATCAP,1.5,0.25,400,dollars,DEF-0.75-OR,HT,135297963430.24538,0.005020190910024882,0.755,199.19561186469772,1.0838989613676735,0.0,19.200624914379375,59417545257.06534,
STRATCAP,1.5,0.25,400,dollars,EQ-P,DIFF-OR,68419621169.9942,0.02,0.02,50.0,0.0,0.0,19.798989873223334,68416200188.93569,
STRATCAP,1.5,0.25,400,dollars,SRSWOR,DIFF-OR,68419621169.99422,,,,,,,,
STRATCAP,1.5,0.25,400,dollars,RA-OR,DIFF-OR,27676781410.504692,5.526213795726863e-05,0.3488215503765766,18095.572067321184,1.949293346545251,0.0,19.51381192449862,27673613263.2441,
STRATCAP,1.5,0.7,100,rate,EQ-P,HT,2786000.0,0.005,0.005,200.0,0.0,0.0,9.974968671630002,835763.8301352151,
STRATCAP,1.5,0.7,100,rate,SRSWOR,EXP,835805.6204162359,,,,,,,,
STRATCAP,1.5,0.7,100,rate,ST-PROP,EXP,717868.4665278003,,,,,,,,"[np.int64(64), np.int64(19), np.int64(10), np.int64(5), np.int64(2)]"
STRATCAP,1.5,0.7,100,rate,ST-EQD,EXP,2058175.8784907223,,,,,,,,"[np.int64(20), np.int64(20), np.int64(20), np.int64(20), np.int64(20)]"
STRATCAP,1.5,0.7,100,rate,PPS-A,HT,9881798.27924562,1.629564361605836e-05,0.18870088778906777,61366.09412681075,1.7774773876602563,0.0,9.90672795331615,7909650.512812274,
STRATCAP,1.5,0.7,100,rate,RA-OR,HT,2748173.2818463966,0.004564540275833692,0.006011530195267465,219.08011312647577,0.11346990301104333,0.0,9.974625442860267,798353.3952110128,
STRATCAP,1.5,0.7,100,rate,DEF-0.25-OR,HT,2769058.2008539448,0.004891135068958423,0.005252882548816866,204.45152012801643,0.028984758282764176,0.0,9.974947220177894,818951.266677798,
STRATCAP,1.5,0.7,100,rate,DEF-0.5-OR,HT,2757304.4026956707,0.004782270137916846,0.005505765097633732,209.10571154719406,0.05749586144674804,0.0,9.97488286554478,807309.9262631007,
STRATCAP,1.5,0.7,100,rate,DEF-0.75-OR,HT,2750423.6130377436,0.004673405206875269,0.005758647646450599,213.97673767488692,0.08562863373911753,0.0,9.974775606900257,800524.8186564285,
STRATCAP,1.5,0.7,100,rate,EQ-P,DIFF-OR,723397.2956975867,0.005,0.005,200.0,0.0,0.0,9.974968671630002,723361.1258328018,
STRATCAP,1.5,0.7,100,rate,SRSWOR,DIFF-OR,723397.2956975867,,,,,,,,
STRATCAP,1.5,0.7,100,rate,RA-OR,DIFF-OR,647866.8790837864,0.0005240085928836759,0.006123555775867408,1908.3656519769875,0.6433669219771165,0.0,9.972062656748674,647830.7470594964,
STRATCAP,1.5,0.7,100,dollars,EQ-P,HT,3741056805217.5767,0.005,0.005,200.0,0.0,0.0,9.974968671630002,2944591240238.8525,
STRATCAP,1.5,0.7,100,dollars,SRSWOR,EXP,2944738477162.7104,,,,,,,,
STRATCAP,1.5,0.7,100,dollars,ST-PROP,EXP,623973046717.0132,,,,,,,,"[np.int64(64), np.int64(19), np.int64(10), np.int64(5), np.int64(2)]"
STRATCAP,1.5,0.7,100,dollars,ST-EQD,EXP,199194859182.655,,,,,,,,"[np.int64(20), np.int64(20), np.int64(20), np.int64(20), np.int64(20)]"
STRATCAP,1.5,0.7,100,dollars,PPS-A,HT,892921275614.2957,1.629564361605836e-05,0.18870088778906777,61366.09412681075,1.7774773876602563,0.0,9.90672795331615,110597841095.32935,
STRATCAP,1.5,0.7,100,dollars,RA-OR,HT,884362763930.1909,1.3255679134130313e-05,0.2021586821063668,75439.36375355005,2.0130105547137362,0.0,9.895377918748583,102256413654.71423,
STRATCAP,1.5,0.7,100,dollars,DEF-0.25-OR,HT,1586936067910.2295,0.0037533139197835326,0.0542896705265917,266.431218217333,0.293996207510167,0.0,9.970012864067858,796425762728.9735,
STRATCAP,1.5,0.7,100,dollars,DEF-0.5-OR,HT,1159594136169.6982,0.002506627839567065,0.10357934105318341,398.94234964402057,0.5520343836331014,0.0,9.955130638957696,373457235552.3002,
STRATCAP,1.5,0.7,100,dollars,DEF-0.75-OR,HT,965153882696.3223,0.0012599417593505977,0.15286901157977512,793.6874800589374,0.8972639658210089,0.0,9.930277367078277,181820563512.2218,
STRATCAP,1.5,0.7,100,dollars,EQ-P,DIFF-OR,74476054227.31146,0.005,0.005,200.0,0.0,0.0,9.974968671630002,74472330424.6001,
STRATCAP,1.5,0.7,100,dollars,SRSWOR,DIFF-OR,74476054227.31146,,,,,,,,
STRATCAP,1.5,0.7,100,dollars,RA-OR,DIFF-OR,55282045213.36039,3.479098574236137e-05,0.034474969452225994,28743.07751454147,1.0353930359849832,0.0,9.966321618304878,55278336179.73621,
STRATCAP,1.5,0.7,400,rate,EQ-P,HT,685999.9999999999,0.02,0.02,50.0,0.0,0.0,19.798989873223334,205791.09385238972,
STRATCAP,1.5,0.7,400,rate,SRSWOR,EXP,205801.38392158574,,,,,,,,
STRATCAP,1.5,0.7,400,rate,ST-PROP,EXP,178206.95177661258,,,,,,,,"[np.int64(254), np.int64(75), np.int64(40), np.int64(22), np.int64(9)]"
STRATCAP,1.5,0.7,400,rate,ST-EQD,EXP,511817.5979052273,,,,,,,,"[np.int64(80), np.int64(80), np.int64(80), np.int64(80), np.int64(80)]"
STRATCAP,1.5,0.7,400,rate,PPS-A,HT,2459949.5698114056,6.518257446423344e-05,0.7548035511562711,15341.523531702687,1.7774773876602563,0.0,19.242976377272033,1956850.5058054049,
STRATCAP,1.5,0.7,400,rate,RA-OR,HT,676543.3204615994,0.018258161103334766,0.02404612078106986,54.77002828161894,0.11346990301104333,0.0,19.796222963123196,196750.6662714677,
STRATCAP,1.5,0.7,400,rate,DEF-0.25-OR,HT,681764.5502134864,0.01956454027583369,0.021011530195267462,51.11288003200411,0.028984758282764176,0.0,19.798816952670563,201684.87402105797,
STRATCAP,1.5,0.7,400,rate,DEF-0.5-OR,HT,678826.1006739177,0.019129080551667385,0.022023060390534928,52.276427886798515,0.05749586144674804,0.0,19.79829818195043,198858.8709466008,
STRATCAP,1.5,0.7,400,rate,DEF-0.75-OR,HT,677105.9032594359,0.018693620827501076,0.023034590585802397,53.49418441872173,0.08562863373911753,0.0,19.797433533875004,197234.34565507976,
STRATCAP,1.5,0.7,400,rate,EQ-P,DIFF-OR,178122.95220694348,0.02,0.02,50.0,0.0,0.0,19.798989873223334,178114.04605933308,
STRATCAP,1.5,0.7,400,rate,SRSWOR,DIFF-OR,178122.95220694345,,,,,,,,
STRATCAP,1.5,0.7,400,rate,RA-OR,DIFF-OR,159240.34805349336,0.0020960343715347037,0.02449422310346963,477.09141299424687,0.6433669219771165,0.0,19.775554052464454,159231.47966656345,
STRATCAP,1.5,0.7,400,dollars,EQ-P,HT,921164740983.2224,0.02,0.02,50.0,0.0,0.0,19.798989873223334,725050104380.421,
STRATCAP,1.5,0.7,400,dollars,SRSWOR,EXP,725086358698.356,,,,,,,,
STRATCAP,1.5,0.7,400,dollars,ST-PROP,EXP,139296670476.2718,,,,,,,,"[np.int64(254), np.int64(75), np.int64(40), np.int64(22), np.int64(9)]"
STRATCAP,1.5,0.7,400,dollars,ST-EQD,EXP,47646254453.892105,,,,,,,,"[np.int64(80), np.int64(80), np.int64(80), np.int64(80), np.int64(80)]"
STRATCAP,1.5,0.7,400,dollars,PPS-A,HT,209130858582.40216,6.518257446423344e-05,0.7548035511562711,15341.523531702687,1.7774773876602563,0.0,19.242976377272033,27147216090.07733,
STRATCAP,1.5,0.7,400,dollars,RA-OR,HT,206991230661.37598,5.3022716536521253e-05,0.8086347284254672,18859.84093838751,2.0130105547137362,0.0,19.149309817267884,25232782745.85022,
STRATCAP,1.5,0.7,400,dollars,DEF-0.25-OR,HT,382634556656.3856,0.01501325567913413,0.2171586821063668,66.60780455433326,0.293996207510167,0.0,19.75901070789874,192449342044.93854,
STRATCAP,1.5,0.7,400,dollars,DEF-0.5-OR,HT,275799073721.2528,0.01002651135826826,0.41431736421273363,99.73558741100514,0.5520343836331014,0.0,19.63858489350564,89962549985.48318,
STRATCAP,1.5,0.7,400,dollars,DEF-0.75-OR,HT,227189010352.9088,0.005039767037402391,0.6114760463191005,198.42187001473434,0.8972639658210089,0.0,19.43621715750555,44170120819.49237,
STRATCAP,1.5,0.7,400,dollars,EQ-P,DIFF-OR,18338324910.24252,0.02,0.02,50.0,0.0,0.0,19.798989873223334,18337407993.997005,
STRATCAP,1.5,0.7,400,dollars,SRSWOR,DIFF-OR,18338324910.242523,,,,,,,,
STRATCAP,1.5,0.7,400,dollars,RA-OR,DIFF-OR,13539822656.754753,0.00013916394296944548,0.13789987780890398,7185.7693786353675,1.0353930359849832,0.0,19.729193232158757,13538920383.904926,
